AREA,YIELD,PS,TS,QV2M,WS2M,CLOUD_AMT,ALLSKY_SFC_SW_DWN,ALLSKY_SFC_PAR_TOT,RH2M,GWETROOT,T2M_RANGE,Nitrogen(N),Phosphorous(P),Potassium(K),Soil Type,Soil Depth
82.27238494082965,1611.6548097742036,95.72946792927833,27.726035229811107,10.939972900145301,2.671321590062964,45.205435409452704,19.257356819874072,8.770721769704554,51.753788621133346,0.65,36.62745166936552,Low,Low,High,Black,100-300
3.630385329284247,1542.854180168503,97.00887651004619,28.060048746848384,10.65175255347999,2.555208913591585,46.47182915272446,19.515626740774756,9.35475858850949,49.59126973049897,0.6491318477347359,37.76926183933043,Low,Low,High,Black,100-300
3.8570432534750485,1542.854180168503,96.17995610157698,27.836628793003165,10.590231116913916,2.5940645577385797,48.05195868136891,19.63219367321574,9.464849580259308,49.74993027743253,0.64265590704357,37.16699935505201,Low,Low,High,Black,100-300
3.7591911670804077,1542.854180168503,96.53781516039166,27.93308299244931,10.616790968935318,2.577289914356641,47.369789850503416,19.581869743069923,9.417321424010483,49.681433816956286,0.6454516809405598,37.427006327472064,Low,Low,High,Black,100-300
4.518800009653011,1570.295895641107,96.59168999444952,27.57317499457018,10.929897502835573,2.481089999276024,44.90476998576181,19.362179998552048,9.33425749993967,52.2287775279334,0.6385149998793374,38.01653250174961,Low,Low,High,Black,100-300
3.4637703756956197,1621.4168970814133,95.94842523098234,27.354360028756346,10.614590125231874,2.6135738246753775,43.994047249070476,19.59081974953625,9.471688636827567,51.004952042672805,0.6454590125231874,37.532130876623114,Low,Low,High,Black,100-300
3.650718415001828,1542.854180168503,96.93451551085046,28.040006133783912,10.646233573070933,2.5586945854288845,46.61357980744131,19.526083756286653,9.364634658715174,49.60550289050128,0.6485509024285192,37.71523392585229,Low,Low,High,Black,100-300
92.50467917920906,1611.6548097742036,95.85370249913178,27.71306291965733,11.017150273500823,2.590192427355852,45.729261439280044,19.195912646156508,8.69897556581384,51.96225167862932,0.6418356752141684,37.07721257090772,Low,Low,High,Black,100-300
108.61104586264781,1611.6548097742036,96.63617492311445,27.75875474003588,11.217051987656976,2.2760611622533227,47.825373699146006,19.041702752378903,8.590457492414783,52.14501896014352,0.6132782874775748,38.95628868397558,Low,Low,High,Black,100-300
116.37832838989023,1551.6288659793815,96.80690967951365,27.866977621840697,11.275208951263721,2.2100194120934407,49.39492693339036,19.00131194386265,8.569572391425837,52.13606416841205,0.6069582097472557,39.10286708141178,Low,Low,High,Black,100-300
148.58197859423484,1529.9973856209149,96.63227948761244,27.978003352824075,11.187426495870813,2.2902884284766305,50.74231860389329,18.8615695925011,8.502285075652557,51.50398770631173,0.6141430966302909,37.68024931219578,Low,Low,High,Black,100-300
116.66374648178989,1551.6288659793815,96.60890087825827,27.95617077555934,11.239531689776264,2.2920771135145923,50.005008104825876,19.033421479201362,8.599898063690175,52.03973556239591,0.6140936620447471,38.357212316323924,Low,Low,High,Black,100-300
147.37242076803966,1533.9765319426338,96.7282323286988,27.657513162230444,11.189427019070594,2.223778985167316,48.57416489286238,18.929809006356862,8.524689145278805,51.939093760297304,0.6114831410408959,39.10273440074326,Low,Low,High,Black,100-300
161.1370279509235,1529.9973856209149,96.49014685338577,28.054536309715353,11.140048951128591,2.3522436792933816,51.49307046673157,18.81965868753683,8.487707369578029,51.223366864377034,0.6196097364082396,36.84932006594759,Low,Low,High,Black,100-300
26.88081433562932,1544.3444480414373,94.90264836691789,26.479750487292108,11.74346194850572,2.49,45.93127071645011,18.925053467008834,8.779150773739609,57.86501782233628,0.7,35.14741667654627,Low,Low,High,Black,100-300
49.528592831462205,1574.1275785464932,94.57514521146084,26.84771500806185,12.10742833064605,2.4705714820786557,50.176846548426205,18.848285553764036,8.576001498202356,58.83028293190991,0.7,37.36742552151664,Low,Low,High,Black,100-300
53.47150045173776,1566.07849393746,95.36160586022612,27.06283162774215,11.953178139301377,2.4892138604623693,46.107522510850465,18.8536773025481,9.098774232483967,57.58730269686127,0.6984277209247383,36.01865516194733,Low,Low,High,Black,100-300
85.58018794215488,1529.9993464052288,95.65914776791075,27.490049956534886,12.198847038369358,2.4341103005095754,50.20874514463547,18.739699270458615,8.77907283310841,57.95972424872606,0.7055889699490424,37.154235191846794,Low,Low,High,Black,100-300
19.054591611607698,1566.07849393746,94.74676580497123,26.638804003428433,11.352472338190278,2.482146733390474,44.1075255495041,19.42611459537162,8.907961801542793,55.49543308358026,0.6842934667809477,33.84904715087547,Low,Low,High,Black,100-300
88.4170453841229,1529.9993464052288,95.68213416220337,27.52817373243485,12.216787638792871,2.4285038628772275,50.597831916320416,18.734653476589504,8.744873563551087,57.973740342806934,0.7061496137122772,37.24393819396436,Low,Low,High,Black,100-300
13.725869888362965,1549.7154838709678,95.33527363019209,27.646782762244804,11.870016581137481,2.8215422943276733,43.314543894448306,19.3662520829981,8.97001658113748,56.73854061135974,0.6684245433973645,34.14444440762342,Low,Low,High,Black,100-300
129.89129594883215,1565.2177522349937,95.84,27.79,12.34,2.39,54.423998698305056,18.553028467668696,8.45012270905021,58.07,0.71,37.86,Low,Low,High,Black,100-300
75.75600182746449,1575.186806216302,95.1323932142906,27.26889422757835,12.213837549834757,2.433882591361823,51.635373471772084,18.78227985880342,8.53742661960114,58.503340589698006,0.704514676079772,37.607675099669514,Low,Low,High,Black,100-300
118.60514541202876,1565.2177522349937,95.84,27.79,12.34,2.39,53.83175515528468,18.628455711355254,8.480852326848437,58.07,0.71,37.86,Low,Low,High,Black,100-300
35.57171130525154,1621.3355869698833,97.05144507328171,28.05522761959422,12.282653487655303,2.1104357523196047,53.91514826387784,18.50645552083665,8.43831685956913,56.794040100330506,0.724336628086174,40.024830841012296,Low,Low,High,Black,100-300
27.20726107992533,1603.4057249533294,97.24827849268736,27.587661136108135,12.08909980877409,2.220035354330836,55.05058200224839,18.33579004499465,8.380503127109208,57.23636388076552,0.7180935545556745,39.8591079752516,Low,Low,High,Black,100-300
36.28633402530711,1603.4057249533294,97.08982726976896,27.610427116412506,12.117329624351505,2.2391587777865047,54.85024137556995,18.376768809542508,8.395073354504003,57.33015971961952,0.7171829153434998,39.63418008984445,Low,Low,High,Black,100-300
30.04303102612161,1603.4057249533294,97.19878762301452,27.59477189324504,12.097917147623848,2.226008390325833,54.988007339443655,18.34858940784107,8.385054011676825,57.26566020016956,0.7178091242701984,39.78885369473901,Low,Low,High,Black,100-300
194.24593670011518,1568.12746972594,95.87802699876286,27.722926553829673,11.079553222329135,2.4446686665750272,50.699286436410695,18.942650667399782,8.569769111508217,51.76658167056136,0.6384437778083244,34.82670166506297,Low,Low,High,Black,100-300
201.46180457393726,1568.12746972594,95.61113873493656,27.350600951207802,11.102617640190667,2.424899165550857,48.96616017995844,19.100806675593144,8.655436949279622,52.60678546408859,0.6450336114830477,34.480735397139995,Low,Low,High,Black,100-300
154.008327052797,1570.0318268618714,96.22189319932481,28.09776723646005,11.10868917906923,2.458640804051117,52.89160201012779,18.709708810802976,8.461893199324814,51.09135825686054,0.63,35.31165038514591,Low,Low,High,Black,100-300
198.21389280828598,1606.2211180124223,95.51180443772586,27.31043728153369,10.877269375055086,2.5822749062141943,50.21676571961209,18.67954428126928,8.442726937505508,51.579562718466306,0.6472730624944915,35.39091143746144,Low,Low,High,Black,100-300
28.9646003379803,1570.0318268618714,96.22953178983886,27.68528334870195,11.345485485004435,2.4128092609668834,52.777023152417215,18.587491362578355,8.469531789838854,52.710739445836786,0.63,35.47969937645476,Low,Low,High,Black,100-300
156.02436167687367,1570.0318268618714,96.2217700451022,28.10441756448083,11.104871398168413,2.459379729386759,52.893449323466896,18.711679278364688,8.461770045102208,51.065249561667855,0.63,35.30894099224855,Low,Low,High,Black,100-300
203.51039043923606,1568.12746972594,95.53536912074058,27.24489766226773,11.109165631540936,2.41928660153634,48.47412540135244,19.14570718770928,8.679758060009195,52.845319434705566,0.6469044661545534,34.382515526885946,Low,Low,High,Black,100-300
113.2863183356983,1596.4383989993746,97.22972446547104,27.344726840675662,11.403885985861011,2.3219477433397593,44.75019952798092,18.490280284938216,8.369444180532819,53.088598575308914,0.6836104513320482,39.144736341494166,Medium,Medium,High,Black,100-300
133.3745600778931,1606.960571251164,97.1935838269666,27.69381501005273,11.152947991957816,2.3358381609701198,44.89716732784544,18.81283234606679,8.482543340035154,51.831213955767986,0.6722543340035154,38.03855507853773,Medium,Medium,High,Black,100-300
68.85575304497495,1568.2632249840663,97.29123783914353,27.483196913062187,11.152583021842029,2.448040926081344,42.523586060469206,18.60412277824403,8.368040926081344,51.97528344394223,0.6626803086937814,40.186061738756266,Medium,Medium,High,Black,100-300
66.84871386372714,1568.2632249840663,97.27367624630762,27.45810892329659,11.01459907813124,2.455567323011023,43.06046904145299,18.62670196903307,8.375567323011023,51.353101297755416,0.6651891076703411,40.68782153406821,Medium,Medium,High,Black,100-300
161.13589728729715,1606.960571251164,97.14176993630073,27.77562641636728,11.087498866906175,2.289478364058541,46.208876875755394,18.916460127398555,8.537084277578188,51.471243767983964,0.6777084277578187,37.321341749846844,Medium,Medium,High,Black,100-300
90.96231724770193,1606.960571251164,97.27274223696402,27.568828046898926,11.252937562480861,2.4066641067572756,42.89320968527944,18.65451552607197,8.399218697932616,52.38115659364473,0.6639218697932617,39.13427412218609,Medium,Medium,High,Black,100-300
145.26218242119063,1596.4383989993746,97.16902209925625,27.2197513808217,11.482441989197788,2.232679557729786,46.867640890649476,18.422436463874636,8.376585635381618,53.427817680626816,0.7014640884540427,38.76266850708348,Medium,Medium,High,Black,100-300
65.09222983414162,1587.01920050362,97.00437506264406,27.821602790713115,10.933416422188209,2.3927990697622956,43.390567298651966,18.891077459752523,8.47747699463367,50.299290626108764,0.66,37.148527656554855,Low,Low,High,Black,100-300
268.80236084132235,1535.9895833333335,95.65244961969898,27.259994682626438,10.721884936388474,2.6030196203830513,48.21997341313218,18.757735949384408,8.46,50.70773594938441,0.6566039240766103,35.94396607660746,Low,Low,High,Black,100-300
266.19745864151594,1592.1706398996234,94.70259833592978,27.158868852990757,11.302672148694997,2.657737705981515,47.280360646166365,19.109073780329012,8.610950823926059,54.068655832354835,0.6505655735046213,35.21863932139743,Low,Low,High,Black,100-300
207.64285559035847,1535.9895833333335,96.06665156002296,27.946016646288044,10.961345433138279,2.505941040619617,51.65008323144021,18.744792138749283,8.46,50.69479213874928,0.6371882081239233,35.452101272472724,Low,Low,High,Black,100-300
211.9815718421148,1610.6071871127633,95.4265490269139,27.165575162181018,10.824925919025763,2.602949891879322,49.46993673109357,18.68327451345695,8.442949891879321,51.57103046009424,0.6514749459396609,35.50144664825898,Low,Low,High,Black,100-300
269.95933778165687,1592.1706398996234,94.95072227921567,27.153532854210415,11.12658418894372,2.6470657084208318,47.376408624212516,19.010357802892692,8.568262833683326,53.11884804945401,0.6532335728947921,35.44808726895212,Low,Low,High,Black,100-300
222.92610245386706,1587.01920050362,95.95583735327762,27.31984854942119,10.746866768374545,2.560050483526269,46.50401669333517,18.794586259504076,8.46461150126721,50.601629720220565,0.66,36.32513608110145,Low,Low,High,Black,100-300
55.70135964256854,1542.4985413290112,93.90283771939188,26.447938231751014,12.106621345247715,3.132432748288325,51.29969700208909,19.12331067262386,8.69570942984797,60.36557638725812,0.5842905701520305,31.270707969014463,Low,Low,High,Black,100-300
52.26628984649261,1542.4985413290112,93.9519101450501,26.844607005821686,12.22112367178358,3.0015729465330514,50.862134539969894,19.18056183589179,8.707977536262527,59.51089830704399,0.5720224637374736,31.88820265854716,Low,Low,High,Black,100-300
60.4286679552548,1604.7489891135303,93.84912966542375,26.060511583593428,11.956348133830502,3.2707850706440174,51.49846524921972,19.099300193288222,8.703737130101736,61.074728119117985,0.5981740669152511,30.912746141085492,Low,Low,High,Black,100-300
53.91086801767074,1601.0639226691615,93.86417629680598,25.86747110958208,12.13406933700301,3.1162601442746,51.23625154240588,19.13219940914031,8.68,62.24331201651355,0.6290115561671684,30.910338083146332,Low,Low,High,Black,100-300
60.09262589349464,1603.3692403486925,93.83926258934947,25.934100714795715,11.966882499405003,3.2995083928996425,51.79117500594999,19.04483812544625,8.675821339646964,61.48728419406983,0.6009832142007144,30.4765587502975,Low,Low,High,Black,100-300
57.06562897498558,1542.4985413290112,93.88334815750021,26.29039760646,12.061145700833814,3.184404913332784,51.473478928956496,19.100572850416906,8.690837039375051,60.70501959020474,0.5891629606249484,31.025464315210925,Low,Low,High,Black,100-300
60.79219562063823,1568.5003186743147,93.83761311854953,26.035475258019066,11.90987548953999,3.27135742259428,51.34920736959799,19.066708170153337,8.670452474198093,60.90146974058846,0.6,30.65185546443432,Low,Low,High,Black,100-300
13.502322640012553,1603.9103641456581,93.81806579744946,24.57885415452295,12.344855366843177,2.8767101275262417,50.616698907748706,18.49317070967257,8.340618253561022,65.57854244865423,0.6561315948989503,34.437425104333386,Low,Low,High,Black,100-300
0.6197966230625931,1639.4289185905225,93.87340610130812,25.182299654699328,11.987256273958456,2.8423071181928092,51.09681220261624,18.40109898311531,8.335604067538748,62.41915663827645,0.5976928818071907,36.345705756007455,Low,Low,High,Black,100-300
42.647121025410854,1580.9886219974715,94.44644772598187,26.481113351690606,12.14688163184207,2.513974253350163,50.38929670111327,18.7875849307288,8.52311836815793,59.91538208040391,0.6943259027935273,37.11913218827961,Low,Low,High,Black,100-300
2.3980457448772086,1639.4289185905225,93.82005862765368,24.310957585010165,12.369579835148599,2.7800683989292976,50.99011725530737,18.409990228724386,8.300039085102457,66.29573972383231,0.6599316010707024,35.42101621266385,Low,Low,High,Black,100-300
42.81847737766869,1580.9886219974715,94.44911489308525,26.49035709521326,12.145931681914842,2.512841620744621,50.386739143616886,18.78919253829796,8.524068318085158,59.88819889787089,0.694472048936178,37.12636642234081,Low,Low,High,Black,100-300
9.603701213676521,1580.9886219974715,93.93212583978644,24.698600513232442,12.330064769391132,2.732384917350965,50.882482071437664,18.47758269795347,8.339935230608868,65.15723801642316,0.6661438816321336,35.72412214079061,Low,Low,High,Black,100-300
5.79034014070187,1593.238871473354,93.87770791728855,24.721168910680863,12.499842813899221,2.772786510338932,51.689708497123576,18.164741351523695,8.191797655083983,66.04031437220155,0.6527865103389322,32.72215486676064,Low,Low,High,Black,100-300
52.803078843801124,1542.4985413290112,93.94424173080283,26.782620657322965,12.203230705206629,3.022022051192424,50.930511233674665,19.171615352603315,8.706060432700712,59.644456521850515,0.5739395672992896,31.79170844593575,Low,Low,High,Black,100-300
59.38086125979877,1604.9916018662518,93.81776182852225,25.762612083412776,12.24,3.26447634295551,49.149519755623224,18.858110933218573,8.520349104696326,62.40441432485878,0.6363778133562857,30.425380113744694,Low,Low,High,Black,100-300
60.36698129609474,1606.3741454319452,93.90052071659542,26.646591744922613,11.985088785408978,3.1159526477818784,50.01676931574057,19.300461526322778,8.794970404863674,59.35300591902727,0.5869940809727348,32.7207454818276,Low,Low,High,Black,100-300
55.73226696708877,1570.0528494110156,93.91361108798924,26.70660246272207,12.06514948549792,3.051367556939624,50.40818357037301,19.165021355071133,8.685021355071132,59.28079055382547,0.5807051335409436,31.70809815008848,Low,Low,High,Black,100-300
53.130757591963224,1570.0528494110156,93.94353995690662,26.837829041821326,12.17795829910956,3.005323143220588,50.65452118376985,19.181136899872797,8.701136899872795,59.33834607097426,0.5737984714830882,31.889973584278675,Low,Low,High,Black,100-300
55.90400078856085,1542.4985413290112,93.8999428458777,26.424538004178093,12.099866640381306,3.140152410992794,51.32550962425715,19.119933320190654,8.694985711469426,60.41599543429668,0.5850142885305744,31.23428081062775,Low,Low,High,Black,100-300
58.343622703452795,1542.4985413290112,93.86509110423638,26.142819759244144,12.018545909884908,3.2330903887029634,51.63627098722554,19.079272954942454,8.686272776059097,61.02299660121623,0.5937272239409028,30.79572972830789,Low,Low,High,Black,100-300
75.36226262256223,1548.8745407946374,94.45072974546306,26.97169286920407,11.144041966645494,2.7142949204040585,43.03030176941611,19.007114282810576,8.584810478554852,53.597689074760744,0.6504678333649898,35.40961378643081,Low,Low,High,Black,100-300
92.85385852170039,1689.761220299208,94.44962213948638,27.038110697431872,11.59148483483235,2.8543320922956172,47.18789783965466,18.538137304654022,8.416801489245259,56.558531148480476,0.6692442789727491,34.0847897744757,Low,Medium,High,Black,100-300
23.690592630491693,1596.30788485607,94.44,26.954577011176408,10.687839536352149,2.7737613798824694,44.01642069823704,19.460498854706724,9.3409673630602,52.5156183799978,0.6429154022352812,35.940498854706725,Low,Medium,High,Black,100-300
78.88883458468788,1542.524617791277,94.45389356622574,27.011905745017486,11.134099294460865,2.7045984995474197,43.10007903527627,19.014590675545126,8.584742930152773,53.67702144479434,0.6505902732057902,35.52208116340068,Low,Low,High,Black,100-300
21.25683248745306,1596.30788485607,94.44,26.95294141968243,10.667885320125622,2.776705444571629,44.060581668574436,19.48176154412843,9.375641902732523,52.46000826920256,0.6425882839364856,35.961761544128436,Low,Medium,High,Black,100-300
76.4,1601.9027431421448,94.44242370204194,27.164506547019755,10.95761196318995,2.7390844245032926,43.3314546286974,19.055745146964643,8.61423702041941,52.597825954581296,0.645152595916118,34.86922708543085,Low,Medium,High,Black,100-300
77.797525349668,1544.7288427013932,94.44134563293011,26.998639140350306,11.10998130351085,2.7035035755898087,42.97757679521666,18.997286003188606,8.586178337685237,53.791611048645,0.650676449450904,35.421667394353946,Low,Low,High,Black,100-300
69.32713414146716,1733.081388730791,94.06173405252534,26.66272232726392,12.42,3.007340525253341,50.38920919593039,19.525723264645322,8.899595684847995,61.493917446485526,0.5969362101013364,29.67074577778675,Medium,Low,Medium,Black,100-300
74.48060231749396,1645.5052982137452,94.06912240926997,25.770526554438014,12.418420336685957,3.091930699606053,47.50775453868014,19.403681346743827,8.847016191517918,63.60806930039394,0.6296489637079904,30.576138600787893,Medium,Low,Medium,Black,100-300
66.97833434816954,1645.5052982137452,94.03911333739268,25.788531997564395,12.36440400730682,3.1579506577361083,50.166558307008714,19.187616029227282,8.744985347135106,63.542049342263894,0.6176453349570713,30.444098684527784,Medium,Low,Medium,Black,100-300
70.00752701178715,1733.081388730791,94.06278081078736,26.5496724349646,12.42,3.0178081078736483,50.01446973812339,19.51106864897689,8.893315135275811,61.761887561565395,0.6011232431494593,29.78588918661013,Medium,Low,Medium,Black,100-300
74.27719139177282,1645.5052982137452,94.06830876556708,25.771014740659744,12.416955778020764,3.093720715752399,47.57984337075572,19.397823112083056,8.84424980292811,63.6062792842476,0.6293235062268365,30.5725585684952,Medium,Low,Medium,Black,100-300
64.77943731782696,1708.4588644264193,94.09861700773703,26.156329604450008,12.563085038685188,2.970762467762343,49.032552433274105,19.30507097163086,8.783226981946912,62.98996483236419,0.6061524935524686,31.21911317279384,Medium,Low,Medium,Black,100-300
68.47530814941122,1723.6538681948425,94.07,26.09066594381821,12.42943135128877,3.056990270489302,48.58534053287443,19.36755891920053,8.831137297422458,62.90264865334218,0.6158529730668437,31.244910265858344,Medium,Low,Medium,Black,100-300
75.83351752537075,1561.4422030099263,96.39931114254102,26.322066572376954,10.69343272045019,2.001377714917968,47.449736539183625,18.502422567951175,8.357244570164063,51.04507389618453,0.700344428729492,39.92813905421578,Medium,Medium,High,Mixed Red & Black,50-100
63.426564036701365,1567.3467304625199,96.41035654224903,26.496061218233628,11.021765894218214,2.025891355622592,48.5038715136585,18.37536495076252,8.334108644377409,52.15100235863923,0.7051782711245184,39.654651866264444,Medium,Medium,High,Mixed Red & Black,50-100
61.448207082211404,1632.5864386072083,96.4124043871101,26.400628516215676,10.5249451611237,2.080628516215676,47.84871625841775,18.609235096880834,8.403415354885363,50.95379780644495,0.7,39.55571006424287,Medium,Medium,High,Mixed Red & Black,50-100
64.53567039806344,1632.5864386072083,96.40957833373176,26.382259169256372,10.560270828353127,2.062259169256373,47.773825843891366,18.586626669854,8.393524168061123,50.955210833134124,0.7,39.613644158499135,Medium,Medium,High,Mixed Red & Black,50-100
88.37888597733135,1561.4422030099263,96.38894306944022,26.353170791679332,10.89561014591567,2.022113861119556,46.392193082902644,18.38837376384244,8.315772277760887,52.32553092413258,0.705528465279889,41.70626359100193,Medium,Medium,High,Mixed Red & Black,50-100
91.92130007159702,1561.4422030099263,96.38601545448628,26.36195363654115,10.952698637517473,2.0279690910274333,46.09357635760091,18.356169999349117,8.304061817945133,52.68709137094399,0.7069922727568583,42.20834955560239,Medium,Medium,High,Mixed Red & Black,50-100
96.96912080315332,1561.4422030099263,96.38184370181557,26.37446889455327,11.034047814596272,2.0363125963688486,45.66805758518873,18.310280719971335,8.287374807262303,53.20230282577639,0.7090781490922121,42.92380513862876,Medium,Medium,High,Mixed Red & Black,50-100
148.50214406294526,1585.988023952096,96.28653314982111,26.32463950451701,10.502600137634165,2.2322468914691354,49.13083771527287,19.334333562723607,9.178346685017889,51.509581142363565,0.6816533149821113,41.30616540502016,Medium,Medium,High,Mixed Red & Black,50-100
150.2769712182087,1585.988023952096,96.28232490523247,26.31327724412765,10.505756321075653,2.2374019910902327,49.07844507014417,19.33959386845942,9.178767509476755,51.53577746492792,0.6812324905232463,41.27723372347319,Medium,Medium,High,Mixed Red & Black,50-100
194.06399213883955,1629.1001531393567,95.88188776767419,26.448045778816514,10.695943883837094,2.540698990906769,45.24286733939549,19.245382722208035,9.165943883837095,50.32558208273593,0.6588112232325812,40.619096726306225,Medium,Medium,High,Mixed Red & Black,50-100
259.0289483277544,1634.9969493593653,96.01763844627939,25.623271522811972,10.71721639525768,2.5723615537206035,45.14029031692584,19.653364238594015,9.14682727775993,53.16206515200489,0.6520712367947564,39.29569894358051,Medium,Medium,High,Mixed Red & Black,50-100
261.58627478612084,1629.1001531393567,95.94954536551715,25.697046442759575,10.729772682758577,2.6015908289654397,45.202272780689704,19.617499510344352,9.199772682758578,52.74772408551415,0.6520454634482845,39.47568332276008,Medium,Medium,High,Mixed Red & Black,50-100
220.013767971269,1629.1001531393567,95.90788954706541,26.15942602757406,10.7089447735327,2.5641005923588596,45.22726627176076,19.3883925088597,9.1789447735327,51.25644578494131,0.6562110452934601,40.17966665459475,Medium,Medium,High,Mixed Red & Black,50-100
159.880044028655,1634.9969493593653,96.22325810264108,26.28483041719305,10.618876559606438,2.3667418973589167,44.92573067550496,19.322584791403475,8.874157733454215,51.789777445417116,0.6610112218539602,40.01089774831681,Medium,Medium,High,Mixed Red & Black,50-100
4.625736878700451,1585.988023952096,95.15356497896526,27.323994728303227,10.708873711046998,2.5831368323465465,48.519627775787484,19.642842080866366,9.553324547172046,51.55838964202208,0.63,36.768149210228856,Low,Low,High,Black,100-300
4.156585844245853,1610.657984496124,94.65407968617473,27.418930668559547,10.519908126202443,2.6539376145555353,51.41420786580193,19.80951821717454,9.655332765210286,50.26651638428597,0.6311473132460331,36.08866893915886,Low,Low,High,Black,100-300
2.702539324206278,1610.657984496124,95.60793420332068,27.61086480920477,11.025916315176215,2.491084404311103,54.1943448121176,19.29769384212061,9.40523676376348,52.36034337314296,0.6427796854063498,37.08905294494608,Low,Low,High,Black,100-300
3.554706134315356,1610.657984496124,94.69093000343109,27.52287277245071,10.54654369431356,2.7062575394116855,49.51042503421925,19.942586617548837,9.716257539411686,50.144600925293936,0.6320143077450936,35.611310143922395,Low,Low,High,Black,100-300
3.213095866511495,1610.657984496124,95.27300911156846,27.543471345620482,10.848242638454,2.5482667370492873,53.21816070323002,19.477409745012046,9.493052489039977,51.625141952223444,0.6386952330679081,36.73779004384009,Low,Low,High,Black,100-300
3.637394738662894,1638.1528158295282,94.54674789477326,26.78377710695649,10.52963447352034,2.683252105226742,44.600086070602764,19.753983158186063,9.646869736933144,51.82915604777007,0.636626052613371,36.75862210315104,Low,Low,High,Black,100-300
3.9146485745284076,1542.854180168503,95.96928521315326,27.779846405107712,10.574595386913717,2.603939755633441,48.453550062426615,19.661819266900324,9.492829307628083,49.79025400216989,0.6410100407277598,37.01393378768166,Low,Low,High,Black,100-300
47.45447702641577,1590.3959773727217,94.55281759232608,26.80665849080802,12.085580866507282,2.4709391974420276,50.07492378577568,18.85704398081521,8.561408796163041,58.81444892406166,0.7,37.26522516706904,Low,Low,High,Black,100-300
256.85989948587724,1602.7930174563592,94.6486624744692,27.12555871758204,11.348359534567466,2.6543155164941235,47.20817088568171,19.12565304202492,8.618996855851904,54.3910460605369,0.6516719069134931,35.14859959150729,Low,Low,High,Black,100-300
10.082681968802541,1590.3959773727217,94.60987376798656,26.13149374549236,11.591094010783138,2.489957922662187,45.71963571035918,18.999684419966403,8.58993688399328,57.89204075088393,0.7,34.53603809797617,Low,Low,High,Black,100-300
9.575256557666545,1582.1800947867298,94.59483059134523,26.245287505776222,11.462576967299963,2.486966118269047,45.03951213745933,19.182032903857195,8.668880925004784,56.970733835521166,0.6939322365380934,34.12345984805226,Low,Low,High,Black,100-300
9.218967032939226,1582.1800947867298,94.58210596546212,26.341994662487924,11.355690109881767,2.484421193092423,44.47708367342549,19.33472841445462,8.735048979597,56.19962150700418,0.6888423861848461,33.782439874384686,Low,Low,High,Black,100-300
9.844407792719512,1582.1800947867298,94.60444313545426,26.17223217054756,11.543322337815853,2.4888886270908537,45.46438658707866,19.06668237454878,8.618895695637805,57.55325400852866,0.6977772541817073,34.38107603017439,Low,Low,High,Black,100-300
9.600759435598981,1582.1800947867298,94.59574140841426,26.238365296051704,11.470227830679695,2.48714828168285,45.07977025190982,19.171103099029008,8.664144676245904,57.025929349903514,0.6942965633656997,34.147869745501886,Low,Low,High,Black,100-300
48.604687534719915,1680.8837622005326,97.51766415045644,27.451078826915598,11.114909293370246,2.6487429773720454,36.897961143310376,18.96353347360072,8.533952481143372,52.11927434696197,0.6588023759428314,38.64652914251722,Medium,Low,High,Black,100-300
6.455385203699237,1586.1519067128902,97.3936366749802,27.90516530340819,10.973430473817725,2.63272665003961,37.889551837094,19.0447102909379,8.586032718203425,50.30562374066063,0.6551653034081907,38.389665968401474,Medium,Low,High,Black,100-300
1.6406862985375437,1631.3722851024777,97.39799026575888,27.98544122692884,10.933774641956491,2.733872474533614,37.36240302521319,19.29137259707509,8.730343149268773,49.95411828139116,0.6540686298537544,38.02254805849825,Medium,Low,High,Black,100-300
1.6564928070648184,1631.3722851024777,97.44382914048796,28.01863489483612,11.020710438856502,2.6848722980990627,38.06263135297146,19.32298561412964,8.73824640353241,50.37141010651121,0.6556492807064819,37.39028771740726,Medium,Low,High,Black,100-300
6.031168224898755,1584.2082675923002,97.38399680527824,28.003996805278234,10.764259202753863,2.765046395180741,38.44930254664317,19.092438394033298,8.606003194721765,48.97947520504875,0.6454783997705115,38.496991941480424,Medium,Low,High,Black,100-300
39.161846522368805,1680.8837622005326,97.46991944870861,27.54126326355041,11.033566468170218,2.6911827122590166,36.629176155692896,19.013046497635518,8.569318926882515,51.468531745361744,0.6570340536558743,38.84811788323033,Medium,Low,High,Black,100-300
38.45412423781938,1680.8837622005326,97.46634107760696,27.548022408964645,11.027469984071104,2.694363486571598,36.60903125171321,19.0167574010002,8.571969572142999,51.419759872568825,0.6569015213928501,38.86322656121509,Medium,Low,High,Black,100-300
85.62883508032532,1561.4422030099263,96.39121583877659,26.346352483670227,10.851291143856482,2.017568322446819,46.624015555212246,18.413374226542498,8.324863355106363,52.04484391109106,0.7043920806117047,41.31648364981471,Medium,Medium,High,Mixed Red & Black,50-100
85.51671306826597,1561.4422030099263,96.39130850159647,26.346074495210576,10.84948421886875,2.017382996807051,46.63346716284039,18.41439351756122,8.325234006385896,52.03340005283541,0.7043457492017627,41.30059197620464,Medium,Medium,High,Mixed Red & Black,50-100
94.74429422147574,1626.4697574455022,96.38618848024795,26.287172796280746,10.772952948098382,2.095696322231553,48.48141292025592,18.3147539209918,8.310942401239751,50.898911578588304,0.7038115197520496,41.5691103330534,Medium,Medium,High,Mixed Red & Black,50-100
95.31834184591338,1626.4697574455022,96.38539119188067,26.29913212178986,10.811222789727559,2.088520726926083,48.09472806212779,18.311564767522704,8.306955959403378,51.22500252080357,0.7046088081193241,41.78437819221752,Medium,Medium,High,Mixed Red & Black,50-100
98.8177519046293,1672.9279761904763,96.37924456898148,26.37924456898148,11.022407845833293,2.052842327314826,45.683966375000175,18.283956551851848,8.274711982870365,53.19657181527758,0.7092445689814808,43.12290819212953,Medium,Medium,High,Mixed Red & Black,50-100
89.22592133260041,1576.977171845276,96.38857063687854,26.439994458149773,11.127851798930138,2.0421426592196346,46.324207732536074,18.28142936312146,8.286427977658903,53.39357479326621,0.71,42.44078811107625,Medium,Medium,High,Mixed Red & Black,50-100
60.74422036293283,1576.977171845276,96.41304470860328,26.61131296022296,11.29305178307214,2.04826117715082,48.73490379742309,18.25695529139672,8.304783531452461,53.28955998843606,0.71,40.158580922744136,Medium,Medium,High,Mixed Red & Black,50-100
2.779815109545128,1677.7217442895285,95.29800326277274,27.909967372272668,11.822002175181822,2.9479896678863455,42.991868945295224,19.432023927000042,8.884012507295477,56.0860989707729,0.656001087590911,33.54600924452274,Low,Low,High,Black,100-300
3.4082872058130587,1677.7217442895285,95.28691257872094,28.020874212790538,11.814608385813964,2.983110167383671,43.43734475470867,19.350692243953603,8.841498218430292,55.749681554535364,0.652304192906982,33.514585639709345,Low,Low,High,Black,100-300
127.02241409283197,1588.3072080579163,95.37099727250626,27.35081963795489,11.396919365205514,2.605013637468672,45.651359534072675,19.337008182481203,8.801905727736843,54.49198755254888,0.6539002727493735,33.9703825440401,Low,Low,High,Black,100-300
14.763652351747004,1608.579061820441,95.27825670128313,27.75969957849753,11.806433005498079,2.8979760232133054,42.7384555589472,19.501242596212755,8.915090268784498,56.345150922420025,0.6595190409285322,33.65647249236338,Low,Low,High,Black,100-300
8.481442916773199,1565.480677099968,94.74455569091883,26.449089209893227,11.6361333797436,2.5707334145512983,45.09488827008535,19.09995565611113,8.655355621303432,57.61319972153841,0.6923111033760668,34.34738870518159,Low,Low,High,Black,100-300
2.1544758403034447,1677.7217442895285,95.30903866164171,27.79961338358296,11.829359107761135,2.9130442381346042,42.54861375739156,19.512950185372496,8.926314869626532,56.42083940313169,0.659679553880568,33.57727620798482,Low,Low,High,Black,100-300
103.51897442104273,1588.3072080579163,95.35952098360403,27.43344891805102,11.478401016411423,2.6623950819798763,45.060330655607274,19.371437049187925,8.826005934431548,54.86037642631081,0.6550479016395976,33.896934295065755,Low,Low,High,Black,100-300
108.74574921075676,1642.6731470230864,95.88599917613989,25.685565652649483,10.152431875770198,2.395243599507073,40.54912883371865,18.960594550061614,8.482378200246464,49.358755164702764,0.6038377376386357,40.96524359950707,Medium,Medium,High,Mixed Red & Black,50-100
146.39189306234238,1668.225739026575,95.71260671651444,25.269894205613717,10.030638454830324,2.4999471028068587,39.05,18.95,8.44,49.01590478505234,0.5906384548303246,40.89574240496029,Medium,Medium,High,Mixed Red & Black,50-100
236.45845999113618,1668.225739026575,95.81364483435722,25.448196766512744,10.078185804403397,2.5890983832563705,39.05,18.95,8.44,49.17637708986147,0.6381858044033978,40.20630583615073,Medium,Medium,High,Mixed Red & Black,50-100
147.4876866369459,1583.4164824755287,95.741322914582,25.6699106964171,9.94668155059715,2.575313984223705,38.96934970565686,19.019652526932706,8.681950883029405,48.16249928915822,0.601995534820855,39.68627684110699,Medium,Medium,High,Mixed Red & Black,50-100
101.06467800587211,1642.6731470230864,95.97205508365866,25.88558749174716,10.210577759228824,2.3580302340935515,41.20734023447031,18.965246220738305,8.500984882953224,49.52505239139444,0.6143039966611886,40.92803023409355,Medium,Medium,High,Mixed Red & Black,50-100
175.6094920469167,1668.225739026575,95.74538348718474,25.327735565620134,10.046062817498703,2.5288677828100665,39.05,18.95,8.44,49.06796200905812,0.6060628174987022,40.67208914626882,Medium,Medium,High,Mixed Red & Black,50-100
152.54382296461085,1688.2215022091311,95.76347436582293,25.567314134005294,10.123532060932318,2.5100576951093827,40.085320609323176,18.879865378078104,8.423301280494787,49.0434551341198,0.6100576951093827,40.54235892704153,Medium,Medium,High,Mixed Red & Black,50-100
157.3788914103068,1590.8585795097424,95.67648130182795,27.741754948357947,11.114448306211917,2.5099304881854794,50.19157236736548,19.181138143483423,8.714448306211919,52.37948746284726,0.6444483062119178,35.013892211695754,Low,Low,High,Black,100-300
142.62901758399127,1630.0784313725492,95.74211599738311,27.944997463459682,11.031530937386952,2.5930180408697323,51.486616068654975,19.005134038252834,8.62851289651722,51.6990541226092,0.6430180408697326,35.57756701912641,Low,Low,High,Black,100-300
128.69125181241142,1553.688545688546,95.94389469685134,28.26693461894513,11.100200964208845,2.570401928417691,52.33432208423013,19.08303992209378,8.669170684203525,51.526682736814095,0.638366827368141,35.587939439989356,Low,Low,High,Black,100-300
52.81340700912507,1592.8185812931574,96.118853128806,27.8626795886479,11.27827435941617,2.468842461220358,52.590203590715575,18.766334460531134,8.548456614960479,52.44386913018444,0.6332690256233532,35.54230440997365,Low,Low,High,Black,100-300
152.59785819668556,1630.0784313725492,95.6829788073078,27.811033624717666,11.000152020204137,2.594224922299841,51.19334388113867,18.94720372960764,8.595927097904298,51.70267476689952,0.6442249222998409,35.548601864803814,Low,Low,High,Black,100-300
153.68251718532923,1630.0784313725492,95.67654438957855,27.79645769884122,10.996737839368212,2.5943562369473763,51.161434421787526,18.94090062652593,8.592381602420836,51.703068710842125,0.6443562369473764,35.54545031326296,Low,Low,High,Black,100-300
183.99435749152715,1553.688545688546,96.21506891489159,28.201195414571735,11.050896560928802,2.471793121857604,52.90954012249731,18.746126499680145,8.463735670536675,50.704942682146694,0.630149426821467,35.27567821921575,Low,Low,High,Black,100-300
53.49141105671829,1576.977171845276,96.41927698298026,26.654938880861845,11.33511963511678,2.049819245745066,49.348782823555965,18.250723017019737,8.309457737235197,53.263072822333875,0.71,39.57742133709042,Medium,Medium,High,Mixed Red & Black,50-100
59.47260629945988,1632.8773325175894,96.41479852124564,26.585445471187604,11.209963031141172,2.0638706100116084,49.57777818888205,18.263870610011608,8.313467652502903,52.580340109431184,0.7082661737485489,39.68858410389946,Medium,Medium,High,Mixed Red & Black,50-100
55.27349105602139,1632.8773325175894,96.41799987975399,26.631331609807138,11.289996993849655,2.05533365398937,49.480670314129085,18.25533365398937,8.311333413497342,52.99865095452087,0.7093332932513287,39.57867079511314,Medium,Medium,High,Mixed Red & Black,50-100
52.72605767374559,1649.577004538578,96.42,26.628055777026848,11.201575033783012,2.0621692277992953,49.211601973937064,18.313888445946304,8.328253841698944,52.90861354729534,0.708478846525088,39.493267311775966,Medium,Medium,High,Mixed Red & Black,50-100
62.0622208104198,1567.3467304625199,96.41157743104213,26.51681632771621,11.062055224390287,2.028943577605325,48.61985594900234,18.35949339645231,8.331056422394676,52.29140456984494,0.7057887155210649,39.63633853436805,Medium,Medium,High,Mixed Red & Black,50-100
52.910320490379355,1567.3467304625199,96.41976705101533,26.65603986726045,11.332312683505576,2.049417627538301,49.39786984645545,18.253028336800835,8.310582372461699,53.23321086676185,0.7098835255076602,39.51349423477019,Medium,Medium,High,Mixed Red & Black,50-100
59.006333111125095,1679.7075919335705,96.41233992153396,26.615571544896934,11.202118587611169,2.0745122510913476,49.230030054042054,18.243871937227162,8.294679843067907,52.812651417582906,0.7084679843067907,39.84397942111961,Medium,Medium,High,Mixed Red & Black,50-100
142.25462041204844,1580.8260020212924,95.36816200121562,25.53883039397333,10.419241951471141,2.444157869129209,43.84434231190587,18.720930345981593,8.451962569268732,52.6851141916228,0.6504517792848705,43.53671794872972,Low,Low,High,Black,100-300
252.37413011332296,1592.9774011299435,96.46875854358346,26.58879302848392,10.664706878346095,2.5473879240735067,47.163767009525266,18.547698288177642,8.322646560826952,51.29928459359878,0.6724741363246555,41.05042259531394,Medium,High,High,Black,100-300
158.47999642866804,1724.8808975834293,95.41966358435586,25.678430060327337,10.509977265791965,2.4269283232787773,44.28255491990493,18.74856493308342,8.465381117814148,53.07742081339491,0.6543946050897568,43.25820731572337,Medium,High,High,Black,100-300
189.84534545185764,1620.7659574468084,95.90675920642337,26.3563297608717,10.653401075489269,2.5211480066814786,42.50078449830104,18.907231596530206,8.509914110889666,52.36694248095207,0.65,40.93505596120168,Medium,High,High,Black,100-300
144.37016023377728,1586.966568486532,95.40140958387599,25.541616019765033,10.40042855053195,2.4426737749746685,43.92402952974032,18.725596834907115,8.450757388442868,52.97686823860746,0.6503004992316184,43.61997883279561,Low,Low,High,Black,100-300
144.5087555800261,1582.8246275591614,95.40423426690793,25.598171319685164,10.413106843241323,2.4502088634908903,43.99286842760115,18.720222747663605,8.443098320138732,52.934824525366835,0.6510708680636907,43.59397570782377,Low,Low,High,Black,100-300
148.22313446773592,1592.2655115038665,95.37331434652631,25.573292632829187,10.419205619703767,2.4446343328026585,43.88622042193477,18.708179035070145,8.442040490730687,52.70503455630515,0.6505723040921635,43.57569736186911,Low,Low,High,Black,100-300
222.27164940163243,1674.0678975580702,96.32684500619001,26.871709905086526,10.710427476271631,2.5831549938099907,46.469690837714595,18.65005242468822,8.352352465954947,50.90454496492328,0.6812300041266729,40.490647946712336,Medium,Medium,Medium,Black,100-300
47.406334397617854,1770.345596432553,95.70346369788172,26.245642465254477,11.288677829252629,2.232085666776712,55.244040850435496,18.12065177531408,8.224990689940396,55.80441332396142,0.7057169457313157,40.91348231800092,Medium,Medium,Medium,Black,100-300
216.89714264283896,1770.345596432553,96.32402690209526,26.653469701005555,10.67523016311848,2.5581130434197235,48.271359375105185,18.48517092388926,8.279257065213733,50.93085339723578,0.6898142663034331,41.41325434769438,Medium,Medium,Medium,Black,100-300
222.1428445428174,1583.0494905716705,96.35534303582686,26.674653209753703,10.61753144327932,2.561270739517261,48.3646405233398,18.495292887020984,8.282329587614004,51.09447247982228,0.6905768010581078,41.403376402479,Low,Low,High,Black,100-300
30.04812220599956,1770.345596432553,95.5965929610555,25.90066015737139,11.368829967365688,2.0167668547389757,49.2440908078909,18.26524903473771,8.245422928421187,55.523837466824006,0.6813557321052965,40.1952254231627,Medium,Medium,Medium,Black,100-300
221.7313880215696,1674.0678975580702,96.33243391701825,26.7860132723869,10.689003318096725,2.577566082981754,47.22605676980259,18.58205400961134,8.321613456399648,50.87287447022994,0.6849559446788305,40.8939810114834,Medium,Medium,Medium,Black,100-300
177.5804336540257,1622.245224892175,95.98066565782642,26.508299546021888,10.645027735742767,2.611922339920251,46.20478870246204,18.570850226989055,8.324916792771697,51.44985174024942,0.6840110942971069,40.86506505252227,Medium,Medium,Medium,Black,100-300
18.14463613204661,1678.9718017215791,97.37115962846872,27.710212039124073,11.406259359045599,2.6068703204772,38.101309373198305,19.092930218369037,8.615648397613999,53.32632165344009,0.6653740640954401,37.69224438457264,Medium,Low,High,Black,100-300
26.798370817719764,1678.9718017215791,97.26652296723672,27.447206377108518,11.377979180334249,2.6210104098328753,37.54418985258471,18.92607716397207,8.544947950835622,53.48751867209479,0.6682020819665752,37.70921249179945,Medium,Low,High,Black,100-300
1.7,1644.8864602307226,97.57,28.173111950217105,11.38622390043421,2.5689335850651314,39.466170813198026,19.41,8.753688804978289,52.46667925325657,0.66,36.9185501993638,Medium,Low,High,Black,100-300
11.07862060446526,1596.9492798998122,97.51198791378681,28.13265055171575,10.850873094761535,2.647680767248718,41.857562008913206,18.965240672365564,8.488945612040657,49.22987703407177,0.6406626379289376,37.11855386201025,Medium,Low,High,Black,100-300
8.356379025801566,1596.9492798998122,97.52882652148989,28.155102028653182,11.027678475643816,2.628035724928465,41.074566750720244,19.0943366647558,8.564719346704493,50.32999940400597,0.6462755071632957,37.27571420057228,Medium,Low,High,Black,100-300
1.6998242715250282,1575.400825134878,97.56949038742258,28.20945524172759,11.458682036437713,2.5804920397299207,39.153673774901016,19.409648543050057,8.749929708610011,53.012724841136176,0.6599824271525029,37.66349699665193,Medium,Low,High,Black,100-300
7.398774162160519,1596.9492798998122,97.53474985054334,28.16299980072445,11.089873430705039,2.6211251743661066,40.79913194973483,19.139748854165582,8.591374327445017,50.71699023549802,0.6482499501811123,37.330998605071144,Medium,Low,High,Black,100-300
7.695473252764984,1627.589806570464,95.9282647598926,27.44645018423575,11.406161623678324,2.4939682657802242,56.281526015099416,19.008354981576424,9.310254335849903,54.71976743641888,0.6511814575656844,37.12163413228919,Low,Low,High,Black,100-300
48.81118889341441,1668.8822474596534,93.89730017653591,25.481190113989527,11.786607414507856,3.226802824574421,58.48593230606994,19.184902294966715,9.746500882679507,61.76335666802432,0.651900529607704,32.36822365581077,Low,Low,High,Black,100-300
45.222639649565835,1668.8822474596534,93.89394639219586,25.66900203703207,11.645748472225948,3.173142275133695,57.87218977184163,19.141303098546125,9.72973196097928,60.68679189486975,0.6418391765875677,31.918816554244692,Low,Low,High,Black,100-300
46.26623900050356,1668.8822474596534,93.89492171869206,25.614383753244674,11.686712185066495,3.1887474990729503,58.050674520646865,19.153982342996773,9.734608593460297,60.99987170015107,0.6447651560761782,32.04951030473596,Low,Low,High,Black,100-300
51.6142043224331,1627.1130221130222,93.89980500982372,25.338969548109265,11.908189587404113,3.263175343829906,58.816013261741446,19.22,9.738941060960851,62.63877455793298,0.66,32.70348133602477,Low,Low,High,Black,100-300
47.242078592477334,1767.2590108968986,93.84427598240597,25.82222882208063,12.197194760501512,3.009954584561178,54.84713536177586,18.97852925709252,9.667126637343278,63.094366813283614,0.6228506549373112,31.21616418869543,Low,Low,High,Black,100-300
47.51824115369683,1668.8822474596534,93.89609181416233,25.548858406909325,11.735856194818007,3.2074690265973356,58.264801991707024,19.169193584110335,9.740459070811667,61.37547234610905,0.6482754424870004,32.20630309775269,Low,Low,High,Black,100-300
282.76491844379893,1728.418724870764,95.86063634708627,26.796284512090995,11.175095971548803,2.3458914054066433,47.11968182645686,18.879681826456864,8.53055219345592,53.8815211294331,0.6844267681364924,39.94208254337815,Medium,High,High,Black,100-300
271.6906777636328,1623.8891966759002,96.75888335057698,27.371678318078967,10.86731141000113,2.7029943467303994,42.557135124024214,18.930967115001696,8.4840113065392,50.733662392889464,0.6537055498076706,36.755682936729265,Medium,High,High,Black,100-300
218.60957395203712,1589.9943396226415,96.14727372086394,26.23556993620095,10.482922654601712,2.6519396588970503,45.46820405154405,18.56293582085785,8.349030170551474,50.8754788907844,0.6556094349693625,39.999961619608,Medium,High,High,Black,100-300
276.63557339426256,1623.8891966759002,96.74357407617875,26.89198772026762,10.601950653765064,2.7897469016537286,45.899660034305434,18.532925980647597,8.310506196692542,49.595672995954025,0.6588086412737488,37.107796247888665,Medium,High,High,Black,100-300
278.6730321251334,1595.9943609022555,96.74708946398411,26.792603491527327,10.556542082629615,2.7918824809294676,46.80367176061189,18.44393859110229,8.270787718220458,49.4442191419664,0.6615754364409159,37.42710318435783,Medium,High,High,Black,100-300
279.8587508132197,1595.3369176120405,96.73797875832176,26.797783811326617,10.526937605558725,2.8115630160239324,46.56338303581554,18.44953183743371,8.266973570282875,49.38121298587619,0.6603479483905785,37.14658982787478,Low,Low,High,Black,100-300
279.948788846678,1728.418724870764,96.35841375541534,26.787066411936753,10.81559006553336,2.608607259802544,46.870793122292326,18.630793122292328,8.383062590988045,51.30506213632242,0.6705996179051292,38.38422361731123,Medium,High,High,Black,100-300
153.7257337816296,1655.1432880844648,95.97744423619888,26.55778500470569,9.992018275565352,2.597470571674423,40.27495351474895,19.10313894095028,8.977129803167605,47.64940984081312,0.6473722118099436,38.165517338460276,Medium,Medium,High,Mixed Red & Black,50-100
201.55710490390317,1641.5976871576388,95.83635791388421,26.538084536031633,9.648336325126232,2.720926258347359,35.80363299111432,19.68678059404237,9.220800363800057,45.48477513704149,0.6209262583473592,37.832275196852876,Medium,Medium,High,Mixed Red & Black,50-100
94.05268130329637,1655.1432880844648,96.26616152905429,26.808006658513715,10.328855117230002,2.3183771885808557,43.10438298473201,19.03095961773643,8.736532059121426,49.41058532723115,0.6618080764527144,39.801581997974296,Medium,Medium,High,Mixed Red & Black,50-100
255.53177756441616,1681.0883748517201,95.85286763546625,25.74397093601224,10.033431264351748,2.656152003290385,38.99769599341923,18.99517164204703,8.596912019742309,48.655636288854886,0.6552450903108391,39.2813715597874,Medium,Medium,High,Mixed Red & Black,50-100
185.7807009827412,1641.5976871576388,95.83057901134899,26.43984319293282,9.804366693577284,2.738262965953032,38.55439059788102,19.189794976013093,9.111001215630798,46.6347767415511,0.6382629659530317,37.37574189657016,Medium,Medium,High,Mixed Red & Black,50-100
209.39927191131574,1576.28290516968,95.86607257737816,26.182645183692607,10.057048365627919,2.709080647961576,40.46872565803648,19.29202014752225,9.128342739368556,48.48406032682163,0.6425766126698687,37.79379028057636,Medium,Medium,High,Mixed Red & Black,50-100
193.32325121517508,1641.5976871576388,95.83334185026197,26.48681145445347,9.729770042926841,2.7299744492140934,37.239279275302806,19.427399122529327,9.163495154977408,46.08497179786819,0.6299744492140933,37.59400617069554,Medium,Medium,High,Mixed Red & Black,50-100
54.59593615069905,1570.0528494110156,93.92668392039019,26.763921804787746,12.114424007624555,3.031255507092019,50.5157830370577,19.172060572517793,8.692060572517795,59.30593061613497,0.5776883260638027,31.787540746986526,Low,Low,High,Black,100-300
62.553688083531874,1570.0528494110156,93.83513456187087,26.362513078972285,11.769353348590212,3.1721006740448123,49.76226139386026,19.122764764084316,8.642764764084317,59.129874157443986,0.5988151011067218,31.23120233752299,Low,Low,High,Black,100-300
62.06930025123494,1633.1621787025701,93.82418312657022,26.15386005024699,11.89251339902965,3.209084367148908,49.52804317681721,19.038563771983057,8.60219032270642,60.12341066663733,0.6116337468595632,30.94987444251939,Low,Low,High,Black,100-300
81.63967175056575,1699.9115407147044,93.8870602196446,25.940578462487878,11.99726095179322,3.18,47.54220161689818,19.395791061615515,8.839710768756062,61.14563779738291,0.619020073214863,30.95273904820678,Low,Low,High,Black,100-300
55.94091390504607,1570.0528494110156,93.91121072498619,26.696077794170243,12.056101963409507,3.0550604230981606,50.38842673642484,19.163728851915646,8.683728851915644,59.2761744711273,0.581259063464724,31.693511328762266,Low,Low,High,Black,100-300
58.595905517764294,1570.0528494110156,93.88066657368944,26.562153438484454,11.940974008521726,3.1020514250931734,50.13702487575152,19.14728200121739,8.66728200121739,59.21743571863353,0.588307713763976,31.507896870881964,Low,Low,High,Black,100-300
63.77844643740286,1699.9115407147044,93.83238299929818,26.323319004912797,11.760326330292079,3.18,49.62904886011977,19.131517829941167,8.648340497543602,59.204596475085104,0.6007943330993907,31.189673669707922,Low,Low,High,Black,100-300
81.06038416710948,1601.9900124843946,97.14315077304505,26.9074609771227,10.714890373121516,2.527131642959692,42.855014883506826,18.468902824160047,8.301097175839953,50.17337002680201,0.6605485879199763,39.09463953824066,Medium,Low,High,Black,100-300
337.52966476713755,1714.7911832946636,95.09555627782038,25.813926262982847,10.11918499258123,2.644833441673058,48.05919550978507,18.448851875927346,8.319425937963674,49.45295196424923,0.670574062036327,38.77603816858527,Medium,Low,High,Black,100-300
187.2841346163177,1601.9900124843946,96.31899097828013,26.46636136865697,10.46725550521093,2.57743247550403,45.00634279848004,18.46116423453784,8.30883576546216,49.84447996785826,0.6644178827310793,38.98629928352978,Medium,Low,High,Black,100-300
156.52907433991285,1618.240345999382,96.4134672445493,26.795544165624236,10.71052137130288,2.644112535575462,45.42531622241066,18.561861824066224,8.37887464424538,50.994940181172495,0.664112535575462,38.882987179820844,Medium,Low,High,Black,100-300
93.56871785354954,1603.9775561097258,96.90616070975962,27.388824589156123,10.941872737482354,2.477629973314467,42.08454341499268,18.77975135539841,8.432415234794913,51.07121721989635,0.6625056510136725,37.61591546421494,Medium,Low,High,Black,100-300
131.88457507111548,1603.9775561097258,96.63059071125984,27.146974126337753,10.812808307805243,2.5043730533376523,43.019388473194454,18.728590680571447,8.414974095649358,50.80727464749361,0.6636683936233763,37.804279766986944,Medium,Low,High,Black,100-300
188.73882716064185,1601.9900124843946,96.3077044335695,26.4603206827555,10.463864242950457,2.578121325650688,45.0358043893679,18.4610582575922,8.308941742407798,49.83997594766858,0.6644708712038991,38.98481560629082,Medium,Low,High,Black,100-300
287.23520362331925,1627.000921658986,96.82493359891862,27.005863214057943,10.776176405587131,2.58506640108138,47.56434705365323,18.55164121315679,8.30786520594759,50.84586321405794,0.67746679945931,39.887571933314895,Medium,High,High,Black,100-300
162.4820922854635,1592.9774011299435,95.5821521430895,25.72681458355924,10.455369256007243,2.4673470684733583,44.49779081915108,18.68930903270098,8.427315371996377,52.573781294308844,0.654003169647698,43.13764182981013,Medium,High,High,Black,100-300
286.345099750259,1731.9443807339449,96.22093464858884,26.86712038530123,11.046724145559283,2.4030066500172698,47.71381426328761,18.7450786514457,8.441376289690137,52.935154320377954,0.6852056867641979,40.392610410275324,Medium,High,High,Black,100-300
282.14298780210777,1595.9943609022555,96.77494816255037,26.842130066756223,10.621545712617541,2.720688029037931,47.289651280045426,18.45941564586132,8.273883129172264,49.893053729978256,0.6677662583445277,38.35882188085142,Medium,High,High,Black,100-300
176.935169982608,1592.9774011299435,95.7247030464038,25.865405739559254,10.489027108178677,2.480216247244788,44.92643346592256,18.666540485643836,8.410486445910662,52.36886437079453,0.6569729801334127,42.80205324492438,Medium,High,High,Black,100-300
247.73783375482566,1592.9774011299435,96.42303068908869,26.54433539216956,10.653910023812609,2.5432597149871734,47.026265891495854,18.555002042715,8.328044988093696,51.36501838443501,0.6715214726893478,41.15807358610371,Medium,High,High,Black,100-300
285.0656632109288,1595.9943609022555,96.79841299634109,26.883845326828602,10.676296991462538,2.6607223426838877,47.698982269505635,18.472451664633937,8.276490332926787,50.27109827438419,0.6729806658535751,39.14359021096304,Medium,High,High,Black,100-300
194.15527472478522,1714.3615786419036,95.68556513693726,27.487070076299993,12.239023358766664,2.4137592097019613,51.86175735925875,18.64383288731765,8.489097036382356,58.08187960485098,0.71,38.127291109147066,Low,Low,High,Black,100-300
118.05582482915682,1659.7611311672683,96.20173146524222,27.86919564623646,12.322876617029953,2.3065235080210273,55.128868409706804,18.43,8.402140422871256,57.68900472891649,0.7142808457425114,38.50640770711922,Low,Low,High,Black,100-300
58.64192897857072,1611.431585479367,94.67172816547834,26.929644773026688,12.131703471364355,2.4624509664819634,50.77125088677485,18.81036757403031,8.544901932963926,58.785453294009386,0.7009436291897546,37.443406942728714,Low,Low,High,Black,100-300
108.79247184626347,1659.7611311672683,96.31252457593641,27.893452126092587,12.317631972736738,2.2809558670915977,55.04888758423525,18.43,8.402796003407907,57.57231139339242,0.7155920068158155,38.70439302918814,Low,Low,High,Black,100-300
81.24635131309107,1659.7611311672683,96.64198631479742,27.96558280264796,12.30203615077882,2.2049262350467482,54.811051299377006,18.43,8.404745481152649,57.22530435482875,0.719490962305295,39.293135308099544,Low,Low,High,Black,100-300
49.99140384669451,1659.7611311672683,97.0158069886701,28.04742519870292,12.284340497577746,2.1186599256915137,54.54119258806063,18.43,8.406957437802783,56.831576071104855,0.7239148756055633,39.96114621644008,Low,Low,High,Black,100-300
110.04834628749543,1659.7611311672683,96.29750385544327,27.89016356598462,12.318343012760081,2.2844221872054016,55.05973094459126,18.43,8.40270712340499,57.58813203391183,0.7154142468099793,38.67755126830689,Low,Low,High,Black,100-300
163.95465549987802,1643.4527211918517,97.12966704316953,27.777776522768225,11.035026805145376,2.286111738615887,46.54490828947791,18.936637979006964,8.546305022176497,51.22655191602786,0.6791944130692057,37.39298674895779,Medium,Medium,High,Black,100-300
68.03519721293803,1568.2632249840663,97.28405797561321,27.472939965161725,11.09616980838949,2.4511180104514825,42.74308474553908,18.613354031354447,8.371118010451482,51.720911136010784,0.6637060034838275,40.391200696765495,Medium,Medium,High,Black,100-300
83.48275875533369,1643.4527211918517,97.21761447130564,27.48461842898118,10.807829282460414,2.4326907855094104,44.588078013449376,18.724098361011357,8.421712832317002,50.37639344404542,0.6718654607245296,40.78629168454285,Medium,Medium,High,Black,100-300
32.171482870616046,1688.663714201358,94.1571482870616,26.044737098555853,10.50337186296493,2.188139271959918,42.83043487157088,18.854971102776304,8.478081477512525,50.83822737684645,0.6788081477512526,39.527236391948136,Medium,Medium,High,Black,100-300
68.08293266359877,1643.4527211918517,97.23444488233486,27.428517058883784,10.764350720634933,2.460741470558108,44.21360136804926,18.683424867690746,8.39786975002561,50.21369947076297,0.6704629264720946,41.435665043420194,Medium,Medium,High,Black,100-300
126.02859246778422,1643.4527211918517,97.17111629238494,27.63961235871688,10.927949578005585,2.355193820641559,45.62266249443519,18.83646896006974,8.487585252454675,50.82587584027896,0.6757403089679221,38.992236947852085,Medium,Medium,High,Black,100-300
64.39360040732558,1568.2632249840663,97.2521940035641,27.42742000509157,10.845810028003633,2.464773998472529,43.717211891040414,18.65432199541759,8.384773998472529,50.59201612627093,0.6682579994908431,41.301599898168604,Medium,Medium,High,Black,100-300
48.80066777385746,1626.215800799262,94.57408901907962,26.611754026686167,11.196612591594842,2.508178038159246,44.08860790821536,19.526424011473082,8.813994729018741,54.76763865270025,0.6753036603067923,33.49995841975171,Low,Low,High,Black,100-300
200.23946600549428,1605.4998442852695,95.38145005599934,27.05119062512898,11.121679408470627,2.4123511718588775,47.52027321524385,19.232763504376763,8.72436646202363,53.29441283444831,0.6510076450823761,34.185404185505085,Low,Low,High,Black,100-300
154.03506888309926,1626.215800799262,94.61097023442166,26.878118359711895,11.266277109463111,2.581940468843294,45.62942312694881,19.3338221091314,8.71974273425579,54.5258617965692,0.6630099218594511,34.311345157276236,Low,Low,High,Black,100-300
9.133102232902617,1582.1800947867298,94.57903936546082,26.36530082249786,11.329930669870786,2.4838078730921618,44.34153995336771,19.371527614470306,8.7509952996038,56.01378554692495,0.6876157461843231,33.70025499434965,Low,Low,High,Black,100-300
60.911457393264286,1605.4998442852695,94.78422964591162,26.657727766718246,11.156810020828727,2.4615340291602195,44.59740626704982,19.499756158298336,8.815706054154694,54.43264467485079,0.6720860124972369,33.4617135709282,Low,Low,High,Black,100-300
157.20500327304663,1626.215800799262,94.61208119273589,26.886141947536917,11.268375586278886,2.5841623854717617,45.67583649652124,19.328020437934846,8.71690361856386,54.51857884762034,0.6626396024213731,34.33578624018938,Low,Low,High,Black,100-300
17.515909095960126,1712.3110465116279,95.9799410782455,27.12640853009107,11.296583894572274,2.375430695788122,41.78836559947926,19.45690516265743,8.789459876508912,53.80329966270102,0.68,34.351269641510854,Low,Low,High,Black,100-300
178.17135346556864,1601.9900124843946,96.38969444912519,26.50420266291207,10.488499740582217,2.5731172401942373,44.82178350369199,18.461828116893194,8.308171883106807,49.872694967960754,0.6640859415534028,38.99559363650472,Medium,Low,High,Black,100-300
64.27828173711353,1622.3322033898305,97.26226541876696,26.992654187669558,10.767217182628865,2.5254370050406942,42.595308375339116,18.47770242380765,8.305437005040694,50.306538996897714,0.66,39.101391408685565,Medium,Low,High,Black,100-300
190.66790355383185,1601.9900124843946,96.29273727982493,26.452310093427425,10.459367069994345,2.5790348139073984,45.07487357942412,18.46091772093732,8.309082279062677,49.83400313983624,0.6645411395313384,38.98284809312253,Medium,Low,High,Black,100-300
50.916419441628356,1622.3322033898305,97.27984681652418,27.16846816524173,10.900835805583716,2.567632359658016,42.94693633048346,18.537479176182188,8.347632359658016,50.978148391223414,0.66,39.034582097208144,Medium,Low,High,Black,100-300
91.2265022911203,1601.9900124843946,97.06427476093657,26.86524564669844,10.69119053849737,2.531945671867722,43.060907196804095,18.468162204328042,8.301837795671958,50.14189368394182,0.6609188978359786,39.084270860592596,Medium,Low,High,Black,100-300
52.919098989197366,1684.9212551805804,97.34804981748962,27.39649130346538,10.791273351948263,2.4979875456275935,42.481211080086226,18.621335623810296,8.355031135931018,49.84303671887254,0.6544968864068984,38.565191754282935,Medium,Low,High,Black,100-300
42.6211203286953,1622.3322033898305,97.29076168377803,27.277616837780325,10.983788796713048,2.5938280410672783,43.16523367556065,18.57458972484531,8.373828041067279,51.395096320320846,0.66,38.99310560164348,Medium,Low,High,Black,100-300
11.10716893575216,1607.9975124378109,97.50267922339381,27.96894291466369,11.115510287641644,2.4816221380574923,40.573693998035154,18.906075340362825,8.472679223393804,50.95947725797378,0.654641553212392,37.180528542668156,Medium,Low,High,Black,100-300
11.240065453047183,1607.9975124378109,97.50600163632619,28.04203599917595,10.985936183278996,2.5580376355021306,41.19830762932177,18.926009817957077,8.47600163632618,50.115584373150384,0.6479967273476408,37.143982000412024,Medium,Low,High,Black,100-300
4.599432881863217,1654.4903381642512,97.55206536361733,28.11597821212755,11.13146843925761,2.579891060637765,40.5758647885002,19.27250112106628,8.676305030214257,50.79663633256609,0.654021787872447,36.08342037924759,Medium,Low,High,Black,100-300
44.72780174236979,2409.0,97.3574001751723,27.42193681279947,10.781168056055137,2.5706480910895957,42.31623957958648,18.657008336330815,8.370128126124056,49.7836472152281,0.6522079859862161,38.32690259161471,Medium,Low,High,Black,100-300
24.421154272133236,1622.3322033898305,97.35311862322732,27.612291456650123,11.065322065159036,2.6421559311613656,43.205051014181514,18.70683386600233,8.432935586968194,51.47675285810625,0.655688137677269,38.52762052863147,Medium,Low,High,Black,100-300
11.213344158035467,1607.9975124378109,97.50533360395089,28.027339286919506,11.01198944591542,2.5426728908703935,41.072717542766696,18.92200162370532,8.475333603950887,50.28526459647478,0.6493327920982267,37.15133035654025,Medium,Low,High,Black,100-300
11.231407851473216,1607.9975124378109,97.50578519628684,28.037274318310267,10.994377344813614,2.5530595145970993,41.15761690192412,18.924711177720983,8.47578519628683,50.170560143145075,0.6484296074263391,37.146362840844866,Medium,Low,High,Black,100-300
142.86377997535698,1654.0199335548175,95.52838628912119,27.409015282483406,11.033900880639136,2.555292263921459,46.29855767510633,19.230762389920105,8.725381194960054,52.52430107031281,0.65,35.46843723073253,Low,Low,High,Black,100-300
163.04554792578696,1654.0199335548175,95.49107545761619,27.302170628628186,11.061036030824587,2.5095016979835085,46.727632237413786,19.227370496146925,8.723685248073464,52.749862006229385,0.65,35.07497755304348,Low,Low,High,Black,100-300
204.54130431290548,1654.0199335548175,95.4143606138753,27.08248721246109,11.116828644454326,2.415351662483324,47.60985294043404,19.220396419443208,8.720198209721605,53.21363810702659,0.65,34.26598465541226,Low,Low,High,Black,100-300
122.2094904294945,1688.529238038984,95.81111759107667,27.379954502195606,11.28409355998591,2.3553021466713635,50.66838193307501,19.320279397769166,8.765581544440531,53.75962960662205,0.6591163088881061,33.97385966002114,Low,Low,High,Black,100-300
212.77771486581267,1626.7289489858638,95.33363994362362,27.079042638255096,11.14210422684579,2.43511843959749,47.619810496644014,19.210957361744903,8.709952624161005,53.34348797114166,0.65,34.31545007047046,Low,Low,High,Black,100-300
228.14244036759317,1626.7289489858638,95.13402983454067,27.102680677488607,11.199886100527701,2.5007796596905694,47.51475254449509,19.187319322511392,8.683688136123772,53.61401219792515,0.65,34.56496270682416,Low,Low,High,Black,100-300
240.4397398643494,1626.7289489858638,94.97427004620674,27.121599599791306,11.246132355045416,2.553332221642519,47.430668445371964,19.168400400208693,8.662667111342992,53.83052875316718,0.65,34.76466244224157,Low,Low,High,Black,100-300
61.17995639142832,1692.226870948733,95.21189978195714,25.995699345871426,13.226798837104754,2.543500363404764,45.689672837741654,19.26662490914881,8.73594989097857,66.24224763786903,0.6313500363404764,30.06897712591787,Low,Low,Low,Black,100-300
15.142038770097429,1627.7291154791155,95.14007050527479,26.50956815519187,12.770440657967479,2.649894242087805,46.32950646307642,19.589717978900815,8.929832549972359,63.64237073986504,0.63,31.80839600499838,Low,Low,Low,Black,100-300
54.59449569785456,1627.7291154791155,95.20623814792093,26.104291343984304,13.183988424505813,2.5506427781186045,45.86633296455349,19.32504740831628,8.772684398687792,65.86725772384128,0.63,30.30308213479884,Low,Low,Low,Black,100-300
61.71260562326065,1627.7291154791155,95.21817627777486,26.03117029862898,13.258601736092878,2.532735583337709,45.782766055575976,19.277294888900556,8.744331340284706,66.26867734017969,0.63,30.03148968062192,Low,Low,Low,Black,100-300
53.638513274268746,1654.0791301721536,95.17178164881194,25.97178164881194,13.134988616673436,2.655367713088954,47.03332080112715,18.710667126218514,8.489264573822092,66.156413935723,0.63,30.47218351188059,Low,Low,Low,Black,100-300
52.79861545882895,1627.7291154791155,95.20322618944877,26.122739589626285,13.16516368405481,2.5551607158268452,45.88741667385862,19.33709524220492,8.779837800059171,65.76598062021488,0.63,30.371604190040486,Low,Low,Low,Black,100-300
58.95607318620343,1654.0791301721536,95.19976880624317,25.999768806243175,13.213352657480893,2.5826011037677423,46.30005727642879,19.035318152420842,8.634797792464516,66.25716770247543,0.63,30.19231193756824,Low,Low,Low,Black,100-300
165.95045720028006,1570.0318268618714,96.22116368618202,28.137160946170745,11.08607427164272,2.463017882907861,52.902544707269655,18.721381021087627,8.461163686182024,50.93670147058892,0.63,35.29560109600451,Low,Low,High,Black,100-300
230.18757418714188,1574.2222222222224,95.70414049875428,27.23931239900343,10.809870060235257,2.579893069633229,48.603574720899374,18.7256226311142,8.46190985382699,51.11106930366771,0.6542704385190328,35.92686789334259,Low,Low,High,Black,100-300
174.80391977545008,1570.0318268618714,96.22062285157145,28.166366015141985,11.069308398714787,2.4662628905713317,52.910657226428334,18.73003437485688,8.460622851571445,50.822044533146276,0.63,35.28370273457179,Low,Low,High,Black,100-300
258.34711929864,1628.7783916513201,94.69565158340086,27.174446703607867,11.340577868144315,2.6527766481960673,47.419202673758676,19.114108626031346,8.61566598891764,54.227815625465034,0.6494221318556854,35.17924589030903,Low,Low,High,Black,100-300
246.70392531734672,1628.7783916513201,94.77101514952312,27.19829593339339,11.341531837335735,2.6408520333033048,47.68202118599516,19.08787447326727,8.608511219981983,54.158175874491306,0.6484681626642644,35.194509397371775,Low,Low,High,Black,100-300
91.74818675840534,1628.7783916513201,95.77400600131799,27.515698101682904,11.354227924067315,2.482150949158547,51.17979308054562,18.7387320881488,8.513290569495128,53.23136154308592,0.6357720759326838,35.397646785077065,Low,Low,High,Black,100-300
25.640889429305872,1592.8185812931574,96.21468980906677,27.68791858346649,11.348742506666737,2.418105395199949,52.74523351466683,18.605667084799837,8.480807193599933,52.759566429866986,0.6304502997333304,35.49720479573329,Low,Low,High,Black,100-300
10.140677232992774,1598.9243277048156,97.50646802082693,27.9377200892583,11.24217607140664,2.4347840476044253,39.98591572924983,18.938048154714384,8.495872083307745,51.76751241058817,0.66,37.251580133887444,Medium,Low,High,Black,100-300
5.9316091160563955,1598.9243277048156,97.53814917869634,28.073496480127215,11.350797184101772,2.5071981227345135,39.574060676947454,19.17339389888717,8.622596714785399,52.392083808585184,0.66,37.45524472019082,Medium,Low,High,Black,100-300
26.05427448882591,1691.1884399882042,97.28796796494612,27.46473272638684,11.318948283025147,2.56842242453772,38.03449246348269,18.840525858487428,8.491203203505389,53.01820822785026,0.6670677345017962,37.57045445959161,Medium,Low,High,Black,100-300
26.712044605983706,1624.3705755617113,97.32439479558019,27.50333531608042,11.136818587380088,2.6233323419597894,43.28634795463666,18.65894052050024,8.423788104100048,52.09287657981953,0.66,38.79044683977836,Medium,Low,High,Black,100-300
60.511211989169695,1607.9975124378109,97.28395107495635,27.063808376912373,10.796904188456187,2.510020385434854,42.302505558784375,18.51191438117361,8.31696534476075,50.36171052682507,0.66,38.920387323262226,Medium,Low,High,Black,100-300
24.5219363116961,1624.3705755617113,97.34887247651633,27.56002047193257,11.148413278349844,2.5949897640337145,42.83801990380602,18.691147995416234,8.430229599083248,52.02974992898418,0.66,38.57014771135296,Medium,Low,High,Black,100-300
13.796564859843164,1624.3705755617113,97.46874427509587,27.837618321274647,11.20519465662436,2.456190839362676,40.64247327719142,18.84887404617878,8.461774809235756,51.7206068694896,0.66,37.491301524137164,Medium,Low,High,Black,100-300
3.830738478595208,1717.1084686774943,97.03011479735166,27.130094808438542,10.993073847859522,2.566926152140479,46.99795419217834,19.45683134370194,9.31288423098244,53.13882232091129,0.6642315380351198,40.59611285401984,Low,Low,High,Black,100-300
31.434483630567044,1658.7801204819277,96.01918191451725,27.351784602800354,11.07607179906655,2.5093061778433103,44.290186394989085,19.253655505772535,9.139665173176056,53.47355541095528,0.6363444942274649,37.632440461802815,Low,Low,High,Black,100-300
4.990301555625905,1717.1084686774943,96.3271296819018,27.180825693058633,11.109030155562591,2.4509698444374095,44.37444273039639,19.290144151378776,9.327378769445325,54.03748370561008,0.6352424611093523,38.51614658459604,Low,Low,High,Black,100-300
12.412660518158923,1673.3154282303788,96.09696199259773,27.54232350918196,10.960485858789813,2.4765332936655415,44.26894254263394,19.26,9.137219211957042,52.2123635991433,0.63,37.60819092953667,Low,Low,High,Black,100-300
4.743106747040674,1570.295895641107,96.46271362045161,27.447002454789622,10.995787606943198,2.4642669939719495,44.573917548115006,19.3285339879439,9.332855582830996,52.87786514924895,0.6357111656619916,38.057188097901125,Low,Low,High,Black,100-300
4.9824588288600165,1669.1232794733694,96.0099377136356,27.10756334567327,11.064737648658005,2.4597687918402085,43.59887722100097,19.31037795542189,9.364348605969472,54.031691830749594,0.6311449535323157,38.02664960030074,Low,Low,High,Black,100-300
25.93617256650458,1673.3154282303788,95.90376896333565,28.202919028594234,10.64265216548768,2.563781758493578,44.96069822805622,19.26,8.775761286240892,48.48560774434574,0.63,36.61106561721625,Low,Low,High,Black,100-300
103.67323881899657,1643.0057803468208,96.39426914583447,26.420564555549536,10.626063451397545,2.1623588611126165,51.375367576444965,19.149102847218458,9.153820569443692,51.54010063891448,0.69,41.766743986105844,Medium,Medium,High,Mixed Red & Black,50-100
264.26432821883105,1585.988023952096,96.0120525709097,25.583541941456208,10.708460571817719,2.5684856006356087,45.71355450782585,19.677434286362868,9.20579474290903,53.21822274608707,0.6542052570909707,39.41911142500424,Medium,Medium,High,Mixed Red & Black,50-100
63.22072666365486,1666.7845370092898,96.41162865613994,26.466742687720124,10.431674268772012,2.13,48.40494497966664,18.763759051232697,8.55389588912892,50.95669707508805,0.6983257312279875,39.815218655459084,Medium,Medium,High,Mixed Red & Black,50-100
168.14919745693604,1659.7260686333534,95.97196518536332,26.5738820888782,10.639017407318345,2.448427851709353,46.25333742397496,19.190196518536332,9.162039303707266,50.12228410409201,0.6661179111217985,41.036166192970214,Medium,Medium,High,Mixed Red & Black,50-100
102.65963222781068,1643.0057803468208,96.39682445656855,26.40693623163443,10.645654167025508,2.165765942091393,51.502281342904375,19.140585144771517,9.152117028954304,51.59802101555368,0.69,41.754819202680125,Medium,Medium,High,Mixed Red & Black,50-100
80.13379986658933,1665.8470764617691,96.40746887606863,26.799792507124163,10.489958501424832,2.148734438034312,46.76033227775518,19.080124495725503,8.814045677348068,50.627800864669965,0.6775103746437919,41.16184654201803,Medium,Medium,High,Mixed Red & Black,50-100
60.75847775304795,1665.8470764617691,96.42935777320312,26.945718488020727,10.519143697604145,2.159678886601555,44.76844263851707,18.99256890718756,8.606101154570464,50.41620819236994,0.6702140755989637,40.74230934694041,Medium,Medium,High,Mixed Red & Black,50-100
20.77391375753479,1602.8596381784155,97.35131818621934,27.748338393129732,12.231460843059528,2.549627525863798,41.99678908432126,19.0941262689835,8.652808082764153,57.11420951356001,0.6842979793089615,37.81793686550825,Medium,Low,High,Black,100-300
28.567327145767866,1628.432299662266,97.29887593831828,27.467775187663655,11.307984986907567,2.627763532150105,43.58114737270882,18.667810154204307,8.438910904858929,52.97876590631546,0.6644496246726892,38.808759383182775,Medium,Low,High,Black,100-300
102.46135918003193,1726.239907727797,96.08873209408327,26.70476706253095,11.943745065973024,2.509489001721035,44.688043428003354,18.725912013768284,8.490863508318338,57.19612521512943,0.6965815002868392,37.588405527823404,Medium,Low,High,Black,100-300
30.187927707557265,1628.432299662266,97.26709945671456,27.461419891342914,11.816408692566986,2.5928094023860195,43.67012152119922,18.747251358213592,8.492930923585241,55.403311452678814,0.6771602173141746,38.490994567145634,Medium,Low,High,Black,100-300
30.116895953747715,1628.432299662266,97.26849223620103,27.461698447240202,11.794124220783598,2.594341459821128,43.66622173863713,18.74376940949744,8.490563198458258,55.29704237786178,0.6766031055195899,38.504922362010255,Medium,Low,High,Black,100-300
31.26696317593757,1628.432299662266,97.24594189851102,27.457188379702206,12.154929623823552,2.5695360883621308,43.72936268416912,18.80014525372243,8.528898772531251,57.017633143608556,0.6856232405955888,38.27941898511028,Medium,Low,High,Black,100-300
208.91022279610095,1726.239907727797,94.36792247032425,25.561058227227697,10.737079781020048,2.478010776896175,46.00488249984334,18.4740862151694,8.338718754998181,53.261347112021895,0.6913351294826958,37.0795075598215,Medium,Low,High,Black,100-300
161.1808180188632,1726.328237669455,95.20401386242581,27.11938456258967,12.14809789489859,2.4446014034009393,49.75662947141972,18.81190210510141,8.553650350850235,58.37107701546808,0.7063496491497652,37.97781807262864,Low,Low,High,Black,100-300
50.951283182013235,1574.1275785464932,94.73164115002146,26.895730807392948,12.09142306420235,2.474128207955033,49.472614824903445,18.837615376134902,8.675589822740926,58.64533318633828,0.7,37.16469214656311,Low,Low,High,Black,100-300
94.88038133301083,1611.431585479367,95.1439261810059,27.277387497640003,12.215893815218106,2.4331673686197894,52.638080250488436,18.656628685253896,8.486334737239579,58.49627776512042,0.7046040789225263,37.61178763043621,Low,Low,High,Black,100-300
106.81250835080607,1575.186806216302,95.81606033741537,27.772370015926036,12.335731688066303,2.3914846302378074,53.214697523641675,18.702783681695887,8.510927893898629,58.08466072359835,0.709814421220274,37.85146337613261,Low,Low,High,Black,100-300
77.11468024294429,1575.186806216302,95.16230268794195,27.290920584143294,12.219170246687323,2.43202774028267,51.704466674470545,18.778802013030006,8.53626733767667,58.485023935291366,0.7047465324646662,37.618340493374646,Low,Low,High,Black,100-300
49.13400591427997,1590.3959773727217,94.55025342608506,26.83700112466002,12.107803640596071,2.47008447536169,50.270655142173084,18.85063356521267,8.560126713042536,58.85590294495805,0.7,37.387877785597546,Low,Low,High,Black,100-300
51.24692697929224,1574.1275785464932,94.76416196772215,26.905708785551113,12.088097071482961,2.474867317448231,49.32627114525034,18.83539804765531,8.696284888550457,58.60689949269201,0.7,37.122562905450856,Low,Low,High,Black,100-300
149.9110665857287,1628.222633996285,97.13390241417802,25.475305381673717,11.233479549564075,1.9909547520581354,45.40700343258887,18.264355946175225,8.222110752401036,55.97834510304257,0.5896552834599731,42.236719961736064,Low,Low,High,Black,100-300
150.57912113557074,1622.5999652307455,97.18225566809919,25.45581873629637,11.247303344818775,2.003173237830704,45.47565556692604,18.258248731289257,8.223403789312389,55.66322276069835,0.590800512867187,42.181011869018405,Low,Low,High,Black,100-300
149.7443580100728,1630.7513828264152,97.1929431724231,25.475057341991814,11.231077081001764,1.9929262678158008,45.472043865238454,18.268813783545422,8.219032641537584,55.819959636931515,0.5896260461706577,42.19863576584014,Low,Low,High,Black,100-300
141.27063956529105,1827.7451508620688,96.64772192471287,25.412375119579572,10.840986321095151,2.099257078611569,44.92091314338801,18.342838052407714,8.260816099095571,53.79135063167962,0.6068087813248567,42.220779510242,High,Low,High,Black,100-300
149.27292810686768,1625.7679432429072,97.17372605482477,25.42399745640526,11.241632557848257,1.9897947166494827,45.41029352047057,18.26214587139013,8.219666333268224,55.636754595371904,0.5901449409652374,42.14159159032697,Low,Low,High,Black,100-300
148.3927243326144,1827.7451508620688,97.08199538613503,25.451231166127872,11.174691191451124,2.010116736530179,45.36890050359192,18.283411157686785,8.235673951329025,55.43016153609901,0.5930948825431045,42.25277860739942,High,Low,High,Black,100-300
153.9127336938938,1625.4154532713367,97.1762874947606,25.444841908233286,11.243246185171119,1.978354950883608,45.53409466791445,18.27818665593582,8.230855873327187,55.569976199724195,0.5902564535009271,42.27547451528661,Low,Low,High,Black,100-300
27.48657239334584,1685.04713904536,95.99694413801333,28.223263965496667,10.648356400230806,2.5529861598615153,44.82932922138657,19.231643599769193,8.728125062679092,48.38365693847494,0.6324305485912121,36.602384080507775,Low,Low,High,Black,100-300
34.4489679365672,1587.01920050362,97.20794743341781,27.91901779022448,10.969634819442435,2.3603274032585078,42.78609473758145,18.909811113504706,8.47997481513396,50.24059184435192,0.66,37.3083881685735,Low,Low,High,Black,100-300
32.20730652964343,1685.04713904536,96.85763047225542,28.008092381936144,10.876568685825305,2.4160587885048175,43.375290944598774,19.003431314174698,8.55207558522048,49.70076784390604,0.651991601642169,37.104451108815674,Low,Low,High,Black,100-300
27.689916968599846,1744.4514840182649,97.18185125859114,27.928042497545388,10.901638770864214,2.4002124877269337,42.011941484415566,18.87380876104576,8.475978751227307,49.813747630094504,0.6519575024546133,37.56735992145238,Low,Low,High,Black,100-300
88.1564816283792,1587.01920050362,96.85115232697156,27.748281481618292,10.906155935473468,2.4172395061272356,43.84553542175316,18.876977208003517,8.475596961067136,50.34347141492231,0.66,37.028205508296686,Low,Low,High,Black,100-300
173.195473621055,1587.01920050362,96.28621282196642,27.477942331983932,10.805645225994025,2.5073525560053564,45.523024504099716,18.82498890999691,8.468665187999589,50.506368082009686,0.66,36.58457203197363,Low,Low,High,Black,100-300
24.081124445505708,1670.3081986834231,97.17321205387593,27.883212053875937,10.875402424252405,2.4808746801219272,42.49620727275722,18.773359057253472,8.427445791251337,49.81431090913582,0.6547445791251336,37.00518558925775,Low,Low,High,Black,100-300
21.767517928764313,1622.3322033898305,97.38509014543658,27.717797479940696,11.017364781845139,2.643754507271829,42.9492788365074,18.75638972542669,8.442527043630973,50.9923842966359,0.6524909854563425,38.236679676527174,Medium,Low,High,Black,100-300
24.420755060777626,1702.9070653767224,97.41129938507233,27.863942053059066,11.043707931234682,2.5649634184649397,43.081021365405874,18.782569504916616,8.450014632614025,50.899400062825016,0.652496341846494,38.24842259526121,Medium,Low,High,Black,100-300
37.27950710134118,1622.3322033898305,97.29779012223509,27.347901222350774,11.037204928986588,2.6106962933641857,43.30580244470155,18.598486415599265,8.390696293364186,51.663582669379956,0.66,38.96639753550671,Medium,Low,High,Black,100-300
13.480981488517608,1624.3705755617113,97.47227138336363,27.84578636147366,11.206865392119614,2.452106819263169,40.57787150470831,18.853514978110034,8.462702995622008,51.71151064290433,0.66,37.45955754972736,Medium,Low,High,Black,100-300
294.5434734490643,1618.240345999382,95.45077121518267,26.071314125183292,10.260085614443268,2.648528572407419,47.43902901778304,18.47795712425904,8.33471427592581,49.776114015552366,0.668528572407419,38.843242848333226,Medium,Low,High,Black,100-300
24.70603917932553,1702.9070653767224,97.4032253062455,27.8325428576214,11.050585850235311,2.570944217595923,43.11840135997451,18.771205986567747,8.44762231296163,50.99748516857314,0.6530944217595923,38.30195074748352,Medium,Low,High,Black,100-300
26.229858829730745,1624.3705755617113,97.32978393072653,27.515815418524614,11.139371335607308,2.617092290737692,43.187641689850764,18.66603148779808,8.425206297559615,52.078978283915774,0.66,38.74194462346115,Medium,Low,High,Black,100-300
52.66777024509613,1674.462686567164,95.19013617686656,27.665500876616985,10.627945937438483,2.7188115138058917,43.655162475376116,19.29174868507452,8.747249561691508,50.0470473373172,0.6413752191542463,36.26400701293588,Low,Low,High,Black,100-300
36.83197311736024,1625.266071977853,94.73210054057742,27.536055878353025,10.331941878421251,2.715054756740161,42.61812277054456,19.33863240539895,8.762368716213912,48.45233506782803,0.6330525135144355,35.64358886478742,Low,Low,High,Black,100-300
23.823345024901204,1689.2753623188405,95.6997527358393,28.156362674670905,10.556088809696014,2.599726135025109,44.519518772085696,19.274863067512555,8.75297261350251,48.12636267467091,0.63,36.44487636791965,Low,Low,High,Black,100-300
205.53732523659957,1625.266071977853,95.4045683118549,27.073734285599752,11.113685662531328,2.4124442596652926,47.61960181942086,19.22095054542539,8.720339480509068,53.20163870247528,0.6498642077963727,34.2314065451047,Low,Low,High,Black,100-300
81.46248416224599,1674.462686567164,95.54962954523245,27.69369643492019,10.899328186106848,2.6870915107147844,44.86052259283821,19.249455347619712,8.733151782539904,51.56960748569036,0.648424108730048,36.48957147936154,Low,Low,High,Black,100-300
14.999752948050077,1640.9902498476538,95.42887464799321,27.71448553630691,10.435662394397962,2.640869767047225,42.046998412827975,19.218271695539638,8.678663981569988,48.4246222373777,0.6394485536306909,36.34408202064247,Low,Low,High,Black,100-300
21.053303933936792,1689.2753623188405,95.52846517079416,28.07205707625025,10.498546893313662,2.6264898170634123,44.07791801845369,19.288244908531706,8.755648981706342,48.04205707625025,0.63,36.35923258539708,Low,Low,High,Black,100-300
64.23224984670429,1803.173076923077,96.32028015384495,27.160245938477715,11.78115483074702,2.35,48.73145209227558,18.825254492319523,8.566935415389201,55.61580836910233,0.694168092306968,36.39952523072819,Low,Low,Medium,Black,100-300
89.58903573846091,1773.1698430493275,96.31366829181006,27.163920007157557,11.613767786373153,2.4153268327597828,49.25130733103913,18.710401950172066,8.500602925258097,54.89924088203782,0.6934673167240217,36.71366829181005,Low,Low,Medium,Black,100-300
58.21075805364074,1646.3030571054815,96.32891433000474,27.084928964065472,11.954878358081034,2.3508701138636066,48.99340271492431,18.73623521938573,8.528937225267851,56.60086563017163,0.7001385189494539,36.79179000543812,Low,Low,High,Black,100-300
104.5805325507672,1773.1698430493275,96.30544926943489,27.231315990633934,11.439524512019592,2.4482029222604544,49.382811689041816,18.700539123321864,8.485808684982795,54.01816168341982,0.6901797077739545,36.70544926943489,Low,Low,Medium,Black,100-300
86.62264405984965,1773.1698430493275,96.31529460303736,27.150584255093623,11.648245584392098,2.4088215878505475,49.22528635140219,18.712353523644836,8.503530285467253,55.07358144560533,0.6941178412149452,36.715294603037364,Low,Low,Medium,Black,100-300
77.79718052165431,1803.173076923077,96.29053249885602,27.558864515329315,11.23379797895079,2.35,47.94016446957016,19.11678151121099,8.67997650434712,52.45065787828066,0.6763194993136128,35.38810496110472,Low,Low,Medium,Black,100-300
58.8460773176553,1645.7651433637252,96.33663461519654,27.016306592204504,11.956605336028254,2.3488416056425967,48.98262483177817,18.73282185383467,8.533575414210935,56.65401683714156,0.69980783774557,36.576368201909794,Low,Low,High,Black,100-300
37.90779435159162,1652.4877458396368,94.19666764931162,25.555489416894154,12.11640882023686,2.7791282353634346,49.91983939627238,18.156718235952628,8.186512941453739,62.265885266217595,0.6636923530451518,33.263748835555894,Low,Low,High,Black,100-300
6.9136502682817405,1779.1588941636417,93.89485931774571,24.856866929855663,12.51915590647422,2.775140682254297,51.837266211178665,18.09634599655327,8.160281364508593,65.83782894019585,0.649357414718213,31.744258528178708,Low,Low,High,Black,100-300
46.892308555997424,1656.9511164755584,93.89010141578208,25.78077116382979,12.322332562988075,2.918478763268647,50.584096793710536,19.208337185059627,8.674624963549219,63.10900491367779,0.6598985842179098,31.373143889244798,Low,Low,High,Black,100-300
12.422479642620061,1652.4877458396368,93.95125350766968,24.996700294386336,12.475091027252015,2.771577031005221,51.60753357033316,18.0849817945496,8.156308124020883,65.30524502039864,0.6523655465078312,31.9536148794058,Low,Low,High,Black,100-300
4.911612915796686,1779.1588941636417,93.83963070112542,24.608338155064416,12.187784206752555,2.830369298874574,50.51868298936954,18.379392656732193,8.27073859774915,64.74016018486783,0.6424538376406782,32.434616235932175,Low,Low,High,Black,100-300
3.565285031031116,1593.238871473354,93.83983463882606,24.451321801635686,12.414627937358638,2.777520670146742,51.230494995766,18.32570278498924,8.262810052201136,66.21074412528272,0.6575206701467423,34.492730634881624,Low,Low,High,Black,100-300
22.66468595264986,1656.9511164755584,93.89612818757396,25.23233493076894,12.460948314201257,2.8280771863904848,51.42181807278151,18.515258428993715,8.355206058579713,64.83266164615476,0.6538718124260323,31.559973814793,Low,Low,High,Black,100-300
214.43740663165605,1667.760191846523,95.23712665170903,27.16782835535612,10.9564105875501,2.6130298678632777,49.240573905098465,18.769895653618462,8.479089603589832,52.27376938418929,0.65,35.357880528546886,Low,Low,High,Black,100-300
256.81782419411707,1667.760191846523,94.74887299315535,27.161318306575406,11.275402977805182,2.6520901605475733,47.59353156357732,19.069357897531393,8.59627048164272,53.933831823271866,0.65,35.20163935780971,Low,Low,High,Black,100-300
93.4602816333699,1720.6496519721577,95.04693663339738,27.97372009846462,11.637702475048032,2.9510868644914092,45.711947129750236,19.096921947216885,8.672924884452982,54.50816198003843,0.6433843894433771,34.00565254203436,Low,Low,High,Black,100-300
99.22402237633139,1720.6496519721577,95.03363057550673,27.946442679788813,11.627722931630053,2.9413290887049413,45.763840755523724,19.098030785374437,8.671150743400897,54.50017834530404,0.6436061570748877,34.044683645180235,Low,Low,High,Black,100-300
251.05455086985384,1667.760191846523,94.81527015126898,27.16220360201692,11.232023501170943,2.646778387898483,47.817511310280636,19.0286343072217,8.580335163695448,53.70808148568552,0.65,35.22288644840607,Low,Low,High,Black,100-300
235.07133125585824,1720.6496519721577,94.72001616485758,27.303533137958038,11.392512123643185,2.7113451875622254,46.986936957055434,19.1241653195952,8.629335488647676,54.31200969891455,0.6488330639190404,34.9646192497511,Low,Low,High,Black,100-300
216.96406751917817,1626.7289489858638,95.27925313992179,27.085483180798736,11.157847775285797,2.4530088355520436,47.59118586311673,19.204516819201263,8.702796465779183,53.417196402474424,0.65,34.38343357509776,Low,Low,High,Black,100-300
23.52526033026234,1715.2287543655414,95.12578015134133,26.20782821600325,12.720230529694653,2.678439697317341,45.707881621183155,19.458466399907298,8.841125945883308,64.1341397408888,0.6371099243293353,31.5789274592966,Low,Low,Low,Black,100-300
26.2059282244876,1715.2287543655414,95.12125581734263,26.111686118531036,12.70439536069923,2.687488365314726,45.50994200874037,19.416616310419393,8.812848858391481,64.29136034734337,0.6393720913286816,31.50540703181785,Low,Low,Low,Black,100-300
52.42841923987254,1627.7291154791155,95.202605315287,26.126542443867137,13.161283220543737,2.5560920270695027,45.89176279299102,19.33957873885201,8.78131237619338,65.7451037265253,0.63,30.385729077220795,Low,Low,Low,Black,100-300
27.70719055753639,1715.2287543655414,95.1187220412531,26.057843376628444,12.695527144385862,2.692555917493794,45.39908930482326,19.393178881591204,8.797012757831894,64.37940906645467,0.6406389793734485,31.464233170362924,Low,Low,Low,Black,100-300
25.68625139851093,1737.9305794606998,95.14936836406949,25.676215597816398,12.854315276625307,2.743683640694787,43.90359370600502,19.552526543722085,8.911263271861042,65.9258808329528,0.6581050922084362,29.85201190947895,Low,Low,Low,Black,100-300
14.633880734796398,1768.6406074240722,95.12305020853805,26.048118182661888,12.79966213505841,2.7093242701168223,47.202914260290385,19.386602502456608,8.836776146959279,65.01717055628338,0.6384748957309746,31.67016422043892,Low,Low,Low,Black,100-300
19.10458374334673,1737.9305794606998,95.1435438794189,26.19459473171871,12.801894914770017,2.6854387941889093,45.41213523050725,19.575824482324435,8.922912241162217,64.50470657820938,0.6406316382566728,31.069329201451797,Low,Low,Low,Black,100-300
0.9581170464537347,1653.25069024813,94.41140869042263,26.912122606871478,10.526672915646023,2.787187907609754,44.50489588929728,19.642732054171287,9.657252862901277,52.05485895799129,0.6398299357963131,36.08550928297034,Low,Low,High,Black,100-300
4.28900368934192,1648.394108111689,94.47437704061932,26.898235052765983,10.49463630983075,2.7909835088019124,44.550509873044625,19.65504031173437,9.653299653848991,52.06939351814878,0.6398605176430832,36.164718158074855,Low,Low,High,Black,100-300
0.10715942779222054,1652.8010184686868,94.37160912247549,26.947140526610294,10.508012835666177,2.7944972183115646,44.4803321773823,19.637005823412828,9.633520943571364,51.97532543540822,0.6397556711009177,36.003540727377,Low,Low,High,Black,100-300
4.830247978817138,1648.0714567130813,94.40602716294654,26.9518448654496,10.519113944663577,2.807736357273667,44.40357154250954,19.641617042118668,9.642454227725398,51.89574842328531,0.6397869973998496,36.16949500935099,Low,Low,High,Black,100-300
1.6978943957970931,1651.0037438637619,94.44180934996012,26.924549550102878,10.536864988811578,2.797068759898977,44.45969047086481,19.636836510932476,9.66129218528276,51.801201471340725,0.6393033848763016,36.0176488356973,Low,Low,High,Black,100-300
1.813165514867705,1652.3805741904505,94.44065020029005,26.931130239725434,10.517163790942567,2.8052974534202018,44.55794491766495,19.652379273741765,9.63695744020379,52.15514422390292,0.6395918067659311,36.15937260332164,Low,Low,High,Black,100-300
65.54729458413674,1655.9782608695652,94.4485413030355,27.597680333733674,10.458752181786986,2.8256239091065067,44.21355003018345,19.291265272508905,8.830034908591784,49.51739821059785,0.6314586969644977,33.42240693774579,Low,Medium,High,Black,100-300
103.0073602351775,1703.9363382899628,96.38028262308528,26.44665228118117,10.491413115426392,2.221217407002122,48.45950039113621,18.232434814004243,8.22308697483581,50.549391597372946,0.6990652160831564,41.66476083424522,Medium,High,High,Mixed Red & Black,50-100
165.87372545414206,1703.9363382899628,96.45318268817158,26.99008913000629,10.855913440857876,2.3007447507326275,50.44105670575464,18.391489501465255,8.315868875854733,52.033902013675714,0.6924379374389477,41.48582431085159,Medium,High,High,Mixed Red & Black,50-100
93.79821546071379,1678.6660372905355,96.437952837156,26.67141832492402,10.597559813456016,2.1898427905200055,48.983547532112084,18.604172930427996,8.406062883791998,51.43771874273805,0.6970078604739997,40.004412184252054,Medium,High,High,Mixed Red & Black,50-100
144.54967657041527,1671.9533444417993,96.43875743186946,26.750079273274213,10.806699697197589,2.2383498485987943,50.78506936411494,18.395009909159274,8.34083498485988,51.095267547300466,0.6945825075700602,41.01673933383469,Medium,Medium,High,Mixed Red & Black,50-100
114.27463005148263,1664.755058319448,96.41066718252199,26.450449946901273,10.681854144542196,2.175927072271098,50.522893703538614,18.35755624336266,8.33459270722711,50.08401857079179,0.697703646386445,40.74207911799283,Medium,High,High,Mixed Red & Black,50-100
152.98667082432658,1589.7791984263586,96.45472748829778,26.915161435238282,10.89206901715387,2.2257508892283138,50.016941653585896,18.46895438377667,8.353159063962778,52.0682316380299,0.6931590639627783,40.91139070199269,Medium,Medium,High,Mixed Red & Black,50-100
167.40658796479863,1664.755058319448,96.45996487543125,26.97629200460007,10.900955001916696,2.285477500958348,50.98300550402506,18.423286500575006,8.345547750095834,51.85873551552523,0.6922261249520826,41.224101004216735,Medium,High,High,Mixed Red & Black,50-100
276.7630436228274,1623.8891966759002,96.74317943150827,26.879622187259265,10.595110146143421,2.791983221453112,45.98582412069343,18.522665219215135,8.306033557093775,49.56633774211506,0.6589401894972419,37.11687307530969,Medium,High,High,Black,100-300
271.1079429034546,1627.000921658986,96.77863524278503,27.607741843794518,11.015384578943975,2.6313647572149628,41.298636190241695,19.114937879448714,8.562506164682295,51.44774184379452,0.6543176213925186,37.032506638410624,Medium,High,High,Black,100-300
277.2093831462795,1623.8891966759002,96.74179757539851,26.83632402915349,10.57115797357427,2.7998137394084113,46.287529371324084,18.48673696036141,8.290372521183176,49.463619771289665,0.6594008082004948,37.148655765834135,Medium,High,High,Black,100-300
276.1363190902806,1764.8428772919606,96.20542315251826,27.25206243271784,11.192243225536263,2.436548883790365,43.73617103481578,19.09792933027422,8.599827444189518,53.26898937616094,0.6703451116209634,38.57011510743304,Medium,High,High,Black,100-300
266.88263216568606,1661.9556463923052,96.76172284393178,27.68663558326461,11.05156395454126,2.6460854133364076,40.26401084916372,19.220711511637134,8.604736705460848,51.438854962625264,0.6500045424789009,36.48304765502181,Low,Low,High,Black,100-300
278.09209657213574,1764.8428772919606,96.06802359524869,27.138181718584498,11.224426905617424,2.387035529819348,44.61379523395206,19.06822131789161,8.597351776490967,53.684901549517484,0.6752964470180652,39.07391348408814,Medium,High,High,Black,100-300
275.2180051185014,1764.8428772919606,96.26993761509262,27.30553387917587,11.177131729798125,2.4597973387721166,43.32409217026424,19.11187840326327,8.600989866938605,53.07370235431422,0.6680202661227883,38.33356207799372,Medium,High,High,Black,100-300
88.26008429783592,1628.5187231430325,94.7890978119974,26.625046411749054,11.737156884401609,2.715861143566698,48.95424241455772,18.291509013984154,8.261509013984154,57.92336248539499,0.6855604142324977,35.652290752335624,Low,Low,High,Black,100-300
186.8402786382066,1672.3563527653216,95.30898358665455,27.083266711988443,10.9303086000107,2.620344845336044,49.54372029330052,18.626097965327485,8.417513591997004,52.38067208275469,0.653212344000428,35.38215968532962,Low,Low,High,Black,100-300
89.37769570422147,1672.3563527653216,94.64992872990126,26.455226201435316,11.511827591263595,2.7676629897867775,47.76039538679164,18.308200916775903,8.254688274446194,57.16463498412851,0.6764731036505438,35.18056643502862,Low,Low,High,Black,100-300
72.63127541855214,1710.2330607476636,94.63555363533473,26.385104541642622,11.613543239570362,2.7850451562547454,47.418319927151984,18.242162562517084,8.222402572923944,57.87975998959314,0.6806606458327007,35.24810590615604,Low,Low,High,Black,100-300
161.37793385529602,1672.3563527653216,95.1368038486635,26.919189549902864,11.08223189823809,2.658832080886983,49.077822178736525,18.543046562296514,8.374975068493335,53.63049441617203,0.6592892759295237,35.329492941944125,Low,Low,High,Black,100-300
69.80540977583172,1639.3132052455016,94.55,26.45096455761268,11.69664984246347,2.7293569615915474,48.02062658607396,18.371810602065587,8.292538133358716,58.07382421017562,0.6837901899005283,35.57639636380943,Low,Low,High,Black,100-300
65.8414786750558,1639.3132052455016,94.55,26.526169574544397,11.77655517295342,2.6792202836370693,48.45932251817565,18.464250102044154,8.344241582499272,58.22580101522513,0.6869237322726832,35.92891988067686,Low,Low,High,Black,100-300
50.11731482028091,1813.0125751776927,95.2559435172741,26.010646379276658,10.906679000083736,2.4440119309594084,44.14126255249221,18.579264517190367,8.365208034464471,54.04579475894408,0.6734101034492384,39.683684965563444,Medium,Medium,Medium,Black,100-300
80.45902209311711,1712.1703617269545,95.17370878770659,26.173170903554052,10.61827935136653,2.707634471038134,41.381855845489916,18.77360179153073,8.435322440164198,52.84884543619965,0.6694086177595335,39.448738440023796,Medium,Medium,Medium,Black,100-300
62.67763948566761,1813.0125751776927,95.20845481687206,26.13,10.759196395746805,2.609950652263907,44.181010947173235,18.63011137311455,8.391384462277298,53.64773723044869,0.6770210068586732,39.73940646433354,Medium,Medium,Medium,Black,100-300
166.95428376733548,1622.245224892175,95.89272510704002,26.468726298168008,10.641363546126668,2.622182070845331,45.70426040090277,18.590636850915995,8.335909361619997,51.60154919035597,0.682545418450667,40.72436017126403,Medium,Medium,Medium,Black,100-300
28.60908815561381,1813.0125751776927,95.35229130470476,25.91146483339216,11.153215985568064,2.2229787715596676,46.402601798658786,18.429075319136697,8.311366623841458,54.997937599435275,0.6762438619030813,39.8197053713479,Medium,Medium,Medium,Black,100-300
86.15603124643806,1712.1703617269545,95.21677636353408,26.228327623473472,10.628857352446968,2.704612185015152,41.33312148336933,18.790979936162877,8.442122583715907,52.783488500952664,0.6686530462537881,39.35769207358146,Medium,Medium,Medium,Black,100-300
77.22432932223403,1656.9498727742146,95.09887798331987,26.115455002388874,10.62058767470594,2.7177198283281703,41.31670425673447,18.759781296809546,8.428304864876297,52.87331439809238,0.6701853477125067,39.414913461340824,Low,Low,High,Black,100-300
76.4,1601.9027431421448,94.44889836187562,27.630682055044886,10.523809754333229,2.816780342507481,44.056616530069824,19.20466232313934,8.678983618756234,49.60005845158636,0.6322032762487532,33.2376128073429,Low,Medium,High,Black,100-300
34.454914110067094,1655.9782608695652,94.44436221963845,27.27589091216064,10.483826682169301,2.8130866589153496,44.309668948315654,19.466786775185106,9.231226914708811,50.74186964593419,0.6356377803615502,34.74717637461139,Low,Medium,High,Black,100-300
52.09213250471766,1655.9782608695652,94.4467328135087,27.458426640169794,10.469603118947807,2.820198440526096,44.25514528929993,19.36722183263466,9.003649903164932,50.04728564195131,0.6332671864913014,33.99569811774254,Low,Medium,High,Black,100-300
76.4,1601.9027431421448,94.4469197404563,27.48822131285305,10.656377389428412,2.793036885475508,43.83501093110474,19.159154030494722,8.659197404562923,50.51616016873665,0.6361605190874153,33.73622540501433,Low,Medium,High,Black,100-300
76.4,1601.9027431421448,94.44809643598482,27.572943390906648,10.577538789017424,2.807157231817775,43.96680083029923,19.186218027650735,8.670964359848146,49.97135013903086,0.6338071280303709,33.43969813182673,Low,Medium,High,Black,100-300
76.76482310728979,1660.9758405609211,94.459173861434,27.72560106728617,10.461743693434057,2.833802159434288,44.060184393371266,19.208672166393548,8.691707486836941,49.054972855361775,0.6304408934355766,33.055490699868805,Low,Low,High,Black,100-300
76.4,1601.9027431421448,94.44693527324984,27.48933967398807,10.6553366922611,2.7932232789980116,43.83675060398144,19.159511284746188,8.659352732498343,50.50896848532672,0.6361294535003315,33.732311141041755,Low,Medium,High,Black,100-300
180.6981181872983,1699.1947058823532,94.24501158965114,25.44970425325211,10.986054010771392,2.148285469591515,45.87770254039271,18.30657093918303,8.29657093918303,54.45766223249649,0.71,39.147317613555394,Medium,Medium,High,Black,100-300
170.20395186702459,1699.1947058823532,95.75286902780226,26.340513402592116,11.264160281784855,2.1700125220144417,46.92060105669321,18.350025044028882,8.340025044028884,54.00573954209961,0.71,38.85182970060359,Medium,Medium,High,Black,100-300
160.64194371916787,1722.306755581328,96.83789920844848,27.045289264657246,11.507740837444285,2.1864973821269387,48.03936911322429,18.415393979579694,8.387880890214388,53.86670681197184,0.7108756544682653,38.559859947229896,Medium,Medium,High,Black,100-300
165.73641166210143,1674.4210212003584,97.13153238912311,27.43519735349926,11.325244949831294,2.223870443507601,47.40581379089359,18.631326909991657,8.456208497892103,52.628926165471825,0.6972985836846496,37.91952635160178,Medium,Medium,High,Black,100-300
179.45849119648832,1699.1947058823532,94.42312776597042,25.554931389117968,11.01890540928561,2.1508519851004384,46.000895284821034,18.311703970200877,8.301703970200876,54.40427870991089,0.71,39.112413002634035,Medium,Medium,High,Black,100-300
160.84601125680777,1722.306755581328,96.16739158477452,26.79069071769699,11.480531832425632,2.1787233806930377,48.39308617846678,18.471755489975475,8.405372393440665,54.48085292525001,0.7128191548267405,38.515159438984966,Medium,Medium,High,Black,100-300
161.18011498662383,1722.306755581328,95.06962218680738,26.373856540497876,11.435984668450155,2.165995619557187,48.97219931014799,18.564031758210394,8.43400985599633,55.48634605498222,0.7160010951107032,38.44197481245383,Medium,Medium,High,Black,100-300
58.36946442946359,1601.0639226691615,93.84675990457241,25.91972028628278,12.008671312921336,3.2486247252497003,51.68559446203188,19.072983675546187,8.68,61.679020908146015,0.6081118854868894,30.60032630138886,Low,Low,High,Black,100-300
58.84714753132351,1668.4962541204677,93.81609825579953,25.70686053777447,12.246098255799529,3.252557848902117,49.17510457821612,18.868966715047765,8.522958793574,62.608876380722,0.6415245639498824,30.418515043418942,Low,Low,High,Black,100-300
51.88233611909884,1669.9904191616768,93.89,26.0442254970185,12.200733717448113,2.989048900424777,50.35343753957684,19.251385863829444,8.720801622978277,61.90930727916174,0.6380298953193891,31.834510784675775,Low,Low,High,Black,100-300
55.08686595158264,1669.9904191616768,93.89,26.22201105621794,12.117328146465658,3.0373363362567245,50.201990581740276,19.273334698298513,8.749335107788065,61.090615753465535,0.6226657111910422,32.15935353481797,Low,Low,High,Black,100-300
53.549922732601964,1669.9904191616768,93.89,26.136742288589563,12.157330778192552,3.014176917888523,50.27462693934964,19.262807689949327,8.735649996934127,61.48327316489004,0.63003461703547,32.003553811250065,Low,Low,High,Black,100-300
48.45117932468056,1601.0639226691615,93.88550320576297,25.8034903827111,12.28762308149336,2.9541756362014544,50.686017291315466,19.204710899594087,8.68,62.934303866720114,0.6546038469155598,31.289957062580804,Low,Low,High,Black,100-300
53.24429495455003,1668.4962541204677,93.85195651229088,25.74720107632724,12.281956512290881,3.0911956946910406,49.851929169490354,19.03929343338168,8.59915758861812,62.83747276585436,0.65048912807272,30.88019009574508,Low,Low,High,Black,100-300
3.472441856979466,1746.0634285714289,97.10126033403894,27.16322803735696,10.996220284954221,2.5758268729977183,48.11527133409583,19.45385852614418,9.305748061899315,53.00960594450799,0.6685826872997719,40.77614340446235,Low,Low,High,Black,100-300
2.8105663205595226,1594.4763693270734,96.71651167495264,27.932113264111905,10.958230501121959,2.4798281173830685,50.49662741299723,19.271941381494972,9.300528316027975,51.363768749395305,0.65,37.788599602710185,Low,Low,High,Black,100-300
2.9991455172775137,1746.0634285714289,96.84620619542177,27.323622908033734,11.093508977004067,2.5232383908086127,50.32398758603827,19.31975789656196,9.289971517242584,53.19366563216985,0.6633238390808613,39.90843344834211,Low,Low,High,Black,100-300
3.095312817463907,1746.0634285714289,96.89802968496666,27.29103287852612,11.073741254187976,2.5339236463848787,49.8752068518351,19.347005298281438,9.293177093915464,53.156267237652926,0.6643923646384879,40.084740165350496,Low,Low,High,Black,100-300
92.18098612652959,1721.647809689585,95.91806287750191,27.47222891657318,11.307778614571648,2.3577786145716475,51.92454820688425,19.261937122498086,8.863343374859767,53.78083019535632,0.6580553463570882,34.68118976973484,Low,Low,High,Black,100-300
10.919080971014658,1638.004272200183,96.21402935534003,27.697264837539947,11.349352903560014,2.399352903560015,54.446917689297635,18.7929419287997,8.885236761159414,53.26250159869936,0.640647096439985,36.671827704838336,Low,Low,High,Black,100-300
4.4807593148277824,1638.004272200183,96.20412424509973,27.72037676143395,11.342749496733157,2.3927494967331566,55.486954264527824,18.925010065336867,9.142769627406889,53.54314638884084,0.6472505032668433,37.404805862619604,Low,Low,High,Black,100-300
4.000945704187167,1610.657984496124,94.61253656548064,27.44930354606644,10.500713684434832,2.6845485873638673,50.48612182347951,19.893138448995476,9.694548587363867,50.09394670384903,0.6308082548535482,35.83804808753294,Low,Low,High,Black,100-300
1.7918953766576147,1696.469652327637,94.91423336949607,27.330178192573065,10.72198160769233,2.779369162864734,42.26423193687017,20.018377642705612,9.758468171618055,51.473246147214674,0.64,35.451985905570055,Low,Low,High,Black,100-300
2.5655943139216904,1696.469652327637,94.72224141098981,26.88888324317059,10.638880610726929,2.7335203369527887,41.75416374859977,19.85504120039431,9.692560484369634,52.11799526160141,0.64,36.32311359789701,Low,Low,High,Black,100-300
0.9169900572022958,1617.5768993205684,95.23113267048015,27.963508124943665,11.0571001707055,2.862679602288092,42.93588357940717,20.11150497139885,9.663466164534576,51.74162042766513,0.6442265340960306,33.99799684645519,Low,Low,High,Black,100-300
1.8658392904975742,1617.5768993205684,95.29438928603317,27.824343570727024,11.677015003125081,2.900633571619903,42.59429785542087,19.637080354751212,9.075179639891504,55.518040376180345,0.6568778572066344,33.66273678402419,Low,Low,High,Black,100-300
3.194318805275535,1640.588056063376,95.7683425254832,27.547534473842187,11.007915057712424,2.6131274134313642,43.529384996627,19.70037782753733,9.56108935504434,52.578014338179344,0.6343601765102705,36.38284886636096,Low,Low,High,Black,100-300
1.3843126612186973,1594.4763693270734,95.70934572764257,28.030915004299167,10.800326864789483,2.77156873387813,43.889214547504004,20.068693083620534,9.724052472055426,50.242091826096996,0.6426143755373956,35.08777645098598,Low,Low,High,Black,100-300
40.4291641186407,1792.4766925638182,93.81348396328801,25.288892332014317,12.180772624103758,3.130189578615387,49.40491236551341,18.714577321631488,8.440320734239714,63.19014546526654,0.64,31.155247409395336,Low,Low,High,Black,100-300
60.52392362220498,1633.1621787025701,93.81452452263878,25.844784724440995,12.129149195349862,3.2573773868060942,49.20930924707978,18.903343316942937,8.539409397152077,61.78951984481025,0.6309509547224377,30.53455447346759,Low,Low,High,Black,100-300
53.335252999046446,1668.4962541204677,93.8513743808061,25.746546178406863,12.281374380806103,3.093815286372538,49.84094143771519,19.036528308828988,8.597920559212968,62.833761677638904,0.6503435952015257,30.872695152878574,Low,Low,High,Black,100-300
64.46250034651268,1740.944380733945,93.82635965033865,25.744989038431264,12.192966005276407,3.259550437076699,48.726672124350195,18.956562508662817,8.579528513939223,62.30006576941243,0.6359100874153397,30.462697377539808,Low,Low,High,Black,100-300
42.82485270889441,1792.4766925638182,93.81305308404517,25.33973608267078,12.188097571232232,3.1487173860579962,49.36225532047113,18.730088974374137,8.448938319096742,63.11344896003899,0.64,31.054421666568114,Low,Low,High,Black,100-300
59.92595422895344,1603.3692403486925,93.82259542289535,25.80076338316275,12.122442719643457,3.288396948596896,50.235572803565425,18.928167960267405,8.581374063073614,62.10396935287228,0.6232061028062083,30.39877864017827,Low,Low,High,Black,100-300
61.88011096982658,1633.1621787025701,93.82300069356141,26.116022193965318,11.921483007745305,3.2149965321929193,49.48902288752673,19.022009709859827,8.594504508149205,60.32738036065571,0.6139986128771677,30.899029823140893,Low,Low,High,Black,100-300
101.90056155760446,1689.318733353063,96.39671661354542,26.391177063068625,10.670123901375645,2.172230224761604,51.62028960910588,19.13030975343911,9.150061950687823,51.65903472825545,0.689814147936533,41.73430053672035,Medium,Medium,High,Mixed Red & Black,50-100
147.7751218725653,1689.318733353063,96.09580675009333,26.4990504103439,10.681478990562516,2.376621830125291,47.980983524713565,19.15869747640629,9.155739495281258,50.65410933521732,0.6727815141562258,41.21196643412426,Medium,Medium,High,Mixed Red & Black,50-100
159.00138209357914,1612.9882352941177,96.26285385215814,26.096571032524402,10.692326117090534,2.313525038439151,49.59642889177488,19.321366717918867,9.169136671791888,52.24728959905525,0.6772422188054088,40.90755477705293,Medium,Medium,High,Mixed Red & Black,50-100
70.4772407137402,1695.6603773584907,96.42251110843456,26.810207357444927,10.55744445782725,2.1624962971884836,46.44492654599598,19.02494816063877,8.737296345366588,50.72453344574891,0.6749925943769669,40.98212601603682,Medium,Medium,High,Mixed Red & Black,50-100
73.01666274504178,1696.6317030053035,96.41176511388807,26.425295341664196,10.528818633343214,2.1464697722238686,49.53639694320416,18.859402380574494,8.72645590002964,51.246455900029645,0.6958825569440328,40.363481675096324,Medium,Medium,High,Mixed Red & Black,50-100
70.33195314985424,1696.6317030053035,96.4128779468809,26.428633840642668,10.515464637429327,2.144244106238221,49.33553058799946,18.833807221739544,8.686393912287981,51.206393912287986,0.6964389734404447,40.23328021493594,Medium,Medium,High,Mixed Red & Black,50-100
98.62664572152656,1696.6317030053035,96.401149576903,26.393448730708982,10.65620507716407,2.1677008461940117,51.452501369009546,19.103559731231133,9.10861523149221,51.62861523149221,0.690574788451497,41.60549950234968,Medium,Medium,High,Mixed Red & Black,50-100
110.23831576883316,1681.9405469678954,94.71056788851878,26.329788585554443,10.765680302067324,2.2599075283188115,44.8065390182812,18.91293262271485,8.51990752831881,52.38332898052278,0.6933949811207922,37.0920474354178,Medium,Medium,High,Black,100-300
18.285043384182785,1678.9708159618822,96.76749439555327,27.114780613452282,10.98166542123406,2.2797918223457425,44.165167078378225,18.99916728938297,8.540416355308514,51.65292195975524,0.68,38.782528022233656,Medium,Medium,High,Black,100-300
81.28104270189345,1678.9708159618822,96.91121150426288,27.398222688962893,11.013602556502862,2.2757996804371423,45.22308468415727,18.98319872174857,8.548400639125715,51.51718913486284,0.68,38.063942478685625,Medium,Medium,High,Black,100-300
25.36980322001891,1726.1851851851852,94.35101494427252,26.11088030824435,10.573184642906952,2.176301967799811,42.953368102382505,18.904278739507518,8.500116141461465,51.0776956653374,0.68,39.15502441172369,Medium,Medium,High,Black,100-300
51.94646163001686,1681.9405469678954,95.9649495598604,26.801206533934465,10.896857470312199,2.2722053878417685,44.380213221485356,18.96622334731433,8.532205387841769,51.94060603769633,0.6851964081054877,38.149663354392096,Medium,Medium,High,Black,100-300
58.35019534877911,1681.9405469678954,95.82714769502627,26.74941825139876,10.882446817780526,2.270854389166924,44.42704784221329,18.960369019723338,8.530854389166924,51.989241989990724,0.6860970738887172,38.033477468355485,Medium,Medium,High,Black,100-300
59.62748437442018,1681.9405469678954,95.79966172865173,26.739088558153423,10.879572468355736,2.2705849189083502,44.43638947784386,18.959201315269517,8.53058491890835,51.998942919299395,0.6862767207277666,38.010303026118116,Medium,Medium,High,Black,100-300
61.29624987831887,1807.0178718724223,93.88971386250158,26.61402073742293,11.938569312507864,3.139141587504719,49.91233353732226,19.326581162463825,8.812861374984271,59.3150912251919,0.59,32.76558943796402,Low,Low,High,Black,100-300
61.014741681264795,1604.7489891135303,93.86540949114625,26.275405283130425,11.949836203541503,3.218689628332018,50.853784150608725,19.18721125218972,8.746064676980236,60.387719473628486,0.5949181017707511,31.684409880331984,Low,Low,High,Black,100-300
55.43303744132148,1807.0178718724223,93.88693508883475,26.750180647097274,11.924675444173747,3.1308052665042485,50.2263349616733,19.390492956800763,8.840649111652505,58.97608083783944,0.59,31.94585120625111,Low,Low,High,Black,100-300
62.98758795413725,1634.5937022317335,93.83067702068342,26.342933756294833,11.75214389883084,3.179548652877718,49.72180538848913,19.122256735611412,8.641918225269698,59.12259524595312,0.5998871632194295,31.218618068794132,Low,Low,High,Black,100-300
61.280593343904854,1604.7489891135303,93.87279425955292,26.37288422609845,11.946882296178835,3.1950583694306793,50.56134732170466,19.22708900158573,8.765265074837574,60.07608224686709,0.5934411480894174,32.03444790280806,Low,Low,High,Black,100-300
60.36246938686152,1604.7489891135303,93.84729081630171,26.036238775182557,11.957083673479318,3.276669387834531,51.571283674452324,19.08937040802923,8.698956122384443,61.15232755206789,0.5985418367396582,30.825584692701003,Low,Low,High,Black,100-300
60.28585731093778,1604.7489891135303,93.84516270308161,26.008147680677187,11.957934918767359,3.283479350138864,51.65555695796844,19.077878596640666,8.693423028012173,61.24213392995627,0.598967459383679,30.724712126068077,Low,Low,High,Black,100-300
104.94234149084602,1602.497509339975,95.89299138162235,27.77089845546171,12.350166951125217,2.380757317158894,53.24473666690098,18.688908780590673,8.520166951125217,58.1310017067513,0.71,37.982619592358674,Low,Low,High,Black,100-300
10.99524136477787,1681.999405469679,97.56489058721742,27.260475863522213,12.513501209042659,2.112007642478376,53.188478669829955,18.317992357521625,8.720180613173286,59.313966623778754,0.7124452936087085,41.470760665085024,Low,Low,High,Black,100-300
9.613895690133129,1681.999405469679,97.57235732059388,27.398610430986686,12.274565740996,2.1456079426724375,54.31595540967512,18.284392057327562,8.537245645450064,58.19022325062181,0.7161786602969374,40.90702229516244,Low,Low,High,Black,100-300
11.233647434682217,1701.74089306698,97.55592029041642,27.304630416258085,12.61424396902443,2.0777608712492652,52.68390334945849,18.352239128750735,8.781524162635378,59.538676398858186,0.7127198063890522,41.7094492933255,Low,Low,High,Black,100-300
207.65890420601846,1759.186046511628,95.74538094415769,27.27081216976902,12.211762864686285,2.401601252013325,49.70057718811772,18.752413421782343,8.574222461518048,58.25371042957025,0.71,38.604845824685185,Low,Low,High,Black,100-300
8.972116994041027,1681.999405469679,97.5758263946268,27.462788300595896,12.16355537194223,2.1612187758206236,54.839785588647594,18.268781224179378,8.45225333164327,57.668127608665806,0.7179131973134026,40.645107205676204,Low,Low,High,Black,100-300
179.30231582520844,1759.186046511628,96.00823696004723,27.256209057775155,12.278140646476572,2.356464360395931,50.098843878859434,18.692673418171083,8.612721574956412,58.513911334188165,0.71,39.0734729641246,Low,Low,High,Black,100-300
7.000640673412427,1702.7651203758076,97.53002669472552,28.15966898540358,12.259877204262619,2.000096101011864,54.17069406286346,18.429903898988137,8.40996796632938,56.29040042088277,0.7299946610548964,40.879706358019305,Low,Low,High,Black,100-300
8.370217477863498,1681.999405469679,97.57907990552506,27.52297825221365,12.05944302319801,2.17585957486278,55.33106573428439,18.25414042513722,8.372542314635977,57.178474218478144,0.719539952762531,40.39946713285781,Low,Low,High,Black,100-300
209.090585239911,1760.280612244898,95.73103004841315,27.29963390629371,12.15942789661108,2.4111212439483563,49.90460044572359,18.74922188692845,8.534896995158686,58.010709224583096,0.7107551502420657,38.462540348897285,Low,Low,High,Black,100-300
107.6211318872475,1640.9762484774665,96.34521934701063,27.71741101336054,12.249989656567072,2.329025251222855,55.41322847572463,18.37773592961959,8.385482202672108,57.77093337504543,0.7129035594655783,38.57717918799785,Low,Low,High,Black,100-300
8.127601935159342,1702.7651203758076,97.57698341396497,27.577405666834338,12.043876295761125,2.1691402902739014,55.39156876308929,18.2608597097261,8.353619903242032,56.994751209474586,0.7206033172070054,40.3631824463853,Low,Low,High,Black,100-300
58.146314134174176,1760.280612244898,97.12030083631684,27.48023910872119,12.06217894145782,2.237462395460394,54.08630551731372,18.37411877419445,8.395969916368315,57.28134206093365,0.7177015041815842,39.86570384468002,Low,Low,High,Black,100-300
7.3955573638295125,1702.7651203758076,97.54648155682624,27.95562869535475,12.184184838599343,2.059333604574427,54.59852047748197,18.370666395425573,8.390222131808525,56.53722335239345,0.7267036886347541,40.698702874911476,Low,Low,High,Black,100-300
92.7974459611217,1735.9735251798559,96.38254723400821,26.28216936194254,10.534104255061564,2.1598110639671657,49.52882765588241,18.28528340404925,8.28528340404925,49.71263829958958,0.7,40.96853404452801,Medium,Medium,High,Mixed Red & Black,50-100
94.14800749942555,1626.4697574455022,96.3870166562508,26.27475015623803,10.733200499961702,2.1031499062571806,48.883078281636955,18.31806662500319,8.315083281253989,50.560187593423684,0.7029833437492021,41.34550281228458,Medium,Medium,High,Mixed Red & Black,50-100
61.632208337299616,1632.8773325175894,96.41315206480003,26.561846262133702,11.168801620000643,2.0682611605332646,49.62772070106589,18.268261160533264,8.314565290133316,52.365203133870025,0.7077173549333419,39.745112441865786,Medium,Medium,High,Mixed Red & Black,50-100
56.280485885861665,1703.8098591549294,96.41758263638158,26.43227266679821,10.44289260596494,2.13,48.23371963500038,18.642603212324506,8.421942121271913,50.82026815247781,0.7,39.491859817500185,Medium,Medium,High,Mixed Red & Black,50-100
55.58695952176728,1632.8773325175894,96.41776089490081,26.627906160244983,11.284022372520319,2.0559709469311658,49.487919521342015,18.255970946931164,8.311492736732792,52.96742360037286,0.7092536316336042,39.58687594173876,Medium,Medium,High,Mixed Red & Black,50-100
94.00616831904517,1735.9735251798559,96.37125076337341,26.361244656386134,10.449380725300571,2.2049969465063612,48.31445706264154,18.21750458024046,8.217504580240458,50.27746183132952,0.7,41.618081106028946,Medium,Medium,High,Mixed Red & Black,50-100
64.50167939966411,1632.8773325175894,96.41096441214765,26.530489907449667,11.11411030369128,2.0740949009395964,49.69407949818791,18.274094900939595,8.3160237252349,52.07934985395976,0.7069881373825504,39.8202218495973,Medium,Medium,High,Mixed Red & Black,50-100
163.9109223305124,1745.3356223175963,97.12837012963229,27.349642870224276,10.474090925739986,2.3034805185291436,45.86439612934541,18.918149351838572,8.551629870367714,49.0684351289151,0.68,38.14159737072631,Medium,Medium,High,Black,100-300
150.24513169321585,1733.61613832853,96.5935120519549,27.506256953050904,10.96809825758976,2.251308120187748,46.121360773081385,18.94753874679183,8.549096403442853,51.25925139061018,0.68,37.365799776526664,Medium,Medium,High,Black,100-300
171.6968815393938,1674.4210212003584,97.12180100973161,27.751467183722934,11.101423223826847,2.262795961073592,46.860856544969714,18.908671222649343,8.543790912415583,51.52441460453683,0.682701514597403,37.16047875906496,Medium,Medium,High,Black,100-300
170.16004098161594,1745.3356223175963,97.12248583711713,27.673278958558264,10.885991401801427,2.27994334846849,46.49401542846789,18.947570814414387,8.557514162882878,50.65130981549405,0.68,37.35310217369442,Medium,Medium,High,Black,100-300
164.2713390745591,1745.3356223175963,97.12803075416709,27.3683085208105,10.497847208304272,2.3021230166683275,45.900709304122245,18.91984622916459,8.551969245832918,49.159727129054986,0.68,38.09612105838897,Medium,Medium,High,Black,100-300
171.79933070496566,1688.9946714031971,96.90062250070402,27.690689430207442,11.034341812947838,2.268717090647392,46.656725797115044,18.954226907913263,8.55679272661848,51.41108656403518,0.6812829093526082,36.96996653524828,Medium,Medium,High,Black,100-300
164.02784454244176,1688.9946714031971,95.19687361122762,26.764089156983438,10.835072936985686,2.2587536468492844,45.854668571367384,18.90939141082178,8.53188411712321,52.11849107370082,0.6912463531507157,36.58139222712209,Medium,Medium,High,Black,100-300
219.33395494050782,1667.760191846523,95.18071480483286,27.167076197397773,10.993266327509199,2.6175428156133713,49.050277941636175,18.804494919702513,8.492628446840113,52.46556966356828,0.65,35.33982873754651,Low,Low,High,Black,100-300
190.6826219048953,1606.2211180124223,95.91544117895333,27.81744440770966,10.975717360720322,2.5182837155317905,51.75747669527305,18.714001076252114,8.452571736072032,51.072555592290335,0.6374282639279677,35.32199784749577,Low,Low,High,Black,100-300
257.00815417220736,1667.760191846523,94.74668025147227,27.16128907001963,11.27683556903812,2.652265579882219,47.58613471496644,19.070702779097008,8.596796739646656,53.9412871449943,0.65,35.20093768047113,Low,Low,High,Black,100-300
244.634535952553,1667.760191846523,94.88923345676783,27.163189779423572,11.183700808245023,2.6408613234585743,48.067014194163455,18.983270146515736,8.562583970375721,53.4566062469894,0.65,35.2465547061657,Low,Low,High,Black,100-300
254.17892098305617,1667.760191846523,94.77927510388184,27.16172366805176,11.255540265463864,2.6496579916894527,47.696088017094745,19.050711269619136,8.588973975068358,53.830464646801744,0.65,35.21136803324219,Low,Low,High,Black,100-300
192.809431543745,1606.2211180124223,95.80145530288426,27.67426702679364,10.947915927532746,2.5363546471037157,51.322384265887464,18.70427057463646,8.449791592753275,51.21573297320636,0.6402084072467255,35.34145885072708,Low,Low,High,Black,100-300
189.63998224133474,1606.2211180124223,95.9713212132095,27.887635182446093,10.989346637368174,2.5094246857106874,51.970774874811916,18.71877132307886,8.453934663736819,51.002364817553904,0.6360653362631826,35.31245735384228,Low,Low,High,Black,100-300
224.57416295801434,1732.9336793540947,95.84394513064515,26.388935510484682,9.658491092741519,2.6942194774194155,35.052337530641395,19.792880641129827,9.122331947581287,45.64568182983531,0.6198628266128654,38.46914406209543,Medium,Medium,High,Mixed Red & Black,50-100
206.1876650105369,1698.9623307828135,95.84543925084246,26.596373832771697,9.75669153201324,2.677364494945278,36.097027480621065,19.8513271436396,9.266429913016033,45.69192497767373,0.6190654180707561,38.60953257582083,Medium,Medium,High,Mixed Red & Black,50-100
190.89558224796866,1641.5976871576388,95.83245259423002,26.471694101910426,9.753779955789321,2.7326422173099245,37.66256514650803,19.350923103782165,9.146599290370478,46.261933748225,0.6326422173099245,37.52375494417198,Medium,Medium,High,Mixed Red & Black,50-100
260.59713494049015,1621.7777777777778,95.93053372400374,25.813053014429023,10.378731781265012,2.647322806458949,41.81411546862767,19.811968419376846,9.234286939074622,50.8327236408663,0.6378565304626894,38.82337739418291,Medium,Medium,High,Mixed Red & Black,50-100
157.18348527706362,1629.330064357953,95.74443962926999,25.72721528066593,9.849422494954025,2.5634740982139883,37.24260430823625,19.331077404889946,8.748491232529956,47.44843176320421,0.5908879258539984,39.98661257492615,Medium,Medium,High,Mixed Red & Black,50-100
147.03204691715516,1629.330064357953,95.72657995587113,25.564096930289733,9.9053828049371,2.536089265669079,37.8355454650782,19.20605969109797,8.647286416603118,47.95088390815863,0.5873159911742277,40.33547152865042,Medium,Medium,High,Mixed Red & Black,50-100
219.31045655927736,1621.7777777777778,95.85440226032208,26.47481112181584,9.681836075255887,2.7000292043924117,35.30194719062644,19.970087613177235,9.281137070571033,45.726059307757424,0.6144314647144836,38.23189448404071,Medium,Medium,High,Mixed Red & Black,50-100
157.6429059315273,1748.5449871465296,94.00505368376278,26.066507383594534,10.633318919787511,2.255336216042498,45.19802594438248,18.873557477361665,8.513557477361665,52.37446920108891,0.6982212613191674,36.42854630016826,Medium,Medium,High,Black,100-300
159.4176076248701,1677.3746646795826,95.9771851431502,26.750986634654573,11.22929628578755,2.2102816544799384,46.957184721162804,18.55225323583951,8.423943584706533,53.302676561534206,0.7066197242533435,37.7890154752824,Medium,Medium,High,Black,100-300
157.2129746946515,1748.5449871465296,93.70893638607525,25.953413022087048,10.659218391888462,2.2501563216223075,45.15140689460077,18.870104214414873,8.510104214414872,52.729291968871934,0.6999478927925641,36.245523363988205,Medium,Medium,High,Black,100-300
159.40087741740334,1677.3746646795826,95.96000546742312,26.744943783599407,11.225001366855778,2.210581299986806,46.94355085060032,18.55465039989445,8.42459281663808,53.29843158352025,0.7065697833355322,37.77732930051456,Medium,Medium,High,Black,100-300
157.87240616653534,1677.3746646795826,94.3904708098154,26.192869092987394,10.832617702453849,2.237956904479964,45.697960846161635,18.773655235839712,8.483906626373255,52.91061051986718,0.7020071825866726,36.7096807252814,Medium,Medium,High,Black,100-300
163.28401189129707,1688.9946714031971,95.03380260693821,26.675401417808494,10.816000304905053,2.2578000152452526,45.777901227242836,18.905100068603637,8.529500038113131,52.18619891758706,0.6921999847547473,36.544200594564856,Medium,Medium,High,Black,100-300
46.50223213868543,1736.7825086306102,93.73427175475582,25.87288855179939,10.497209164909831,2.1643206131104376,43.01658326644989,18.878567938688956,8.492864122622088,51.18920309729892,0.6828641226220875,38.810381606686875,Medium,Medium,High,Black,100-300
2.2503845021065887,1780.9523809523807,97.50834615007022,28.271807650772416,10.751576949508463,2.5499230995786824,40.80208023834717,19.331576949508463,8.817423345014406,48.64423148665827,0.6333076998595608,37.70069210379186,Medium,Low,High,Black,100-300
9.971795676146437,1735.253456221198,97.53874505796426,28.344666496348104,10.853588190209793,2.522509884071481,45.30645390085457,19.210804106915297,8.969274965656545,49.56164775011652,0.6451568677544676,37.19188241305361,Medium,Low,High,Black,100-300
2.8995863669291064,1735.253456221198,97.50437223021594,28.19858197841773,10.81491875899293,2.5912555395681256,47.81137372301357,19.36977843525129,9.360265881293714,50.154579028775075,0.6494534712230079,37.2434416546761,Medium,Low,High,Black,100-300
2.18306951362545,1780.9523809523807,97.50610231712085,28.24712548832933,10.767283780154061,2.56338609727491,42.772165567895165,19.34728378015406,8.976735484419768,49.070559747038814,0.6377953657583033,37.57952512452581,Medium,Low,High,Black,100-300
2.2843808301518407,1780.9523809523807,97.50947936100506,28.284272971055675,10.74364447296457,2.543123833969632,39.80712103755613,19.32364447296457,8.736965368640643,48.42892140903834,0.6310412779898773,37.761885494273315,Medium,Low,High,Black,100-300
5.773064012536077,1651.6636418632788,97.50401389788568,28.159930510571616,10.818027795771354,2.6200694894283836,45.64941110665182,19.213388493030227,9.036707496632069,49.776429538918535,0.6459861021143234,37.18979153171485,Medium,Low,High,Black,100-300
5.983920222058071,1651.6636418632788,97.5042382130022,28.158808934989054,10.818476426004379,2.6211910650109473,45.51078436464693,19.203518627903666,9.015846190796383,49.75108193075259,0.6457617869978106,37.18642680496716,Medium,Low,High,Black,100-300
56.12622710511194,1756.8109183963606,95.17203325691015,25.884603209773594,13.069002292695426,2.6660997707304577,47.22436124062082,18.675767201628933,8.469833715449237,66.15,0.6381330276406099,30.758389912140125,Low,Low,Low,Black,100-300
43.872907684233574,1676.0489114226066,95.16259652435934,26.103262561531775,13.041158292312149,2.6575321747864487,46.894913108983644,18.91210426921963,8.591052134609814,65.5305758713986,0.63,30.815752928188786,Low,Low,Low,Black,100-300
61.57256428889933,1654.0791301721536,95.21353981204683,26.013539812046837,13.251911473731148,2.5467964886782197,45.939256924372835,19.195061819743326,8.70640702264356,66.30674332336862,0.63,30.054601879531614,Low,Low,Low,Black,100-300
57.835939594590144,1756.8109183963606,95.17326326589539,25.83294283239368,13.032102023138343,2.6697897976861658,47.31169187857259,18.667157138732282,8.463683670523057,66.15,0.6430530635815543,30.920751098191293,Low,Low,Low,Black,100-300
61.502559137617006,1654.0791301721536,95.2131713638822,26.013171363882194,13.250879818870144,2.5477544539062933,45.9489102662865,19.19078782103346,8.704491092187412,66.3054169099759,0.63,30.05828636117805,Low,Low,Low,Black,100-300
47.22651231495536,1744.513319965626,95.14067971462391,25.84015302190594,12.920569390170876,2.689320285376078,46.03284695085437,18.911996446418872,8.56377224393165,65.68087543398276,0.638377224393165,30.770637017171026,Low,Low,Low,Black,100-300
45.04995558201697,1799.7939628911656,95.15530526439545,25.854541363107106,13.069121809638293,2.6872902232655926,47.355001480599434,18.778168413627302,8.528282702700665,66.30534434781953,0.6341984958870143,30.697825546407206,Low,Low,Low,Black,100-300
57.041910698732494,1674.462686567164,95.24474600872347,27.669784000684192,10.669171006585362,2.7139929992302827,43.83826602924927,19.28532399897371,8.745107999657904,50.27833603694644,0.6424460001710484,36.29827200547355,Low,Low,High,Black,100-300
79.10195809595017,1674.462686567164,95.52015908516363,27.691385026287342,10.877080878015688,2.6896918454267382,44.761709873783964,19.252922460568982,8.734307486856329,51.44479141951658,0.647846256571836,36.47108021029875,Low,Low,High,Black,100-300
69.66909662844054,1674.462686567164,95.40239263844565,27.682148442231032,10.788178756473675,2.70008300249009,44.366845905376586,19.26677733665345,8.738925778884484,50.94601588047568,0.6455371105577578,36.39718753784825,Low,Low,High,Black,100-300
63.627155918918255,1720.3603603603606,95.73345802395215,27.918853512206475,10.824708737908725,2.636229297558705,45.08225014279132,19.24795830953478,8.73795830953478,50.44169189083292,0.6420416904652191,36.54,Low,Low,High,Black,100-300
95.51476414232029,1676.0155084998507,95.58795792191846,27.676833956975475,10.976302030276518,2.6791419984064992,45.22137716970784,19.235280991235744,8.725280991235746,52.0112441880331,0.65,36.48122689084519,Low,Low,High,Black,100-300
42.81822265498433,1674.462686567164,95.06716752886271,27.655856276773548,10.535116663945384,2.7296616886297604,43.24285583206911,19.30621558483968,8.752071861613226,49.52623894577151,0.6389640691933867,36.18685021418837,Low,Low,High,Black,100-300
68.9702011656649,1674.462686567164,95.39366713817599,27.681464089268704,10.781591859211286,2.7008528995727072,44.337589816237134,19.26780386609694,8.739267955365648,50.909060820510064,0.6453660223171762,36.39171271414964,Low,Low,High,Black,100-300
24.006833958467567,1786.4172018989111,97.17812416490356,27.945310412258916,10.809062082451783,2.513751670192867,43.121621313394975,18.659531041225893,8.384765520612946,49.50148280919419,0.6547655206129458,38.221607951852036,Low,Low,High,Black,100-300
15.631541717403707,1782.3264277715564,97.14,27.868335082118172,10.792037231346463,2.5635159924959736,41.96089930553449,18.68463293288988,8.398335082118173,49.37906921633841,0.6479627686535364,36.97854222426855,Low,Low,High,Black,100-300
26.56865319695116,1670.3081986834231,97.18230959894392,27.892309598943918,10.898796111570073,2.450982746327128,42.566388334710226,18.80714993893455,8.440442284205597,49.91958250206533,0.6560442284205596,37.08056524839246,Low,Low,High,Black,100-300
41.84772758603191,2557.5,96.58389480583116,27.794757762168658,10.852607869542187,2.623145342698805,43.30433378221718,18.867286135469943,8.508898554939798,50.343338332144846,0.65,36.660026498746966,Low,Low,High,Black,100-300
120.25664233538272,1618.3050847457625,96.51920468036599,27.567458540422983,10.746225971051446,2.6019383715314235,44.38094796130193,18.693774028948553,8.41183565741713,49.93937051867407,0.6539794571771411,36.45143799760012,Low,Low,High,Black,100-300
31.552487304023877,1786.4172018989111,97.21006343832391,28.025158595809778,10.825031719161956,2.449873123352179,43.86021701124044,18.66751585958098,8.38875792979049,49.56136894685733,0.6587579297904889,39.471232024423,Low,Low,High,Black,100-300
18.033251605270404,1782.3264277715564,97.14,27.93806214337882,10.799784682597647,2.4627991262305957,40.89949848412243,18.81633960415999,8.46806214337882,49.18538293505884,0.6402153174023536,37.923731276912875,Low,Low,High,Black,100-300
12.254177708324338,1738.3737780333524,97.5762972420694,28.36818692484564,11.033299285501387,2.4807303372365346,41.44466291803277,19.164407559293167,8.596271706195445,49.83863636746862,0.6474055158611881,36.58199182627208,Medium,Low,High,Black,100-300
3.172453902039992,1654.4903381642512,97.56089203771934,28.113035987426887,11.194726270321938,2.565179937134433,40.28752676783489,19.34017228918161,8.717496176023587,51.15264552134673,0.6569640125731134,35.870109088449276,Medium,Low,High,Black,100-300
2.1063806803727547,1784.2393736017898,97.52936193196273,28.231914204111824,10.907803410343613,2.543226988660454,39.556527274269065,19.349042897944088,8.719361931962723,49.35940938268485,0.6396809659813623,37.09942442666282,Medium,Low,High,Black,100-300
17.504949464682284,1738.3737780333524,97.57943016077844,28.496636591916452,10.9205142119758,2.4462682314370494,42.16836713982196,19.042223729640448,8.5148158197603,49.00214707215384,0.6411396784430999,37.04566379521061,Medium,Low,High,Black,100-300
6.480557127825919,1654.4903381642512,97.54042954353922,28.11985681882026,11.048078395364419,2.599284094101298,40.955968244385446,19.18329316713403,8.622004536516366,50.32732492274859,0.6501431811797403,36.36461936446882,Medium,Low,High,Black,100-300
9.211660216255773,1654.4903381642512,97.52353612237368,28.125487959208773,10.927008877011342,2.627439796043874,41.50782000245993,19.05377693819818,8.543168571077153,49.645956935738255,0.6445120407912253,36.772877042636175,Medium,Low,High,Black,100-300
1.8832502704691791,1784.2393736017898,97.55167497295308,28.164975081140753,11.101183098926711,2.5469458288255136,39.794533044832875,19.382512459429623,8.741674972953081,50.545719395338864,0.650837486476541,36.303592631340074,Medium,Low,High,Black,100-300
143.16971713823904,1689.318733353063,96.1260154692665,26.488220869508236,10.680339038895603,2.356102700120867,48.34633803395901,19.15584759723901,9.155169519447803,50.75499505773907,0.6744914416565944,41.26440421080223,Medium,Medium,High,Mixed Red & Black,50-100
131.69461260040714,1689.318733353063,96.2012853381409,26.46123733160987,10.67749866648525,2.304975996734487,49.2566773914776,19.14874666621312,9.153749333242624,51.00636801605544,0.678752000272126,41.395061341678534,Medium,Medium,High,Mixed Red & Black,50-100
84.47582172446425,1713.47534286548,96.31853323362266,26.87635231507211,10.553838125507408,2.2336476849278895,44.8174858104353,19.027819081449454,8.711466766377345,50.30848562347777,0.668009522028976,40.747914301739215,Medium,Medium,High,Mixed Red & Black,50-100
138.63476556532623,1713.47534286548,96.06995517812817,26.71211324269182,10.629299320925378,2.3978867573081772,45.057186078233556,19.11215806456366,8.960044821871836,50.08210203722386,0.6635706281808601,40.78786434637226,Medium,Medium,High,Mixed Red & Black,50-100
160.07528962474768,1713.47534286548,95.97154772404018,26.647094031955113,10.659173012344947,2.4629059680448866,45.15207898038984,19.14554630791494,9.058452275959828,49.99248096296515,0.661813352215003,40.80367983006497,Medium,Medium,High,Mixed Red & Black,50-100
182.76960928755372,1649.100545124167,95.85860781424893,26.53727930343347,10.442219959914121,2.589808975193143,43.421554186952484,19.168607814248926,9.142911721373387,49.00286537210285,0.6543039071244626,39.82603179321872,Medium,Medium,High,Mixed Red & Black,50-100
177.4344308352249,1659.7260686333534,95.90458323051361,26.57792500616918,10.672708384743196,2.502333415589114,45.5902989882539,19.18345832305136,9.160691664610273,49.975391442519665,0.6620749938308165,40.89331644868885,Medium,Medium,High,Mixed Red & Black,50-100
126.28750452330435,1770.002822466836,96.19264966264679,26.62592550092158,10.433275838274788,2.3471416121438766,43.54150603149189,18.875889260887877,8.504146979145819,49.84401073400388,0.67,40.18226845226182,Medium,Medium,High,Mixed Red & Black,50-100
53.70358109395738,1720.9994189424754,96.42078633678119,26.489316839059473,10.437077031030705,2.1323590103435683,47.78736351508272,18.695162776998064,8.44336772528022,50.90753781381577,0.6976409896564316,39.504582791898194,Medium,Medium,High,Mixed Red & Black,50-100
157.04896237935606,1770.002822466836,96.08218796742445,26.475102801675693,10.392914834251242,2.4342364102999516,42.997694608858836,18.82278267664637,8.459537448382951,49.580602076166,0.67,39.92735684790258,Medium,Medium,High,Mixed Red & Black,50-100
120.91375748919637,1770.002822466836,96.21194631659152,26.652272855346112,10.440326538754594,2.3319269426874563,43.636504943219784,18.885166498361304,8.511939858623498,49.89002583187208,0.67,40.22679919213427,Medium,Medium,High,Mixed Red & Black,50-100
257.6713806568671,1748.035458964827,95.91267665345643,25.661229557733577,10.138814376231057,2.5865648646938166,39.573069927304246,18.9536966072601,8.454786429040402,49.35720161054292,0.6609241518150252,39.96762875246212,Medium,Medium,High,Mixed Red & Black,50-100
243.4456799827223,1748.035458964827,95.94994237975021,25.754066981132105,10.166273332447522,2.5558369851182476,39.94311205155472,18.95631174594738,8.465246983789532,49.43304063247411,0.6615779364868458,40.022546664895046,Medium,Medium,High,Mixed Red & Black,50-100
77.18578120668937,1790.947603121516,96.40386604632494,27.010979225241837,10.842318761992573,2.0641755031913975,45.09329798723441,18.885464185299707,8.52159813897478,51.821233498453964,0.6874226357833823,38.26469703665141,Medium,Medium,High,Mixed Red & Black,50-100
57.56150222465613,1632.5864386072083,96.41596201169368,26.42375307600891,10.480474853829017,2.103753076008911,47.94299330988248,18.63769609354943,8.415867040927875,50.952018994153164,0.7,39.48277876027959,Medium,Medium,High,Mixed Red & Black,50-100
52.951522184516655,1649.577004538578,96.42,26.533360682503005,10.791229624179683,2.0982435495226652,48.59382921442436,18.503278634993993,8.382365324283997,51.86696750753305,0.7039695563096668,39.44366511940633,Medium,Medium,High,Mixed Red & Black,50-100
56.24338339400098,1754.8607234406152,96.41622666090022,26.44396265744035,10.430754667819956,2.1360373425596504,48.05981068165943,18.635285280282012,8.413397307960961,50.903965262982666,0.7,39.57281893077,Medium,Medium,High,Mixed Red & Black,50-100
92.27533504198561,1754.8607234406152,96.3722745364211,26.373639258273755,10.43954509271578,2.2063607417262467,48.17408620530515,18.230925735074084,8.220007960252822,50.367749344337376,0.7,41.585826231913806,Medium,Medium,High,Mixed Red & Black,50-100
61.85645227265831,1632.5864386072083,96.41203070730192,26.398199597462444,10.529616158726068,2.078199597462445,47.83881374350074,18.606245658415318,8.4021074755567,50.95398464634904,0.7,39.563370500310754,Medium,Medium,High,Mixed Red & Black,50-100
56.369909875031865,1792.031197771588,96.41757445583802,26.5191280086165,10.4857875157256,2.1202978233520695,47.69829609651252,18.694255441619827,8.43970217664793,51.08097938474706,0.6987872279190087,39.218084187851304,Medium,Medium,High,Mixed Red & Black,50-100
56.15914637776762,1792.031197771588,96.4177332230676,26.51460314257354,10.482135869445315,2.12093289227038,47.72131734480127,18.69266776932405,8.43906710772962,51.072405954349875,0.6988666115337975,39.22999173006963,Medium,Medium,High,Mixed Red & Black,50-100
11.045908013754893,1701.74089306698,97.55477086539034,27.34256144211891,12.598535160334594,2.074312596171008,52.749803717620736,18.35568740382899,8.765049070594817,59.39461512892212,0.7134860897397759,41.672667692490755,Low,Low,High,Black,100-300
44.029726117120205,1659.7611311672683,97.08711084828073,28.06303610287803,12.280965166945292,2.1022051888582935,54.48971879591569,18.43,8.40737935413184,56.75647496453272,0.7247587082636773,40.088564947815264,Low,Low,High,Black,100-300
8.180278931552824,1702.7651203758076,97.5791782888147,27.550189218697707,12.033779871452374,2.177041839732924,55.448635509182225,18.252958160267077,8.350986053422359,57.02767433222051,0.7201643422370597,40.33903882303829,Low,Low,High,Black,100-300
31.55159004898413,1621.3355869698833,97.11877911612703,28.069969392288165,12.279466077343098,2.0948971270476098,53.95100662989013,18.49569801103296,8.434332596678875,56.72312022088396,0.7251334806642251,40.145155580298,Low,Low,High,Black,100-300
8.006452948991353,1701.74089306698,97.53616195683055,27.956655424591542,12.344213410017643,2.018485870491678,53.81671447504794,18.411514129508323,8.498321381238016,57.0622985894301,0.7258920287796271,41.0771826185779,Low,Low,High,Black,100-300
7.988119509772784,1702.7651203758076,97.57117164624053,27.649471586617395,12.070610427293548,2.148217926465918,55.24046280225385,18.28178207353408,8.36059402451136,56.90757469360799,0.7217656707518935,40.42711189135414,Low,Low,High,Black,100-300
47.880972222149616,1621.3355869698833,96.84527410252296,28.010089596410353,12.2924130602356,2.1580136686485467,53.80535307234951,18.539394078295146,8.4505163252945,57.01119059024209,0.7218967349411002,39.656406976106126,Low,Low,High,Black,100-300
4.347278594480381,1669.1232794733694,95.4549907720197,26.86686346738204,10.874183578344114,2.5466881923342637,42.71965405446495,19.457472325488755,9.464640221924151,53.54026291257166,0.6344880073974717,37.6956872676503,Low,Low,High,Black,100-300
3.3904891642797743,1621.4168970814133,95.31820681280607,26.958641487110782,10.590163054759925,2.6477717233361053,42.77513643252025,19.63967389048015,9.542527141196219,51.77684746958637,0.6430163054759925,37.36114138331947,Low,Low,High,Black,100-300
3.5518533729773574,1778.4219101123597,96.74791456976817,27.015682308117608,10.904199609735722,2.606048875674214,46.51694527036161,19.52370263891585,9.361356402157487,52.923087585949304,0.6651853372977358,40.39051339897533,Low,Low,High,Black,100-300
3.3741821743374967,1778.4219101123597,95.1903303950254,26.63072804439791,10.661382304927912,2.665272608554168,42.81546196536452,19.64807247796375,9.550872347373337,52.786873000325414,0.6474182174337497,38.10447730980912,Low,Low,High,Black,100-300
3.8439692518173714,1669.1232794733694,95.01525734632466,26.67613571647816,10.723190775545213,2.615562102382886,42.02296796435773,19.574028173263347,9.5441101181341,53.15086042114291,0.6371370039378034,37.43343661015747,Low,Low,High,Black,100-300
4.192313417981037,1638.1528158295282,94.55784626835963,27.299851478722363,10.479691792381708,2.672153731640379,50.07713343547284,19.842770146876965,9.674615670899051,50.34752317399063,0.6310768658201896,36.114916435142,Low,Low,High,Black,100-300
3.537816184545967,1778.4219101123597,96.62485521785298,26.985268399849595,10.885015452212821,2.6107279384846778,46.22450384470764,19.533528670817823,9.376329403150969,52.91232574148524,0.6637816184545967,40.20990157449144,Low,Low,High,Black,100-300
18.136480040792648,1799.1185123508185,97.13481817602377,27.941285092346106,10.799253817347424,2.460456000509908,40.88716220100927,18.821824002039634,8.471160728570675,49.17602035918625,0.6399585454081902,37.944154902554814,Low,Low,High,Black,100-300
82.00006112195459,1720.3603603603606,95.6551472804638,27.753196170211883,10.927115094778108,2.6693607659576233,45.11839356286286,19.24193440618952,8.731934406189524,51.553102058032984,0.6480655938104769,36.54,Low,Low,High,Black,100-300
23.247227928741907,1689.2753623188405,95.66412810380626,28.138828676092146,10.544121159872416,2.6052924837802713,44.42767401762552,19.277646241890135,8.753529248378028,48.108828676092145,0.63,36.42706405190313,Low,Low,High,Black,100-300
25.478179980706805,1720.3603603603606,96.03935084236274,28.202207730443927,10.64031171456133,2.5723896134778035,44.67903853332419,19.18711678892699,8.705792150660631,48.36457161540712,0.6323896134778036,36.56270132803913,Low,Low,High,Black,100-300
25.872627738049253,1720.3603603603606,95.99791725440659,28.215466478589892,10.634676746599295,2.5717266760705053,44.77085536423499,19.207336379849586,8.718056492695649,48.32446390226558,0.6317266760705055,36.5564034226698,Low,Low,High,Black,100-300
21.00366875236585,1720.3603603603606,96.509362526012,28.051803991676163,10.70423330353763,2.579909800416192,43.63749264235743,18.95775108730615,8.566668692300452,48.819542925179604,0.6399098004161918,36.63414310395382,Low,Low,High,Black,100-300
77.54165370052556,1720.3603603603606,95.67415032848956,27.793394925650997,10.902264955052111,2.6613210148698,45.109622925312514,19.24339617911458,8.733396179114582,51.28340495335966,0.6466038208854182,36.54,Low,Low,High,Black,100-300
167.12989418366536,1714.2047244094488,93.68916738816327,25.646686868571674,10.739439153469323,2.2102804232653384,45.26915873020398,18.660569504489967,8.426949975918435,53.422454545713734,0.7036108706122419,37.33048292489707,Medium,Medium,High,Black,100-300
177.92745515260967,1785.1284634760707,95.42983551716279,26.44911682209763,11.357156568793409,2.1656535789673876,48.640520928782145,18.551666505467352,8.418529326423894,54.8814050738804,0.7048692842065224,39.54218936864126,Medium,Medium,High,Black,100-300
183.03784285742904,1699.1947058823532,93.90882754802159,25.251094084566063,10.924048884937699,2.143441319135758,45.64518331851637,18.296882638271516,8.286882638271514,54.55842056197624,0.71,39.213198059753694,Medium,Medium,High,Black,100-300
178.3178919384532,1785.1284634760707,95.32838110993224,26.37191682126039,11.32964852251807,2.1641746517482834,48.4583170953885,18.53658144783249,8.41054311944073,54.866911587133174,0.7051650696503433,39.52592116923112,Medium,Medium,High,Black,100-300
184.51131695860465,1699.1947058823532,93.69711097944686,25.126016572872068,10.885000295921037,2.140390648118831,45.49875110970388,18.29078129623766,8.280781296237661,54.62187451912832,0.71,39.2546871855839,Medium,Medium,High,Black,100-300
52.421573365171525,1760.1863107071856,93.72909055433591,25.743113082170524,10.53389818174678,2.1484415077622736,43.099494811038824,18.788048957974144,8.457271663007747,51.50664212795874,0.684675476713179,39.243116984475456,Medium,Medium,High,Black,100-300
80.46777773944822,1760.1863107071856,93.7165619371936,25.60887789850296,10.607280082151716,2.146651705313373,43.604219101628864,18.682450613488996,8.419685811580829,52.168869034052065,0.6900448840598816,39.24669658937326,Medium,Medium,High,Black,100-300
58.636810822649544,1670.002987750224,93.83348497538127,26.266815516993322,11.763242906448827,3.156999162483616,49.816882315599315,19.069816354509708,8.61909014771238,59.316552611503646,0.5993030049237459,31.566619410109638,Low,Low,High,Black,100-300
1.4517882874153294,1639.4289185905225,93.84844635137753,24.774623739166486,12.166134481794295,2.8131874099404635,51.04689270275508,18.405258941437076,8.318964234251693,64.23289846656542,0.6268125900595365,35.91307009054403,Low,Low,High,Black,100-300
10.526826818627564,1711.1565420560748,93.88164663850709,25.505709644429302,11.94,2.8977525167057236,50.90746346362745,18.55149074265264,8.417392009833414,61.513520626662675,0.59,35.865563498939096,Low,Low,High,Black,100-300
2.8887586316653566,1836.953570458865,93.84070381107897,24.785698908846754,12.025141742662235,2.85,50.415767329061765,18.452394918561374,8.320351905539484,63.51839692166145,0.6227468241008599,33.984340097974986,Low,Low,High,Black,100-300
44.76699102948061,1670.002987750224,93.84456310620648,26.03417476966381,11.805339803584644,3.0838834990371984,50.12485435254028,18.910291270626615,8.552621362761089,59.94135919004576,0.597087378758703,32.73203877292224,Low,Low,High,Black,100-300
2.965956160224993,1836.953570458865,93.83948490273329,24.77005625174388,12.027782710744539,2.85,50.394233281621446,18.454020129688946,8.319742451366645,63.56735640687953,0.623762581055592,33.907548872197246,Low,Low,High,Black,100-300
56.33708692806817,1670.002987750224,93.83532181555266,26.228241873394115,11.770222899100112,3.144876017352436,49.86794647236398,19.043365856041678,8.608069106684033,59.42015039717009,0.5989356368894677,31.759854996139957,Low,Low,High,Black,100-300
63.276513948775666,1850.5047131699434,94.0271767596585,25.98838994103574,12.346147709231635,3.162322011792852,51.70749385725678,19.139709495731307,8.7212663680364,63.060423470916604,0.6064116201707478,30.202111287512903,Medium,Low,Medium,Black,100-300
63.27919641851281,1645.5052982137452,94.02431678567405,25.79740992859557,12.337770214213291,3.1905030715170875,51.47753278927906,19.08108085685317,8.694677071291775,63.50949692848291,0.6117267142696204,30.378993856965824,Medium,Low,Medium,Black,100-300
60.319374405163806,1822.4596001095588,94.0449239536665,25.97673348963521,12.418366744817604,3.1184306970914424,51.617557905244006,19.081721395575553,8.686797441909047,63.230368137607826,0.6032025580909535,30.713466979270418,Medium,Low,Medium,Black,100-300
70.5391253784461,1645.5052982137452,94.05335650151378,25.77998609909173,12.390041702724812,3.126615696669674,48.9046139658787,19.290166810899247,8.793412105146867,63.57338430333033,0.6233426006055137,30.50676860666065,Medium,Low,Medium,Black,100-300
57.115507949738564,1822.4596001095588,94.08738483440105,26.277819734843845,12.568909867421924,2.979467814687456,51.20452933809882,19.135762516510436,8.69837768210938,62.77101860966131,0.5916223178906213,31.315639469687692,Medium,Low,Medium,Black,100-300
62.039893191548785,1839.7603686635944,94.03143620060365,25.948670607847557,12.355159641328047,3.1588296778268306,51.407126456095135,19.111755483259756,8.709734121569511,63.1820736232183,0.6077127598792683,30.732820139679255,Medium,Low,Medium,Black,100-300
60.706425112768144,1839.7603686635944,94.0248179835072,25.958993455737584,12.633532960953572,3.09882234634881,51.16621037496326,18.94400436284161,8.617366214406406,64.29014929518073,0.6292719340287982,30.109464857625625,Medium,Low,Medium,Black,100-300
48.478818807913406,1668.8822474596534,93.89698955028777,25.498585183884906,11.773561112086322,3.2218328046043125,58.429087702661825,19.180864153741002,9.744947751438847,61.66364564237402,0.6509686508633087,32.326599738561114,Low,Low,High,Black,100-300
15.364707988653372,1710.3429739994158,95.40065113638293,27.093289216859127,11.388445385673762,2.639147697750776,56.34562731699091,19.018064231600814,9.409177695785218,55.65318158200621,0.643079230618034,35.52303687529874,Low,Low,High,Black,100-300
44.794256320090284,1668.8822474596534,93.893546033944,25.691422099135462,11.628933425648404,3.166736543104154,57.79892421175376,19.136098441272125,9.727730169720049,60.55827689602709,0.6406381018320289,31.865168548497287,Low,Low,High,Black,100-300
54.25862535957239,1714.0198250728863,93.89,26.340412631832365,11.771816634708292,3.129031519654889,52.538028403632,19.235908317354145,9.139054410353342,59.37559312080526,0.6046246404601485,32.31620062320458,Low,Low,High,Black,100-300
41.15355605825379,1668.8822474596534,93.89014351033482,25.88196342125027,11.486027434062299,3.112296165357066,57.17626239127144,19.091865634352615,9.710717551674083,59.46606681747614,0.6304305310044499,31.409230384865428,Low,Low,High,Black,100-300
32.98042334256435,1710.3429739994158,94.3625821958846,26.266429108410247,11.451358654794873,2.9627016532307735,56.898365324269236,19.067496085910257,9.61589272289744,58.24161322584619,0.6340916207435896,32.68295215497432,Low,Low,High,Black,100-300
3.2854190273355286,1710.3429739994158,96.1124663787463,27.66027624973731,11.34530506795477,2.4172832066245302,55.96660881131691,18.984168267678747,9.267430937565672,53.878265652996234,0.6492421331493187,37.47051407518468,Low,Low,High,Black,100-300
53.30478922425881,1672.0369818073366,93.88216900861934,25.504743715530402,12.242355034508545,3.198676034477386,55.7490243618256,19.03099149136507,9.692242232753516,63.931662370787706,0.6671323965522614,32.88691272414975,Low,Low,High,Black,100-300
35.31805425808049,1874.0366728673928,93.83122127181481,25.110164074600217,12.623388024866738,2.998640832896318,45.980222826749355,18.596106359074103,9.404747191970422,66.40393960602218,0.6724885087259282,33.61693373080727,Low,Low,High,Black,100-300
46.04599670393769,1759.4930377948283,93.87672106130543,25.866761857284498,11.938123384962763,3.096721061305427,54.749831830955955,18.957210613054272,9.663523714568996,61.69733798611925,0.6465986733682161,31.980912771908493,Low,Low,High,Black,100-300
49.036879681516105,1713.1280256634586,93.8821937991842,25.79585465061185,12.425383711013337,2.94927325305926,50.4431492367432,19.116567839190612,8.853687968151611,63.704496065264216,0.6639031004079015,31.721279036711124,Low,Low,High,Black,100-300
54.88497560325671,1713.1280256634586,93.85591022200784,25.815567333494123,12.780212002894228,3.0478366674706185,50.01604110762732,18.768310441603816,9.438497560325672,65.8071822393732,0.6770448889960825,32.904040009647424,Low,Low,High,Black,100-300
48.79271204546369,1713.1280256634586,93.88329118181814,25.795031613636393,12.4105690454551,2.9451580681819722,50.460981704544785,19.131108159090363,8.82927120454637,63.61670545454874,0.6633544090909297,31.67189681818367,Low,Low,High,Black,100-300
44.77257864992969,1759.4930377948283,93.88007216144756,25.87262628253322,11.822510430059406,3.1000721614475535,55.35554318164528,18.990721614475536,9.675252565066438,61.12262431174459,0.6424097981905582,31.831788815583874,Low,Low,High,Black,100-300
12.837009579923498,1723.977391304348,97.27995820365201,27.25359646712237,12.016361736529637,2.4936800598183546,48.54858128879066,17.888586018035372,8.111330389268643,57.40823311369981,0.7063617365296367,38.82297188652486,Low,Low,High,Black,100-300
11.167238535305538,1723.977391304348,97.38800221242141,27.35672938458407,12.021272827837336,2.380724959741257,51.04096012744835,18.01872993768942,8.197274487153392,57.27563364839191,0.7112728278373366,39.3656474760257,Low,Low,High,Black,100-300
16.55327193175717,1827.831147540984,97.14641847905685,27.14439022041602,12.001014129320414,2.6002054298475437,44.79111732571574,17.847085885325587,8.061617398945739,57.39129671572867,0.7,37.96724019844702,Low,Low,High,Black,100-300
193.89329380849122,1805.1578073089702,95.81423497225062,27.25597590028199,12.14597590028199,2.46153163087989,48.829877926028836,18.629338833135797,8.467417157219336,58.01342318214884,0.7084984937676243,38.281471381584865,Low,Low,High,Black,100-300
21.202537346760604,1710.2330607476636,96.8704602059042,27.040907241886945,11.967331538386379,2.6556104127854714,45.545830638296486,17.776197486027694,8.023935966271056,57.612261519756636,0.6979186116286038,37.81091382684767,Low,Low,High,Black,100-300
9.872452463370344,1744.722636103152,97.38996794241069,27.786581179761857,12.170235860519677,2.2297961970696276,50.99234946239656,18.17506984387588,8.262786811252269,56.753182959718465,0.7192283032623612,39.88900390013723,Low,Low,High,Black,100-300
14.918548284088294,1723.977391304348,97.14527040514723,27.1250308412769,12.010239563870329,2.6344900309824437,45.44157866419174,17.726348442563705,8.004192367730749,57.57353177550113,0.7002395638703285,38.146471807671304,Low,Low,High,Black,100-300
225.78375770109406,1770.8425942760891,96.2829365024307,27.617931760585996,10.902307489931822,2.6317829956250716,40.29508681911057,19.21193612589267,8.612374776176331,51.19338091943656,0.6503291668991251,37.17378883819961,Low,Low,High,Black,100-300
224.78514123970646,1674.0678975580702,96.3008433664858,27.270401713884475,10.810100428471118,2.6091566335142047,42.95080226441095,18.966405707756156,8.495361484328125,51.051887589913825,0.6638955776571968,38.61419628139156,Medium,Medium,Medium,Black,100-300
222.14021532466458,1674.0678975580702,96.3282046690552,26.850861741153693,10.705215435288423,2.581795330944806,46.65369854546958,18.63350985982847,8.344874320196432,50.89684020868723,0.6821364460367959,40.588770283483164,Medium,Medium,Medium,Black,100-300
227.26435347654305,1763.481046396421,96.30717777645485,27.612012890322948,10.873005972940378,2.6383868154160557,40.154448035243135,19.22982083700851,8.600285937177539,51.24026451015197,0.6496781669765158,37.18716758716644,Low,Low,High,Black,100-300
225.97611534091195,1769.6908069113003,96.25503868634887,27.593685145567036,10.894600474642251,2.630977137298734,40.2020135325975,19.23136278813251,8.615344518786406,51.0865822545633,0.6508240708460105,37.11915830088978,Low,Low,High,Black,100-300
120.18680921320484,1877.9840848806368,95.90377347759402,26.738787493056467,11.167467060274411,2.3008017928947657,44.48952482837932,18.7544196785226,8.435995233387233,53.56374124880806,0.6641084945902244,38.46911831219161,Medium,Medium,Medium,Black,100-300
225.35412589792406,1768.2105577625703,96.28520058539506,27.574177963335636,10.858781961619162,2.6322484654469713,40.15080968128043,19.22192184665164,8.623299838122087,51.057323191529846,0.6507190935704487,37.1203780744047,Low,Low,High,Black,100-300
11.297639674138814,1687.1200473092845,97.50319184637146,27.934337828582397,11.207232614514153,2.420797961592865,40.1589727176045,18.895186750353627,8.471196942389298,51.52868435779527,0.6592020384071345,37.206808153628536,Medium,Low,High,Black,100-300
23.319917664567875,1794.7052924791085,97.57600991981562,28.3697069797219,10.935910721659369,2.4639404811062455,41.60572604791887,19.008029759446877,8.501330026728125,49.34343991613429,0.6426600534562495,37.31354368848122,Medium,Low,High,Black,100-300
27.671118406306555,1794.7052924791085,97.57243750541355,28.235146037243393,10.968062451278128,2.4853749675187515,40.9841259419562,18.997312516240623,8.50252083152882,49.785228497192044,0.6450416630576391,37.477874750977094,Medium,Low,High,Black,100-300
15.761742553054663,1687.1200473092845,97.55106426330353,28.299365007689456,11.01574294678586,2.432766065825884,41.49341633958604,18.972979427868246,8.489149098738826,49.85913381728921,0.6472339341741162,37.15893573669646,Medium,Low,High,Black,100-300
17.428676422924827,1819.6814936847888,97.57553263302009,28.5053215084946,10.889788875474503,2.4463819528284354,42.11173239156115,19.039145858485305,8.512763905656872,48.81681384529214,0.6393618047171564,37.17212088866768,Medium,Low,High,Black,100-300
3.668439662740747,1819.6814936847888,97.51592764705396,28.30947655460584,10.753548907551888,2.53153193278007,39.59980798298795,19.294595798340207,8.683063865560138,48.37403394954364,0.630846806721993,37.73411075634846,Medium,Low,High,Black,100-300
16.63490136114095,1687.1200473092845,97.56042789663422,28.370762711835923,10.978288413463122,2.435106974158555,41.75442761867886,18.988195332030607,8.492660461237833,49.532577104881604,0.6448930258414451,37.149572103365784,Medium,Low,High,Black,100-300
255.79149790473497,1799.7061111111113,95.87510614323665,25.744507233960405,10.169488258888581,2.6118726281160223,39.98658088067218,18.886554198406078,8.424893856763351,49.22583017082136,0.6630212286473297,39.781235768696135,Medium,Medium,High,Mixed Red & Black,50-100
162.18206041183203,1748.035458964827,96.16282101918864,26.28439622324187,10.323131277296891,2.38030547540586,42.05695959404858,18.9712505978378,8.525002391351196,49.86626733729617,0.6653126494594498,40.33626255459378,Medium,Medium,High,Mixed Red & Black,50-100
242.00683115157878,1749.0677336381823,95.94918209747192,25.676513445846716,10.152553736010233,2.5503731272572203,40.483283709370035,18.905408951264043,8.438407462545143,49.52073136732545,0.6663701498194224,39.811965664712076,Medium,Medium,High,Mixed Red & Black,50-100
272.37850124995754,1741.2967853042478,95.86056512855724,25.58933849850957,10.133342584876806,2.62434871442766,39.40037970548507,18.96299795681638,8.480689256120847,49.28673335622021,0.66,39.94255695582276,Medium,Medium,High,Mixed Red & Black,50-100
275.4597338718426,1799.7061111111113,95.86159402729332,25.55263518756515,10.107332525549275,2.6280871672480153,39.14882969218587,18.943305085368053,8.43840597270668,49.247449556330686,0.6603188054586642,39.87852300348809,Medium,Medium,High,Mixed Red & Black,50-100
139.67243076310766,1821.364060356653,96.23650488382432,26.568874586848594,10.650812700409658,2.2256058655220237,43.30311072468216,18.894221498692694,8.488806188643894,51.188302920428924,0.6809169379902401,38.502509779980734,Medium,Medium,High,Mixed Red & Black,50-100
270.4917446882901,1748.035458964827,95.87909235501482,25.577563410738673,10.114068051063551,2.6142571809526927,39.23958373576119,18.951339814387005,8.445359257548018,49.288854617223144,0.6603349535967512,39.9181361021271,Medium,Medium,High,Mixed Red & Black,50-100
188.13653864006938,1688.529238038984,95.49886892355617,27.13867144092978,11.15635546872753,2.397881510424157,48.326516926671374,19.242217230889043,8.730098741313203,53.355125650970514,0.6520197482626405,34.1654667969087,Low,Low,High,Black,100-300
64.68655451239587,1789.9441340782118,95.57729891896255,27.855411765694488,11.522705882847244,2.6908763512968026,48.21480911755641,19.216374549567732,8.738184873878964,54.18269147741784,0.6509099639654187,33.7045690270663,Low,Low,High,Black,100-300
117.04043358462494,1671.7997616209775,95.88286955226621,28.12491276179019,11.143869626735476,2.5472173135972933,51.995390896385786,19.18208701480203,8.720695671600676,52.06791372989058,0.6435652238668923,35.34695597131416,Low,Low,High,Black,100-300
184.92048342903115,1711.458576429405,95.28788256198918,27.292892200414414,11.318737247933694,2.4952136714861273,49.22680456613332,19.23631376033153,8.699735320248648,54.02547835123748,0.6553156880165766,34.52148606197766,Low,Low,High,Black,100-300
192.4266348120968,1688.529238038984,95.47854984588457,27.122970335456266,11.148043118770964,2.400652293743012,48.17412384413434,19.237137461471143,8.727789755214157,53.32880320944139,0.6515579510428313,34.177935321843556,Low,Low,High,Black,100-300
111.03940341563373,1741.692969870875,95.82504477974864,27.442895517604068,11.261432841429713,2.387432830377045,50.29868666333888,19.319791046260804,8.765462687227025,53.59447764328368,0.6588656718067563,34.243791002050145,Low,Low,High,Black,100-300
7.029431695820975,1789.9441340782118,95.25845768679717,28.376185778231296,11.783092889115647,3.089427891503542,45.005140713758145,19.083524036165485,8.700986730126335,54.618441161377206,0.6402819228932389,33.417611918117444,Low,Low,High,Black,100-300
26.638576875730188,1891.6677198525538,97.2143327167703,27.19400369937818,11.195173757141513,2.7733271677030333,39.648060926107014,18.798500924844543,8.471334566459394,52.62970797638968,0.6556672832296967,37.29718485527605,Medium,Low,High,Black,100-300
16.85645824065633,1691.1884399882042,97.41751467266681,27.736780812600305,11.258493152755488,2.4777397291332313,39.2781408576014,18.870753423622258,8.47824853273332,52.176154627665724,0.6627495109111063,37.35022505646642,Medium,Low,High,Black,100-300
29.06215215862266,1891.6677198525538,97.20819708314274,27.230817501143637,11.265733543858634,2.7119708314272746,38.595799758977755,18.80770437528591,8.483605833714545,53.04079542943726,0.6618029168572725,37.47818604728954,Medium,Low,High,Black,100-300
16.539594898901974,1742.6934327502152,97.39056698978452,27.707488112219327,11.308495408166346,2.588796326533077,38.6321285713423,19.123877091818557,8.633911938767499,52.523854949043375,0.6648495408166347,36.65385494904337,Medium,Low,High,Black,100-300
28.416526495273274,1691.1884399882042,97.25469680992573,27.39486330084403,11.33447482203466,2.59171223305199,37.71508937528699,18.83276258898267,8.494530319007428,53.234470735482766,0.6681767730024758,37.62701542312626,Medium,Low,High,Black,100-300
29.851704596586508,1707.0520467836259,97.26263081264547,27.388180494569433,11.229044664468582,2.6356937102404965,40.81119971295577,18.717513215671065,8.454450318076027,52.758718304887516,0.6643062897595036,38.40324522885958,Medium,Low,High,Black,100-300
42.94005435262404,1799.3098082800775,97.36405370147217,27.3315597347484,11.270942276343675,2.625312751386509,37.1384402652516,18.8715597347484,8.504687248613491,53.10721339281045,0.6653127513865092,38.09029264046577,Medium,Low,High,Black,100-300
53.679606448334724,1736.7825086306102,93.73204965744634,25.877888270745743,10.507764127129905,2.16987585638416,43.154908823965584,18.878012414361585,8.493975171276832,51.2897530005533,0.683975171276832,38.6437243084752,Medium,Medium,High,Black,100-300
115.01598865839716,1733.61613832853,95.77117432089352,27.03183133897703,10.824554097434078,2.222112697783202,45.123850507592735,18.92807513185547,8.532065740373534,51.16436626779541,0.68,37.90591509101076,Medium,Medium,High,Black,100-300
38.47730449150743,1688.663714201358,94.78773044915074,26.323994913195328,10.55381843593206,2.245792498208068,43.0880727263673,18.817136173050955,8.46006484430998,50.69949930118683,0.6770064844309979,39.961437252129514,Medium,Medium,High,Black,100-300
25.231008493231325,1726.1851851851852,94.38325802695702,26.124119189876396,10.578629666804002,2.1776899150676865,42.96884905267804,18.90555992160094,8.500649967333725,51.0854895230724,0.68,39.150540274396704,Medium,Medium,High,Black,100-300
130.83576722736655,1736.7825086306102,93.708162301168,25.931634822372004,10.62122906945201,2.229594247080005,44.641896752292126,18.872040575292,8.505918849416,52.37065587214809,0.695918849416001,36.85217258759985,Medium,Medium,High,Black,100-300
52.648553704929824,1688.663714201358,96.20485537049298,26.951578806932606,10.667188429639438,2.3753582053022155,43.667069479944274,18.732108677770423,8.419575560843057,50.38773181849154,0.6729575560843059,40.93722898368231,Medium,Medium,High,Black,100-300
83.4276969851108,1796.4130253270248,95.14035692934509,26.43831849589473,10.42456068960827,2.2160935423879695,43.911646458972164,18.892392539197743,8.514785078395489,49.97990532817294,0.68,38.87648551686617,Medium,Medium,High,Black,100-300
172.35685745554227,1734.5599078341013,96.98428759575982,27.732450054719894,11.072661215555936,2.265252044166524,46.87632491792016,18.948921436388556,8.556439033124894,51.53484500146478,0.681582651944492,37.07262317715436,Medium,Medium,High,Black,100-300
167.6451460561275,1810.6548868028713,95.77221697488835,26.99186092171297,11.64256694991261,2.17442483255001,50.88460437867549,18.75327449765003,8.51884966510002,55.75468807358709,0.707787583724995,39.24150638807537,Medium,Medium,High,Black,100-300
159.54885751985688,1737.7297297297296,93.69466168745487,25.89661687454871,11.044358503249308,2.1966168745487074,47.57893220803382,18.768572061642544,8.488646749819484,54.88066333059684,0.7106766250902585,37.36638394702228,Medium,Medium,High,Black,100-300
170.0200129541796,1734.5599078341013,96.26862896721751,27.32350226698143,11.139428201309155,2.240214424509067,47.489746599527855,18.89050032385449,8.5376608183818,52.667797290964714,0.6899285251636443,37.350123461691176,Medium,Medium,High,Black,100-300
165.64932960968721,1810.6548868028713,95.08476908778114,26.614873370718694,11.55587997294601,2.1663609277159077,50.49350499422153,18.729082783147724,8.502721855431817,56.08329219557675,0.7118195361420461,38.94717386163064,Medium,Medium,High,Black,100-300
170.00227265721713,1810.6548868028713,96.58411613748589,27.437095946363232,11.744947196222562,2.1839485763927966,51.34650595505063,18.78184572917839,8.537897152785593,55.366595511993545,0.7030257118036017,39.58912303833707,Medium,Medium,High,Black,100-300
161.54617646781116,1737.7297297297296,93.69012232620952,25.851223262095203,11.371192512914558,2.1512232620952,49.64434157466839,18.68232419798088,8.47048930483808,56.700947189982465,0.7197553475809599,38.324189169791275,Medium,Medium,High,Black,100-300
28.62403890473219,1845.0508933405522,95.1,25.56152295714257,12.716167412500251,2.7546192607143576,46.143323055361705,19.174864688690345,8.69230963035718,65.79319708214508,0.65,31.291302723809906,Low,Low,Low,Black,100-300
40.707225322941845,1692.226870948733,95.1095361266147,25.688608379844126,12.680859341945117,2.7141064556421512,44.674566588929196,19.22397338608946,8.684768063307354,65.13330803832602,0.6484106455642151,31.067022765506586,Low,Low,Low,Black,100-300
34.450825405890974,1811.6550772626933,95.11753699433109,25.64597040453513,12.71067017392299,2.7370147977324337,44.28537849523777,19.335744162585158,8.760670173922989,65.39827688095278,0.653507398866217,30.654934563264757,Low,Low,Low,Black,100-300
43.414089334078646,1692.226870948733,95.12307044667038,25.72921134001118,12.753042382242098,2.6915492555493445,44.8087819294814,19.229612686112663,8.691535223335196,65.27992983892926,0.6461549255549345,30.935063144963667,Low,Low,Low,Black,100-300
33.3908339732908,1888.4001055687518,95.10858597782017,25.986267157166587,13.162330624850746,2.6613121774386133,45.15526051395161,19.177070110899134,8.697171955640346,66.67850774147328,0.6671719556403467,31.13424206653948,Low,Low,Low,Black,100-300
16.744539912269627,1715.2287543655414,95.13722440521136,26.451018610741386,12.760285418239757,2.6555511895772814,46.208567727996964,19.56432574820507,8.912652532570995,63.73645191890527,0.6313877973943204,31.764896584684585,Low,Low,Low,Black,100-300
21.4665425769319,1845.0508933405522,95.1,25.49225686364773,12.776775244308238,2.771935784088068,47.242922289592315,19.143117729171873,8.700967892044034,66.3300093067301,0.65,31.383657515136363,Low,Low,Low,Black,100-300
92.54702488437387,1838.586413043478,96.3734911790261,26.37,10.475410530121932,2.2090025202782555,48.2448361819134,18.209501260139128,8.212992439165234,50.58288631224482,0.7014962195826169,41.66755670626075,Medium,Medium,High,Mixed Red & Black,50-100
96.08754702741132,1672.9279761904763,96.37384890716879,26.373848907168796,10.682481151634214,2.14456857813045,47.14079506442479,18.240791257350377,8.236942350181579,51.52931231515829,0.703848907168797,42.286580611163544,Medium,Medium,High,Mixed Red & Black,50-100
62.74562970996692,1838.586413043478,96.43880419287107,26.37,11.13787109912096,2.1903416591796914,49.457792153320064,18.200170829589844,8.268975022460927,55.12680598974518,0.7294875112304631,41.247687331543055,Medium,Medium,High,Mixed Red & Black,50-100
64.1927949673452,1838.586413043478,96.43563257208159,26.37,11.105701802541795,2.1912478365481185,49.3988906243723,18.200623918274058,8.266256490355644,54.90615180053315,0.7281282451778223,41.26807632233267,Medium,Medium,High,Mixed Red & Black,50-100
92.62257165859208,1754.8607234406152,96.3718509738246,26.372961558119364,10.439629805235079,2.207038441880638,48.17518746805604,18.22702895918633,8.218144284828245,50.36258188066014,0.7,41.60522539883327,Medium,Medium,High,Mixed Red & Black,50-100
65.32731193986527,1754.8607234406152,96.4051459966579,26.42623359465262,10.432970800668423,2.153766405347383,48.08862040868949,18.53334316925255,8.364642385294697,50.76878115922621,0.7,40.08031335306883,Medium,Medium,High,Mixed Red & Black,50-100
54.35628387562463,1754.8607234406152,96.41852856321587,26.4476457011454,10.430294287356825,2.132354298854598,48.05382573563872,18.656462781586065,8.423525678149856,50.93204847123369,0.7,39.46739180471287,Medium,Medium,High,Mixed Red & Black,50-100
84.09625439050438,1789.9441340782118,95.68463366483228,27.680098347440605,11.435049173720303,2.5567079189596473,49.29531222597831,19.26109736034678,8.7507072608971,54.03600065806255,0.6544877888277427,33.80117029834906,Low,Low,High,Black,100-300
131.12060203417522,1720.6496519721577,94.9599947625221,27.795489263170314,11.572496071891578,2.88732949251621,46.051020426163795,19.104167103123157,8.661332635002946,54.45599685751326,0.6448334206246317,34.26068202993516,Low,Low,High,Black,100-300
130.77587912987258,1697.4750440399296,95.3495240350585,27.56892671076747,11.373243103192578,2.6708025988102677,46.62434910037662,19.167083530676177,8.712440504382311,53.76538494542938,0.6462202521911555,33.9138404274836,Low,Low,High,Black,100-300
110.7667616538697,1720.6496519721577,95.00698323588949,27.891815633573454,11.607737426917117,2.9217877063189586,45.867765380030995,19.10025139700921,8.667597764785265,54.4841899415337,0.6440502794018419,34.122849174724166,Low,Low,High,Black,100-300
34.62558365084986,1751.2125534950071,95.38431701198208,28.146108583506233,11.49662336856547,2.951544355177707,44.99422782241115,19.136554531360872,8.710603974630164,53.66857296686515,0.6435346582100546,34.516348019747085,Low,Low,High,Black,100-300
50.002788375095946,1751.2125534950071,95.45523130561331,28.01734315559689,11.341731621949883,2.873165399058977,45.03341730047051,19.166413181310865,8.716202471495787,53.16097591771528,0.6454008238319291,35.10045785939381,Low,Low,High,Black,100-300
14.851309765908724,1697.4750440399296,95.25742904450122,28.328710382864948,11.758890876151147,3.0679622455884954,45.047222387083366,19.086500413938566,8.700928630562652,54.565460175895666,0.6404643152813262,33.447609537787415,Low,Low,High,Black,100-300
157.4705555933605,1748.5449871465296,93.88634652313786,26.021170246446236,10.643701470279488,2.2532597059441026,45.17933735349692,18.87217313729607,8.512173137296069,52.516710142828984,0.6989134313519658,36.35517627669162,Medium,Medium,High,Black,100-300
70.8687344584359,1699.7813599062133,97.23127282929595,27.39809931267629,10.719058212958359,2.4573059335213783,44.21694066478622,18.689041099717933,8.402694066478622,50.03861298929817,0.6707933791549139,41.38897825803333,Medium,Medium,High,Black,100-300
162.024624742401,1748.5449871465296,97.0229845113324,27.21912819529022,10.369359955277048,2.3081280089445904,45.67315208050131,18.90875200596306,8.548752005963062,48.75823138729558,0.68062399701847,38.29385631604219,Medium,Medium,High,Black,100-300
129.37458616373584,1699.7813599062133,97.16638430653346,27.309614963454727,10.488998904982285,2.36292262768504,45.1607737231496,18.83061605847244,8.49707737231496,49.13607262723819,0.676692335769685,39.44822153177363,Medium,Medium,High,Black,100-300
132.51078923778473,1737.804079287561,97.05541372481302,27.22774647559482,10.484982407070074,2.3039524641740288,45.371496446498846,18.928142607477913,8.547984154724677,49.24080111842311,0.68,38.45272888266489,Medium,Medium,High,Black,100-300
31.074146700386336,1796.4130253270248,93.8176669944426,25.89207486496155,10.467479832038736,2.1536656988527487,42.729419172023924,18.88068731853489,8.49137463706978,50.87730557899174,0.68,39.21983865630988,Medium,Medium,High,Black,100-300
153.76902042441168,1699.7813599062133,97.13932857182208,27.272720779757396,10.393074027369222,2.3235688317412193,45.5543116825878,18.88964675238817,8.536431168258781,48.75975195352541,0.6791519480161738,38.63900910267882,Medium,Medium,High,Black,100-300
63.93903252788216,1703.7959064327486,95.20964515883743,25.89833061633986,13.156096747211784,2.5714193646502603,46.29291947870954,19.101733831108316,8.65974998099012,66.28340321476846,0.6403548411625651,30.46114527289671,Low,Low,Low,Black,100-300
63.817548569785295,1703.7959064327486,95.2107495584565,25.911307311863844,13.16824514302147,2.5670017661740103,46.23714729794689,19.119680324918082,8.668309078037854,66.28837301305424,0.6392504415435026,30.41089509022937,Low,Low,Low,Black,100-300
58.168122189779226,1799.906111111111,95.15455809067544,25.584982625321278,12.766395226688587,2.702720954662283,46.76914338835181,18.81081431993424,8.509505966639267,65.79381326945608,0.6636395226688586,31.603284486737905,Low,Low,Low,Black,100-300
58.19509606529013,1858.812365591398,95.16645879107563,25.52799553549789,12.831692651115548,2.7069265111554697,47.89155906693282,18.702939904661804,8.477394231235316,66.27525618255048,0.6666146977689061,31.75414251318695,Low,Low,Low,Black,100-300
45.640866650549626,1902.8183486238534,95.13650895289736,25.854437329718465,13.090946282615826,2.665147973084207,46.21189629084715,18.961715370092154,8.597751181681602,66.64704053831586,0.67,31.38751554243152,Low,Low,Low,Black,100-300
66.10914837700645,1703.7959064327486,95.1899168329363,25.666522787001583,12.939085162299355,2.65033266825478,47.2891999367166,18.781148535214957,8.506855455256364,66.19462574821338,0.6600831670636951,31.358784101398122,Low,Low,Low,Black,100-300
50.082884112435735,1858.812365591398,95.15425997610893,25.508172461177004,12.833217502986384,2.7221750298638425,47.98305017918305,18.77765764633283,8.52009008361876,66.38809522099244,0.6635649940272315,31.70382240144932,Low,Low,Low,Black,100-300
67.71789428185889,1758.28125,96.05677031191158,27.54030530263954,10.984780211659382,2.6139194355749815,43.60464030452249,19.256520141106254,8.721739929446873,52.13852861863652,0.6610134274041698,36.672161128850036,Low,Low,High,Black,100-300
24.368337106336405,1824.945205479452,97.14169279566143,27.60841685531682,11.385188037962525,2.296347983730347,40.35614408677149,19.338307204338573,8.738307204338573,52.93153602169287,0.6804231989153565,35.372790213441306,Low,Low,High,Black,100-300
18.06374769132428,1853.1796116504854,97.18277099815306,27.17264896490813,11.29661883562229,2.4095190203163463,40.03613070264257,19.136511108969493,8.639038040632693,53.67382637758103,0.6927709981530594,36.995061016622465,Low,Low,High,Black,100-300
15.58701307935285,1901.6552990556138,97.13064934603236,27.564155885708782,11.173376634919105,2.374199128043143,38.80861464551233,18.872294332280433,8.50259738412943,52.02441551746918,0.6653246730161788,37.620432956606315,Low,Low,High,Black,100-300
24.513981062691997,1824.945205479452,97.1411216428914,27.6156990531346,11.390185624700216,2.294206160842765,40.36756714217192,19.338878357108594,8.738878357108597,52.93439178554298,0.6802804107228511,35.348230644330364,Low,Low,High,Black,100-300
14.628535887563933,1901.6552990556138,97.17857320562182,27.13284114940377,11.053566985945492,2.4380976074957377,39.56740908901189,19.287634448722297,8.694292822487213,52.71931148151615,0.6892866028109016,37.037359331601394,Low,Low,High,Black,100-300
15.1746691390757,1901.6552990556138,97.15126654304622,27.378601112584064,11.121833642384463,2.40168872406162,39.13505359823174,19.05097670640053,8.58506617218486,52.32336487417012,0.6756332715231075,37.36959039293772,Low,Low,High,Black,100-300
71.42721228313698,1740.944380733945,93.85079723608118,25.812192399223253,12.122707946266601,3.229003454898522,48.22875631484591,19.130680307078425,8.683388253345024,61.89684560466049,0.6298006909797044,30.64597927060887,Low,Low,High,Black,100-300
66.34065446724804,1742.5711830421083,93.89,26.45412342812905,11.955016705927891,3.1485809748159386,49.35441529252378,19.339307193335863,8.818580974815939,59.75759630375707,0.5964357311119537,32.44025845253895,Low,Low,High,Black,100-300
62.0873547514889,1740.944380733945,93.81802580614557,25.722070966900333,12.216925807331473,3.269967742318031,48.89647419978391,18.897183868787224,8.544109676118694,62.437574198598014,0.6379935484636062,30.400193546091813,Low,Low,High,Black,100-300
72.2571380279349,1699.9115407147044,93.85833817763654,26.141632756544254,11.87279876975832,3.18,48.63842622020557,19.256967858576587,8.739183621727873,60.12600530609701,0.6094460592121784,31.07720123024168,Low,Low,High,Black,100-300
78.3774302202115,1887.180423280423,93.88898981584215,26.038191546467765,11.99787779010587,3.172928710895091,47.7916459285082,19.424142578209818,8.856061104947065,60.93482254275263,0.6169694475264675,30.83494084758421,Low,Low,High,Black,100-300
61.466812293253454,1887.180423280423,93.88494421346728,26.511527024327595,11.949330561607427,3.144609494270999,49.23997157871178,19.480781011458003,8.880334719196286,59.67259460179308,0.6048326404018566,30.414198200597692,Low,Low,High,Black,100-300
77.25437046950834,1738.22681596325,93.89,25.90031354563842,12.056944621939161,3.140627091276832,47.90550358996441,19.381227489779224,8.82425617506562,61.527124703705375,0.6260573705727951,31.005116733657548,Low,Low,High,Black,100-300
52.696323609575806,1912.3368970013034,97.52515643108366,27.372684785300734,11.166988658313171,2.6358095438558524,37.346503739284366,18.9194603040961,8.506235822891464,52.53666210192708,0.6592471645782928,38.4061087118044,Medium,Low,High,Black,100-300
19.70034846353939,1843.633405639913,97.523207095608,27.99284034882001,10.881976277785995,2.566414191215999,38.60049732424603,19.191230817822003,8.637266295862002,49.72665036054595,0.6399053217059997,38.02772772094399,Medium,Low,High,Black,100-300
34.31339141664586,1912.3368970013034,97.32690912312069,27.234512419144725,11.142958681590388,2.76196692165047,39.47315667925077,18.835355385566352,8.476198351987984,52.3504297823255,0.6532396703975967,37.57707451486834,Medium,Low,High,Black,100-300
49.30235719161705,1799.3098082800775,97.46215088180907,27.362390277139994,11.217689521303646,2.622509974805455,37.107609722860005,18.902390277139993,8.507490025194544,52.81852740496187,0.662509974805455,38.31171199036905,Medium,Low,High,Black,100-300
43.67544167026779,1707.6896149358224,97.53713118371621,27.52383568935138,11.182868816283786,2.5685247348648534,37.84955521377044,18.91970494697297,8.49970494697297,52.32321378037833,0.66,38.17541077662155,Medium,Low,High,Black,100-300
47.346048730888185,1794.7052924791085,97.55628403224065,27.626698547731152,11.113443709834149,2.5822958065560995,38.17342160987312,18.94885209672195,8.50790532258645,51.78287467957294,0.6558106451729,38.22093451693009,Medium,Low,High,Black,100-300
45.907986780440986,1794.7052924791085,97.55746470707682,27.671170633226648,11.102817636308677,2.575211757539118,38.37885903136557,18.95239412123044,8.50751176430773,51.63686455816738,0.6550235286154577,38.16662347446657,Medium,Low,High,Black,100-300
105.60346059420594,1771.0612129760225,96.24383098516269,26.377459817419933,10.395457055914253,2.281988953977284,46.01196629894096,18.694180060860024,8.416182822365702,50.33513559527372,0.6896371167742761,39.44490582731147,Medium,Medium,High,Mixed Red & Black,50-100
211.89059236863568,1799.7061111111113,95.90526614978796,26.172779326989126,10.308224289024647,2.57568062025444,41.856501286853934,18.75988217089054,8.394733850212035,49.177574160339255,0.6690532299575934,39.56408372152664,Medium,Medium,High,Mixed Red & Black,50-100
113.36911601298263,1771.0612129760225,96.21774942926163,26.36672035322538,10.390343025345418,2.3044906884801604,45.71023849537966,18.697759882258207,8.414137210138167,50.24410585114845,0.6881029076036255,39.45155406705096,Medium,Medium,High,Mixed Red & Black,50-100
139.26536284542794,1805.839977851606,96.18275783051689,26.317083734711296,10.395224698601867,2.356537350030255,45.72549938699323,18.425735543100096,8.283268675015128,49.86375361240167,0.6877885541641454,40.810775899818466,Medium,Medium,High,Mixed Red & Black,50-100
132.14858169039815,1770.002822466836,96.17160304896757,26.59718877839802,10.425585729430455,2.363736057544805,43.43789193337878,18.86577069661902,8.495647385159979,49.79382265523034,0.67,40.1336993437713,Medium,Medium,High,Mixed Red & Black,50-100
124.60494486378575,1770.002822466836,96.19869158670556,26.63417505107874,10.435483464373183,2.3423777874052356,43.57125088839658,18.878794032069976,8.506586986938782,49.85841839906709,0.67,40.196211353935894,Medium,Medium,High,Mixed Red & Black,50-100
108.94352034786918,1770.002822466836,96.25493038753613,26.710962644520492,10.456032256984358,2.298035655981123,43.848118830947136,18.90583191708468,8.529298810351133,49.99252630874002,0.67,40.325993202006465,Medium,Medium,High,Mixed Red & Black,50-100
3.4983758311389233,1778.4219101123597,96.2790947863179,26.899814300801,10.831113635889862,2.6238747229536923,45.40282981539424,19.561136918202752,9.418399113451816,52.88208813720651,0.6598375831138924,39.70243569398748,Low,Low,High,Black,100-300
3.1553285140069143,1746.0634285714289,96.93037147699262,27.270694225808768,11.061404694343024,2.5405920571118794,49.59513360130107,19.36400974563529,9.295177617133564,53.13292780010842,0.6650592057111879,40.19476894234601,Low,Low,High,Black,100-300
4.1017690242203795,1717.1084686774943,96.8658025290664,27.141952394809643,11.020176902422039,2.539823097577962,46.384747582701394,19.41787070276832,9.316272112802755,53.348870993770795,0.6574557743944905,40.109951812804695,Low,Low,High,Black,100-300
11.383266765736185,1766.6845675522893,97.02781458102926,27.17355035259937,10.969076718058632,2.598309537472316,47.29933561601294,19.46691795146579,9.256449647400629,52.86305539615631,0.6681534361172631,40.597292972208294,Low,Low,High,Black,100-300
3.6,1666.6611127640583,97.169589900513,27.12795593004766,10.967457383180646,2.5896719204104057,47.50966549292779,19.490082019897397,9.310246059692195,52.9321952547819,0.669835960205203,40.98408171242207,Low,Low,High,Black,100-300
70.41143585523352,1766.6845675522893,95.94948266646429,27.579675359383575,10.96207456276925,2.661328935076762,45.62582050185044,19.291864069231217,8.850324640616424,52.12782909077111,0.6541491255384975,37.467329557854164,Low,Low,High,Black,100-300
3.6,1666.6611127640583,97.1359201937412,27.781148241420862,10.758705201195394,2.5627361549929537,46.661188882278054,19.496815961251762,9.330447883755285,50.64938913565286,0.6563680774964771,38.856156244443376,Low,Low,High,Black,100-300
25.7492507618632,1863.5488197424893,97.16063588612747,27.49793032878425,11.622867570176577,2.3065087089019687,40.72430135526487,19.079987834793993,8.632693392137204,54.248315180481015,0.6882543544509844,35.97272988775522,Low,Low,High,Black,100-300
175.28794633491506,1917.1499219156688,95.73229742414533,27.112328730169573,11.127541436931354,2.380819521022882,43.9228793677901,19.37632780840915,8.767245856306864,52.85826243107941,0.6709180478977119,34.573443831816945,Low,Low,High,Black,100-300
26.56484291841794,1863.5488197424893,97.1783661504004,27.384456637437502,11.814354424324211,2.320692920320312,41.01153163648632,18.856586504955086,8.540496017917972,55.37241393538473,0.695346460160156,36.55073650305271,Low,Low,High,Black,100-300
15.135740268350187,1824.945205479452,97.17789905777119,27.14678701341751,11.068383244502213,2.432121466641909,39.632018844576486,19.302100942228826,8.702100942228824,52.750504711144124,0.6894747644427939,36.92965948416056,Low,Low,High,Black,100-300
81.40422914608229,1767.6129943502824,95.78544554658345,27.692793915059045,11.00529539105743,2.639851812471824,44.64204510542679,19.250294407058504,8.731029440705852,52.01603239270261,0.6530883221175521,36.412349352474514,Low,Low,High,Black,100-300
5.787689984624766,1817.3314993122424,95.27817274978968,28.37867127521685,11.784186575440224,3.087925964375852,44.852474837805694,19.08387561637318,8.700596248672797,54.60480849357431,0.6405962486727974,33.43817274978968,Low,Low,High,Black,100-300
25.173489123806057,1863.5488197424893,97.14811932877839,27.578036295818286,11.48768875080664,2.296495463022714,40.52153312620996,19.237696457392254,8.697779490352358,53.454765444550084,0.6832477315113571,35.5646901181756,Low,Low,High,Black,100-300
169.27414525512705,1810.6548868028713,96.33331669898821,27.29956077041289,11.713321460576227,2.181006647495463,51.20382240352995,18.77301994248639,8.532013294990927,55.486479114559884,0.7044966762522685,39.481742633584396,Medium,Medium,High,Black,100-300
163.78537305358043,1745.2232066304657,97.12818128564902,27.325462000913703,11.605685679044596,2.19,48.990959148992005,18.51114182209753,8.43022953599166,54.042065823924936,0.7070453214122553,38.943425466292595,Medium,Medium,High,Black,100-300
162.5750420985357,1745.2232066304657,97.13260258594143,27.26356379682009,11.57363125192469,2.19,48.57535692150632,18.465823494100423,8.411439009748957,53.8729510877406,0.7081506464853555,38.80747048230127,Medium,Medium,High,Black,100-300
165.02810619787152,1745.2232066304657,97.12364162119499,27.38901730327014,11.638598246336324,2.19,49.417687607670956,18.557673382751354,8.449523109921294,54.21570798929164,0.7059104052987474,39.083020148254064,Medium,Medium,High,Black,100-300
162.28547213389277,1810.6548868028713,93.92610706834084,25.979478069735304,11.409773032078173,2.1527695843793646,49.83432484239919,18.688308753138095,8.475539168758731,56.637139436540885,0.7186152078103176,38.451089829846815,Medium,Medium,High,Black,100-300
165.66012200288665,1822.4,97.11879789054865,27.431765678254063,10.901435290148676,2.2651915621945924,47.91175170785146,18.868925598678377,8.55,51.053389677975794,0.687468072967568,38.901435290148676,Medium,Medium,High,Black,100-300
181.76287611995775,1785.1284634760707,94.43320719004129,25.6907494944629,11.086933727912069,2.1511254692425843,46.85065781068638,18.40347978627436,8.340077533909955,54.739029598577325,0.7077749061514831,39.38238016166843,Medium,Medium,High,Black,100-300
30.159034445655536,1915.9541547277936,95.12535059379898,25.878818765110708,13.100331710459944,2.68837648449745,44.6705150840885,19.31583064109031,8.780590617444645,66.61612458487218,0.666162351550255,30.58889156858595,Low,Low,Low,Black,100-300
48.693527909444995,1714.3199767711965,95.19287216905663,25.864983823180715,13.111108418760232,2.615258897250607,44.98329290264213,19.3785113237735,8.805881875148197,66.23311488948795,0.6416262132614464,29.88536408064698,Low,Low,Low,Black,100-300
18.83024238084193,1871.3456196581194,95.11947678379371,25.49790713517487,12.847790713517487,2.774418572965026,46.57865910718428,19.281395697384713,8.787907135174871,66.57447610254178,0.6538953567587436,30.794417210461145,Low,Low,Low,Black,100-300
29.100408176391834,1915.9541547277936,95.13229240540072,25.805929743292552,13.032649047343083,2.705731013501773,44.408461696123226,19.38177785130674,8.817035128353723,66.46514018253457,0.6644268986498227,30.344192709625,Low,Low,Low,Black,100-300
14.58777128046494,1871.3456196581194,95.10237004548574,25.429480181942985,12.840948018194299,2.7881039636114036,48.169585769825645,19.130856400274563,8.719480181942984,66.85160526313092,0.6504740090971491,31.396574398901752,Low,Low,Low,Black,100-300
20.71094997597215,1871.3456196581194,95.12706028216118,25.528241128644712,12.850824112864471,2.7683517742710575,45.87339375901045,19.348130483018366,8.818241128644713,66.45162342898891,0.6554120564322357,30.527478067926534,Low,Low,Low,Black,100-300
30.03095695984228,1915.9541547277936,95.12619044616497,25.87000031526783,13.092143149891555,2.6904761154124217,44.63881065727244,19.323809238567204,8.784999842366085,66.59785779591193,0.6659523884587579,30.559286772684853,Low,Low,Low,Black,100-300
156.96242429552566,1726.328237669455,95.17935469366851,27.108850548751597,12.146661438466127,2.4455590410225825,49.776739861474226,18.81333856153387,8.553889760255647,58.389511539684705,0.7061102397443544,37.95603181673626,Low,Low,High,Black,100-300
220.44975519208356,1726.328237669455,95.55047813761547,27.26738871898137,12.168280279861095,2.431146480092603,49.474076081944666,18.791719720138904,8.55028662002315,58.11206974178261,0.7097133799768492,38.283917577893284,Low,Low,High,Black,100-300
109.5974616124182,1781.9142376681616,96.61437047988917,27.746792831949985,12.217740175994885,2.2019080480244386,51.953707007731744,18.59903929602046,8.475737504007958,57.1351964801023,0.7206089279988633,39.673247247853936,Low,Low,High,Black,100-300
78.37211781964365,1868.691813804173,96.7739308987418,27.302247159603883,11.999438443036885,2.355842801320385,43.33203110893176,18.73067424105631,8.49808996092427,56.62168746614362,0.7025842801320384,37.28663065822131,Low,Low,High,Black,100-300
91.03508512784794,1933.5371517027866,96.56034157126922,27.7100853344923,12.31547003960769,2.3730769410230774,46.23068477563851,18.91649568661538,8.587948705984616,57.672564234169236,0.7036752156692309,38.46179482393846,Low,Low,High,Black,100-300
112.8204873193873,1975.1259445843825,95.04712627152878,27.052364620847246,12.138958811933716,2.450694125377523,49.88457663292798,18.821041188066285,8.555173531344382,58.488361913517316,0.7048264686556193,37.83920864766135,Low,Low,High,Black,100-300
114.8225197914253,1975.1259445843825,95.05659410186027,27.05640913089177,12.139510336030696,2.4503264426462033,49.87685529557026,18.820489663969305,8.555081610661551,58.481284020939405,0.7049183893384492,37.847573429798885,Low,Low,High,Black,100-300
142.5171969264242,1929.8939746573571,95.38348970752394,26.10498344900311,10.739253129260412,2.6290444664767834,43.81296014375778,18.57788027016994,8.370686429545238,52.25558209815342,0.6723283926136907,37.029522233238396,Medium,Low,High,Black,100-300
98.57739342720708,1738.1198051017484,96.16311735680789,26.723508338750694,10.89247992596613,2.5823165534489174,44.49668715222071,18.561957689960302,8.379282273022765,52.17411087089201,0.6701794317443087,38.2515506487904,Medium,Low,High,Black,100-300
50.636895739735024,1738.1198051017484,96.94215044422931,27.230571295060493,11.05381813933743,2.6214986909819475,43.8536391303551,18.61496881721087,8.406940252457845,52.144148059837335,0.6632649368855388,38.705602477849624,Medium,Low,High,Black,100-300
90.99061126949653,1719.3865740740741,96.77047802630928,26.720093887305033,10.702958849375065,2.512649820214854,43.107143627714066,18.461179784257823,8.3,50.51988733523396,0.6644101078710877,38.79247223328169,Medium,Low,High,Black,100-300
306.5357799672931,1714.7911832946636,94.73974778494932,25.647882299643012,10.21406725734685,2.5914621677423972,47.53437798280024,18.436991592831642,8.313495796415822,50.30985741791373,0.6765042035841781,38.21860486308726,Medium,Low,High,Black,100-300
228.3923002321767,1951.1497189575882,93.94743431196794,25.349246872581492,10.515586622388012,2.4652451876451105,46.75208373742377,18.38939581312881,8.293660250193481,52.643554863294426,0.6868301250967402,37.27491217758412,Medium,Low,High,Black,100-300
137.70962794492408,1929.8939746573571,95.45823877155577,26.14792440068097,10.755157185437398,2.6372236953678043,43.68300128471156,18.586513900666016,8.374321642385691,52.25535489735089,0.6714195894035773,37.03361184768391,Medium,Low,High,Black,100-300
93.64523010004797,1865.6264528878528,94.44841218973137,27.015075559930395,11.57594254463663,2.8650251917874066,47.22147111294406,18.516993966034846,8.416097427130836,56.64358812551392,0.6701869668835768,34.025973991958274,Low,Low,High,Black,100-300
94.6554514862305,1862.2340392899707,94.4505646064117,27.04653163620965,11.630517804116252,2.8617944947902068,47.30896204294538,18.522003882854847,8.409959943667465,56.748087833941355,0.670938303492038,34.082461271040785,Low,Low,High,Black,100-300
93.48185950548275,1860.1079396479627,94.41029479235836,27.0590884580239,11.608329524935538,2.857606053819235,47.27762688282214,18.513326247929328,8.414207339259393,56.72429710191557,0.6700263169383486,33.84458653638122,Low,Low,High,Black,100-300
93.80081706503076,1861.4117028076741,94.49261633259252,27.04842127054889,11.585050858301903,2.8519411958135503,47.255510802906656,18.516456745280916,8.407123768886754,56.73560832621772,0.6698270207792837,33.94022559814821,Low,Low,High,Black,100-300
92.71320135551015,1859.106922257114,94.39951128781206,27.035715995209173,11.618042971677925,2.8568155246990603,47.24273146353782,18.522353241568258,8.410360024174558,56.668609445271244,0.670924498386437,33.96815098763545,Low,Low,High,Black,100-300
86.55241508221037,1689.761220299208,94.4459370848434,27.019685424216988,11.410917157326496,2.7990562726509682,45.60700939781769,18.715019927516902,8.483132472818838,55.47144002880238,0.6618741696867958,34.619122697707304,Low,Medium,High,Black,100-300
90.97857455798777,1864.1084876346792,94.43494869518251,27.067960018568886,11.603016597908393,2.859210903249902,47.22417738722574,18.51882809721143,8.426402173981131,56.71101613974517,0.6696678358457003,34.070399724970294,Low,Low,High,Black,100-300
25.454842932776565,1799.1185123508185,96.09527799250333,28.199091057859174,10.64956003092048,2.5519355366597067,44.330119288828975,19.18774214663883,8.704017729679254,48.37765349824256,0.6316422239400267,36.771553575543756,Low,Low,High,Black,100-300
29.255054947486034,1871.4891798022977,97.19648129087335,28.017661774950852,10.821180484077505,2.438819515922495,43.14337195765222,18.714097579612474,8.413518709126654,49.462406454366736,0.6541203227183368,39.29849081960116,Low,Low,High,Black,100-300
24.10962273090267,1799.1185123508185,96.28636040754223,28.151702618929527,10.67707589868608,2.5351202841362834,43.69725433022012,19.120481136545134,8.66121526871054,48.524404792992435,0.6331708832603379,36.98709453970764,Low,Low,High,Black,100-300
17.49027170530795,1929.8131469979296,97.13469801482877,27.865772207602706,10.906039703424705,2.433490074143824,40.278828653407274,18.80939602965753,8.467349007414382,49.89311700553114,0.6453019851712353,37.89698014828765,Low,Low,High,Black,100-300
23.291253057032556,1799.1185123508185,96.40260609985333,28.122873687236375,10.69381527837888,2.524890663212907,43.312248597285766,19.079562652851628,8.635176233632855,48.613681484687355,0.6341008487988267,37.11821968063456,Low,Low,High,Black,100-300
17.818175823059565,1929.8131469979296,97.13754935498312,27.905690969763775,10.849012900337469,2.447746774915633,40.59675308061862,18.815098709966254,8.468774677491563,49.509611754769466,0.6424506450168734,37.925493549831266,Low,Low,High,Black,100-300
26.95802153780277,1871.4891798022977,97.18485074196356,28.001669770199893,10.816819028236335,2.443180971763666,42.675242364033224,18.73590485881833,8.425149258036443,49.40425370981779,0.6512126854908896,39.02081146437995,Low,Low,High,Black,100-300
73.91918348098021,1907.16142557652,96.39335538331147,26.966843066491773,11.262098534557596,1.9968430664917718,48.17330059328047,18.74375228291796,8.483421533245886,54.003451156492964,0.703289233377057,40.05285580708323,Medium,Medium,High,Mixed Red & Black,50-100
166.34532242652443,1845.225684096451,96.06116354358342,26.480627681622593,10.502758335523913,2.4095815455849374,43.07549108316382,18.780104613603765,8.427019643326553,50.05230149928284,0.6761699405544255,39.027149844814325,Medium,Medium,High,Mixed Red & Black,50-100
71.85480741434561,1907.16142557652,96.39098253725787,26.94786029806295,11.394977913559362,1.977860298062948,49.252945547669825,18.6986682078995,8.473930149031474,54.70818643441305,0.708034925484263,40.8216579284506,Medium,Medium,High,Mixed Red & Black,50-100
167.41085276508971,1845.225684096451,96.05699666516445,26.473994691486272,10.497996188759375,2.414003539009151,43.04997958263951,18.77899911524771,8.425999183305581,50.02798053544967,0.6759998638842635,39.04101109343253,Medium,Medium,High,Mixed Red & Black,50-100
76.60156610947578,1790.947603121516,96.40476437809922,27.008883117768494,10.831239336776322,2.067469386363796,45.080122454544814,18.88905751239687,8.52429313429765,51.77272358264227,0.6868237479338553,38.34943966735948,Medium,Medium,High,Mixed Red & Black,50-100
190.69276403635382,1821.364060356653,96.09741471839847,26.18508876002541,10.447328939879243,2.3749990061646065,41.73190700413086,18.914827449126154,8.470775982014617,50.4722461428662,0.6731897065776927,39.015082797013044,Medium,Medium,High,Mixed Red & Black,50-100
189.5898452985182,1821.364060356653,96.10042146374596,26.19338514996571,10.451727696961685,2.371769538939522,41.765872090463645,18.914382005370967,8.471165745300402,50.487725313358844,0.6733567479858867,39.004002383602845,Medium,Medium,High,Mixed Red & Black,50-100
6.913210115905189,1940.720349884229,97.44946466363744,28.054120930725208,10.82140959028068,2.6005353363625567,39.61510302476016,19.209366454233948,8.649901790596504,49.148270753590424,0.6341748507836246,37.652229924140386,Medium,Low,High,Black,100-300
32.792162208631424,1843.633405639913,97.53314395613559,27.76926098694937,10.988797528457525,2.5862879122711675,38.03658048930563,19.094346427678058,8.590066208355978,50.77747336133797,0.6473579671016877,38.20659121044051,Medium,Low,High,Black,100-300
10.23167816340425,1727.9746835443038,97.51,28.150541922401683,10.818445168649053,2.6358774283488424,41.61619376097264,18.997503195553893,8.508245143302315,49.0011419984419,0.6387161298498948,37.18858704035726,Medium,Low,High,Black,100-300
27.209261402044383,1843.633405639913,97.52890646026721,27.864604643987857,10.943244447872468,2.577812920534413,38.27705837983604,19.13566201239474,8.61019431373077,50.32935817325707,0.6441798452004048,38.130316284809716,Medium,Low,High,Black,100-300
13.023139332833903,1843.633405639913,97.51813900518621,28.106872383310236,10.827494305751776,2.5562780103724236,38.888111455682484,19.240644699434437,8.661339725365494,49.190699798441884,0.6361042538896587,37.93650209335181,Medium,Low,High,Black,100-300
11.329299837755471,1727.9746835443038,97.51,28.13124307977573,10.829300767626153,2.649145382654187,41.92979995364442,18.95287462198137,8.481709234691627,49.09401767857931,0.639922307514017,37.10536078153283,Medium,Low,High,Black,100-300
6.092795723434836,1727.9746835443038,97.51,28.22331348178576,10.77751116649551,2.5858469812722893,40.43365592098139,19.16578742662957,8.60830603745542,48.65092886890602,0.6341679073883899,37.502414390201096,Medium,Low,High,Black,100-300
20.957812983467512,1871.4891798022977,97.1544699391568,27.9598961663406,10.8054262271838,2.454573772816201,41.452415051061095,18.792868864081004,8.455530060843204,49.252349695783984,0.6436174847891994,38.29546979736854,Low,Low,High,Black,100-300
33.012572997833765,1786.4172018989111,97.21624369522893,28.040609238072317,10.828121847614463,2.437512609542148,44.00313545216892,18.669060923807233,8.389530461903616,49.572956928554234,0.6595304619036158,39.71303457583173,Low,Low,High,Black,100-300
58.345043582460164,1901.6445846477393,97.10482900550078,27.983555195481216,10.832214826817292,2.432953102423057,44.38457196669994,18.672214826817296,8.392214826817293,49.71288960903757,0.6614765512115285,39.801676227144625,Low,Low,High,Black,100-300
25.663977311639236,1934.6098631551765,97.174497112219,27.872538737654107,10.998360684789695,2.398147978553301,41.61009261593557,18.7200531765591,8.4218520214467,50.62201613018487,0.66,38.89988906782093,Low,Low,High,Black,100-300
30.70924300707197,1934.6098631551765,97.20237150832637,27.981248882472823,10.895225419192451,2.4176600558284553,43.12924720378687,18.689391340841002,8.402339944171546,49.98369245932625,0.66,39.48803882568629,Low,Low,High,Black,100-300
144.0720217091168,1901.6445846477393,96.70093275990993,27.75053813071727,10.839982062309424,2.443309416412566,45.41761428715344,18.679982062309424,8.399982062309425,50.17892373856546,0.6666547082062829,39.597139025851824,Low,Low,High,Black,100-300
24.0994651134624,1934.6098631551765,97.16585339841693,27.838828253825987,11.030342425857398,2.3920973788918434,41.13901021372211,18.72956126174139,8.427902621108156,50.819957176252544,0.66,38.717506706597,Low,Low,High,Black,100-300
129.48367857935636,1886.504752364858,96.25896298015759,27.762265998121695,12.247065772830908,2.408892574259776,50.70508982996481,18.637013188287117,8.498797066091416,57.21268744104892,0.7198690687217755,39.20389812485806,Low,Low,High,Black,100-300
84.08987519589985,1755.972222222222,96.31181895569169,27.302715664624625,12.054541430403203,2.37181725316997,49.589974462174176,18.693637911383384,8.515455164553353,56.89726220259299,0.7072724177233233,37.65359705086206,Low,Low,Medium,Black,100-300
125.6716297039918,1886.4686810021585,96.28399816357359,27.814826362626267,12.236046499435133,2.41330801402785,50.44814638624605,18.612206324738242,8.48656896293229,57.13723052601693,0.7199934945517996,39.24413077807279,Low,Low,High,Black,100-300
124.08416552261647,1884.1207808493602,96.28024637891657,27.795270097126057,12.231724940398573,2.4114250316446064,50.72676302589393,18.633096804051963,8.49221381333147,57.30400131771414,0.7204845095608157,39.23900873600647,Low,Low,High,Black,100-300
127.31421988290053,1884.8568283195345,96.30864687995606,27.76747983896443,12.237136249273929,2.4029879173154205,50.54073101573466,18.63182256893966,8.492613933190507,57.26532210008484,0.7197137699598365,39.26813025981724,Low,Low,High,Black,100-300
64.62763716151082,1755.972222222222,96.3263864991306,27.084202513040918,11.978790204520852,2.354336201043273,49.10924552869002,18.722772998261213,8.527109199304483,56.699143611823764,0.7014454003477577,36.91356584416523,Low,Low,Medium,Black,100-300
128.3383139314467,1877.7164858982683,96.28652210647277,27.802537569402393,12.219794773470035,2.4138202421730757,50.5775426681657,18.62834535801505,8.484104226663932,57.39503941853416,0.7202779782678723,39.136568358577534,Low,Low,High,Black,100-300
285.6527180994411,1889.983633086388,95.66438761133924,26.81735002756709,11.3042262401993,2.2371684861220063,47.195079711983595,18.98062452053215,8.590004303035391,54.966693997188976,0.6910038410873447,40.672974990836906,Low,Low,High,Black,100-300
288.0180088045125,1731.9443807339449,96.60471966691757,26.913043378947403,10.85975195714272,2.514533920300834,48.051676287970174,18.58434817368409,8.339689660902181,51.577145793983966,0.6819254729323284,40.27124249849616,Medium,High,High,Black,100-300
285.2778497756663,1731.9443807339449,95.97609494853522,26.837823327175155,11.166005025072586,2.3318566517110897,47.49827162136006,18.847618354886958,8.5062483469693,53.80151018210615,0.6872983337732033,40.47003834960852,Medium,High,High,Black,100-300
283.0661395550327,1728.418724870764,95.80739268094348,26.797270505908454,11.213549730429708,2.317790581609059,47.14630365952826,18.90630365952826,8.546328094535266,54.15710640141292,0.6859057588626811,40.10871549852874,Medium,High,High,Black,100-300
212.87670294216198,1724.8808975834293,95.5239014179871,26.164873283939844,10.861297371734333,2.3458544526766927,45.556572886509116,18.848942106209808,8.519430364882204,53.87657753790118,0.6698372471092015,42.09228784325529,Medium,High,High,Black,100-300
281.04322455216817,1728.418724870764,96.16496194495227,26.790648852871254,10.955305261978918,2.506507693169252,46.96751902752386,18.72751902752387,8.44038164594007,52.30635437751558,0.6759732793068814,38.98965613524198,Medium,High,High,Black,100-300
280.3293261176638,1728.418724870764,96.2911502116077,26.788312033118377,10.864169291616653,2.5731070561262914,46.90442489419615,18.664424894196145,8.40299252989401,51.65321325658602,0.6724680496775636,38.5947335970055,Medium,High,High,Black,100-300
58.08040026188998,1802.5474674785498,96.43089591218097,26.40641635127611,10.822252838515004,2.162687736542917,48.82905772093952,18.41394606374715,8.34283270255222,53.270829294547106,0.7163438682714585,40.402423920649454,Medium,Medium,High,Mixed Red & Black,50-100
60.58763044429839,1802.5474674785498,96.4364367523631,26.38425299054764,11.021723085071253,2.179310257089271,49.225227793960954,18.283736319467376,8.298505981095277,54.451028253338244,0.7246551285446355,40.91218121740432,Medium,Medium,High,Mixed Red & Black,50-100
79.60549874388072,1838.586413043478,96.4018539476496,26.37,10.763090040445983,2.200898872100113,48.771573313492645,18.205449436050056,8.237303383699661,52.55612464362245,0.7136516918498302,41.485224622252545,Medium,Medium,High,Mixed Red & Black,50-100
61.45213001141685,1723.3465745538288,96.43843378012862,26.392710188134988,11.164879088778095,2.1790364609003516,49.47530134038586,18.203915549678445,8.273132439742756,55.057293562540615,0.7284337801286217,41.10452198112578,Medium,Medium,High,Mixed Red & Black,50-100
66.89978524962063,1919.0768429278457,96.41329667471807,26.674417908214064,11.310219951691613,2.0725053687594843,49.597494631240515,18.456351922706578,8.376813301127742,55.09784603381587,0.7193186698872258,41.18659334943613,Medium,Medium,High,Mixed Red & Black,50-100
63.56468262876029,1919.0768429278457,96.4322461214275,26.45839421572652,11.19652327143501,2.1558829342809926,49.514117065719006,18.274437234296016,8.301015514290006,55.17743370999549,0.7268984485709993,41.224492242855,Medium,Medium,High,Mixed Red & Black,50-100
60.98179327210212,1802.5474674785498,96.43730783043559,26.380768678257663,11.053081895681052,2.1819234913067542,49.287509876144306,18.263265984763756,8.291537356515322,54.63656788277956,0.7259617456533771,40.9923204000738,Medium,Medium,High,Mixed Red & Black,50-100
15.919926868111883,1943.609768637532,97.12074290980247,27.656285450987685,11.20785361791175,2.3596816100846585,38.66716927277579,18.77925709019754,8.460212259943562,51.9149991080349,0.6604245198871217,37.741297342314006,Low,Low,High,Black,100-300
19.979183594665702,1959.573394495413,97.15991204335774,27.635952863624457,12.170674334257308,2.3350146594403762,42.7846323831589,18.850410464330537,8.545190572724891,56.77193504612967,0.7,37.74237482934095,Low,Low,High,Black,100-300
205.61977071254864,1868.691813804173,95.74132645742337,27.28300608305758,12.146953363225233,2.4199797231414055,48.62332715916596,18.781983778513123,8.542985806198985,57.891598518199835,0.7089979723141405,38.1717201793514,Low,Low,High,Black,100-300
23.09945762188269,1943.609768637532,97.16521787907361,27.43391060463195,11.678017578778158,2.340620908968453,40.29368243469201,18.73478212092639,8.472919394021032,54.608911532458634,0.6858387880420626,37.22030484513772,Low,Low,High,Black,100-300
146.2555308468956,1868.691813804173,96.22306247649445,27.291982530617908,12.078133931929365,2.390058231273637,46.154804080075046,18.75804658501891,8.522040761891546,57.299152979218015,0.7060058231273636,37.75880359157619,Low,Low,High,Black,100-300
79.37348827233282,1868.691813804173,96.76580485827391,27.302095742700754,12.000599305960868,2.356347524330813,43.37367075729207,18.73107801946465,8.49844326703157,56.631680981750094,0.7026347524330813,37.29359583576522,Low,Low,High,Black,100-300
18.78137643198308,1959.573394495413,97.15485088633233,27.69078206473317,12.209476538118858,2.3358581856112797,43.05118665316433,18.874029197115824,8.556156412946633,56.8832805006889,0.7,37.87902606902728,Low,Low,High,Black,100-300
59.330315168144026,1918.8118811881184,94.08712909077781,26.487113030018588,12.519935756963115,2.968612727666569,50.13979121013013,19.282886969981412,8.781451515370318,62.16709696925937,0.5942903030740632,31.97001606075922,Medium,Low,Medium,Black,100-300
56.74223019175336,1918.8118811881184,94.10756134059142,26.531382904614745,12.615286256093297,2.9073159782257374,50.44968033230322,19.238617095385255,8.747397765680965,62.235204468638074,0.587479553136193,31.946178435976677,Medium,Low,Medium,Black,100-300
58.45223232299895,2032.9906999510526,94.01619419192502,25.44194191925026,12.738967634679163,3.001224894772879,49.604522832552355,19.208967634679162,8.728967634679163,65.48707880875968,0.6274190866979057,30.658652293835708,Medium,Low,Medium,Black,100-300
55.96373376675328,1918.8118811881184,94.09031281217781,26.401407654800195,12.81524925077323,2.899530781733268,50.64315740505794,19.047126123840158,8.646500499484516,63.43314741536765,0.6077810314755249,31.094506493298688,Medium,Low,Medium,Black,100-300
55.83258452860947,1918.8118811881184,94.1147427537215,26.546942633063257,12.648799517367019,2.8857717388354875,50.55859843144281,19.223057366936743,8.735428743797494,62.25914251240501,0.5850857487594986,31.937800120658245,Medium,Low,Medium,Black,100-300
55.804485105023325,1930.5023303987573,94.12067734563975,26.615958809675263,12.680045767027483,2.8599771164862586,50.81929977084651,19.237945079567023,8.736636155315013,62.14219222151543,0.5813318077657506,31.595038905156862,Medium,Low,Medium,Black,100-300
58.08829558952666,2032.9906999510526,94.02529261026184,25.532926102618333,12.737451231623028,2.9883354687957357,49.699298023560765,19.20745123162303,8.727451231623029,65.23308129685715,0.6236280790575693,30.759493097068656,Medium,Low,Medium,Black,100-300
143.028400109778,1724.9525998276358,95.851389633979,27.924784632606773,10.940114389507587,2.5591117071831975,52.76054512429404,18.833394998627774,8.516948169894986,50.94095889919254,0.6477220732042006,35.063122436480754,Low,Low,High,Black,100-300
28.347466923116357,1745.120910384068,96.20872668653239,27.668727513217483,11.334362929923648,2.4176365740652965,52.778182043641394,18.58872751321748,8.469454530423908,52.69599685859665,0.6310909391521852,35.45727182543445,Low,Low,High,Black,100-300
74.24408967853292,1745.120910384068,96.07018424942238,27.725565436134406,11.167401531355182,2.467369756617605,52.83146759637601,18.645565436134405,8.465902160241601,51.95355149049432,0.6381956795168008,35.244129614495975,Low,Low,High,Black,100-300
138.14170792062333,1724.9525998276358,95.8588388598771,27.993317510869307,10.972890983459234,2.565071087901679,52.65625596172062,18.894478650992205,8.554194299385493,51.08547388161571,0.6462322280245802,35.176350670131896,Low,Low,High,Black,100-300
143.62368437484363,1840.379918588874,95.84188392208908,27.74275919434756,10.967240805652443,2.512321558218321,52.55075127053955,18.85115140325595,8.518401584761603,51.302131925526936,0.651883922089084,34.71291132362611,Low,Low,High,Black,100-300
119.53213102161429,1840.379918588874,95.8484843476653,27.472141745722244,11.237858254277757,2.380313046693777,51.25706785759901,19.240576512253355,8.723014777624645,53.34166342858115,0.6584843476653112,34.092471319460756,Low,Low,High,Black,100-300
199.5321611697771,1789.947119398831,95.40678411817868,27.180021992763955,10.850616738016242,2.599229077479696,49.838259749771034,18.67107929152843,8.440308369008122,51.70458154959392,0.65,35.401982405788836,Low,Low,High,Black,100-300
44.12587243702298,1858.812365591398,95.14530206381508,25.49361585369949,12.834337242023116,2.73337242023116,48.05023452138696,18.832524859132683,8.551442776647248,66.47095590971058,0.6613255159537681,31.666871013237174,Low,Low,Low,Black,100-300
15.465716131860699,1953.3456126886676,95.10079227899018,25.46912129739209,12.872483438597994,2.7789080941372704,48.14122439707878,19.11475367394117,8.709207721009806,66.89475367394117,0.65158455798039,31.452270235343175,Low,Low,Low,Black,100-300
15.942420313241145,1871.3456196581194,95.10783233997275,25.451329359890988,12.843132935989098,2.783734128021803,47.66159238253457,19.17892459176017,8.741329359890987,66.7631160924415,0.6515664679945493,31.20430163295932,Low,Low,Low,Black,100-300
16.623427733243588,1953.3456126886676,95.101418069045,25.507920280789786,12.898140830844858,2.7701470333700486,47.94472631987109,19.11850841426998,8.708581930955004,66.89850841426998,0.6528361380899931,31.43036758342512,Low,Low,Low,Black,100-300
24.822523400093992,1871.3456196581194,95.14363920725845,25.594556829033774,12.857455682903376,2.7550886341932452,44.331553724964756,19.494025023874304,8.884556829033775,66.18304484241321,0.6587278414516887,29.943899904502786,Low,Low,Low,Black,100-300
20.166793305849943,1871.3456196581194,95.12486610203972,25.51946440815887,12.849946440815886,2.770107118368226,46.07745251030627,19.328821697949515,8.80946440815887,66.48716914695657,0.6549732204079435,30.604713208201943,Low,Low,Low,Black,100-300
19.16765725528535,1871.3456196581194,95.12083732764228,25.50334931056912,12.848334931056911,2.7733301378861763,46.452128529267995,19.29336848325206,8.79334931056912,66.55243529219507,0.654167465528456,30.746526066991755,Low,Low,Low,Black,100-300
151.06760471240176,1927.0676348953184,96.25385956785418,27.412603756611837,10.887717248295086,2.5427308873986223,49.72933738478591,18.67326841361712,8.443088204795494,51.29582857363938,0.6802261947200802,36.79248120230132,Low,Low,High,Black,100-300
148.8341458861692,1913.1988811058422,96.27075737419035,27.43297736605384,10.87106276993847,2.556243442176709,49.95999246583595,18.67515401893875,8.436471928321433,51.26504216757688,0.6802086865825482,36.7259502482187,Low,Low,High,Black,100-300
126.93474656210161,1958.3384379785603,96.28,27.531476109559264,10.949256366685757,2.47963376187749,49.040599563995265,18.863507154836903,8.538512733371514,51.3040732476245,0.6764816880938745,36.0994785354893,Low,Low,Medium,Black,100-300
152.7994688386531,1921.1427205195141,96.30153245587582,27.40032386841641,10.90429142610848,2.551036995752957,49.901627767393904,18.659020031083088,8.42969290024657,51.15625189327895,0.6801530734162539,36.65255692844316,Low,Low,High,Black,100-300
117.48707087598058,1958.3384379785603,96.28,27.567388327079605,10.968593714581326,2.4520089791695336,48.74639562815553,18.939475307283782,8.577187429162652,51.30959820416609,0.6751004489584768,35.871574078148655,Low,Low,Medium,Black,100-300
145.01079457020174,1958.3384379785603,96.28,27.462765985551865,10.912258607604851,2.5324877034216424,49.60349404144049,18.718158815590485,8.4645172152097,51.29350245931567,0.6791243851710822,36.53552355322855,Low,Low,Medium,Black,100-300
120.33855790808413,1773.1698430493275,96.29681000114688,27.302157990595553,11.256372024313935,2.482759995412465,49.521039981649864,18.69017200137626,8.47025800206439,53.09203212294593,0.6867240004587535,36.69681000114688,Low,Low,Medium,Black,100-300
282.88222659536217,1885.5870659952293,95.61290501130836,27.226529356623917,11.631180439825643,2.446452505654179,48.88650168134438,18.752981862278098,8.496529356623919,55.330092176511506,0.6976606207593659,38.6225976074294,Low,Low,High,Black,100-300
138.06869652995368,1897.0097496706194,96.6281852040462,27.66680156161926,10.820749248484614,2.4634582080807688,43.36336802623437,18.778501503030775,8.452708959596157,49.94080577776916,0.6538328323230755,38.337319305046115,Low,Low,High,Black,100-300
303.1620751579653,1897.0097496706194,95.92385785583065,27.29084304466636,10.849303059898757,2.468217176649793,46.79458436450068,18.721393880202484,8.428914116751036,50.98777886295444,0.6728687065991716,38.87032378477681,Low,Low,High,Black,100-300
223.894870579011,1901.6445846477393,96.32485337771962,27.5335692563767,10.847214358120777,2.4529524774943687,46.37950963006328,18.687214358120777,8.407214358120777,50.6128614872466,0.6714762387471844,39.406688569486214,Low,Low,High,Black,100-300
344.3718725481391,1885.5870659952293,95.64816536308402,27.169231284988474,11.053792179499231,2.4640826815420085,48.282668157186215,18.71331396653048,8.439231284988473,52.372630171328126,0.6844379888434939,38.95757094929816,Low,Low,High,Black,100-300
187.60335776306692,1916.4309939994785,95.80886576664328,27.704111464727728,10.884810961107211,2.5361625629525646,52.08283505863017,18.73308128147628,8.453081281476283,50.83415885564134,0.6551890388927882,35.6130060857285,Low,Low,High,Black,100-300
211.31481820478365,1916.4309939994785,95.78896896519109,27.630051148211248,10.881494827531847,2.527319540084925,51.54783217513798,18.728659770042462,8.448659770042463,50.90711379429937,0.6585051724681531,36.075054030562654,Low,Low,High,Black,100-300
19.18620467829977,2007.0502487562187,93.82,25.03365145978353,12.425604856773216,2.8979784330567036,52.0001821907166,18.446132870783504,8.335400346912373,64.9370302397526,0.6456445215360828,32.37801809781957,Low,Low,High,Black,100-300
23.725858129533357,1792.4766925638182,93.81648815501266,24.934397708504484,12.129701364784545,3.0010093344550244,49.70232734625471,18.60642641954374,8.380236899746523,63.72489159225594,0.64,31.858228272965682,Low,Low,High,Black,100-300
16.75547993922784,1792.4766925638182,93.81774182015481,24.786465221731813,12.108389057368143,2.947101733342949,49.8264401953267,18.561294474426656,8.355163596903697,63.94804398755709,0.64,32.15158591622674,Low,Low,High,Black,100-300
26.250846112248738,2035.7335292676953,93.82,25.0822367634407,12.253424759704059,2.9377248850758537,50.66806169030715,18.639499791047008,8.429624843285255,64.07885035522008,0.6439874947761752,32.37296290223451,Low,Low,High,Black,100-300
22.667453060900456,2035.7335292676953,93.82,24.99086996050397,12.223617150235338,2.9234690718516836,50.56762300622777,18.613580130639424,8.410185097979568,64.12291377791297,0.6433395032659857,32.422858248519105,Low,Low,High,Black,100-300
69.17790681945085,1999.1556332750438,93.82891329311651,25.87482055371146,12.444358310893955,3.2332716040104783,50.611537466340934,18.569132931165225,8.416959517398272,63.69041630937731,0.64,31.476705429269426,Low,Low,High,Black,100-300
11.729732639424713,2007.0502487562187,93.82,24.778081231709095,12.24867162195245,2.8741064886761243,51.029857863247166,18.46298365505215,8.32276225871089,64.64494997909611,0.6428360574913088,32.52827092421498,Low,Low,High,Black,100-300
63.57163030917057,2139.193526011561,93.97959471870244,25.353242250380507,12.34,3.05756831221462,46.7761067714044,19.364052812975633,9.81121584389269,64.38973593512183,0.64,31.799330653824274,Medium,Low,Medium,Black,100-300
58.407507439320526,1988.1668760995224,93.97611223477644,25.40555106089426,12.38584176082326,2.9969438826117827,47.21655720624456,19.276632956706962,9.76054094790635,64.58540194279603,0.649168352164652,31.03494943506044,Medium,Low,Medium,Black,100-300
62.659334862416735,2907.0,93.98719036697022,25.605341743096375,12.357190366970233,3.0034380733940464,45.664989678784856,19.435933486241673,9.6629392202066,63.6005733945358,0.6331238532119068,31.426894495397583,Medium,Low,Medium,Black,100-300
62.28860120402211,2907.0,94.01367134256985,25.875447694212465,12.38367134256985,3.0087342685139697,47.01287133680535,19.39886012040221,9.390185171530549,63.12391583374271,0.6225314629720602,31.606965129474975,Medium,Low,Medium,Black,100-300
63.515283540175126,2139.193526011561,93.97878976485964,25.359681881122846,12.34,3.052738589157868,46.60948132594643,19.372102351403555,9.813630705421067,64.34948824298223,0.64,31.758278007841877,Medium,Low,Medium,Black,100-300
59.465062531045014,1988.1668760995224,93.9746733843115,25.411306462753988,12.375050382336275,2.9976633078442485,46.64533357166684,19.3197984706549,9.779246003950457,64.42640896642112,0.6470100764672551,31.099697705982347,Medium,Low,Medium,Black,100-300
62.979787970696506,2139.193526011561,93.9711398281528,25.420881374777544,12.34,3.0068389689168433,45.02594442763109,19.448601718471927,9.836580515541579,63.96699140764036,0.64,31.368131235793165,Medium,Low,Medium,Black,100-300
59.085363855607646,2054.5431619786614,94.02926819278038,26.10255722926433,12.951950120584206,2.990731807219618,50.38780048233682,18.843904337172738,8.556586264976561,65.15902698771006,0.6492681927803823,29.867442770735668,Medium,Low,Medium,Black,100-300
54.71510294285162,2033.0932286555444,94.04686498868134,25.89951182135502,12.830701753443062,2.9056750565933003,50.5043249434067,19.049244852857417,8.623081617619139,65.1681083144689,0.65562166289378,30.25600305413972,Medium,Low,Medium,Black,100-300
60.21618683883383,1839.7603686635944,94.02639939729409,26.011180110704785,12.73316202952732,3.0656126568242272,50.93848678965184,18.90921325953014,8.596807835176902,64.54950115622985,0.6355975891763377,30.02723134070761,Medium,Low,Medium,Black,100-300
59.84097279518603,2907.0,94.04234954658644,26.22879637269147,12.79945589437636,2.9992621599398257,50.25328112108314,18.981281945683815,8.63027205281182,64.20452184607764,0.6345630667669576,30.50378812902082,Medium,Low,Medium,Black,100-300
53.207232067098786,2033.0932286555444,94.05266449204962,25.820251941988523,12.786238894286246,2.8766775397518995,50.5333224602481,19.12463839664506,8.648212798881687,65.17777415341604,0.6575548306832067,30.399057470557292,Medium,Low,Medium,Black,100-300
59.08935439709749,2054.5431619786614,94.02946771985488,26.110039494557782,12.954144918403617,2.9905322801451257,50.39657967361447,18.840113322757386,8.554790521306133,65.15383928377327,0.6494677198548743,29.859960505442217,Medium,Low,Medium,Black,100-300
59.994402557055096,1839.7603686635944,94.02711483046112,26.034789405216717,12.778234319050094,3.0505885603166356,50.83546441359979,18.893473729855522,8.587507204005536,64.66683219562246,0.6384593218444504,29.990028816022143,Medium,Low,Medium,Black,100-300
62.77661844991127,1949.9261538461537,94.06809459932849,26.526216026860375,12.436189198656981,3.014283797985472,50.09531027588056,19.363824215444716,8.829054006715094,61.90802752882001,0.5980945993284906,31.511744431451152,Medium,Low,Medium,Black,100-300
60.342837677527086,2054.5431619786614,94.04520366451844,26.007798683912135,12.563981677407812,3.0158672774197397,49.73948743227115,19.274540051617137,8.776938219357918,63.577116515992444,0.6123981677407813,31.41141883876354,Medium,Low,Medium,Black,100-300
61.7638586649594,1839.7603686635944,94.05115295250289,26.204988382537696,12.398536495506379,3.0878493709895607,50.62634308088517,19.21822594351566,8.76099767650754,62.63394792041939,0.60376940949942,31.375586251594534,Medium,Low,Medium,Black,100-300
64.91524715040042,1949.9261538461537,94.06490261619344,26.653895352262712,12.429805232386864,3.004707848580297,50.45600437014216,19.43723982755106,8.860973838065679,61.569677316503814,0.5949026161934322,30.710556664551483,Medium,Low,Medium,Black,100-300
59.281780788728035,2907.0,94.03302967981213,26.15423743849707,12.92061416244226,2.9922722598591007,50.37909932253619,18.86711357769864,8.569692918778872,64.91050175423085,0.6462129002348326,30.002845289902197,Medium,Low,Medium,Black,100-300
60.30567488100329,2907.0,94.05009458135005,26.290756650800436,12.698770442449288,3.005070936012541,50.14872315177426,19.07615862153817,8.680614778775357,63.617835462733346,0.6248817733124316,30.920083747565446,Medium,Low,Medium,Black,100-300
61.51796721759544,1839.7603686635944,94.0687166273146,26.433316155089944,12.437176580092144,3.0246201416673997,49.9308215583414,19.3130697874989,8.806663231017989,62.14567776065381,0.6002566745370778,31.94816205045632,Medium,Low,Medium,Black,100-300
14.964556817057955,1956.8523249872255,95.13400459706146,25.701599483031746,12.804004597061462,2.6859954029385382,45.20749116577686,19.474879183981358,9.119954029385381,65.5714615711879,0.6415535124171281,33.74785950331488,Low,Low,Low,Black,100-300
13.50224052086959,1923.3584611385495,95.07511202604347,25.146232286478273,12.757040086811598,2.7568160347246393,43.92675667046398,19.524799565942008,9.58107908847822,66.88170400868115,0.6665919826376804,32.41744701902894,Low,Low,Low,Black,100-300
14.27445645484024,1782.7027027027027,95.10600703049342,25.820428332866555,12.755431584497181,2.6985613850093975,44.717762017687996,19.599712277001878,9.333059495578,65.21338887430448,0.6494245540037591,32.19849108007518,Low,Low,Low,Black,100-300
24.573570798934774,1887.0955785014562,95.13876043568575,25.54553788641811,12.843140653528629,2.75,43.63743897563249,19.558429673235686,9.02942037083888,66.19239564314248,0.661404945539281,30.126029260852192,Low,Low,Low,Black,100-300
25.23002796406977,1887.0955785014562,95.14280017208658,25.572301140073616,12.849200258129875,2.75,43.674301570290076,19.555399870935062,8.986498171580054,66.15199827913416,0.6608999784891771,29.98009378337218,Low,Low,Low,Black,100-300
20.12178747213683,1970.5124302384577,95.08407704182646,25.424329743378532,12.919482283287424,2.7148073954338385,43.79831434228201,19.45515253990889,9.38695839159869,66.90463482319632,0.67,32.08914945242081,Low,Low,Low,Black,100-300
13.504625834553233,1923.3584611385495,95.07523129172766,25.147544209004277,12.757437639092206,2.7569750556368824,43.94814498316065,19.52281180453897,9.576904789531843,66.88174376390921,0.666512472181559,32.412954678258075,Low,Low,Low,Black,100-300
78.96271928901305,1807.5553109521186,96.39,26.67078425260956,11.123907686259464,2.0306683374400993,49.93888157867039,18.54728801184978,8.416915204739913,52.85385756305648,0.7062082289099938,40.91249373459963,Medium,Medium,High,Mixed Red & Black,50-100
62.98993450067405,1919.0768429278457,96.43551173579162,26.42116621197548,11.176929585250251,2.1702516374831484,49.49974836251685,18.243087336400404,8.287953056833501,55.19114929032482,0.7282046943166498,41.23102347158325,Medium,Medium,High,Mixed Red & Black,50-100
69.58200718074849,1919.0768429278457,96.39805677738211,26.848152737843936,11.401659335707334,2.005449820481288,49.66455017951871,18.602654937131735,8.437772890471557,55.03383846500486,0.7132227109528443,41.156113554764225,Medium,Medium,High,Mixed Red & Black,50-100
65.91030640203172,1828.0414168937332,96.39855410688735,26.800282920840086,11.159160365830383,2.0156219033991554,49.229524121196214,18.677148631037554,8.458594524150211,53.84519557020888,0.7071486310375528,40.64386180053418,Medium,Medium,High,Mixed Red & Black,50-100
69.37148639558136,1919.0768429278457,96.39925291820693,26.834516732441067,11.394482490758454,2.010712840110466,49.65928715988954,18.591171985213528,8.432988327172303,55.03886225646908,0.7137011672827697,41.15850583641385,Medium,Medium,High,Mixed Red & Black,50-100
60.13563756107078,1828.0414168937332,96.40825943267048,26.64176259971567,10.829179289204044,2.0673836409091693,48.69573120312419,18.67391352244318,8.445654089772708,52.534976589486654,0.7039135224431768,40.08095290511278,Medium,Medium,High,Mixed Red & Black,50-100
74.37639934084214,1807.5553109521186,96.39,26.825845546095337,11.311728407946465,1.9957249473587972,49.801291980225265,18.62372667765263,8.447490671061052,54.08997998718255,0.7083921907900751,41.04353144740451,Medium,Medium,High,Mixed Red & Black,50-100
64.67149615359527,1949.9261538461537,94.06526642365135,26.639343053945986,12.4305328473027,3.0057992709540513,50.41489412739741,19.42887225601894,8.857335763486496,61.60824090704313,0.5952664236513503,30.801872336488938,Medium,Low,Medium,Black,100-300
67.5814400870824,2067.9517839922855,94.05674442151096,26.754285992422226,12.440835702329856,2.991302231395616,50.91428599242222,19.52786206627453,8.898279917439456,61.35016433668948,0.5926044627912319,29.55227384245669,Medium,Low,Medium,Black,100-300
65.15596470305759,1949.9261538461537,94.0645433362641,26.668266549436275,12.429086672528186,3.0036300087922796,50.49660300215748,19.445503265925858,8.864566637359069,61.53159364399387,0.5945433362640931,30.620377402287378,Medium,Low,Medium,Black,100-300
57.16396710929481,1930.5023303987573,94.11402253862583,26.641627351014655,12.65152516553927,2.874237417230365,50.840214878604534,19.272169801352877,8.755649889640488,62.022405695264936,0.5822824944820243,31.36307134638606,Medium,Low,Medium,Black,100-300
66.10807792814063,1949.9261538461537,94.05310355360926,26.684485286622117,12.544136035033413,2.99,50.874369887648676,19.384485286622116,8.827242643311058,61.99021552460492,0.6037928927814903,29.56275735668894,Medium,Low,Medium,Black,100-300
61.31975058149324,1930.5023303987573,94.09367954260807,26.720093192797425,12.56434089689175,2.917829551554125,50.90415000894605,19.3767909237299,8.8137727354055,61.65623176694535,0.585188636770275,30.6539726280529,Medium,Low,Medium,Black,100-300
61.00271606792459,1930.5023303987573,94.09523145980737,26.71410722645732,12.57099197060298,2.91450401469851,50.89927255489115,19.368809635276424,8.809338686264681,61.684166276532515,0.584966934313234,30.70806802757091,Medium,Low,Medium,Black,100-300
46.87222767871505,1807.0178718724223,93.88287783302309,26.948986181868705,11.904389165115438,3.1186334990692632,50.68480486839109,19.483809840468982,8.881221669769124,58.4810956288167,0.59,30.748960741810873,Low,Low,High,Black,100-300
59.7321677191361,1807.0178718724223,93.88897259133608,26.65034302453191,11.934862956680417,3.1369177740082503,49.99609717902257,19.34363039927008,8.820274086639166,59.224656143002186,0.59,32.54691444414462,Low,Low,High,Black,100-300
44.138369313571836,1807.0178718724223,93.88158216555145,27.012473887978665,11.89791082775728,3.1147464966543676,50.831215292685485,19.513610192316516,8.894178344485441,58.32302419727762,0.59,30.366738837679474,Low,Low,High,Black,100-300
53.85043718657231,2053.614674441205,93.83620658662224,25.811232329369425,12.231588624346523,3.1275173653511037,49.72247364669387,19.252204789031236,8.752343711840066,62.474306607073736,0.6162760480266556,30.863455094310705,Low,Low,High,Black,100-300
41.89767597502208,2053.614674441205,93.87631652357375,26.98244248835354,11.91873111612474,3.111473390570499,50.90170579306829,19.52495236030151,8.896739484865504,58.495400861483866,0.5922100858557492,29.98103648137747,Low,Low,High,Black,100-300
52.09597235183875,2053.614674441205,93.8420940525106,25.983146333309758,12.185666390417255,3.1251623789957566,49.89556514381188,19.292239557072136,8.77353858903819,61.890269990947665,0.6127435684936351,30.73393084476662,Low,Low,High,Black,100-300
43.47090634805532,1761.1859550561796,93.87398444516204,26.999766677430564,11.873156446453706,3.1184217767731472,50.85479868518057,19.498266228393522,8.877516003875003,58.24910798579166,0.5912031109675925,30.056404425787022,Low,Low,High,Black,100-300
35.31078967735026,1875.8511034299388,95.10902381979994,25.70361512903312,12.660079399333188,2.7194722102333846,44.80860343493222,19.25007939933319,8.707071459399868,65.03150396996666,0.6469920600666813,31.61871083983111,Low,Low,Low,Black,100-300
27.94134688927967,1987.9014084507041,95.12348713938083,26.015723149114507,13.136708029201033,2.652697427876166,45.4792813694741,19.23743569690415,8.743158846018654,66.43479127565232,0.6592102884953366,31.96080778585909,Low,Low,Low,Black,100-300
26.0332289238605,1875.8511034299388,95.1330175114038,25.819584638451744,12.74005837134603,2.6914795700288896,45.41644362222983,19.33005837134603,8.779052534211427,65.0355029185673,0.638994162865397,32.83839016302696,Low,Low,Low,Black,100-300
14.955184336050138,1939.9216696727647,95.13581941260188,25.736404811316607,12.834030097899687,2.7123912726959265,47.02289241902824,19.295066965109715,8.799548531504701,65.78556811144203,0.6380601957993732,33.10978327338555,Low,Low,Low,Black,100-300
20.348060138979044,1875.8511034299388,95.14772053412332,25.89064924826276,12.789068447077767,2.6743260435227816,45.78892019779103,19.379068447077767,8.82316160236999,65.0379534223539,0.6340931552922233,33.585793817935944,Low,Low,Low,Black,100-300
24.412685617693377,1903.0375229598533,95.15184010590954,25.680723495014924,12.85447968227137,2.7334390468141114,44.17426499465219,19.52607862317594,8.900799470452284,65.88862898540751,0.6544796822713705,30.546207553384882,Low,Low,Low,Black,100-300
17.010105551271323,1903.0375229598533,95.15869434671178,25.906913441488932,12.833916959864643,2.6717508795939278,45.79186582398145,19.436973492746787,8.86652826644107,65.17578794197428,0.6339169598646426,33.62376167359183,Low,Low,Low,Black,100-300
47.185711890286875,2103.061137440758,93.83642860137142,25.820714615085553,12.205714405485656,3.000714195885758,54.315716082284844,18.948095337904714,9.650476270323772,63.21690403329559,0.6247618648381146,31.13809491870492,Low,Low,High,Black,100-300
46.23113637538674,1865.2518024032045,93.8456683358018,25.863401001481083,12.136108630133252,3.0036040059243376,54.8270207960147,18.9747376730847,9.665668335801808,62.7094094835059,0.6211336671603614,31.132876347650484,Low,Low,High,Black,100-300
43.4158849761151,1865.2518024032045,93.8695263985075,25.8777158391045,11.783009302089013,3.0608633564179977,56.077183281792955,19.036768636119497,9.6895263985075,60.939141230743566,0.6259052797014998,31.271253111343494,Low,Low,High,Black,100-300
48.202086292929174,2114.5421573245408,93.83601402155226,25.804196301731608,12.178811556039996,3.0152445301690354,53.510918176860535,19.013146379303233,9.679929892238713,62.99049075432902,0.6226573189651616,31.256781818944535,Low,Low,High,Black,100-300
51.13189628930089,2114.5421573245408,93.82704521544092,25.67863301617282,12.086133892889462,3.072046968874201,51.2178934143941,19.13273046078779,9.724773922795421,62.67658254043205,0.6286365230393895,31.609554859323985,Low,Low,High,Black,100-300
48.84874884130019,1869.1934968017058,93.84209542886161,25.85161828455355,12.354107447143239,3.006763430892905,53.564007294796355,18.90342342073645,9.641141140245482,63.79006009140813,0.6325725731696787,31.533753774353915,Low,Low,High,Black,100-300
51.19134402945044,1869.1934968017058,93.84461434841876,25.841542606324943,12.51531829880089,3.0269147873501114,52.40278537894984,18.835412592693377,9.618470864231124,64.58351975191063,0.6476860905125835,32.05517012268413,Low,Low,High,Black,100-300
105.98495718811421,1937.3826714801446,96.28,27.74251810397839,11.667142033681245,2.3818885779837924,49.243799373195,18.906428983159376,8.59776045106213,54.51885779837921,0.6965738149864934,37.28345951085464,Low,Low,Medium,Black,100-300
81.29160531845928,1998.680746205814,96.29172803764554,27.719185555579617,11.009211965697414,2.3621573030560827,47.63920040470754,19.210075829091597,8.712449429265606,51.17862135601392,0.6697566812028379,34.99616620225254,Low,Low,High,Black,100-300
65.83863420763316,1803.173076923077,96.31675738112361,27.207451092943607,11.716335812674451,2.35,48.63774633788807,18.85977766498861,8.580321951730276,55.24098535155226,0.6920544286741669,36.27975095820279,Low,Low,Medium,Black,100-300
114.61503605273128,1937.3826714801446,96.28,27.75820915645951,11.898585057777794,2.393656867344634,49.8282910781168,18.7907074711111,8.552648675178904,55.69568673446336,0.7063807227871947,38.11508529235411,Low,Low,Medium,Black,100-300
84.21977769271925,2000.1163984819627,96.2463165254897,27.700783237531247,11.045649262049956,2.3549182937234,47.69280939354255,19.221649442341604,8.70736441522621,51.229330737916406,0.670947927328076,35.14608137156847,Low,Low,High,Black,100-300
79.32344188173037,1803.173076923077,96.28718543446989,27.60371517810348,11.172211994245966,2.35,47.85113255689906,19.149582742195083,8.69269534901442,52.094530227596245,0.6743112606819337,35.27430477197625,Low,Low,Medium,Black,100-300
83.3813993387772,1958.3384379785603,96.28,27.69702976859529,11.038400644628233,2.3522847933882374,47.68433304958472,19.213716818182345,8.716801289256468,51.32954304132235,0.6701142396694119,35.04884954545296,Low,Low,Medium,Black,100-300
15.03334445950072,1901.6552990556138,97.15833277702497,27.315005006775326,11.10416805743759,2.4111103693666185,39.2469356362286,19.112217400883022,8.613331108099855,52.42582526686198,0.679166388512482,37.28361787952961,Low,Low,High,Black,100-300
16.753305237461305,1929.8131469979296,97.12828961076053,27.776054550647462,11.034207784789338,2.4014480538026652,39.56429159979944,18.796579221521068,8.464144805380267,50.7550473527083,0.651710389239467,37.83289610760533,Low,Low,High,Black,100-300
13.601687485423883,2055.7210206561363,97.14409109605015,27.756364384200598,11.166874742931045,2.4081821921002984,39.377789816535824,18.924546576300898,8.541307449169254,51.5718726863794,0.6569886129937313,37.22903004791552,Low,Low,High,Black,100-300
14.808464795538843,1901.6552990556138,97.16957676022307,27.21380915799248,11.076058099442356,2.4261023469640772,39.42496537019842,19.209665255266504,8.65830704089223,52.58886302323434,0.6847883801115289,37.1468160839528,Low,Low,High,Black,100-300
13.819605501665409,2055.7210206561363,97.14170295340641,27.746811813625627,11.17015843906619,2.403405906812813,39.3046529480712,18.91021772043844,8.533247467746623,51.60142595159572,0.6572871308241992,37.28067363258646,Low,Low,High,Black,100-300
19.04232997301317,1943.609768637532,97.14008522992133,27.5595738503934,11.41232957345396,2.351392044319434,39.374545551408296,18.75991477007868,8.465738637120378,53.08659106951998,0.6714772742407545,37.51471587806453,Low,Low,High,Black,100-300
14.924567527416716,2055.7210206561363,97.12959378052146,27.698375122085842,11.186808551782992,2.3791875610429214,38.93380952846973,18.837562683128766,8.492379009259931,51.75127696604692,0.6588007774348175,37.54253449622341,Low,Low,High,Black,100-300
3.082050701355772,2000.974543046766,93.77846803316818,23.9220771033714,12.244538533615412,2.8914554984242278,39.57400767337321,18.447479241922327,9.127021672608999,66.70543730636645,0.6600895776952365,34.319083918976204,Low,Low,High,Black,100-300
7.614166399168655,2010.9398309298856,93.82501231013458,24.133671668238723,12.319329679052071,2.7835239466237627,41.713266596570946,18.465012310134583,8.836998652709205,66.50280438513751,0.6742927486483314,33.999108096629634,Low,Low,High,Black,100-300
0.0,2002.4411575399652,93.86143790400064,23.961985937652585,12.236263130347115,2.8642966857981715,39.53091397626927,18.44314328358446,9.128642653225791,66.65361116912882,0.6605844322818334,34.266680387023825,Low,Low,High,Black,100-300
1.745384456650588,2008.242085886187,93.78610058761181,23.935810204595267,12.239985836867296,2.8835867251875285,39.402628854334395,18.43736535965037,9.1392071906428,66.48421107528758,0.6593021198193649,34.31491152082529,Low,Low,High,Black,100-300
1.0036650539588106,1999.899633229182,93.78667515842598,23.928544592612823,12.216634212525332,2.8906155057617173,39.388410696329316,18.424087361460053,9.12477742207714,66.53901531955876,0.6595627241428331,34.30704069447291,Low,Low,High,Black,100-300
1.8951954690273096,1997.581216636656,93.78756530570469,23.908556583642774,12.222414402372983,2.87996035985556,39.345645786887644,18.434165719707956,9.12422094335994,66.47634153736703,0.660707409874439,34.312396422893684,Low,Low,High,Black,100-300
17.024520732714297,2010.9398309298856,93.85856935564392,24.406921895957574,12.43917627015683,2.6540896282306234,44.77654546520858,18.498569355643912,8.443901833885597,66.3589884758118,0.6934682032250927,33.51492786856641,Low,Low,High,Black,100-300
10.713593527539146,1813.0125751776927,95.47546374867272,26.13,11.341138939414911,2.2197068288629422,54.95037119646653,18.12347904097996,8.240764039210259,56.5642963316559,0.7044065383254076,40.59520432266899,Medium,Medium,Medium,Black,100-300
0.0,2007.3754157647893,95.48094338187826,26.088175784719258,11.481827418966978,2.139936857043183,57.101205833424956,18.00081706583773,8.205766896726935,57.163764998478236,0.7089607500876001,40.85301117503096,Low,Low,High,Black,100-300
0.1,3000.0,95.51332299749002,26.013260982430165,11.46667080100399,2.0699565894580996,54.56506461095368,18.0900434105419,8.220006201505987,56.859813954820424,0.6999937984940142,40.51317416134637,Medium,Medium,Medium,Black,100-300
65.38563635388715,1813.0125751776927,95.19454020845829,26.13,10.728869685101396,2.6302873876378876,43.619788407817595,18.65651345061761,8.399233728561992,53.49574689239052,0.6755938675341834,39.69480836044323,Medium,Medium,Medium,Black,100-300
0.1,3000.0,95.52628262211147,26.103978354780292,11.461486951155413,2.1243870128681754,56.573806427277894,18.035612987131824,8.212230426733118,57.093087198006465,0.7077695732668822,40.71275238051665,Medium,Medium,Medium,Black,100-300
0.0,1998.55543519513,95.50993136245022,26.116816053286943,11.463843373170352,2.146977834436142,57.399756064142395,18.020738268565555,8.216758303015062,57.18900598978566,0.7087240730881252,40.8250943517325,Low,Low,High,Black,100-300
0.1,3000.0,95.50298394497027,25.940887614791833,11.470806422011895,2.0265325688750995,52.96251147039057,18.133467431124902,8.226209633017843,56.67371100946471,0.693790366982157,40.353952752542035,Medium,Medium,Medium,Black,100-300
43.33754538971527,1877.9840848806368,95.63258066304267,26.12521375013403,11.367471761006035,2.063508080162332,47.631971566993116,18.4188185705153,8.310568556657232,55.28920553139104,0.6742782251359001,39.44880235475837,Medium,Medium,Medium,Black,100-300
0.1,3000.0,95.48218046700318,25.79526326902225,11.47912781319873,1.9391579614133492,49.737972385492654,18.22084203858665,8.238691719798092,56.29924840605721,0.6813082802019071,40.03357919184895,Medium,Medium,Medium,Black,100-300
41.54112511668976,1813.0125751776927,95.29436123136134,25.971098732422153,11.004983150836363,2.355877175112227,45.04294890077491,18.519378080524977,8.343739311886312,54.42545216874733,0.6745400362165099,39.73792173839248,Medium,Medium,Medium,Black,100-300
0.1,3000.0,95.51243930415735,26.007075129101487,11.467024278337059,2.066245077460892,54.42809214439005,18.09375492253911,8.220536417505588,56.84390747483239,0.6994635824944131,40.49956528402327,Medium,Medium,Medium,Black,100-300
165.32023170894126,1770.345596432553,96.12322951231187,26.445667751113437,10.866688139423577,2.4086824277669643,48.539867512606236,18.424464736280328,8.269917651735435,52.19867877691466,0.6874794129338588,41.07703546247567,Medium,Medium,Medium,Black,100-300
0.5309123784323497,1813.0125751776927,95.47806969422047,25.781987079478938,11.475060688152357,1.9344283485530596,49.35469458788023,18.233009006068105,8.241078700288567,56.2409240370022,0.6799432263006019,39.99727486242889,Medium,Medium,Medium,Black,100-300
13.773921895127122,1877.9840848806368,95.52825380465859,25.889174233040055,11.444412819064292,1.9722220790762637,48.84085903851862,18.289714083265,8.262317384654597,55.95298516785974,0.678190482325303,39.82568313067085,Medium,Medium,Medium,Black,100-300
34.48692386750183,1888.4001055687518,95.10684615259126,25.920153798468142,13.05446146065855,2.6752307792698646,45.03869222361488,19.185769237043665,8.693692305182534,66.34446129752325,0.6636923051825339,31.139461542226197,Low,Low,Low,Black,100-300
19.212716416953064,1953.3456126886676,95.1028176845497,25.59469644208167,12.955525066537879,2.750552416304139,47.50524705139283,19.126906107298225,8.707182315450297,66.90690610729823,0.6556353690994088,31.38138104076035,Low,Low,Low,Black,100-300
26.040178515653746,1987.9014084507041,95.12911189788268,26.005598583811175,13.089460057785478,2.6538223795765363,45.57490226400558,19.26555948941341,8.761158073224578,66.21992550088159,0.654710481693855,32.307292909573164,Low,Low,Low,Black,100-300
58.35172973819787,1902.8183486238534,95.16215046344882,25.6749467558583,12.937097219307116,2.6798002648278936,47.14231681657125,18.760246358616463,8.498848212411717,66.35399470344213,0.67,31.636604502074192,Low,Low,Low,Black,100-300
50.072029041678704,1902.8183486238534,95.14544789720223,25.791864719584364,13.037312616786599,2.6702559412584193,46.536252269909625,18.891480807696738,8.563272396505669,66.54488117483162,0.67,31.474351001393128,Low,Low,Low,Black,100-300
37.593842454573206,1888.4001055687518,95.10191453578639,25.732752359882888,12.748701218756288,2.714683713708866,44.708273897688244,19.21042732106804,8.683829071572783,65.39759087098722,0.6538290715727835,31.154256392640825,Low,Low,Low,Black,100-300
28.003162857296573,1953.3456126886676,95.10756927722016,25.88929518764994,13.150340366026573,2.6840301189177556,46.013246952869665,19.155415663320962,8.70243072277984,66.93541566332097,0.6651385544403207,31.215075297294387,Low,Low,Low,Black,100-300
64.43006739930048,1906.177394034537,96.72957471765272,27.103002819534066,11.064164317054946,2.425835682945054,40.91861293975395,19.322662907287913,8.719830043876923,52.771161497520886,0.6843342731780215,36.306118420430714,Low,Low,High,Black,100-300
98.45643332279981,1906.177394034537,96.42200267775299,27.091396327462377,11.073836393781352,2.416163606218647,41.82585373669091,19.338138230050166,8.733370951293894,52.79244006631898,0.6804654424874588,35.81864575341981,Low,Low,High,Black,100-300
170.02067728847678,1917.1499219156688,95.78156880025867,27.130447881385443,11.137077832308128,2.377640722563957,43.79922410773793,19.375056289025583,8.766292216769187,52.86112334969244,0.6712359277436043,34.598874219488344,Low,Low,High,Black,100-300
45.24273396418795,1906.177394034537,96.90301337690131,27.10954767460005,11.058710271166627,2.4312897288333746,40.40702343542946,19.3139364338666,8.712194379633274,52.759162596566576,0.6865158915333498,36.581002333202086,Low,Low,High,Black,100-300
136.77462302782612,2061.0065454545456,96.06526295013846,27.33157882865055,11.097048056210319,2.4283752692658385,43.33832993109212,19.34457667452384,8.758192224841281,52.268467073433065,0.6640961124206403,34.948695456031345,Low,Low,High,Black,100-300
29.70729963320153,1897.872340425532,95.29448909121777,28.215969143177524,11.699713314881572,3.007096309515821,44.836255828295954,19.119255080486273,8.70915951878013,54.39708652244812,0.6439255080486272,33.55262679243346,Low,Low,High,Black,100-300
72.09582109025735,1906.177394034537,96.66028223119098,27.100388008724188,11.066343326063178,2.4236566739368226,41.123003984726026,19.326149321701084,8.722880656488448,52.77595531733899,0.6834626695747291,36.19629636641587,Low,Low,High,Black,100-300
10.935112606524898,1940.720349884229,97.39668856760669,27.848476142743298,10.892384340115147,2.653311432393313,39.84622592806727,19.11291358907429,8.606225021467603,49.86165798269582,0.6378145815443664,37.53211880903591,Medium,Low,High,Black,100-300
54.62765616523723,1929.8939746573571,96.75001423070118,26.890008175083658,11.030003027808762,2.77857298573022,41.43711811561983,18.735715929381897,8.437143549213433,52.25142852817416,0.6557141126966423,37.104286492865114,Medium,Low,High,Black,100-300
92.45652220652897,1929.8939746573571,96.16184329839565,26.552122745886862,10.904860276254395,2.7142138563594025,42.45971317117838,18.667781292823815,8.40853949171529,52.25321628176779,0.6628651270711775,37.07210692817971,Medium,Low,High,Black,100-300
224.72424680576887,1929.8939746573571,94.10531771270804,25.370714430704616,10.46730164100171,2.489183701086594,46.03519230495746,18.43024946225807,8.30852608937182,52.25946711941426,0.6878684776570451,36.9595918505433,Medium,Low,High,Black,100-300
16.41695017403891,1940.720349884229,97.32475495246736,27.568183090648688,10.9891226501301,2.7252450475326375,40.16124555298776,18.981448706233454,8.546693753766094,50.834002021820474,0.6427755205194923,37.36840782285676,Medium,Low,High,Black,100-300
50.94693070329144,1912.3368970013034,97.50629042915314,27.359535753652192,11.16470187020038,2.647815181448,37.54888448726628,18.911456545701334,8.503377337750477,52.51893949405295,0.6586754675500953,38.32721452191314,Medium,Low,High,Black,100-300
23.77445945580935,1940.720349884229,97.22820845057987,27.19198465225952,11.118961049220166,2.821791549420123,40.58405264746054,18.805001651059776,8.466793200479898,52.13904439216166,0.6494338999600084,37.148681301319726,Medium,Low,High,Black,100-300
48.02282217956346,2084.0364333652924,93.83461316249101,25.512063552757212,12.515386837508993,2.9355589050827398,49.91071841603964,18.77186259756655,8.52232102505396,64.44157497952514,0.6646131624910065,32.33085907974099,Low,Low,High,Black,100-300
154.24963680720046,2095.246901811249,94.23740643744209,25.620822169918288,12.317224996069958,2.6611578583780133,49.140610080172856,18.407684283243974,8.291397142407995,62.947533490245135,0.6953492856019987,33.46626785995003,Low,Low,High,Black,100-300
74.15779476920464,2045.718475073314,93.83206942516672,25.960327131080977,12.489482643708318,3.245337128457308,50.428564842242565,18.576378505958225,8.423791724499816,63.749686198754134,0.6431041377500918,31.434505970919755,Low,Low,High,Black,100-300
52.32953526685233,2084.0364333652924,93.82912969790316,25.668890639969412,12.520870302096831,2.98600677929086,50.544606922393854,18.81244023551656,8.555221812580996,64.15204804928725,0.6591296979031674,32.17293529961122,Low,Low,High,Black,100-300
37.467942883316795,2084.0364333652924,93.848052020775,25.127712205835063,12.501947979225003,2.811921408870021,48.35718639841026,18.672415046265016,8.441687875350013,65.15114669691988,0.6780520207749977,32.717898198319936,Low,Low,High,Black,100-300
42.877741279654444,2045.718475073314,93.85407051782687,25.11328506366569,12.483982370543284,2.876818826400008,47.75543208403588,18.537876593802988,8.357788446519404,65.2347599533134,0.6761057767402977,32.54556115025669,Low,Low,High,Black,100-300
38.38016213817494,2045.718475073314,93.85723392851193,24.991493752291003,12.48319151787202,2.823831697425307,47.37107768580148,18.532340625104137,8.348298214464235,65.44829017455473,0.6808508927678829,32.70531338985206,Low,Low,High,Black,100-300
12.965973665140016,1916.9344773790951,97.13194040191588,27.92740124781317,12.347609148271165,2.3438808038317656,44.17488565722478,19.00203049187847,8.613492723448589,57.24799030029019,0.6996119196168233,38.490623701373984,Low,Low,High,Black,100-300
8.415193013554097,2076.9369586140524,94.90484576441722,26.994041572150113,12.149885764217439,2.4521201746611476,49.47440489031235,18.869255196518765,8.56687685589956,58.663321921272626,0.7,37.558167685689845,Low,Low,High,Black,100-300
14.187723957280532,1959.573394495413,97.13544108714343,27.90105488927941,12.358284998566969,2.3390931521427603,44.07343607711222,18.964608259997284,8.598210977855882,57.310296082844346,0.7,38.40309064712715,Low,Low,High,Black,100-300
15.900593581506225,1959.573394495413,97.14267856442889,27.822648885353587,12.30279767271177,2.337886905928517,43.69226227341129,18.930833365998467,8.582529777070718,57.15107158256421,0.7,38.20767876041971,Low,Low,High,Black,100-300
14.090946840233414,1933.5371517027866,97.12131717966903,27.956190762693517,12.398711581499278,2.3405041637611523,44.38851326160295,18.988879636086327,8.609663890825898,57.43369720091512,0.7000560181956835,38.54865556330359,Low,Low,High,Black,100-300
170.2968617344297,1978.1601414498612,96.47289458762997,27.597921507469575,11.711603853707587,2.3981113629987103,46.022879002732324,18.860366959464415,8.525068007924961,54.72558656813695,0.6910597903078908,38.78244545199484,Low,Low,High,Black,100-300
16.34757875442154,1959.573394495413,97.1445672341736,27.802188296452535,12.288317871335641,2.3375721276377313,43.59279233352309,18.922019573856474,8.578437659290506,57.10952084818053,0.7,38.15668467731247,Low,Low,High,Black,100-300
50.03681318220875,1988.1668760995224,93.98750093444598,25.359996262216104,12.471257008344809,2.991249532777013,51.73787097505187,18.934971966620765,9.612487852202332,65.84385325628018,0.6662514016689618,30.522457949931148,Medium,Low,Medium,Black,100-300
45.55824978826675,2044.4940083149913,94.00001611454685,25.38004834364057,12.429903312718864,2.992504028636714,53.283390328713786,18.88879632932221,9.596276186138642,65.68555103153012,0.666243957044929,30.438796329322212,Medium,Low,Medium,Black,100-300
48.77688050031819,2088.3742522134485,94.00302633387815,25.418853479070236,12.534661716153666,2.9620864274039587,52.328044554617,18.9269925742305,9.412518564423753,65.94693584990455,0.6681390951602639,30.441635382275514,Medium,Low,Medium,Black,100-300
53.04010953495837,1988.1668760995224,93.98341481695924,25.37634073216304,12.440611127194302,2.99329259152038,50.1156823328184,19.05755549122279,9.665607379529876,65.39233727399606,0.6601222254388606,30.706333236834187,Medium,Low,Medium,Black,100-300
55.53469400216396,2117.056132075472,93.99806010329908,25.591803098972438,12.925245578150388,2.965819690102756,51.81920832720382,18.876120206598163,8.798169979989115,66.43434402866417,0.67,31.248250743104453,Medium,Low,Medium,Black,100-300
43.434463802897,2126.281220657277,94.03611809223003,25.262888048009945,12.423384977889958,3.077111951990055,55.93264529375202,19.044472368920115,9.672236184460058,65.6331979153497,0.67,31.132516778270457,Medium,Low,Medium,Black,100-300
49.274359253924466,2117.056132075472,93.99118061456475,25.385418436942565,12.553753186496618,2.9864581563057437,52.596590554183,18.862361229129505,9.46548038721904,66.16604396802533,0.67,30.532783914734225,Medium,Low,Medium,Black,100-300
72.76585666694076,2037.198063146429,96.72728035940193,25.453284685640917,11.018572552016519,1.9917005799904213,44.701557432918925,18.34762877216949,8.235064507971302,55.19449535195229,0.5498884671016578,43.61429122011088,Low,Low,High,Black,100-300
70.42884766855956,2046.200629795655,96.7570232140752,25.420133703173175,11.056214804953978,1.999138508214557,44.79477427483076,18.350272628706335,8.242986346817782,55.34718256284379,0.550608445866595,43.66305307574553,Low,Low,High,Black,100-300
74.85664942379077,2036.6860285649768,96.71876346913845,25.404346868680687,11.040889704101016,1.9999755648822257,44.6774616555312,18.351253839353923,8.241806251144437,55.38101190231253,0.5516696836461701,43.47453816745863,Low,Low,High,Black,100-300
73.63595594331639,2047.0652578922575,96.75143529274698,25.41278919410429,11.039113280643239,1.9982119394814202,44.738693177461265,18.342298087954738,8.23266082909105,55.31087652119051,0.5499469575914517,43.645036150838735,Low,Low,High,Black,100-300
72.68724540557199,2037.3831197764284,96.76687614561,25.39727087798583,11.015545328379021,1.9835070498305294,44.82329766916834,18.343745118595656,8.238622994399531,55.38445920874958,0.550310335005042,43.60330541540239,Low,Low,High,Black,100-300
69.75274700241803,2048.8389080958013,96.75896453621553,25.449206151748857,11.055429710166978,1.9990959435636682,44.86040206088282,18.343177676203904,8.247057458680429,55.38138429447289,0.549841139769982,43.590073784579836,Low,Low,High,Black,100-300
69.42048450361102,2040.6199885769192,96.7562368708908,25.41464101288925,11.05471319575214,1.9974344460690776,44.84884647980243,18.35556680812478,8.259224252492551,55.06369151366831,0.5503075248116261,43.688910258165464,Low,Low,High,Black,100-300
34.92904489647185,2204.5438556933486,94.05069550573472,25.538521348625938,12.080783145639334,3.0207247190362625,54.942852822337116,19.14791348279582,9.731449438072527,63.02751011007645,0.64,30.8931033692558,Medium,Low,Medium,Black,100-300
39.91912510231245,1991.4821876567987,94.03419238798236,25.532707820771787,12.128165119658187,3.0064192387982365,52.724179154620614,19.22248816446524,9.756549895622923,63.10117591142217,0.64,30.87991100051814,Medium,Low,Medium,Black,100-300
28.5978743436559,1991.4821876567987,94.06581599345347,25.58330558952556,12.023807221603532,3.0095815993453474,56.63285679084953,19.10548082422214,9.715439208510483,62.70271848248621,0.64,30.668032843861717,Medium,Low,Medium,Black,100-300
51.54117524098782,2004.0778054862838,94.06405324203382,26.339291503738313,12.25381707661326,2.998106484067646,53.49869060876727,19.363550866444147,9.234259362705833,61.69851872541167,0.6102662101691145,29.95017607592346,Medium,Low,Medium,Black,100-300
59.53233584738983,2004.0778054862838,94.0621089207184,26.584275989482023,12.333534250545737,2.9942178414367935,52.30487732109553,19.452989646953757,9.07871365747173,61.38742731494346,0.6005446035919831,29.72463480333401,Medium,Low,Medium,Black,100-300
38.4602986637047,2204.5438556933486,94.04198830466484,25.5153021457729,12.112709549562261,3.025562052963979,53.94732950001311,19.174035086005485,9.741124105927959,63.19778426433206,0.64,31.007264449949904,Medium,Low,Medium,Black,100-300
61.21197541470362,2204.5438556933486,93.98588827979937,25.365702079464963,12.318409640735677,3.0567287334447997,47.53322665706027,19.342335160601916,9.803457466889599,64.29485141725694,0.64,31.74279810929727,Medium,Low,Medium,Black,100-300
72.88736300400772,1922.4139896373058,97.02972752723639,27.095266651888362,10.632168140358363,2.603655098807707,42.058704022060795,18.824052166202623,8.485539124651968,49.79745807574771,0.6656753610337705,38.01620866481049,Medium,Medium,High,Black,100-300
85.70411336672063,1850.6748728926948,97.03630966618134,27.30785799708805,10.85399302444638,2.5596973093722797,42.80724115656489,18.850558794237138,8.495622820139495,50.63760189347863,0.6671245640278988,37.57364374680036,Medium,Medium,High,Black,100-300
28.986032608299418,1842.2089712597367,96.90290482007592,27.056507228672547,10.830881926877305,2.553383134058274,41.941574686674144,18.86952168601764,8.490293975625768,50.790144573450945,0.6675734939064422,38.23595421360278,Medium,Medium,High,Black,100-300
27.497091145444493,1842.2089712597367,96.88769129113516,27.06113743313278,10.846756913598105,2.5242789917368094,42.172423451905765,18.88341229939834,8.495585637866034,50.8827486626556,0.6688964094665087,38.29813124492591,Medium,Medium,High,Black,100-300
20.38359753279586,1842.2089712597367,96.81500788238752,27.083258470577714,10.922600470552155,2.3852324706543837,43.275315175945906,18.949775411733135,8.520866823517384,51.32516941155423,0.6752167058793462,38.595185176329274,Medium,Medium,High,Black,100-300
93.36227955105471,1850.6748728926948,97.04366838895437,27.352010333726238,10.872106803579996,2.534224807465632,43.15479929369115,18.860181739401874,8.50128337611875,50.697603786858735,0.6682566752237498,37.52496296537877,Medium,Medium,High,Black,100-300
34.82756632977158,1842.2089712597367,96.96259174837172,27.038341641799914,10.768599914742552,2.66756682297199,41.03589042688126,18.815024925399733,8.469533304914185,50.42683283599821,0.6623833262285459,37.99201633274166,Medium,Medium,High,Black,100-300
126.9804368477927,2144.7150837988825,95.30499513784684,26.643797219495358,11.55496884987137,2.4180636681298235,48.201476827037396,18.47377093151989,8.351401382792401,55.77681659350882,0.6773121106233921,38.66729896663566,Medium,Low,High,Black,100-300
144.7179579108807,1827.1109910883067,94.92457673519638,26.22987169719689,11.01328204208912,2.494102552611399,47.48193620712279,18.37738459470052,8.30328204208912,53.99019245420466,0.6672948723694301,38.97835897895544,Medium,Low,High,Black,100-300
315.84669280607795,1801.3500819224469,94.95360974994182,25.820290444950924,10.249170289036734,2.6160165573282397,48.2443155115122,18.42248959402762,8.310290444950926,50.229295621843086,0.67,38.85751040597238,Medium,Low,High,Black,100-300
94.03419658437132,2040.22935555011,95.86647466296883,26.568364711171906,11.061898096250005,2.6640016096093837,44.16129899499981,18.572925181796887,8.374872620312505,53.28429766320307,0.6585127379687495,37.92594100007808,Medium,Low,High,Black,100-300
167.59347417042125,2144.7150837988825,94.46304721012788,26.062220471735728,11.165628767689192,2.432663921211655,48.69301868079239,18.344802029297046,8.290566994951435,55.04680393941723,0.672445359596115,38.88873613837677,Medium,Low,High,Black,100-300
105.10590946959933,1827.1109910883067,95.73414797521507,26.650749711885506,11.052894090530401,2.543617613163001,46.14750532525712,18.466511703693403,8.3428940905304,53.35887543217174,0.66481911934185,38.9585529547348,Medium,Low,High,Black,100-300
173.78649292031233,2144.7150837988825,94.33465988313793,25.9735367400866,11.106258905497306,2.434890291043851,48.76797313180965,18.325135762445985,8.281290453983953,54.935485447807444,0.6717032363187163,38.922502747498406,Medium,Low,High,Black,100-300
111.76217249133545,2071.4240949024443,98.2057276913217,28.114334567046093,13.050179740971608,2.1070613329292383,54.20277753864958,18.31637457899104,9.0335974064613,60.17064626359476,0.7110576943099236,40.42801586268857,Low,Low,High,Black,100-300
114.28780036916402,2070.706177565493,98.16858161709101,28.14873266794341,13.07046599252161,2.1073773151266284,54.458432434515245,18.29786868312174,9.021311616574433,60.10825698457433,0.7099105701020202,40.41714690842558,Low,Low,High,Black,100-300
112.00817800071295,2070.6153676409485,98.18359542793819,28.115333022788008,13.076369162886316,2.124857908133571,54.556115184817,18.307574960369926,9.022080381420604,60.02247871096481,0.7111273945388468,40.393810571029306,Low,Low,High,Black,100-300
116.06538176767366,2067.4330226978323,98.18898751260636,28.118916936522936,13.069083964425836,2.1168548224132797,54.395620793244504,18.309563901522065,9.027282934461084,60.25341119675127,0.7103787432793828,40.56630659773505,Low,Low,High,Black,100-300
112.43058141573968,2077.8554783122936,98.19644097068525,28.100374086789934,13.08469272631059,2.0953492636662108,54.55078700943499,18.332644998121175,9.04794817246732,60.28390094687514,0.7092448106273694,40.32703759654049,Low,Low,High,Black,100-300
113.63254956820892,2068.6103452406146,98.13162405863463,28.12873235413769,13.027340248089804,2.1050620592373437,54.553630059536125,18.321184817544165,9.035909741553064,60.07882499617859,0.7108428643943393,40.39042911686286,Low,Low,High,Black,100-300
111.96744417940508,2074.479525868707,98.1806458574463,28.099022667914948,13.051933363858176,2.112215211220381,54.54213467395131,18.30924314038536,9.025257769594884,60.25047064694429,0.7116880756334832,40.51266331990876,Low,Low,High,Black,100-300
40.43164746783584,1999.1556332750438,93.82497004766363,25.2754472448712,12.278742001872306,3.0637120495359316,50.363113002808454,18.52970047663626,8.369640571963515,63.98221647289165,0.64,32.009043565410444,Low,Low,High,Black,100-300
70.23715180486633,2109.2417061611372,93.82610065443458,25.997107198780412,12.505597382261668,3.1981137431262456,51.038739792018355,18.696980366962503,8.500188220177503,63.633396073392504,0.6438993455654168,31.556162042794178,Low,Low,High,Black,100-300
11.703729316055856,1999.1556332750438,93.82102931815034,24.67645635885329,12.113231362314725,2.894260680465076,50.11484704347208,18.490293181503507,8.322351817804208,64.27383045687405,0.64,32.54104204970267,Low,Low,High,Black,100-300
34.059792382180994,1999.1556332750438,93.82409599346806,25.14259100714561,12.242031725658656,3.0261277191267193,50.30804758848798,18.520959934680633,8.359151921616759,64.04689648336331,0.64,32.12704088181146,Low,Low,High,Black,100-300
66.60929635182862,2109.2417061611372,93.82403937292717,25.97443310219893,12.513842508291297,3.1548268314706824,51.228377690699865,18.75881881218474,8.537291287310843,63.64576376243695,0.6459606270728246,31.675716370223828,Low,Low,High,Black,100-300
73.31429457172214,2110.6843476201752,93.83,25.967470129645143,12.452850554208489,3.2534646815774915,50.47833157998894,18.691448337374535,8.483070636845015,63.5180108961353,0.6364619575436655,31.27162229947048,Low,Low,High,Black,100-300
34.13162689274815,1999.1556332750438,93.82410584731039,25.144088791179385,12.242445587036409,3.0265514343468,50.308668380554614,18.521058473103906,8.359270167724688,64.04616729903108,0.64,32.125710613097255,Low,Low,High,Black,100-300
116.07940312654202,2081.23933816445,95.29103950526041,25.2865032436336,9.772966046662049,2.381556562084549,43.434035546649255,18.52570462478595,8.335846576584633,48.58139358072916,0.6484269283383111,42.253225175208705,Low,Low,High,Black,100-300
118.83415851048458,2081.459465754207,95.20134409465007,25.308397290744015,9.784503706775455,2.3786697021865146,43.57301853741438,18.529183652503413,8.335115105490699,48.6028404660477,0.6498732095482113,42.08042222486939,Low,Low,High,Black,100-300
131.8934556201565,1827.7451508620688,96.07594241586321,25.36121590036671,10.401618909031722,2.2166223462175534,44.33107743952204,18.421081564145037,8.293919123292131,51.63363532723113,0.6248649763411621,42.17864838853728,High,Low,High,Black,100-300
121.335017986097,2087.495312296507,95.265679077158,25.298034849033336,9.807575437247216,2.38373472987596,43.503221647387264,18.52938186115166,8.346104966849966,48.67805277808355,0.6501425212198455,42.170802664300254,Low,Low,High,Black,100-300
116.30028801195489,2082.747882597557,95.28379733201082,25.29324674786296,9.776754640265404,2.381420472984264,43.45920388859258,18.537726442956757,8.347095923195461,48.61632377995284,0.6498590321267903,42.120121133605004,Low,Low,High,Black,100-300
147.45471994814946,1827.7451508620688,97.02479999683838,25.446113683927646,11.130741050202126,2.021856842754227,45.30989894410696,18.291237895169484,8.238985263340936,55.214324198595364,0.5949010527314195,42.24856421029335,High,Low,High,Black,100-300
121.50684870524124,2090.628426521067,95.28633796079416,25.28085798183663,9.782516685173915,2.389489593197099,43.359063121264505,18.530825571411167,8.346855127916744,48.7081551440889,0.6500538568188425,42.164819630876856,Low,Low,High,Black,100-300
29.802877504976035,2107.3005931198104,93.87597378624942,25.031612746419977,12.623330948601165,2.8450819179705853,54.60210425424349,17.84923920047411,8.078150729065877,65.92623592375529,0.6809901698435297,32.295678881555304,Low,Low,High,Black,100-300
56.54049380144801,2007.0502487562187,93.82,26.313967960802927,13.311977819017411,3.0175684358991743,56.86116407096056,18.36171639818882,8.398712701358386,66.4002490980605,0.659713933635197,31.62530455051696,Low,Low,High,Black,100-300
57.78741390956693,2118.031626150578,93.82,26.24916377139889,13.152758578339297,3.031077588853794,55.772482474873286,18.47520692407946,8.446525873185935,65.81851709527058,0.6577844822292412,31.676465533122762,Low,Low,High,Black,100-300
58.6309098777261,2118.031626150578,93.82,26.091966795514683,12.846032771735965,3.050247951766502,53.717419570630966,18.674578698371622,8.527041397419309,64.76031306248909,0.6539504096466996,31.791487710599014,Low,Low,High,Black,100-300
59.20046144268896,2118.031626150578,93.82,25.9858230947716,12.638923111749467,3.063192305515658,52.32978484872143,18.809199977362844,8.581407683165764,64.04578473553566,0.6513615388968683,31.86915383309395,Low,Low,High,Black,100-300
57.3,2149.566349058796,93.86038838268247,26.156008478890914,12.769050240521077,3.042437990379157,54.52323424482356,18.436289167289132,8.395512401924169,64.34775449281425,0.66,32.152999367175596,Low,Low,High,Black,100-300
59.455571063377676,2118.031626150578,93.82,25.938279938188707,12.546155976953571,3.0689902514404017,51.70824504558894,18.869498614980177,8.605759056049687,63.72573812048983,0.6502019497119197,31.90394150864241,Low,Low,High,Black,100-300
6.6898663731264305,2102.3857312722953,96.02341314253218,28.619580548161995,10.915020416068888,2.8699591678622234,41.86835745955564,19.483249813981075,8.838608017612414,49.389656647207424,0.625864884975019,34.40294729332628,Low,Low,High,Black,100-300
103.94181602680789,2046.218368343918,95.43092009431955,27.98640650955092,10.959635377340769,2.7221962736268455,43.391024056491545,19.49697051888269,8.835503490574308,50.77260358464339,0.641927075468154,33.957256792384314,Low,Low,High,Black,100-300
3.06620154590517,2159.8640462427747,95.3072658459787,28.209645233308823,11.265284998576952,2.956835385053245,40.29695485252472,19.966436845124875,9.124746922420133,52.08933060413159,0.6314746922420132,32.19468308042596,Low,Low,High,Black,100-300
6.561742583466204,2046.218368343918,95.25195131069394,29.02863648478236,10.801721744729946,3.09592520413913,42.39090438328966,19.628565212725043,8.909196519126025,48.43548182200318,0.610344348945989,33.34665741295579,Low,Low,High,Black,100-300
22.87407207831691,1895.3868689510857,95.76959841729546,28.398620703650916,10.653862945135652,2.669707560677198,44.51522474607353,19.329607165001065,8.780100395676135,48.255744219865406,0.6262374505404831,35.937992086477294,Low,Low,High,Black,100-300
3.587029608891803,2159.8640462427747,95.29501106802607,28.38733951362191,11.16571492771186,2.987472329934812,40.742722400551514,19.894440024653193,9.078791505097783,51.30196112067533,0.6268791505097782,32.4397786394785,Low,Low,High,Black,100-300
158.56207594623504,2046.218368343918,95.531303274712,27.401822106088943,11.048208771804706,2.5125725733955306,43.951988888096466,19.423159356829412,8.79416923982447,52.083489822709645,0.6596417543609411,34.29974058431153,Low,Low,High,Black,100-300
21.855085938287022,1966.3698456868206,97.1508401744603,27.693234351018376,11.343992431955153,2.3315540020977905,40.516468702036754,19.325546434052942,8.738193304256619,52.56782067686326,0.6745799127698534,35.43008209352352,Low,Low,High,Black,100-300
8.838541236367398,2055.7210206561363,97.19628995905352,27.96515983621403,11.095101306301427,2.512579918107016,40.976379996013684,19.237739754321048,8.71747861180559,50.92591175671284,0.6504637551183116,36.10022963546789,Low,Low,High,Black,100-300
103.61249780012419,2061.0065454545456,96.35862021176814,27.49921154958179,11.095225961417588,2.4520625015713398,42.75708169221097,19.32271153701107,8.750903845670356,51.909514399265085,0.6604519228351785,35.225653864526436,Low,Low,High,Black,100-300
20.01366606758665,1966.3698456868206,97.15761840711318,27.73277404149354,11.30897156324858,2.357537227267182,40.59554808298708,19.316508790515762,8.737063598814471,52.335101355780886,0.6711907964434111,35.511420885358135,Low,Low,High,Black,100-300
159.22613016262528,2061.0065454545456,95.86665346394601,27.218087693683433,11.09828165550344,2.412338478455268,43.73184810559766,19.35937986604129,8.763126622013763,52.51148613417787,0.6665633110068819,34.761188363476975,Low,Low,High,Black,100-300
13.86938316001482,1966.3698456868206,97.18023539941099,27.8647064965641,11.192117103043227,2.4442356977421222,40.8594129931282,19.286352800785348,8.733294100098169,51.55858462022273,0.6598823002945058,35.78282479293186,Low,Low,High,Black,100-300
9.45452149751872,2055.7210206561363,97.18953949043815,27.938157961752605,11.104383200647542,2.499078980876302,40.76964689466838,19.19723694262891,8.694695780228761,51.00944880582788,0.6513075636952311,36.24620851927499,Low,Low,High,Black,100-300
40.81961630339427,2171.461449942463,94.56950298604589,26.93751493022948,12.157870965749018,2.47,51.27578729468347,18.814540025371098,8.547589008879886,58.92737395179491,0.7035459974628901,37.2191541293926,Low,Low,High,Black,100-300
18.884764503024847,2169.546187514398,94.40568045802549,26.634795651254986,12.103235021469944,2.6052995706011073,50.56961911257562,18.777840229012746,8.52166512166302,59.52071290310207,0.6909800286265928,36.36721327774488,Low,Low,High,Black,100-300
38.419643069687964,2171.461449942463,94.56808972557637,26.930448627881844,12.15440205368745,2.47,51.20435340186009,18.81710958986115,8.548488356451402,58.92249177926382,0.7032890410138852,37.232258908291854,Low,Low,High,Black,100-300
144.5908844390135,1975.1259445843825,95.19737195120378,27.116547241290938,12.147710987448765,2.444859341700824,49.7620461757173,18.812289012551236,8.553714835425207,58.37604232774086,0.706285164574794,37.971949976306256,Low,Low,High,Black,100-300
11.436484656691192,2076.9369586140524,96.40387123351216,27.64478131067195,12.318380875084701,2.37658788358272,46.0289703818887,18.950597663833992,8.595927737083569,57.83246671940992,0.7,38.22633795292209,Low,Low,High,Black,100-300
32.01624046971587,1975.1259445843825,94.66499415832786,26.889123718120636,12.116698688834632,2.4655342074435787,50.19621835631514,18.84330131116537,8.558883551860895,58.77403349328888,0.7011164481391053,37.501596780658595,Low,Low,High,Black,100-300
41.75964250456135,2171.461449942463,94.57005653466543,26.940282673327136,12.159229675996956,2.47,51.30376666127067,18.813533573335587,8.547236750667457,58.92928621066238,0.7036466426664412,37.214021224011496,Low,Low,High,Black,100-300
8.97496721392546,2025.8182713617337,93.84768096935609,24.502699394152444,12.156503029237781,2.8223190306439103,51.274882894006964,18.18588970059155,8.181975516728086,64.82057647905351,0.657300605847556,32.6488589094744,Low,Low,High,Black,100-300
17.05968748329474,2025.8182713617337,93.89454891294665,24.473406929408352,12.302965352958239,2.775451087053364,53.34878939788865,17.68791779994199,7.965211277621808,65.6173315200928,0.6865930705916475,32.59613247293504,Low,Low,High,Black,100-300
41.80669403248319,2171.1086556169425,93.90605768295993,25.35442171214823,12.174615608961934,2.9517304887975815,52.34211731025661,18.175191466392747,8.212595733196373,63.335388279711594,0.6718269511202418,32.72932670807815,Low,Low,High,Black,100-300
63.90135519016668,2150.754067875407,94.02012751358309,24.855672543608836,12.28996812160423,2.7620968741063763,53.49042061374034,17.73432126179583,7.992160630897917,64.66204550650549,0.69,32.7496431430512,Low,Low,High,Black,100-300
13.224070410356589,2025.8182713617337,93.87231345165424,24.487304092716098,12.233479536419503,2.797686548345759,52.36487023570017,17.92416957617369,8.068050286099135,65.23932867812209,0.6726959072839006,32.621147366888984,Low,Low,High,Black,100-300
12.07159102086618,2025.8182713617337,93.86563241171517,24.49147974267802,12.212601286609894,2.804367588284834,52.069234218396105,17.99515562552636,8.098950095817356,65.12575099915782,0.6685202573219788,32.62866353682044,Low,Low,High,Black,100-300
19.32292735610832,2073.646265060241,93.88220277099407,24.487797229005942,12.414918554698355,2.675081445301645,48.980517687461145,18.15205205084095,8.159499157739946,66.06594458011882,0.6959324096686471,33.04086313481719,Low,Low,High,Black,100-300
51.81922278441858,2033.0932286555444,94.0580029892907,25.747292479693797,12.745310415437984,2.849985053546511,50.56001494645349,19.19403886077907,8.671346286926356,65.18667164881782,0.659334329763566,30.530740402503877,Medium,Low,Medium,Black,100-300
52.44572158069431,2243.0696019568604,94.08455117672916,25.80183725576388,12.509039409437527,2.938204706916655,51.35563765533324,18.655322935229236,8.442671958284752,64.09338077276402,0.66,31.881212366645677,Medium,Low,Medium,Black,100-300
53.88179487045504,2257.879028697572,94.02851469670178,25.745188242638587,12.811861788575403,3.0541000624279793,50.639267667256114,18.816988117782625,8.522573483508838,65.61820012485596,0.6537029393403536,30.409979362189546,Medium,Low,Medium,Black,100-300
54.78487912301592,2033.0932286555444,94.04659661875763,25.903179543645706,12.832759256191496,2.9070169062118447,50.50298309378816,19.045756043849202,8.621918681283068,65.16766103126271,0.6555322062525437,30.249383262688234,Medium,Low,Medium,Black,100-300
52.54486312134387,2243.0696019568604,94.08667563831452,25.808918794381704,12.489919255169397,2.946702553258046,51.42362042606437,18.606460318766235,8.422135496293055,63.99848815528515,0.66,31.993808830669114,Medium,Low,Medium,Black,100-300
52.560675127918984,2033.0932286555444,94.055151249508,25.786266256723945,12.76717375377197,2.86424375245998,50.54575624754002,19.15696624360405,8.658988747868017,65.18191874918,0.6583837498360013,30.460397487864096,Medium,Low,Medium,Black,100-300
52.390494477997535,2161.7335800185015,94.0526317940676,25.669896199659572,12.731473641186483,2.8650519001702137,50.41821495779224,19.218526358813516,8.687368205932415,65.2592611357647,0.6555790764405506,30.58147364118648,Medium,Low,Medium,Black,100-300
24.140134578123238,2035.7335292676953,93.82,25.028419344577827,12.235867303904822,2.9293278409979586,50.608900697940165,18.624232438178108,8.41817432863358,64.10480485509721,0.6436058109544527,32.40235255650715,Low,Low,High,Black,100-300
57.948797748272725,2182.5011452130097,93.8834582739343,25.93,12.212708630328512,3.07,51.55064356471777,18.633217823588843,8.454879774827273,62.344427166705785,0.6570509193260331,32.55163365866901,Low,Low,High,Black,100-300
71.39910814994194,2109.2417061611372,93.82676085690338,26.004369425937135,12.502956572386495,3.2119779949708978,50.9780011648894,18.677174292898716,8.48830457573923,63.62943485857974,0.6432391430966239,31.517870299604184,Low,Low,High,Black,100-300
59.14439197124251,2151.4989542179874,93.82093581060198,25.9019256819402,12.506604734950164,3.07561486361196,51.40722301598936,18.91088174986578,8.62122972722392,63.61572298508438,0.6471925681940198,31.8248412352186,Low,Low,High,Black,100-300
34.234635299543605,2035.7335292676953,93.82,25.285801731869014,12.31983602599982,2.9694867950433923,50.89183878326026,18.697248718260713,8.472936538695535,63.98067717895679,0.6454312179565178,32.26179621734813,Low,Low,High,Black,100-300
59.20928363178247,2118.031626150578,93.82,25.984178959531448,12.635715042988194,3.0633928098132377,52.3082907880209,18.811285222057673,8.582249801215598,64.03471689830927,0.6513214380373524,31.87035685887943,Low,Low,High,Black,100-300
46.20736574263404,2035.7335292676953,93.82,25.591073882407123,12.419428358799488,3.0171179107301898,51.22742164378088,18.78385074678216,8.537888060086622,63.833453730470325,0.6475962686695541,32.095087312444335,Low,Low,High,Black,100-300
76.27436336324979,1970.7813602015112,93.87589077330092,25.851805404287823,12.07349152014582,3.1682423110841076,47.926174472250665,19.36296924433643,8.821781546601857,61.68268295210485,0.62,30.95410922669907,Low,Low,High,Black,100-300
58.88562306025992,2151.4989542179874,93.82161678142036,25.88149655738894,12.489580464490784,3.0797006885222116,51.26694302740406,18.933353786872164,8.629401377044424,63.57622667761862,0.645149655738894,31.762872890746454,Low,Low,High,Black,100-300
56.667104010889325,2184.04577706569,93.87835520054446,25.81133200204175,12.159111998638833,3.09373359959165,50.7428356135436,18.79898079537204,8.52449039768602,62.30422799115242,0.6441776002722331,32.10008081238661,Low,Low,High,Black,100-300
67.00275244303096,1970.7813602015112,93.85521060024467,25.751851234515946,12.166552298898946,3.151008833537232,48.653427224728794,19.29403533414893,8.780421200489357,62.31687492582986,0.62,30.974789399755323,Low,Low,High,Black,100-300
60.81016901441397,2110.6843476201752,93.83,25.7279051072855,12.330146518365744,3.1658189416898175,49.812223956842615,19.059560444902765,8.658362116620365,63.21417233119137,0.6247758588919756,31.0788016717176,Low,Low,High,Black,100-300
42.16898264554216,2053.614674441205,93.87540609850488,26.95585807634285,11.925832431661842,3.111837560598043,50.87493929604383,19.518761469833265,8.893461954617612,58.58571502831471,0.5927563408970647,30.001065832892372,Low,Low,High,Black,100-300
55.8391844038977,2184.04577706569,93.83695922019488,25.656097075730816,12.262601949512787,3.1247805848538364,49.71311060234776,19.15084662834348,8.70042331417174,62.97691267183313,0.6234796100974425,31.15832225943363,Low,Low,High,Black,100-300
174.28690313801988,2150.754067875407,94.30901531124275,25.783154420305678,12.217746172189313,2.7430910979445557,53.2509478341014,17.98519750713186,8.117598753565932,62.141879587448095,0.69,33.133559821519974,Low,Low,High,Black,100-300
77.68433398648935,2194.7990888382687,93.97088510748652,26.00955654044906,12.084059007165768,3.0415869498396204,51.64608760494098,18.51051676560431,8.380258382802156,61.57000181161535,0.6624354042994611,32.88332051178599,Low,Low,High,Black,100-300
18.71186848907513,2150.754067875407,93.90186301670695,24.475981264164403,12.319534245823263,2.769877433111385,53.588455657203454,17.631617882929714,7.940808941464859,65.69374763056966,0.69,32.59247585115003,Low,Low,High,Black,100-300
199.80906975013096,2194.7990888382687,94.33565433019751,26.48618832479143,12.108376955346502,2.871361312574489,52.34158092290995,18.393790614336794,8.321895307168397,60.25196902021961,0.6770261732079009,33.26268050340543,Low,Low,High,Black,100-300
302.2879862716456,2149.220749011398,94.65776414529391,26.908577183368855,12.129593480962532,2.7149185120316313,52.905729708497816,18.301382533049146,8.275894526043308,59.07552829058783,0.6902032595187347,33.677238617119215,Low,Low,High,Black,100-300
202.7125533451039,2120.7257304429786,94.28074975908532,26.512472639041246,12.294494080396726,2.9758796806171284,51.91820415748741,18.42250912031958,8.343108480176323,61.149883844992125,0.6671535999448992,32.56277343749843,Low,Low,High,Black,100-300
46.68118985262629,2149.220749011398,94.56425983000928,26.84907443727863,12.112592696365322,2.5024087045665335,50.63612496477057,18.777404501770967,8.522405902702822,58.888519660018545,0.6987036518173386,36.90738769058869,Low,Low,High,Black,100-300
59.22183392615201,2054.5431619786614,94.0211821555604,25.5794151074938,12.684089222197999,3.0118636925934,49.6033655481756,19.2305006185274,8.7449095407472,64.998389129343,0.6244089222197999,30.850916963076003,Medium,Low,Medium,Black,100-300
58.024864609625716,2192.4807297605475,94.00517760435447,25.510204682429325,12.879849473720387,2.9858880217723467,50.5334135029793,19.05086094369749,8.672131252253633,66.0699036298701,0.6492895825821224,31.00472602551563,Medium,Low,Medium,Black,100-300
53.85261149992031,2161.7335800185015,94.04275262500055,25.60271785000366,12.733449474999892,2.898641074998169,50.21470407501109,19.21655052500011,8.697247374999462,65.35212532499493,0.6496515750003231,30.58344947499989,Medium,Low,Medium,Black,100-300
57.426340442206985,2192.4807297605475,94.00090243173005,25.625634343288652,13.003829479828552,2.9645121586502494,51.41409906360972,18.909780247091646,8.620829180760598,66.43329330294576,0.6663902730798004,31.372390871215707,Medium,Low,Medium,Black,100-300
57.022151447637505,2284.3652249890783,94.01,25.57320680299932,12.801012674631364,3.0964346223944315,50.11962040899795,18.889683458185342,8.57746831342159,65.76677218060489,0.6401687791052273,30.44763709252682,Medium,Low,Medium,Black,100-300
53.75238318573865,2161.7335800185015,94.04342984333961,25.607322934709305,12.73331403133208,2.8963385326453475,50.228654772795835,19.21668596866792,8.696570156660396,65.34575947260772,0.6500579060037622,30.58331403133208,Medium,Low,Medium,Black,100-300
57.543299562985005,2192.4807297605475,94.00173785402133,25.603077941424317,12.979602233381677,2.9686892701066077,51.24200207160777,18.93734918270361,8.630854248255858,66.36228240818768,0.663048583914714,31.30054455416635,Medium,Low,Medium,Black,100-300
13.845973331387658,2151.947038327526,97.17982651573061,28.211995069097956,11.17069393707755,2.494783144663266,39.19369247867759,19.315477081740816,8.719913257865308,51.13721192443469,0.65,35.86365549691225,Low,Low,High,Black,100-300
21.511402597487592,1995.596718050721,97.15153893825443,28.097326999304396,11.313457963091778,2.393850444289866,38.62454244707229,19.357308407381645,8.722691592618355,52.045732285281716,0.6626915926183558,35.53654823421581,Low,Low,High,Black,100-300
16.12560408434886,2087.685946462715,97.12394671617393,27.73696096539155,11.204933395217406,2.3708534694782952,38.510745045303935,18.838214063565403,8.484666976087036,51.82263940591289,0.6590133209565187,37.5487174751298,Low,Low,High,Black,100-300
17.446472545244166,2087.685946462715,97.13995724297266,28.049166237966805,11.22494655371582,2.4148824181748054,37.9864002926455,19.074369333846686,8.584732768579105,51.63051308432812,0.6550106892568359,36.732180608394515,Low,Low,High,Black,100-300
180.33226220409503,2093.137339055794,95.68313505448991,27.141863933245908,11.108898253613685,2.3947457352606327,43.86771424923256,19.37940678309242,8.766440698554526,52.76339033149346,0.6688135661848419,34.57177924581706,Low,Low,High,Black,100-300
172.2466861189033,2093.137339055794,95.75719779926092,27.20696367068794,11.115974312031298,2.3985196330833594,43.53985687588319,19.37893504586458,8.76361027518748,52.694516696228696,0.6678700917291602,34.628859450385804,Low,Low,High,Black,100-300
12.164587682024035,2135.8301357042583,96.18598253475484,28.74597407285188,11.02051944536109,2.791272776494475,39.90528177983666,19.50258876490248,8.811991357617295,49.87032877150232,0.6296017284765413,34.50140241223507,Low,Low,High,Black,100-300
55.00357474495816,2276.1917507678804,94.04493005933777,25.73486788986024,12.745442957527423,2.96,51.565054398292844,18.70527199146421,8.500170966063216,65.18206713512798,0.6650077711846917,31.809440474702203,Medium,Low,Medium,Black,100-300
55.3110002689358,2276.1917507678804,94.03891521212952,25.7235065118002,12.783536989846393,2.96,51.56973261278816,18.72866306394077,8.514873925905626,65.35983928594983,0.6656760875411648,31.761321697036134,Medium,Low,Medium,Black,100-300
57.963770499481356,2060.2668600435095,94.01106284165802,25.827005466528362,13.004186702797947,2.9710628416580227,51.16486156145111,18.861561930569962,8.587874316683955,66.00479689761697,0.662624772227985,30.856294164352786,Medium,Low,Medium,Black,100-300
57.85337281931816,2060.2668600435095,94.00922288032197,25.79756608515151,13.008479945915404,2.9692228803219693,51.23723337400254,18.864628532796715,8.59155423935606,66.08882179863006,0.6638514131186871,30.95503875605431,Medium,Low,Medium,Black,100-300
56.060230972948425,2291.443258549336,94.00652510014238,25.721776101566146,12.919073297579596,3.1035522031322875,50.99969078690135,18.684246995728696,8.49254819743722,66.0923935908879,0.6569497997152466,30.706138583769054,Medium,Low,Medium,Black,100-300
54.452716131940264,2276.1917507678804,94.05570772785335,25.755225708167426,12.677184390262163,2.96,51.55667176722518,18.66335883612589,8.473825554136274,64.86352715455676,0.6638102524607398,31.895661822826742,Medium,Low,Medium,Black,100-300
58.47343119327803,2192.4807297605475,94.00838165138056,25.42369541272495,12.786932109963837,3.0019082569027864,49.87337981560519,19.156594495558394,8.710579816566689,65.79755963265262,0.6364733944777706,30.72917798127207,Medium,Low,Medium,Black,100-300
70.86955150677207,2140.5132991133923,93.85517352926557,26.005386397259844,12.360985662513967,3.213919485677885,50.94746874844665,18.56426654420902,8.417413235367217,63.03730220920834,0.6462933823163919,31.79885698257119,Low,Low,High,Black,100-300
58.57672490451533,2182.5011452130097,93.85777034481528,25.93,12.34114827592359,3.07,51.57062306514367,18.733115325718348,8.517672490451533,62.88101946385856,0.6541967049794758,32.291900153132296,Low,Low,High,Black,100-300
161.7557452658796,2194.7990888382687,94.22199446017288,26.33767276129256,12.100799630678193,2.9244025852526567,52.12486943739629,18.43016177274468,8.34008088637234,60.662660017242,0.6724797784069151,33.1444742385798,Low,Low,High,Black,100-300
150.96347246531116,2194.7990888382687,94.18975947570284,26.295552381585047,12.098650631713523,2.939445578005341,52.06340806700675,18.44047696777509,8.345238483887545,60.779135761127066,0.6711903790281136,33.110949854730954,Low,Low,High,Black,100-300
50.812426110652154,2064.8483972041454,93.89900411205195,25.757731088813927,12.07877823467244,3.0431211627936623,51.349178731521,18.5238911733622,8.380225877379514,62.10277192385556,0.6575564693448784,32.80289528541415,Low,Low,High,Black,100-300
57.803516626073595,2140.5132991133923,93.9079655893896,25.932797314589298,12.090426354378291,3.0753403278522957,51.50838438726452,18.5312715066315,8.3910172053052,61.83628284138656,0.6594913973474005,32.782109102381334,Low,Low,High,Black,100-300
281.1090575001254,2194.7990888382687,94.57848583482713,26.80348815750746,12.12456572232181,2.7580399437473364,52.80457965840374,18.316084532855317,8.283042266427659,59.37453785015794,0.6867394333930854,33.51522526822022,Low,Low,High,Black,100-300
36.34045190409027,2130.0735880009374,94.07783089144414,25.268933450790083,12.28408120054505,3.1274633716621647,58.5830531342784,19.191801588773874,9.74915445722072,64.62338464392437,0.663492674332433,31.56404519040903,Medium,Low,Medium,Black,100-300
54.63806790195719,2208.9547306473523,94.01157361781758,25.582004995321732,12.933070950777788,2.9889340445439436,52.66766624367152,18.929187875724704,8.776370756127674,66.31614190155558,0.67,31.503527982406293,Medium,Low,Medium,Black,100-300
51.46426321729943,2299.936170212766,94.02913253758179,25.266474686110968,12.349826507516356,3.1091325375817838,52.81486355491218,19.291214447385503,9.785433731209109,64.78340728562155,0.6547397612745351,31.82,Medium,Low,Medium,Black,100-300
40.83300591673656,2126.281220657277,94.06129349112835,25.21533451675755,12.387020512814596,3.1246654832424503,57.6809368839136,19.145173964513422,9.722586982256711,65.36745759364513,0.67,31.52693136101091,Medium,Low,Medium,Black,100-300
51.88082231054195,2208.9547306473523,94.02356164212807,25.511575352497537,12.832671247177343,3.018904105320196,53.77356148631524,18.98013697904433,8.948698605591128,66.11534249435469,0.67,31.558972594842363,Medium,Low,Medium,Black,100-300
44.815949512615035,2299.936170212766,94.05604878739832,25.220717061422857,12.355209757479663,3.1360487873983196,56.077113032676344,19.25353169764235,9.77197560630084,64.98797078422723,0.662814636219496,31.82,Medium,Low,Medium,Black,100-300
46.7302625266259,2126.281220657277,94.00422326587136,25.323133831131873,12.469455282630255,3.016866168868129,53.71772679662238,18.91689306348545,9.608446531742725,65.9698655269134,0.67,30.63283116531801,Medium,Low,Medium,Black,100-300
95.27745936375501,2171.461449942463,94.60157130904717,27.097856545235896,12.236584122206713,2.47,52.89669525729378,18.756233983550583,8.527181894242705,59.03815543125389,0.7093766016449417,36.92179331610797,Low,Low,High,Black,100-300
208.72872256046765,2015.2029520295205,95.08227176631065,27.33951098446286,12.28361187942909,2.4516403579864936,52.91245727783894,18.71425874704727,8.51753946302026,58.71216029211169,0.7154100894966233,37.265852727151696,Low,Low,High,Black,100-300
180.79848200604312,2171.461449942463,94.65193165428622,27.34965827143107,12.360195878702525,2.47,55.44218179846681,18.66466971947961,8.495134401817865,59.21212753298874,0.7185330280520389,36.45481556934602,Low,Low,High,Black,100-300
209.2936530555345,2015.2029520295205,95.09903744551909,27.337506392383588,12.279784930914122,2.4509114154122136,52.79582646595417,18.71681004605725,8.51863287688168,58.691203193101146,0.7152278538530533,37.3010242063607,Low,Low,High,Black,100-300
242.9811883143954,2196.7592171142464,94.66,27.18568946101045,12.273588260942944,2.5764117390570576,54.61988029650042,18.496767095757836,8.39635766962979,59.17189648700349,0.707230591313153,35.19670146168552,Low,Low,High,Black,100-300
87.14121790959534,2121.2985179957655,96.12022132028248,27.72697415083442,12.391823654415242,2.3931462463009217,49.05731053844301,18.851002125059125,8.560941926491456,58.169959275420524,0.7081763455847572,37.662866504053845,Low,Low,High,Black,100-300
305.9073778081473,2196.7592171142464,94.66,26.920504465777782,12.135471075925928,2.7145289240740724,53.023245637703724,18.297878349333335,8.274814546814817,59.08350148859259,0.6906565291111113,33.66083836429632,Low,Low,High,Black,100-300
50.530252612988136,1969.5808713069603,93.81713189920573,25.581706269241533,12.235506084908838,3.078217025198568,52.22898408079758,18.829689428375655,9.578217025198567,64.29147990194656,0.6635659496028642,31.732020590250617,Low,Low,High,Black,100-300
48.97567925668259,2103.061137440758,93.81405400929147,25.574594102206145,12.11621603716587,3.0678379721255973,52.973240557488054,18.87351336430489,9.590810691443913,63.761352440574285,0.6545946542780432,31.376757234224346,Low,Low,High,Black,100-300
52.199366372371934,2191.306113138686,93.81906051991366,25.57530259956831,12.18154467922296,3.1026512997841555,51.28484707377086,19.01855909848909,9.194927903669353,63.511169983324,0.6418789601726754,31.229729081813094,Low,Low,High,Black,100-300
50.22034244667761,2191.306113138686,93.81287607014588,25.544380350729337,12.125884631312807,3.087190175364669,52.27126681173412,18.910331227552682,9.457767018800629,63.7492712993841,0.6542478597082649,31.359602526936783,Low,Low,High,Black,100-300
51.05451810609193,1969.5808713069603,93.82017111945561,25.60374061605314,12.293251269656503,3.0774572201360986,52.01547885824372,18.816772742313677,9.577457220136099,64.47535272706412,0.6650855597278027,31.86498647618274,Low,Low,High,Black,100-300
54.30607023417953,2191.306113138686,93.82564396948182,25.608219847409053,12.240795725336298,3.1191099237045274,50.23478686765114,19.133769465931692,8.91513129702303,63.257707174950276,0.6287120610363779,31.091476640881968,Low,Low,High,Black,100-300
49.73483099726535,2243.924688057041,93.81,25.524711514898126,12.088835420340484,3.08587609455764,52.38507324946654,18.8893804727882,9.593515017482572,63.755405516874006,0.6588247810884721,31.470534413195704,Low,Low,High,Black,100-300
23.975619711892836,2119.0604848199578,97.25600802444545,27.288600087305202,11.31518412571949,2.7721299607126597,41.43018055002276,18.7925720017461,8.466430004365261,52.94829847406724,0.655144003492208,37.25345608381299,Medium,Low,High,Black,100-300
22.020612513808558,2119.0604848199578,97.42188742307079,27.881026510967104,12.168278175792631,2.505538070064803,45.16246701909276,18.804420530219343,8.496051325548356,56.16517395455138,0.6788410604386841,37.82218545052842,Medium,Low,High,Black,100-300
19.694013630710106,2236.460581617652,97.53603897114317,28.13935320377128,12.587610191658637,2.392930318456046,46.85139369313782,18.800891788690013,8.508053487626718,57.703713634474795,0.6898306434195813,38.10761052189982,Low,Low,High,Black,100-300
169.3972783554226,2144.7150837988825,94.42565258771863,26.036390082268063,11.148336456748495,2.4333123828719314,48.71485022335502,18.33907395129794,8.287865071366951,55.01438085640343,0.6722292057093562,38.89857114022429,Medium,Low,High,Black,100-300
21.65316288016236,2233.592890396223,97.49486441998353,28.155544507950946,12.594043235091249,2.3801454081840747,46.95125145028842,18.797105367438693,8.520447061915364,57.60167990157704,0.6899953481935318,38.15759208498496,Low,Low,High,Black,100-300
181.8629203455852,2023.12591866732,94.82934562292351,25.9980416947476,10.96910353867123,2.447327421270836,46.48611217403239,18.51076701657406,8.352902683701384,53.62539307457854,0.69,37.23718599723608,Medium,Low,High,Black,100-300
24.040605371518637,2119.0604848199578,97.25049408968933,27.26890746317617,11.286826746973684,2.780991641570724,41.306117018009864,18.792178149263524,8.46544537315881,52.8413675250466,0.6543562985270468,37.234551164649126,Medium,Low,High,Black,100-300
3.021961844861227,2176.347107438017,95.59938572654539,27.894405653825956,11.398139646226555,2.8452585154613645,39.7033715919805,19.978992507861964,9.140852861635409,53.165369042846955,0.6414405653825956,32.35656198375094,Low,Low,High,Black,100-300
5.0884127635970415,2159.8640462427747,95.25968440556242,28.89957611934487,10.878685795194684,3.0757889860939436,42.02772974766688,19.68689588267923,8.946316520859085,49.03222305738564,0.6136316520859084,33.146311888751555,Low,Low,High,Black,100-300
8.084325189121513,2176.347107438017,97.07854501619644,27.973505081080024,11.113381708111914,2.5446806918959104,40.98478231349639,19.314557318927804,8.761175610815886,51.053414335163374,0.6493505081080024,35.742017470225015,Low,Low,High,Black,100-300
6.892730840788342,2176.347107438017,96.73037604254284,27.954886419387318,11.180408890205655,2.615431606328192,40.68315999407455,19.47095407714653,8.850545186940876,51.550532602358615,0.6474886419387318,34.94513874977721,Low,Low,High,Black,100-300
10.961871888833253,2212.206101694915,96.2839544445038,28.1719204857498,11.345742683660784,2.6758467698706885,38.354446715170404,19.71946079536187,8.949356709151964,52.42402098353648,0.6452128658169608,33.80950772933341,Low,Low,High,Black,100-300
3.9837661601624808,2159.8640462427747,95.28567609034911,28.522696689937785,11.089868234086584,3.0108097741272046,41.08228221355083,19.83959703080107,9.043785338809194,50.702188804930834,0.6233785338809192,32.62647819301764,Low,Low,High,Black,100-300
3.5388108497297694,2212.206101694915,95.48488375617679,27.927396122108746,11.43307281353259,2.8636065490950706,39.288879104798724,20.038215769393958,9.167682033831479,53.36718638615198,0.6408463593233704,32.07600465137807,Low,Low,High,Black,100-300
53.05264882550342,2114.5421573245408,93.82116536073826,25.59631505033557,12.0253753942953,3.1092860486577196,49.71461056208049,19.211128523489936,9.754173196308725,62.470787625838916,0.6325564261744968,31.84082914429531,Low,Low,High,Black,100-300
26.980545818098904,2247.4598442714127,94.63735476843388,26.768122128275433,11.659616320079222,3.0275925426569175,42.837531750837925,19.76279113726386,9.483412591407681,57.437015674512516,0.64,31.986071332266913,Low,Low,High,Black,100-300
41.49113934163037,2247.4598442714127,94.23339685349308,26.11966337008099,11.781866741706043,3.102005842777592,44.801511350451435,19.566127415516366,9.64286966309484,59.70396371033163,0.64,32.129582696785356,Low,Low,High,Black,100-300
7.89747724654238,2294.3708061002176,95.04736892796886,27.490744307193165,11.494659380821638,2.9290650425797393,50.65863607956877,19.939746280936465,9.76673535216892,56.15274324714211,0.6659587886986477,34.547067546348565,Low,Low,High,Black,100-300
50.97681469233554,2243.924688057041,93.81,25.50960630779592,12.056946649791385,3.1026596580045345,51.399878075133834,18.973298290022672,9.63211721341043,63.45665808751929,0.6554680683990932,31.614873058838995,Low,Low,High,Black,100-300
54.60726171067421,2114.5421573245408,93.81640634170202,25.52968878382825,11.976198864254183,3.139426502553888,48.497888028482535,19.274582110639763,9.777968291489913,62.30422195957062,0.6357291055319882,32.028017226387306,Low,Low,High,Black,100-300
56.24413736128491,2114.5421573245408,93.81139549787362,25.459536970230648,11.924420144694048,3.171161846800422,47.21678228968824,19.341393361685096,9.803022510631912,62.128842425576615,0.6390696680842549,32.22511041697104,Low,Low,High,Black,100-300
1.5697949386563026,2336.4152330369834,95.2235515651696,27.810752261410304,11.416784734910134,2.8931064455828808,51.240785788732516,20.031191859718103,9.760455150570124,55.35837784816916,0.6699578628559764,34.905499459633624,Low,Low,High,Black,100-300
20.60808366962795,2294.3708061002176,94.7250964601495,26.95662839898904,11.602834754635131,2.9944209975920586,49.66928213989953,19.788751488321797,9.778003620274493,57.69649597760552,0.6591978278353043,33.95661029761657,Low,Low,High,Black,100-300
0.6278640712216514,2339.9235517168263,95.27979948524278,27.820739676572934,11.40656287673455,2.893811565501692,51.32814207673639,20.03098786226722,9.77587154959443,55.28385861898718,0.6697015227835497,34.82711421956522,Low,Low,High,Black,100-300
14.268730642229372,2280.860210341805,94.83234112615534,27.160026410933,11.62100101082232,2.944164465755583,51.671912680622434,19.69646092139983,9.708686295599973,57.690207049845704,0.667149238644443,33.90793504826616,Low,Low,High,Black,100-300
1.5947987723854806,2340.5297768824194,95.19983991569393,27.816345865085246,11.438618765961815,2.8944968177898542,51.45256853360343,20.034015253914387,9.744443295445356,55.096724072309385,0.6699830760691814,34.92153812554535,Low,Low,High,Black,100-300
0.7206007180412939,2284.5127980748193,95.26103003590207,27.826356694590494,11.43467334131157,2.892336670655785,48.49740196748531,20.046356694590497,9.631483113931827,54.83743932982812,0.6629899880326451,34.16161207277195,Low,Low,High,Black,100-300
40.002166067288115,2280.860210341805,94.08134494946486,25.962633905440473,11.972866352348634,3.0439471745466276,52.44916746488951,19.08200950410761,9.614155308324248,62.22244271756523,0.6618975171291249,32.08033596093546,Low,Low,High,Black,100-300
252.1418733172187,2167.54159981664,94.8163903749241,27.520873819194158,10.877792980031387,2.6122070199686123,49.99977329178465,19.11664353188905,8.613632097059124,51.13818295727884,0.6453103311145987,33.726390374924094,Low,Low,High,Black,100-300
173.41824651408848,2106.6322459516546,95.60263957048072,27.780107490837096,10.878032247251129,2.5719408800395973,52.58290829757346,18.803828014660645,8.483935505497744,50.72997312729073,0.6480053745418548,34.624714814066685,Low,Low,High,Black,100-300
207.99435712845738,2167.54159981664,95.37044465019027,27.19079893180155,11.036936229309967,2.4530637706900333,45.903308171465675,19.305257753256257,8.725621790995902,52.36417539616567,0.6629929143677741,34.280444650190255,Low,Low,High,Black,100-300
257.9566628606029,2283.856517935258,94.62353162189738,27.559551947306193,10.874710098146307,2.6746649121919885,51.240730423555114,19.041042918385966,8.573204065081761,51.16416422525784,0.6407153615703409,33.53353162189739,Low,Low,High,Black,100-300
234.32272456451543,2167.54159981664,95.04002188129981,27.387646538800116,10.942027561649944,2.547972438350056,48.34632757975143,19.192773406399933,8.65883421004996,51.63302714159958,0.6524475068499939,33.950021881299804,Low,Low,High,Black,100-300
246.23322703723818,2167.54159981664,94.89054428017351,27.476697024577483,10.899092506007285,2.5909074939927144,49.45150771573839,19.14188741452715,8.628620652375497,51.302268194426496,0.6476769451119206,33.80054428017351,Low,Low,High,Black,100-300
126.15686333442375,2283.856517935258,94.15485381483649,26.489193171721173,11.66639558304647,2.934337751239242,51.43073493993115,18.7053682727883,8.452867871376936,58.143663460137674,0.6533823293287435,33.06485381483649,Low,Low,High,Black,100-300
56.3192924569092,2127.876192692576,94.05606913321648,25.99530947838154,12.742757223196032,2.976965433391762,50.90227896450481,18.699654333917618,8.480482311422731,64.57951363584576,0.6543448555360794,30.852351339906495,Medium,Low,Medium,Black,100-300
55.63084601482852,2276.1917507678804,94.03265736057945,25.711686125538947,12.823170049663535,2.96,51.57459983066043,18.75299915330217,8.530170896361364,65.5447935650965,0.666371404380062,31.711258884635534,Medium,Low,Medium,Black,100-300
53.020627379227044,2375.385392548937,94.08049992950438,25.81287494712829,12.50750035247808,2.9861251938629443,51.42906175098408,18.53593754405976,8.394750035247808,64.08987678001431,0.6588124911880481,31.94912336097693,Medium,Low,Medium,Black,100-300
54.61365865373576,2269.2074807480753,94.06448455128353,25.67966503205938,12.54930407050767,2.975947155447798,50.89530321317764,18.746881314090054,8.498440657045027,64.42728702721028,0.6504317067313212,31.666069887849584,Medium,Low,Medium,Black,100-300
52.22814283363052,2243.0696019568604,94.07988877500637,25.786295916687894,12.551001024942686,2.919555100025473,51.20644080020379,18.762558174853528,8.487741841605107,64.30163471638221,0.66,31.634105075337523,Medium,Low,Medium,Black,100-300
54.87302614440039,2276.1917507678804,94.04748427108782,25.739692512054766,12.729266283110483,2.96,51.56306778915392,18.695338945769596,8.493927337340889,65.10657598784893,0.6647239698791313,31.82987416870255,Medium,Low,Medium,Black,100-300
55.73301042044571,2276.1917507678804,94.03065849177389,25.707910484461788,12.835829552098708,2.96,51.57615450639809,18.760772531990433,8.535057020108272,65.6038712431273,0.6665935009140125,31.695267934191104,Medium,Low,Medium,Black,100-300
48.78839614180424,2204.5438556933486,94.01652176293801,25.44739136783471,12.20608686922727,3.0397101317011015,51.03565489591327,19.25043471118595,9.769420263402203,63.69579663587878,0.64,31.341159108146,Medium,Low,Medium,Black,100-300
53.47933447590195,2200.4819331526646,93.98657186072994,25.35,12.438577910949007,3.0139969748904636,50.717682248471135,19.031406963503308,9.658847203211522,65.53378818481868,0.6597155821898014,30.893367637079333,Medium,Low,Medium,Black,100-300
53.803838580816574,2299.936170212766,94.01966057254731,25.28257702666959,12.34793211450946,3.099660572547301,51.66686139273292,19.304475198433778,9.79016971372635,64.7114203513595,0.6518981717641904,31.82,Medium,Low,Medium,Black,100-300
52.71653287503516,2200.4819331526646,93.98706718644478,25.35,12.446007796671736,3.0105296948865234,51.00843844308724,19.00664067776088,9.647454711770006,65.61848888205779,0.6612015593343471,30.823526711285687,Medium,Low,Medium,Black,100-300
46.93549207987634,2299.936170212766,94.0474676434013,25.23530500621777,12.353493528680263,3.1274676434013107,55.03707838023881,19.265545299238166,9.776266178299345,64.92275408984996,0.6602402930203931,31.82,Medium,Low,Medium,Black,100-300
60.47636477804929,2282.0826590859388,93.99912429727725,25.36912429727725,12.594990630363323,3.0281261712045846,48.568437223434266,19.264378513613753,9.121525298019026,65.20684571988538,0.6336252342409169,31.035903811632778,Medium,Low,Medium,Black,100-300
61.029911906927985,2200.4819331526646,93.98166888837213,25.35,12.36503332558187,3.048317781395127,47.83963747443719,19.276555581393765,9.771615567441133,64.69537991163332,0.6450066651163741,31.58468673953042,Medium,Low,Medium,Black,100-300
55.968045504366586,2291.443258549336,94.00701028681912,25.727113155010358,12.910825124074904,3.1142263100207113,50.95505361264066,18.6696913954263,8.483814837255782,66.06134164357611,0.6559794263617535,30.65082730261995,Medium,Low,Medium,Black,100-300
52.83136570085332,2375.385392548937,94.08610768293768,25.81708076220326,12.479461585311602,2.970703871921381,51.488644131212844,18.53243269816395,8.39194615853116,63.948281005823596,0.6595134603672099,32.079503628301055,Medium,Low,Medium,Black,100-300
53.561689978709296,2257.879028697572,94.0324184148938,25.742065268084968,12.801712121276148,3.0275547787222346,50.630679487233664,18.866955710640497,8.542092074468945,65.56510955744447,0.6544836829787578,30.43105944042646,Medium,Low,Medium,Black,100-300
54.0003129961659,2375.385392548937,94.05147220752102,25.79110415564076,12.65263896239495,3.065951429317222,51.12064220491074,18.55407987029937,8.409263896239494,64.8228267600945,0.6551840259401263,31.27422882486349,Medium,Low,Medium,Black,100-300
51.594845236643884,2257.879028697572,94.05640432638239,25.722876538894084,12.739348751405782,2.864450580599737,50.57791048195874,19.17397537769461,8.662021631911959,65.23890116119948,0.6592808652764783,30.560583362464914,Medium,Low,Medium,Black,100-300
56.118621271540775,2291.443258549336,94.00621778278136,25.718395610595007,12.924297692716806,3.0967912211900157,51.02796398411448,18.693466516559067,8.498079909935441,66.11206190199269,0.6575644344372713,30.741172762924464,Medium,Low,Medium,Black,100-300
54.96521033646424,2375.385392548937,94.02288265669736,25.76966199252302,12.79558671651322,3.144572694082272,50.816878227409404,18.571948339564152,8.423558671651321,65.54471291839177,0.6516103320871695,30.609521768213522,Medium,Low,Medium,Black,100-300
59.45618590598168,2118.031626150578,93.82,25.938165353885232,12.545932397824844,3.0690042251359473,51.706747065426455,18.86964394141385,8.605817745570977,63.72496677249571,0.6501991549728106,31.904025350815683,Low,Low,High,Black,100-300
5.121505036257593,1598.9243277048156,97.54424673628623,28.099628869798142,11.371703095838514,2.521135397225676,39.49479242827897,19.218690040983446,8.646986945144933,52.51229280107145,0.66,37.494443304697214,Medium,Low,High,Black,100-300
146.91071362528686,1748.035458964827,96.20282592597816,26.384057569980662,10.352608577036534,2.347318973316259,42.45420130006377,18.974057959717765,8.53623183887106,49.94768083181519,0.6660144899294413,40.395217154073066,Medium,Medium,High,Mixed Red & Black,50-100
9.642376855076595,1723.977391304348,97.4866697329068,27.45091201777468,12.025757715132126,2.2775725519610637,53.31704042955479,18.137579451001383,8.275760014812233,57.15454169143255,0.7157577151321276,39.86122752210011,Low,Low,High,Black,100-300
20.716619060635466,1715.2287543655414,95.13052047415927,26.308560075884383,12.736821659557428,2.66895905168147,45.91527074446785,19.5023143859732,8.870752963495406,63.96941352296554,0.6347397629203675,31.655957705088056,Low,Low,Low,Black,100-300
57.568667677468525,2060.2668600435095,94.00447779462448,25.721644713991605,13.01955181254289,2.9644777946244756,51.4238734114373,18.872537008959206,8.601044410751049,66.3055140454823,0.667014803583683,31.209691688486483,Medium,Low,Medium,Black,100-300
31.684203883462644,1871.4891798022977,97.20878077915677,28.034573571340562,10.82579279218379,2.4342072078162102,43.63842636106011,18.69103603908105,8.401219220843227,49.52390389578386,0.6571951947891932,39.592141102367954,Low,Low,High,Black,100-300
108.94835233572593,2150.754067875407,94.13801910390893,25.234166596760232,12.260495224022769,2.7543408484270446,53.39269469018076,17.836700800763012,8.043350400381508,63.633596501426084,0.69,32.90631486177371,Low,Low,High,Black,100-300
64.23411385214276,1645.5052982137452,94.02813645540857,25.795118126754858,12.344645619735427,3.182099798101144,51.13911005080061,19.108582478941713,8.707663948389142,63.517900201898854,0.6132545821634284,30.39580040379771,Medium,Low,Medium,Black,100-300
71.45134180711301,1907.16142557652,96.39051878368633,26.944150269490695,11.420948113565139,1.9741502694906943,49.46395342271676,18.6898568900404,8.472075134745348,54.845921245157975,0.7089624326273264,40.971914085626885,Medium,Medium,High,Mixed Red & Black,50-100
273.77348844672025,1592.1706398996234,95.20229391882623,27.148122711423092,10.94804947696203,2.6362454228461836,47.47379119438435,18.910270161327198,8.524981691384735,52.15584263331035,0.6559386442884542,35.680723408807054,Low,Low,High,Black,100-300
221.6384888675726,1674.0678975580702,96.33339494274925,26.771277544511513,10.685319386127878,2.5766050572507506,47.35611558539839,18.570361529884135,8.316327814879129,50.86742865775425,0.6855966284994994,40.96333503507081,Medium,Medium,Medium,Black,100-300
81.30456336896363,1995.9316545105737,96.30073154744342,27.69878513792628,11.04630376658326,2.3485769507790994,47.85126534024092,19.22137417423866,8.725544138702215,51.33523467419752,0.6700513511752145,34.99724857524573,Low,Low,High,Black,100-300
148.30598850626455,1628.8728340869359,97.19386533531107,25.479335742811333,11.251993947365388,1.9909757779494848,45.485862583693546,18.272789941055027,8.23541014271257,55.94219751422829,0.5898545539634392,42.35886556612139,Low,Low,High,Black,100-300
46.932735947817136,1670.3081986834231,96.8340230134384,27.86764877402307,10.967620398819232,2.436147237784626,43.33920627748085,18.988526838965395,8.53949002951924,50.63739339718852,0.6576203988192305,37.126770709080745,Low,Low,High,Black,100-300
79.34160716015933,1975.1259445843825,94.88880098886577,26.984730519515473,12.129735979933928,2.456842680044048,50.013696280925004,18.83026402006607,8.556710670011013,58.606721590847926,0.703289329988988,37.69932902899791,Low,Low,High,Black,100-300
93.76560619423789,1770.002822466836,96.30943294509355,26.785379598108495,10.47594665301495,2.25506248559932,44.11643911430669,18.93203506975651,8.55130945859547,50.1224939459923,0.67,40.45176833483126,Medium,Medium,High,Mixed Red & Black,50-100
2.5587525929202295,1638.004272200183,96.20116731168142,27.727276272743364,11.34077820778761,2.3907782077876107,55.79743227345135,18.96443584424779,9.21964989628319,53.626926169026554,0.6492217922123895,37.62361893557524,Low,Low,High,Black,100-300
49.70656774125911,2191.306113138686,93.81127052419144,25.536352620957175,12.111434717722911,3.0831763104785868,52.52735139146616,18.882234173350106,9.526002721864025,63.811084818629766,0.6574589516171306,31.39331899197987,Low,Low,High,Black,100-300
161.12267723442113,1748.5449871465296,96.40176363736234,26.981868911062588,10.42369414250475,2.29726117149905,45.575350543491446,18.901507447666035,8.541507447666033,49.502609752315095,0.6842462761669834,37.909894726299754,Medium,Medium,High,Black,100-300
232.22800866290282,1626.7289489858638,95.08095236608878,27.108966167173698,11.215250630869036,2.5182393532602685,47.48681703478357,19.1810338328263,8.676704258695892,53.68594613543231,0.65,34.63130954238902,Low,Low,High,Black,100-300
34.3879324599642,1710.2330607476636,96.29747072028007,26.87277133104744,11.876626639117696,2.6887951320301116,46.02590291003561,17.8956624753084,8.074819202446172,57.68084327286223,0.6934939823959851,37.15385638580379,Low,Low,High,Black,100-300
50.75431817851904,1627.1130221130222,93.897850723133,25.4288667358821,11.990269628414092,3.1947753096549234,57.172458154851164,19.22,9.527878098363765,62.7267174590151,0.66,32.4376983460877,Low,Low,High,Black,100-300
260.2595916659462,1574.2222222222224,95.62843634940796,27.17874907952637,10.730671873226788,2.6043513332681982,48.003764922232286,18.746586857087028,8.460745174606277,50.86648666731802,0.6577644761811712,35.98976057126108,Low,Low,High,Black,100-300
10.496802803512914,1580.9886219974715,93.94602699459625,24.746778488121272,12.325113673157498,2.726481687226247,50.869152196962496,18.485961476195005,8.344886326842502,65.01556049342993,0.6669055887450004,35.761826642877516,Low,Low,High,Black,100-300
57.212874496397006,1802.5474674785498,96.42897872816883,26.41408508732467,10.753234214077994,2.1569361845064994,48.69197906407157,18.458999888032423,8.358170174649334,52.862469099961466,0.7134680922532497,40.22604299153265,Medium,Medium,High,Mixed Red & Black,50-100
116.64434829835905,2086.4729041253186,95.2429788347107,25.27379144468404,9.792564126162864,2.3848114173645194,43.38785690403552,18.545222574988085,8.355760810416188,48.502997619562905,0.6499562469633392,42.1432453152782,Low,Low,High,Black,100-300
40.71257144224343,2064.8483972041454,93.88188571430888,25.4895428575059,12.076876190478766,3.001276190532835,51.067676190857256,18.51438095239383,8.365009523830123,62.589695237436096,0.6537523809575305,32.77626666670271,Low,Low,High,Black,100-300
47.39073811019007,1711.1565420560748,93.88764077042443,26.290940925599173,11.94,3.0715823423082136,50.1701852377962,19.102950879046745,8.699116209947794,59.96104046007492,0.59,33.701681876783965,Low,Low,High,Black,100-300
59.271568269748165,2118.031626150578,93.82,25.972571367910568,12.613066083727938,3.064808369767004,52.156542760977196,18.826007045576837,8.588195153021415,63.95657798886139,0.6510383260465993,31.87885021860202,Low,Low,High,Black,100-300
49.42009742908755,1737.804079287561,96.84652966468788,27.137418233378543,10.835004345658145,2.2870159187584767,44.479505054613114,18.97895224372457,8.54233863958616,50.95139220539383,0.68,38.71242257903669,Medium,Medium,High,Black,100-300
48.689415550454,2045.718475073314,93.84998282711415,25.270661156105138,12.485004293221463,2.9452876458379493,48.2520865056305,18.545030052550235,8.370051518657544,64.95884083020528,0.6699742406712283,32.33913276926469,Low,Low,High,Black,100-300
37.38410098387189,1590.3959773727217,94.56819221223836,26.6247254885127,11.952334160600849,2.4760640707461214,48.90132779913825,18.89548053059591,8.569096106119183,58.565892568813126,0.7,36.52980584793161,Low,Low,High,Black,100-300
54.602961015093165,1627.7291154791155,95.20625234551798,26.104204383702395,13.18407715948735,2.5506214817230357,45.86623358137417,19.324990617928094,8.772650679394808,65.86773511804194,0.63,30.302759139466044,Low,Low,Low,Black,100-300
3.3944768782092347,1621.4168970814133,95.35250115259943,26.980175142329866,10.591492292736412,2.6459107901690238,42.84146540754694,19.637015414527177,9.538672351064406,51.734843549529394,0.6431492292736412,37.37044604915488,Low,Low,High,Black,100-300
11.27,865.0,95.32,25.25,11.51,2.33,61.48,18.53,8.57,58.04,0.74,36.68,Medium,Low,High,Black,100-300
14.95,453.0,95.34,26.13,9.86,2.31,58.48,19.34,8.94,48.71,0.68,43.77,Medium,Low,High,Black,100-300
23.82,937.0,95.39,26.12,9.68,2.16,56.65,19.72,9.07,47.51,0.67,42.29,Medium,Low,High,Black,100-300
38.7,946.0,95.38,25.43,10.41,2.17,59.93,19.32,8.94,51.56,0.71,40.71,Medium,Low,High,Black,100-300
28.5,695.0,95.33,25.61,10.42,2.18,59.48,18.88,8.71,52.53,0.71,40.74,Medium,Low,High,Black,100-300
39.2,1112.0,95.34,25.39,10.82,2.12,57.38,18.87,8.81,54.34,0.7,41.8,Medium,Low,High,Black,100-300
42.7,977.0,95.31,25.94,10.37,2.11,56.75,18.64,8.64,51.86,0.67,40.49,Medium,Low,High,Black,100-300
40.3,747.0,95.44,25.11,11.08,2.2,60.55,18.15,8.43,56.96,0.73,39.14,Medium,Low,High,Black,100-300
36.3,625.0,95.36,25.22,11.74,2.06,49.61,18.77,8.74,59.17,0.7,42.58,Medium,Low,High,Black,100-300
21.5,749.0,95.26,25.55,9.74,2.18,36.46,19.44,8.93,45.89,0.67,38.15,Medium,Low,High,Black,100-300
7.2,944.0,95.32,25.4,10.81,2.13,47.73,18.48,8.4,52.52,0.71,40.41,Medium,Low,High,Black,100-300
0.2,1000.0,95.35,26.19,10.22,2.29,44.36,18.68,8.47,49.69,0.66,39.8,Medium,Low,High,Black,100-300
0.7,1286.0,95.38,25.64,11.14,2.21,48.43,18.19,8.27,56.79,0.73,41.49,Medium,Low,High,Black,100-300
0.74,1365.0,95.38,25.53,10.9,2.08,43.18,18.94,8.58,55.22,0.69,39.43,Medium,Low,High,Black,100-300
2.24,969.0,95.36,26.16,11.1,2.1,47.13,18.31,8.33,53.41,0.69,38.79,Medium,Low,High,Black,100-300
5.6,625.0,95.35,25.6,10.81,2.06,45.13,18.66,8.44,53.47,0.7,37.87,Medium,Low,High,Black,100-300
2.8,1143.0,95.34,26.53,10.66,2.04,43.44,18.9,8.53,51.96,0.68,37.23,Medium,Low,High,Black,100-300
4.2,1381.0,95.33,26.42,11.26,1.95,47.54,18.81,8.53,54.97,0.71,40.99,Medium,Low,High,Black,100-300
5.5,927.0,95.32,25.45,11.2,2.0,44.54,18.33,8.32,55.89,0.72,42.38,Medium,Low,High,Black,100-300
15.99,1335.0,95.31,25.4,10.58,2.13,46.65,18.26,8.25,53.64,0.71,42.27,Medium,Low,High,Black,100-300
43.14,276.0,95.32,25.07,11.84,2.09,49.45,17.52,7.93,60.38,0.74,43.32,Medium,Low,High,Black,100-300
43.0,1186.0,95.42,25.48,11.41,2.16,47.0,18.53,8.4,57.93,0.69,42.86,Medium,Low,High,Black,100-300
15.0,667.0,95.48,25.6,11.55,2.06,47.9,18.16,8.21,57.51,0.68,40.57,Medium,Low,High,Black,100-300
3.0,1000.0,95.38,26.0,11.09,2.03,49.28,18.1,8.17,53.94,0.71,41.66,Medium,Low,High,Black,100-300
7.0,477.0,95.37,26.46,10.69,1.99,44.3,18.6,8.38,50.89,0.67,42.21,Medium,Low,High,Black,100-300
0.27,889.0,95.48,25.36,12.01,2.28,63.0,18.36,8.73,60.39,0.72,36.05,Medium,Medium,Medium,Black,100-300
0.26,846.0,95.5,26.62,10.23,2.2,57.87,18.99,9.05,50.12,0.65,43.1,Medium,Medium,Medium,Black,100-300
0.27,1037.0,95.54,26.69,9.92,2.16,53.69,19.56,9.26,47.64,0.65,39.53,Medium,Medium,Medium,Black,100-300
0.38,1158.0,95.54,25.91,10.7,2.14,59.56,18.85,8.94,52.42,0.69,39.05,Medium,Medium,Medium,Black,100-300
0.3,667.0,95.49,25.92,10.93,2.2,57.47,18.31,8.64,54.66,0.69,39.45,Medium,Medium,Medium,Black,100-300
0.3,1333.0,95.49,25.93,11.25,2.04,58.2,18.56,8.88,55.63,0.67,41.53,Medium,Medium,Medium,Black,100-300
0.3,1333.0,95.46,26.64,10.7,2.1,57.12,18.6,8.89,51.74,0.64,40.33,Medium,Medium,Medium,Black,100-300
0.3,1333.0,95.6,25.73,11.32,2.14,58.76,17.8,8.49,56.9,0.69,39.23,Medium,Medium,Medium,Black,100-300
0.3,667.0,95.52,25.64,12.08,2.04,52.97,18.14,8.71,60.32,0.68,42.31,Medium,Medium,Medium,Black,100-300
0.3,1000.0,95.43,25.87,10.74,2.15,43.05,18.72,8.79,54.19,0.69,40.02,Medium,Medium,Medium,Black,100-300
0.2,1000.0,95.42,26.15,9.96,2.12,39.51,19.31,9.12,46.37,0.64,37.62,Medium,Medium,Medium,Black,100-300
0.2,1000.0,95.48,25.81,11.14,2.04,56.46,17.93,8.15,53.54,0.69,39.03,Medium,Medium,Medium,Black,100-300
0.2,1000.0,95.51,26.57,10.53,2.2,51.66,18.68,8.47,50.22,0.64,38.2,Medium,Medium,Medium,Black,100-300
0.1,2000.0,95.53,26.13,11.46,2.14,57.15,18.02,8.21,57.16,0.71,40.77,Medium,Medium,Medium,Black,100-300
0.13,1231.0,95.54,26.09,11.16,2.0,49.57,18.87,8.55,55.29,0.66,38.56,Medium,Medium,Medium,Black,100-300
0.12,1417.0,95.52,25.75,11.04,2.03,54.29,18.16,8.21,55.79,0.7,38.27,Medium,Medium,Medium,Black,100-300
0.1,1000.0,95.49,25.93,10.99,1.96,52.93,18.33,8.28,54.0,0.68,38.52,Medium,Medium,Medium,Black,100-300
0.1,1000.0,95.49,27.03,10.95,2.0,50.12,18.85,8.48,52.36,0.67,37.18,Medium,Medium,Medium,Black,100-300
0.1,2000.0,95.48,25.78,11.48,1.93,49.4,18.23,8.24,56.26,0.68,40.0,Medium,Medium,Medium,Black,100-300
0.04,1500.0,95.46,25.97,10.84,2.08,53.06,17.86,8.05,53.92,0.68,41.12,Medium,Medium,Medium,Black,100-300
0.05,600.0,95.47,25.81,12.0,2.02,55.83,17.17,7.78,59.84,0.72,40.65,Medium,Medium,Medium,Black,100-300
0.01,1000.0,95.53,26.97,10.92,1.92,46.19,18.76,8.42,51.21,0.65,40.15,Medium,Medium,Medium,Black,100-300
89.52,1359.0,93.68,24.45,11.57,2.53,58.8,17.74,8.49,60.02,0.74,34.41,Medium,Medium,High,Black,100-300
110.34,787.0,93.7,25.76,9.61,2.49,51.31,19.15,9.1,48.26,0.67,41.36,Medium,Medium,High,Black,100-300
119.93,1009.0,93.74,25.84,9.4,2.4,52.85,19.48,9.24,46.96,0.67,38.52,Medium,Medium,High,Black,100-300
116.37,1217.0,93.74,24.97,10.29,2.4,54.25,19.26,9.17,52.22,0.72,38.45,Medium,Medium,High,Black,100-300
129.9,967.0,93.69,24.74,10.47,2.43,52.0,19.0,9.01,54.66,0.71,38.57,Medium,Medium,High,Black,100-300
133.7,826.0,93.69,25.13,10.69,2.27,51.66,19.13,9.15,54.31,0.69,40.26,Medium,Medium,High,Black,100-300
130.1,1141.0,93.66,25.64,10.26,2.33,50.17,19.23,9.17,51.41,0.68,38.59,Medium,Medium,High,Black,100-300
134.8,1152.0,93.8,24.71,11.04,2.35,52.41,18.95,9.08,57.61,0.71,37.71,Medium,Medium,High,Black,100-300
128.1,615.0,93.71,24.8,11.61,2.21,46.99,18.87,9.02,59.54,0.73,39.88,Medium,Medium,High,Black,100-300
74.2,916.0,93.65,24.77,10.37,2.41,42.1,18.59,8.77,54.08,0.72,38.51,Medium,Medium,High,Black,100-300
87.0,824.0,93.63,25.2,9.51,2.38,37.4,19.42,9.2,45.77,0.67,36.07,Medium,Medium,High,Black,100-300
90.3,748.0,93.68,24.9,10.6,2.27,50.33,18.33,8.33,52.45,0.7,37.72,Medium,Medium,High,Black,100-300
100.7,741.0,93.72,25.77,10.1,2.42,45.98,18.71,8.48,49.17,0.67,37.17,Medium,Medium,High,Black,100-300
109.6,1448.0,93.73,25.29,10.98,2.35,49.48,18.2,8.27,56.24,0.73,39.18,Medium,Medium,High,Black,100-300
140.09,836.0,93.74,25.68,10.43,2.27,44.71,18.99,8.6,52.42,0.67,37.63,Medium,Medium,High,Black,100-300
128.63,891.0,93.72,25.05,10.43,2.28,48.05,18.67,8.43,53.73,0.71,36.53,Medium,Medium,High,Black,100-300
139.8,1365.0,93.73,25.25,11.29,2.18,49.42,18.25,8.31,56.33,0.71,37.14,Medium,Medium,High,Black,100-300
144.6,1498.0,93.7,25.51,10.49,2.18,47.47,18.84,8.52,52.33,0.7,34.03,Medium,Medium,High,Black,100-300
147.9,1193.0,93.69,25.17,10.44,2.18,47.52,18.51,8.36,52.33,0.7,37.24,Medium,Medium,High,Black,100-300
157.2,1692.0,93.7,25.95,10.66,2.25,45.15,18.87,8.51,52.74,0.7,36.24,Medium,Medium,High,Black,100-300
161.6,1786.0,93.69,25.85,11.38,2.15,49.7,18.68,8.47,56.75,0.72,38.35,Medium,Medium,High,Black,100-300
184.7,1737.0,93.67,25.11,10.88,2.14,45.48,18.29,8.28,54.63,0.71,39.26,Medium,Medium,High,Black,100-300
150.01,769.0,93.67,25.03,11.53,2.31,50.85,17.21,7.79,59.0,0.74,38.74,Medium,Medium,High,Black,100-300
99.0,1172.0,93.78,25.6,10.93,2.4,49.01,18.5,8.37,55.01,0.68,39.77,Medium,Medium,High,Black,100-300
96.0,885.0,93.84,25.11,11.38,2.3,48.96,18.06,8.15,57.32,0.7,38.03,Medium,Medium,High,Black,100-300
73.0,1315.0,93.74,25.79,10.65,2.27,50.02,18.22,8.21,52.12,0.7,39.04,Medium,Medium,High,Black,100-300
28.0,1784.0,93.74,25.86,10.47,2.15,42.66,18.88,8.49,50.93,0.68,39.24,Medium,Medium,High,Black,100-300
49.76,1068.0,96.38,25.83,11.63,2.32,58.8,17.74,8.49,57.02,0.74,36.72,Medium,Medium,High,Mixed Red & Black,50-100
63.13,1208.0,96.4,26.95,9.66,2.36,51.31,19.15,9.1,45.79,0.68,43.75,Medium,Medium,High,Mixed Red & Black,50-100
76.9,1415.0,96.45,26.99,9.49,2.18,52.85,19.48,9.24,45.27,0.67,42.24,Medium,Medium,High,Mixed Red & Black,50-100
92.02,1428.0,96.45,26.29,10.36,2.21,54.25,19.26,9.17,49.97,0.71,41.43,Medium,Medium,High,Mixed Red & Black,50-100
101.4,1672.0,96.4,26.39,10.67,2.17,51.66,19.13,9.15,51.67,0.69,41.74,Medium,Medium,High,Mixed Red & Black,50-100
113.3,1615.0,96.37,26.55,10.44,2.13,50.17,19.23,9.17,50.99,0.69,41.88,Medium,Medium,High,Mixed Red & Black,50-100
121.6,1415.0,96.51,25.67,11.27,2.19,52.41,18.95,9.08,56.24,0.72,39.94,Medium,Medium,High,Mixed Red & Black,50-100
117.8,1167.0,96.42,26.11,11.7,2.08,46.99,18.87,9.02,57.09,0.72,43.7,Medium,Medium,High,Mixed Red & Black,50-100
123.1,1221.0,96.36,25.98,10.47,2.18,42.1,18.59,8.77,51.8,0.71,40.28,Medium,Medium,High,Mixed Red & Black,50-100
92.0,1686.0,96.39,26.23,10.59,2.13,50.33,18.33,8.33,49.34,0.7,40.54,Medium,Medium,High,Mixed Red & Black,50-100
62.2,1891.0,96.44,26.37,11.15,2.19,49.48,18.2,8.27,55.21,0.73,41.24,Medium,Medium,High,Mixed Red & Black,50-100
60.19,1720.0,96.43,26.95,10.52,2.16,44.71,18.99,8.6,50.41,0.67,40.73,Medium,Medium,High,Mixed Red & Black,50-100
53.15,1722.0,96.42,26.45,10.43,2.13,48.05,18.67,8.43,50.95,0.7,39.4,Medium,Medium,High,Mixed Red & Black,50-100
52.65,1583.0,96.42,26.66,11.34,2.05,49.42,18.25,8.31,53.26,0.71,39.51,Medium,Medium,High,Mixed Red & Black,50-100
63.0,1294.0,96.4,26.63,10.68,2.03,47.47,18.84,8.52,50.62,0.7,37.12,Medium,Medium,High,Mixed Red & Black,50-100
75.0,1552.0,96.4,26.32,10.68,2.0,47.52,18.51,8.36,50.96,0.7,39.81,Medium,Medium,High,Mixed Red & Black,50-100
79.7,1868.0,96.4,27.02,10.89,2.05,45.15,18.87,8.51,52.03,0.69,37.9,Medium,Medium,High,Mixed Red & Black,50-100
71.0,1948.0,96.39,26.94,11.45,1.97,49.7,18.68,8.47,55.0,0.71,41.14,Medium,Medium,High,Mixed Red & Black,50-100
99.2,1571.0,96.38,26.38,11.07,2.04,45.48,18.29,8.28,53.43,0.71,43.24,Medium,Medium,High,Mixed Red & Black,50-100
94.14,1789.0,96.37,26.37,10.44,2.21,48.18,18.21,8.21,50.34,0.7,41.69,Medium,Medium,High,Mixed Red & Black,50-100
85.0,1306.0,96.48,26.7,11.15,2.24,49.01,18.5,8.37,54.32,0.69,43.25,Medium,Medium,High,Mixed Red & Black,50-100
68.0,721.0,96.54,26.52,11.41,2.14,48.96,18.06,8.15,55.0,0.69,42.2,Medium,Medium,High,Mixed Red & Black,50-100
43.5,313.0,96.43,27.17,10.58,2.07,42.66,18.88,8.49,48.6,0.67,43.44,Medium,Medium,High,Mixed Red & Black,50-100
58.85,938.0,94.53,24.91,11.77,2.46,63.34,18.11,8.69,60.26,0.74,35.32,Medium,Medium,Medium,Black,100-300
83.97,556.0,94.55,26.17,9.93,2.38,59.1,18.85,9.01,49.4,0.66,42.5,Medium,Medium,Medium,Black,100-300
102.07,861.0,94.59,26.33,9.63,2.32,55.62,19.53,9.23,47.31,0.66,39.27,Medium,Medium,Medium,Black,100-300
96.95,993.0,94.59,25.47,10.5,2.31,59.97,18.95,9.04,52.34,0.71,39.14,Medium,Medium,Medium,Black,100-300
71.7,743.0,94.54,25.3,10.71,2.34,59.69,18.35,8.73,54.88,0.71,39.58,Medium,Medium,Medium,Black,100-300
84.2,1229.0,94.54,25.48,10.99,2.18,58.9,18.57,8.95,55.31,0.69,41.02,Medium,Medium,Medium,Black,100-300
91.0,1133.0,94.51,26.19,10.44,2.27,57.31,18.39,8.82,51.48,0.67,39.92,Medium,Medium,Medium,Black,100-300
96.2,898.0,94.65,25.33,11.13,2.28,63.1,17.94,8.63,56.93,0.7,38.52,Medium,Medium,Medium,Black,100-300
84.8,434.0,94.57,25.11,11.87,2.14,51.77,18.21,8.81,60.31,0.72,41.31,Medium,Medium,Medium,Black,100-300
74.0,953.0,94.49,25.31,10.55,2.33,43.31,18.74,8.84,54.29,0.71,39.8,Medium,Medium,Medium,Black,100-300
71.6,525.0,94.47,25.69,9.72,2.3,37.99,19.48,9.21,46.05,0.66,37.25,Medium,Medium,Medium,Black,100-300
67.5,1110.0,94.53,25.34,10.88,2.19,50.8,18.3,8.3,53.07,0.7,38.63,Medium,Medium,Medium,Black,100-300
67.6,914.0,94.57,26.13,10.34,2.34,47.25,18.64,8.44,49.99,0.66,38.45,Medium,Medium,Medium,Black,100-300
95.41,856.0,94.59,25.9,10.78,2.15,45.01,19.04,8.61,53.93,0.67,38.98,Medium,Medium,Medium,Black,100-300
99.85,1108.0,94.58,25.79,11.39,2.14,50.07,18.19,8.26,55.81,0.7,37.98,Medium,Medium,Medium,Black,100-300
110.1,977.0,94.55,25.84,10.76,2.12,48.05,18.7,8.44,53.25,0.69,35.28,Medium,Medium,Medium,Black,100-300
113.5,1056.0,94.54,25.5,10.72,2.09,49.47,18.47,8.33,53.31,0.7,38.0,Medium,Medium,Medium,Black,100-300
113.2,1090.0,94.55,26.5,10.81,2.16,46.59,18.9,8.51,52.62,0.69,36.93,Medium,Medium,Medium,Black,100-300
120.2,1136.0,94.54,26.4,11.48,2.1,49.83,18.67,8.45,56.3,0.72,39.58,Medium,Medium,Medium,Black,100-300
117.8,963.0,94.53,25.38,11.21,2.06,47.61,18.19,8.22,55.85,0.7,40.41,Medium,Medium,Medium,Black,100-300
118.99,1241.0,94.51,25.59,10.59,2.28,49.65,18.09,8.14,53.21,0.7,39.2,Medium,Medium,Medium,Black,100-300
106.49,258.0,94.52,25.43,11.76,2.2,52.32,17.35,7.85,59.59,0.73,40.19,Medium,Medium,Medium,Black,100-300
80.0,1288.0,94.63,25.81,11.28,2.31,51.05,18.25,8.25,56.48,0.67,40.59,Medium,Medium,Medium,Black,100-300
33.0,636.0,94.69,25.46,11.68,2.18,51.29,18.07,8.15,58.03,0.69,39.18,Medium,Medium,Medium,Black,100-300
26.0,1385.0,94.59,26.17,10.98,2.16,52.19,18.15,8.18,53.24,0.7,40.24,Medium,Medium,Medium,Black,100-300
31.0,88.0,94.59,26.41,10.7,2.07,45.56,18.74,8.42,51.1,0.67,39.93,Medium,Medium,Medium,Black,100-300
5.21,1015.0,94.04,24.43,11.64,2.3,62.17,17.79,8.68,60.16,0.74,35.17,Medium,High,Medium,Black,100-300
7.25,654.0,94.06,25.62,9.96,2.28,57.57,18.59,9.0,50.03,0.68,42.68,Medium,High,Medium,Black,100-300
10.1,861.0,94.1,25.46,9.76,2.18,53.85,19.19,9.24,48.45,0.67,40.55,Medium,High,Medium,Black,100-300
11.58,993.0,94.1,24.88,10.38,2.16,58.05,18.5,8.97,52.27,0.71,38.86,Medium,High,Medium,Black,100-300
6.4,672.0,94.05,25.04,10.58,2.21,57.96,18.12,8.76,54.1,0.72,39.65,Medium,High,Medium,Black,100-300
9.9,960.0,94.06,24.83,10.9,2.11,58.1,18.1,8.89,55.69,0.69,41.75,Medium,High,Medium,Black,100-300
12.1,893.0,94.03,25.31,10.49,2.12,55.35,18.27,8.91,53.12,0.68,39.09,Medium,High,Medium,Black,100-300
13.0,938.0,94.16,24.47,11.08,2.19,60.79,17.68,8.65,58.13,0.72,38.85,Medium,High,Medium,Black,100-300
12.9,752.0,94.08,24.66,11.77,2.07,52.03,17.73,8.69,60.6,0.71,42.24,Medium,High,Medium,Black,100-300
1.5,733.0,94.0,24.95,10.41,2.16,45.07,18.38,8.77,53.81,0.71,39.42,Medium,High,Medium,Black,100-300
0.7,429.0,93.98,25.11,9.73,2.17,40.23,18.94,9.05,46.68,0.66,37.38,Medium,High,Medium,Black,100-300
0.4,750.0,94.04,24.93,10.8,2.18,54.04,17.77,8.03,53.48,0.71,39.15,Medium,High,Medium,Black,100-300
0.2,500.0,94.08,25.52,10.24,2.27,50.06,18.37,8.3,50.67,0.66,38.04,Medium,High,Medium,Black,100-300
0.2,1000.0,94.09,25.02,11.14,2.22,54.27,17.8,8.07,57.61,0.73,40.37,Medium,High,Medium,Black,100-300
0.54,741.0,94.1,24.76,11.0,2.05,47.88,18.58,8.38,56.61,0.7,38.9,Medium,High,Medium,Black,100-300
0.55,709.0,94.08,24.71,10.8,2.06,52.77,18.01,8.1,56.15,0.72,38.76,Medium,High,Medium,Black,100-300
1.25,640.0,94.09,25.45,11.13,2.09,50.7,17.99,8.14,54.85,0.69,37.85,Medium,High,Medium,Black,100-300
2.5,720.0,94.07,24.97,10.87,2.07,48.35,18.32,8.25,54.93,0.71,35.21,Medium,High,Medium,Black,100-300
2.4,875.0,94.05,24.97,10.72,2.02,49.53,18.12,8.15,54.33,0.7,39.15,Medium,High,Medium,Black,100-300
2.3,739.0,94.06,25.94,10.62,2.03,46.71,18.68,8.38,52.62,0.68,36.82,Medium,High,Medium,Black,100-300
2.3,913.0,94.06,25.9,11.2,1.99,51.3,18.48,8.34,55.21,0.7,38.91,Medium,High,Medium,Black,100-300
2.4,625.0,94.04,24.75,11.25,1.99,47.8,17.87,8.04,56.69,0.71,40.33,Medium,High,Medium,Black,100-300
3.11,611.0,94.03,24.77,10.64,2.11,50.56,17.82,7.99,54.97,0.71,41.29,Medium,High,Medium,Black,100-300
1.9,68.0,94.04,24.59,11.75,2.06,52.83,17.15,7.73,60.89,0.75,41.18,Medium,High,Medium,Black,100-300
11.0,1273.0,94.14,24.7,11.49,2.13,52.25,17.9,8.06,59.29,0.7,41.51,Medium,High,Medium,Black,100-300
3.0,1333.0,94.2,25.0,11.54,2.03,52.25,17.83,8.01,58.36,0.69,39.59,Medium,High,Medium,Black,100-300
1.0,1000.0,94.1,25.45,11.12,2.01,53.35,17.68,7.94,54.7,0.71,39.88,Medium,High,Medium,Black,100-300
2.7,133.0,94.1,25.95,10.67,1.96,46.42,18.52,8.29,51.66,0.68,39.96,Medium,High,Medium,Black,100-300
66.48,917.0,95.55,25.19,11.05,2.34,57.83,17.95,8.39,55.02,0.72,37.11,High,Medium,High,Black,100-300
77.75,724.0,95.57,25.85,9.51,2.38,50.86,19.38,9.04,46.62,0.66,43.21,High,Medium,High,Black,100-300
89.24,793.0,95.62,26.07,9.3,2.19,52.36,19.37,9.02,45.64,0.66,41.71,High,Medium,High,Black,100-300
110.1,749.0,95.61,25.58,9.91,2.27,54.28,19.28,8.98,48.36,0.67,40.49,High,Medium,High,Black,100-300
73.6,719.0,95.56,25.26,10.07,2.2,52.8,19.17,8.92,50.24,0.7,42.89,High,Medium,High,Black,100-300
124.9,1055.0,95.57,25.6,10.18,2.25,50.33,19.32,9.06,50.21,0.67,42.19,High,Medium,High,Black,100-300
149.2,965.0,95.54,25.37,10.17,2.14,48.35,19.26,9.03,51.34,0.69,41.22,High,Medium,High,Black,100-300
181.4,879.0,95.67,24.84,10.88,2.25,51.75,18.98,8.93,55.72,0.7,38.75,High,Medium,High,Black,100-300
155.6,508.0,95.59,25.34,11.14,2.1,46.73,19.04,8.93,55.31,0.69,43.12,High,Medium,High,Black,100-300
152.6,685.0,95.52,25.37,9.99,2.21,41.74,18.71,8.66,49.63,0.69,39.96,High,Medium,High,Black,100-300
147.7,821.0,95.49,25.94,9.08,2.36,35.95,19.35,9.02,41.28,0.63,40.39,High,Medium,High,Black,100-300
167.4,681.0,95.56,25.38,10.23,2.14,46.37,18.53,8.41,48.51,0.68,40.28,High,Medium,High,Black,100-300
152.6,476.0,95.58,26.46,9.61,2.31,43.23,18.84,8.53,45.89,0.64,41.04,High,Medium,High,Black,100-300
162.4,990.0,95.61,25.45,10.77,2.21,46.67,18.26,8.28,54.77,0.71,41.53,High,Medium,High,Black,100-300
194.81,833.0,95.6,25.77,10.38,2.16,41.65,18.88,8.54,51.53,0.67,41.15,High,Medium,High,Black,100-300
168.77,834.0,95.59,25.47,10.21,2.21,45.73,18.77,8.46,51.21,0.69,38.65,High,Medium,High,Black,100-300
202.91,836.0,95.58,25.91,10.86,2.11,47.6,18.23,8.29,51.98,0.69,38.08,High,Medium,High,Black,100-300
321.8,576.0,95.57,25.44,10.47,2.1,43.94,18.6,8.4,51.42,0.69,38.02,High,Medium,High,Black,100-300
303.0,893.0,95.56,25.24,10.69,2.04,45.74,18.45,8.32,52.82,0.7,39.52,High,Medium,High,Black,100-300
308.5,914.0,95.57,26.38,10.49,2.14,42.88,18.75,8.45,51.25,0.66,37.61,High,Medium,High,Black,100-300
303.6,1338.0,95.56,26.21,10.98,2.03,46.88,18.78,8.51,54.13,0.69,40.71,High,Medium,High,Black,100-300
273.0,994.0,95.54,25.28,10.97,2.04,42.99,18.19,8.24,54.98,0.72,43.11,High,Medium,High,Black,100-300
335.22,1308.0,95.53,25.44,10.16,2.26,46.26,18.22,8.22,50.53,0.68,41.69,High,Medium,High,Black,100-300
351.74,426.0,95.55,24.92,11.46,2.18,48.81,17.42,7.89,57.99,0.71,43.27,High,Medium,High,Black,100-300
149.0,1262.0,95.65,25.58,10.82,2.26,46.74,18.49,8.37,54.77,0.67,43.77,High,Medium,High,Black,100-300
314.0,783.0,95.71,25.4,11.06,2.14,47.2,17.93,8.1,55.3,0.68,41.87,High,Medium,High,Black,100-300
290.0,534.0,95.61,25.78,10.74,2.09,47.85,18.02,8.12,51.84,0.7,42.25,High,Medium,High,Black,100-300
216.2,588.0,95.6,26.49,10.18,2.16,45.57,18.34,8.26,47.5,0.64,41.67,High,Medium,High,Black,100-300
9.5,742.0,96.25,25.47,11.21,2.25,61.48,18.53,8.57,55.35,0.72,37.63,Medium,Low,High,Black,100-300
14.7,548.0,96.26,26.17,9.73,2.28,58.48,19.34,8.94,47.26,0.66,43.51,Medium,Low,High,Black,100-300
22.09,750.0,96.32,26.28,9.53,2.08,56.65,19.72,9.07,46.25,0.66,41.27,Medium,Low,High,Black,100-300
39.0,821.0,96.26,25.57,10.21,2.11,59.48,18.88,8.71,50.5,0.69,42.57,Medium,Low,High,Black,100-300
54.6,985.0,96.26,25.8,10.41,2.16,57.38,18.87,8.81,50.84,0.67,42.18,Medium,Low,High,Black,100-300
67.9,885.0,96.24,25.69,10.32,2.04,56.75,18.64,8.64,51.52,0.67,41.97,Medium,Low,High,Black,100-300
82.2,889.0,96.37,25.11,10.99,2.16,60.55,18.15,8.43,55.7,0.7,39.01,Medium,Low,High,Black,100-300
68.9,540.0,96.29,25.52,11.38,2.02,49.61,18.77,8.74,56.16,0.68,43.06,Medium,Low,High,Black,100-300
56.1,715.0,96.21,25.6,10.17,2.12,42.04,18.85,8.61,50.09,0.69,40.21,Medium,Low,High,Black,100-300
56.1,519.0,96.18,25.99,9.42,2.22,36.46,19.44,8.93,42.92,0.63,40.78,Medium,Low,High,Black,100-300
50.0,782.0,96.25,25.49,10.55,2.06,47.73,18.48,8.4,49.94,0.68,40.49,Medium,Low,High,Black,100-300
26.4,462.0,96.27,26.4,9.97,2.22,44.36,18.68,8.47,47.99,0.65,41.07,Medium,Low,High,Black,100-300
32.3,1015.0,96.31,25.62,11.0,2.11,48.43,18.19,8.27,55.88,0.71,42.15,Medium,Low,High,Black,100-300
44.88,952.0,96.3,25.72,10.73,2.05,43.18,18.94,8.58,53.41,0.67,41.18,Medium,Low,High,Black,100-300
45.3,1031.0,96.29,25.49,10.57,2.1,46.17,18.69,8.44,53.25,0.7,39.06,Medium,Low,High,Black,100-300
54.56,836.0,96.28,26.25,10.96,2.06,47.13,18.31,8.33,51.78,0.67,38.43,Medium,Low,High,Black,100-300
108.7,573.0,96.27,25.74,10.63,2.02,45.13,18.66,8.44,51.61,0.67,38.36,Medium,Low,High,Black,100-300
91.0,1119.0,96.27,26.56,10.62,2.05,43.44,18.9,8.53,51.55,0.66,38.11,Medium,Low,High,Black,100-300
62.1,1383.0,96.26,26.43,11.13,1.94,47.54,18.81,8.53,54.32,0.69,40.92,Medium,Low,High,Black,100-300
73.0,1240.0,96.24,25.44,11.17,1.93,44.54,18.33,8.32,55.53,0.71,43.1,Medium,Low,High,Black,100-300
102.71,1265.0,96.23,25.58,10.43,2.13,46.65,18.26,8.25,51.77,0.69,42.25,Medium,Low,High,Black,100-300
98.0,1184.0,96.34,25.69,11.08,2.11,47.0,18.53,8.4,55.67,0.66,44.14,Medium,Low,High,Black,100-300
103.0,1311.0,96.41,25.58,11.34,2.01,47.9,18.16,8.21,56.12,0.67,41.8,Medium,Low,High,Black,100-300
70.0,857.0,96.3,26.0,11.01,1.99,49.28,18.1,8.17,52.75,0.7,42.02,Medium,Low,High,Black,100-300
66.5,1350.0,96.29,26.81,10.35,2.06,44.3,18.6,8.38,47.8,0.63,42.03,Medium,Low,High,Black,100-300
17.47,1166.0,95.04,25.68,10.95,2.76,56.48,18.26,8.76,54.31,0.69,38.75,Medium,Medium,Medium,Black,100-300
21.84,1042.0,95.06,26.39,9.05,2.73,50.73,19.16,9.08,43.53,0.65,44.11,Medium,Medium,Medium,Black,100-300
34.59,1295.0,95.11,26.2,9.32,2.75,52.72,19.59,9.34,45.54,0.64,39.32,Medium,Medium,Medium,Black,100-300
43.95,1494.0,95.11,26.08,9.87,2.79,52.35,19.73,9.39,47.92,0.66,38.25,Medium,Medium,Medium,Black,100-300
50.1,1246.0,95.05,25.36,9.93,2.73,51.14,19.12,9.11,50.24,0.69,40.37,Medium,Medium,Medium,Black,100-300
59.6,1310.0,95.04,26.12,9.77,2.67,47.64,19.43,9.29,47.53,0.65,39.28,Medium,Medium,Medium,Black,100-300
64.5,1319.0,95.02,25.83,10.03,2.67,46.7,19.06,9.08,49.91,0.68,38.34,Medium,Medium,Medium,Black,100-300
72.0,1324.0,95.14,25.36,10.89,2.67,48.99,18.93,9.05,55.05,0.67,37.9,Medium,Medium,Medium,Black,100-300
68.9,1086.0,95.05,26.12,10.85,2.54,45.25,19.18,9.16,52.18,0.67,40.16,Medium,Medium,Medium,Black,100-300
56.5,963.0,95.02,25.87,9.96,2.74,38.83,19.14,9.1,48.96,0.65,37.41,Medium,Medium,Medium,Black,100-300
51.8,745.0,94.98,26.28,9.01,2.71,33.62,19.51,9.22,41.34,0.63,37.49,Medium,Medium,Medium,Black,100-300
46.9,1145.0,95.03,26.71,9.47,2.62,40.14,18.98,8.54,43.34,0.63,37.99,Medium,Medium,Medium,Black,100-300
29.5,1444.0,95.09,25.7,10.71,2.69,39.03,18.85,8.48,53.46,0.7,37.52,Medium,Medium,Medium,Black,100-300
30.69,865.0,95.08,26.18,10.31,2.6,38.95,19.21,8.65,49.84,0.67,36.85,Medium,Medium,Medium,Black,100-300
28.35,923.0,95.06,26.12,9.73,2.58,39.61,19.3,8.64,46.89,0.65,36.9,Medium,Medium,Medium,Black,100-300
24.87,679.0,95.06,26.07,10.84,2.53,39.77,18.75,8.45,52.68,0.69,36.27,Medium,Medium,Medium,Black,100-300
32.9,435.0,95.03,26.04,10.5,2.43,40.03,19.21,8.65,50.68,0.68,34.98,Medium,Medium,Medium,Black,100-300
37.1,1178.0,95.03,26.37,9.87,2.63,43.22,18.81,8.43,46.83,0.63,37.9,Medium,Medium,Medium,Black,100-300
36.7,1215.0,95.06,26.75,10.59,2.64,36.61,19.32,8.66,51.03,0.65,36.04,Medium,Medium,Medium,Black,100-300
46.8,769.0,95.01,25.93,10.59,2.51,38.26,18.64,8.39,51.82,0.68,38.74,Medium,Medium,Medium,Black,100-300
54.17,710.0,95.03,25.67,10.12,2.77,43.47,18.53,8.31,49.4,0.67,37.85,Medium,Medium,Medium,Black,100-300
60.6,555.0,95.04,25.05,11.23,2.64,46.58,17.53,7.9,56.73,0.72,39.32,Medium,Medium,Medium,Black,100-300
76.0,1658.0,95.14,26.13,10.61,2.71,41.42,18.76,8.43,52.9,0.67,39.52,Medium,Medium,Medium,Black,100-300
47.0,617.0,95.18,25.96,10.63,2.67,40.76,18.43,8.28,52.14,0.67,38.89,Medium,Medium,Medium,Black,100-300
22.0,909.0,95.11,25.81,10.45,2.57,44.09,18.52,8.31,50.96,0.7,40.99,Medium,Medium,Medium,Black,100-300
23.5,574.0,95.09,25.92,10.33,2.55,42.15,18.74,8.39,49.77,0.67,39.43,Medium,Medium,Medium,Black,100-300
4.65,774.0,97.83,26.03,11.0,2.1,60.79,18.92,8.59,52.03,0.65,38.7,Medium,Low,High,Mixed Red & Black,50-100
5.94,544.0,97.85,26.62,9.55,2.14,57.37,19.68,8.93,45.03,0.59,44.83,Medium,Low,High,Mixed Red & Black,50-100
10.41,678.0,97.9,26.74,9.48,2.01,55.49,20.06,9.06,44.51,0.61,43.38,Medium,Low,High,Mixed Red & Black,50-100
17.8,825.0,97.88,26.5,9.8,2.12,59.91,19.64,8.89,45.1,0.59,43.62,Medium,Low,High,Mixed Red & Black,50-100
24.8,742.0,97.84,26.3,9.93,1.97,57.61,19.41,8.82,46.67,0.62,44.02,Medium,Low,High,Mixed Red & Black,50-100
30.1,588.0,97.84,26.5,10.14,2.09,54.71,19.39,8.85,47.5,0.61,43.27,Medium,Low,High,Mixed Red & Black,50-100
37.5,701.0,97.82,25.88,10.44,1.94,53.33,18.77,8.51,50.56,0.63,43.58,Medium,Low,High,Mixed Red & Black,50-100
43.9,763.0,97.95,25.67,10.82,2.08,61.21,18.46,8.4,52.77,0.61,40.39,Medium,Low,High,Mixed Red & Black,50-100
40.5,472.0,97.88,26.39,10.98,1.97,48.05,19.21,8.76,51.47,0.6,44.42,Medium,Low,High,Mixed Red & Black,50-100
33.5,531.0,97.79,26.49,9.83,2.05,39.74,19.01,8.56,45.91,0.61,40.97,Medium,Low,High,Mixed Red & Black,50-100
30.5,374.0,97.75,27.28,8.95,2.19,34.63,19.48,8.76,37.65,0.55,41.97,Medium,Low,High,Mixed Red & Black,50-100
15.2,296.0,97.84,27.17,9.66,2.14,42.78,18.97,8.6,44.6,0.58,41.59,Medium,Low,High,Mixed Red & Black,50-100
17.6,665.0,97.89,26.09,10.84,2.0,47.92,18.27,8.3,53.36,0.63,42.71,Medium,Low,High,Mixed Red & Black,50-100
22.84,539.0,97.87,26.37,10.6,2.04,42.32,19.02,8.62,50.48,0.6,42.12,Medium,Low,High,Mixed Red & Black,50-100
23.28,489.0,97.86,26.08,10.49,2.05,43.93,18.95,8.55,50.55,0.63,40.67,Medium,Low,High,Mixed Red & Black,50-100
22.07,427.0,97.86,27.19,10.59,2.04,45.28,18.53,8.42,47.07,0.59,40.52,Medium,Low,High,Mixed Red & Black,50-100
31.9,288.0,97.84,26.77,10.38,2.04,43.38,18.72,8.48,47.31,0.57,39.54,Medium,Low,High,Mixed Red & Black,50-100
33.5,636.0,97.84,25.7,11.16,1.9,45.89,18.47,8.35,53.3,0.64,40.26,Medium,Low,High,Mixed Red & Black,50-100
41.6,632.0,97.84,27.33,10.44,2.05,42.11,19.03,8.6,49.04,0.57,39.21,Medium,Low,High,Mixed Red & Black,50-100
47.4,673.0,97.84,26.96,10.93,1.87,45.72,18.85,8.54,51.78,0.62,41.2,Medium,Low,High,Mixed Red & Black,50-100
88.29,598.0,97.84,25.4,11.6,1.92,46.52,17.85,8.07,56.84,0.66,45.63,Medium,Low,High,Mixed Red & Black,50-100
80.0,1438.0,97.92,26.21,10.76,2.0,44.8,18.73,8.48,52.36,0.59,44.08,Medium,Low,High,Mixed Red & Black,50-100
49.0,1020.0,97.99,26.26,11.04,1.96,44.69,18.46,8.33,52.32,0.59,41.97,Medium,Low,High,Mixed Red & Black,50-100
42.0,1071.0,97.87,26.6,10.96,1.92,46.65,18.09,8.17,50.54,0.64,42.1,Medium,Low,High,Mixed Red & Black,50-100
30.8,847.0,97.86,27.51,10.15,1.98,42.89,18.77,8.46,44.75,0.57,43.9,Medium,Low,High,Mixed Red & Black,50-100
0.21,857.0,96.65,25.44,11.2,2.16,59.01,18.61,8.5,54.68,0.64,37.21,Medium,Low,Medium,Mixed Red & Black,50-100
0.32,375.0,96.67,25.87,9.93,2.19,57.01,19.37,8.82,48.35,0.56,43.29,Medium,Low,Medium,Mixed Red & Black,50-100
0.78,667.0,96.73,26.11,9.65,2.05,53.36,19.78,8.99,46.46,0.58,42.13,Medium,Low,Medium,Mixed Red & Black,50-100
2.33,773.0,96.71,25.64,10.09,2.1,58.37,19.5,8.88,48.23,0.58,41.83,Medium,Low,Medium,Mixed Red & Black,50-100
2.7,778.0,96.67,25.4,10.29,2.0,56.61,19.24,8.78,50.58,0.6,42.98,Medium,Low,Medium,Mixed Red & Black,50-100
4.0,750.0,96.67,26.03,10.27,2.16,54.91,19.02,8.71,49.2,0.55,42.19,Medium,Low,Medium,Mixed Red & Black,50-100
5.6,661.0,96.65,25.58,10.4,1.99,52.35,18.6,8.44,51.19,0.57,41.91,Medium,Low,Medium,Mixed Red & Black,50-100
6.8,662.0,96.78,25.07,10.92,2.12,59.44,18.12,8.31,54.95,0.61,39.46,Medium,Low,Medium,Mixed Red & Black,50-100
6.6,500.0,96.7,25.58,11.26,2.01,47.49,18.84,8.58,55.0,0.57,43.31,Medium,Low,Medium,Mixed Red & Black,50-100
5.2,558.0,96.62,25.75,10.04,2.08,40.59,19.09,8.6,48.65,0.58,40.34,Medium,Low,Medium,Mixed Red & Black,50-100
0.5,400.0,96.68,26.05,10.16,2.16,41.58,18.7,8.4,49.19,0.57,40.74,Medium,Low,Medium,Mixed Red & Black,50-100
0.2,1000.0,96.71,25.32,11.13,2.06,47.73,18.11,8.16,56.79,0.63,42.65,Medium,Low,Medium,Mixed Red & Black,50-100
0.71,493.0,96.71,25.31,10.94,2.01,42.48,18.89,8.49,54.26,0.59,41.28,Medium,Low,Medium,Mixed Red & Black,50-100
0.77,649.0,96.7,25.2,10.79,2.07,43.11,18.68,8.36,54.3,0.63,39.42,Medium,Low,Medium,Mixed Red & Black,50-100
1.66,452.0,96.69,26.33,10.87,2.06,44.14,18.49,8.33,50.59,0.55,39.97,Medium,Low,Medium,Mixed Red & Black,50-100
4.5,511.0,96.68,26.1,10.52,2.06,42.87,18.54,8.31,49.69,0.53,38.58,Medium,Low,Medium,Mixed Red & Black,50-100
5.3,679.0,96.67,25.33,11.07,1.93,44.05,18.19,8.15,54.26,0.59,38.79,Medium,Low,Medium,Mixed Red & Black,50-100
11.1,703.0,96.67,26.58,10.55,2.06,40.82,18.82,8.43,50.82,0.53,38.72,Medium,Low,Medium,Mixed Red & Black,50-100
8.8,886.0,96.67,26.51,11.01,1.9,45.59,18.8,8.44,52.97,0.58,40.2,Medium,Low,Medium,Mixed Red & Black,50-100
16.3,601.0,96.65,25.29,11.26,1.87,40.21,18.33,8.25,55.5,0.62,42.11,Medium,Low,Medium,Mixed Red & Black,50-100
17.03,857.0,96.63,25.33,10.54,2.06,43.51,18.46,8.25,52.39,0.61,42.79,Medium,Low,Medium,Mixed Red & Black,50-100
26.24,605.0,96.66,24.81,11.79,1.96,45.31,17.92,8.03,59.61,0.65,43.21,Medium,Low,Medium,Mixed Red & Black,50-100
35.0,1171.0,96.75,25.57,11.0,2.03,44.75,18.35,8.24,54.78,0.54,43.52,Medium,Low,Medium,Mixed Red & Black,50-100
29.0,621.0,96.81,25.64,11.3,1.96,44.01,18.22,8.16,54.94,0.55,41.12,Medium,Low,Medium,Mixed Red & Black,50-100
22.0,864.0,96.71,25.89,11.13,1.96,46.69,17.81,7.97,53.23,0.62,41.25,Medium,Low,Medium,Mixed Red & Black,50-100
17.5,1103.0,96.69,26.54,10.55,1.99,42.14,18.55,8.3,49.17,0.54,43.05,Medium,Low,Medium,Mixed Red & Black,50-100
2.64,742.0,96.98,25.65,11.26,2.1,59.65,18.81,8.51,54.38,0.65,37.61,Medium,Medium,High,Red,25-50
6.04,518.0,97.0,26.12,10.03,2.15,55.88,19.52,8.81,48.16,0.59,43.73,Medium,Medium,High,Red,25-50
13.54,629.0,97.06,26.22,9.78,2.03,53.42,19.94,9.0,46.79,0.6,41.82,Medium,Medium,High,Red,25-50
18.18,726.0,97.03,26.08,9.98,2.11,58.55,19.42,8.79,46.97,0.58,42.16,Medium,Medium,High,Red,25-50
21.8,619.0,97.0,25.74,10.35,1.94,56.03,19.39,8.79,49.96,0.61,43.73,Medium,Medium,High,Red,25-50
26.8,720.0,97.0,26.39,10.29,2.13,55.61,19.21,8.74,48.96,0.56,42.4,Medium,Medium,High,Red,25-50
29.4,585.0,96.98,25.66,10.52,1.94,52.65,18.71,8.43,51.53,0.6,42.13,Medium,Medium,High,Red,25-50
29.4,646.0,97.11,25.26,10.83,2.04,59.92,18.33,8.29,54.16,0.62,40.73,Medium,Medium,High,Red,25-50
29.7,498.0,97.04,25.76,11.37,2.0,48.81,18.67,8.43,55.55,0.61,44.35,Medium,Medium,High,Red,25-50
25.2,567.0,96.94,25.83,10.24,2.03,40.34,19.19,8.58,49.81,0.6,40.89,Medium,Medium,High,Red,25-50
25.0,544.0,96.92,26.36,9.59,2.14,35.41,19.34,8.7,42.79,0.53,40.37,Medium,Medium,High,Red,25-50
16.5,545.0,96.99,25.48,10.94,2.02,43.33,18.58,8.4,51.42,0.62,40.35,Medium,Medium,High,Red,25-50
13.3,398.0,97.01,26.15,10.33,2.09,42.22,18.76,8.47,49.72,0.58,41.38,Medium,Medium,High,Red,25-50
13.8,594.0,97.05,25.57,11.07,1.99,47.77,18.11,8.18,55.63,0.63,42.55,Medium,Medium,High,Red,25-50
15.52,534.0,97.04,25.74,10.85,2.04,42.64,18.99,8.55,52.83,0.58,41.52,Medium,Medium,High,Red,25-50
16.16,682.0,97.03,25.69,10.71,2.03,43.79,18.7,8.39,52.71,0.63,39.78,Medium,Medium,High,Red,25-50
19.4,606.0,97.03,26.85,10.79,2.06,46.45,18.52,8.37,49.04,0.55,40.28,Medium,Medium,High,Red,25-50
22.7,546.0,97.01,26.28,10.77,2.04,42.89,18.68,8.4,50.58,0.55,38.95,Medium,Medium,High,Red,25-50
24.5,649.0,97.0,25.44,11.19,1.9,43.29,18.12,8.13,54.78,0.62,39.66,Medium,Medium,High,Red,25-50
28.5,660.0,97.0,27.12,10.39,2.1,40.86,18.84,8.45,48.84,0.54,39.15,Medium,Medium,High,Red,25-50
29.7,626.0,97.0,27.28,10.74,1.88,44.67,18.87,8.49,49.72,0.56,40.12,Medium,Medium,High,Red,25-50
36.01,583.0,96.97,25.5,10.65,2.05,43.34,18.51,8.29,53.52,0.63,43.47,Medium,Medium,High,Red,25-50
49.97,941.0,97.0,25.05,11.78,1.93,45.48,18.09,8.12,59.56,0.67,44.89,Medium,Medium,High,Red,25-50
71.0,1014.0,97.08,25.54,11.15,1.99,45.47,18.27,8.23,55.43,0.58,43.02,Medium,Medium,High,Red,25-50
54.0,704.0,97.14,26.02,11.35,1.92,43.73,18.26,8.19,54.33,0.57,42.04,Medium,Medium,High,Red,25-50
42.5,914.0,97.03,26.64,10.75,1.95,42.85,18.58,8.33,50.22,0.58,43.97,Medium,Medium,High,Red,25-50
0.03,667.0,95.99,25.14,11.49,2.13,58.95,18.89,8.61,55.84,0.57,36.4,Medium,Medium,Medium,Red,25-50
0.4,500.0,96.0,25.31,10.7,1.99,54.73,19.28,8.76,52.1,0.55,41.26,Medium,Medium,Medium,Red,25-50
0.7,571.0,96.1,24.77,11.0,2.04,58.16,18.25,8.3,55.84,0.55,39.82,Medium,Medium,Medium,Red,25-50
0.8,500.0,96.04,25.28,11.77,2.01,50.13,18.56,8.43,57.97,0.53,42.76,Medium,Medium,Medium,Red,25-50
0.4,500.0,95.94,25.39,10.57,2.07,41.52,18.91,8.53,51.85,0.54,39.44,Medium,Medium,Medium,Red,25-50
0.2,500.0,95.99,25.15,11.16,2.09,49.4,18.22,8.28,52.98,0.55,39.26,Medium,Medium,Medium,Red,25-50
0.2,500.0,96.05,25.26,11.21,1.97,52.19,18.02,8.21,55.98,0.55,40.46,Medium,Medium,Medium,Red,25-50
0.1,600.0,96.04,25.42,10.82,2.04,49.32,18.52,8.38,53.16,0.54,37.72,Medium,Medium,Medium,Red,25-50
0.1,1000.0,96.0,25.13,11.27,1.96,44.06,17.84,8.09,55.4,0.54,38.4,Medium,Medium,Medium,Red,25-50
0.2,500.0,95.99,25.21,11.49,1.9,41.84,17.93,8.16,56.03,0.56,39.76,Medium,Medium,Medium,Red,25-50
0.07,571.0,95.97,25.13,10.75,2.03,44.49,18.14,8.19,53.97,0.54,42.45,Medium,Medium,Medium,Red,25-50
0.27,481.0,96.01,24.77,11.86,1.96,46.16,17.94,8.13,60.08,0.59,42.48,Medium,Medium,Medium,Red,25-50
4.34,776.0,96.66,25.44,11.2,2.13,59.01,18.61,8.5,54.67,0.64,37.32,Medium,Medium,High,Black,100-300
9.86,559.0,96.68,25.86,9.98,2.16,57.01,19.37,8.82,48.48,0.56,43.6,Medium,Medium,High,Black,100-300
19.89,712.0,96.74,26.07,9.68,2.05,53.36,19.78,8.99,46.65,0.58,41.77,Medium,Medium,High,Black,100-300
30.1,668.0,96.68,25.43,10.31,1.95,56.61,19.24,8.78,50.48,0.6,43.75,Medium,Medium,High,Black,100-300
38.9,671.0,96.67,26.18,10.21,2.15,54.91,19.02,8.71,48.78,0.53,42.35,Medium,Medium,High,Black,100-300
46.0,604.0,96.65,25.55,10.41,1.97,52.35,18.6,8.44,51.26,0.57,41.73,Medium,Medium,High,Black,100-300
53.1,659.0,96.79,25.04,10.86,2.08,59.44,18.12,8.31,54.71,0.61,39.99,Medium,Medium,High,Black,100-300
50.0,440.0,96.71,25.56,11.27,2.0,47.49,18.84,8.58,55.29,0.58,43.95,Medium,Medium,High,Black,100-300
34.7,617.0,96.62,25.76,10.06,2.06,40.59,19.09,8.6,48.95,0.57,40.44,Medium,Medium,High,Black,100-300
12.7,669.0,96.67,25.19,10.89,2.02,43.7,18.69,8.41,51.63,0.6,40.25,Medium,Medium,High,Black,100-300
6.0,367.0,96.69,25.9,10.26,2.12,41.58,18.7,8.4,49.93,0.57,41.12,Medium,Medium,High,Black,100-300
16.34,562.0,96.72,25.28,10.95,2.02,42.48,18.89,8.49,54.3,0.59,41.54,Medium,Medium,High,Black,100-300
19.06,634.0,96.71,25.26,10.78,2.04,43.11,18.68,8.36,54.0,0.62,39.83,Medium,Medium,High,Black,100-300
46.7,469.0,96.68,26.2,10.55,2.06,42.87,18.54,8.31,49.7,0.52,38.24,Medium,Medium,High,Black,100-300
51.4,554.0,96.67,25.32,11.07,1.92,44.05,18.19,8.15,54.45,0.58,39.27,Medium,Medium,High,Black,100-300
54.2,548.0,96.68,26.75,10.45,2.09,40.82,18.82,8.43,50.0,0.52,39.22,Medium,Medium,High,Black,100-300
46.4,685.0,96.68,26.77,10.86,1.89,45.59,18.8,8.44,51.6,0.55,40.25,Medium,Medium,High,Black,100-300
52.1,501.0,96.66,25.45,11.17,1.86,40.21,18.33,8.25,54.73,0.61,41.84,Medium,Medium,High,Black,100-300
55.29,509.0,96.64,25.35,10.58,2.06,43.51,18.46,8.25,53.04,0.61,43.0,Medium,Medium,High,Black,100-300
81.53,214.0,96.67,24.79,11.78,1.94,45.31,17.92,8.03,59.87,0.66,43.94,Medium,Medium,High,Black,100-300
72.0,2042.0,96.76,25.43,11.05,2.0,44.75,18.35,8.24,55.2,0.55,43.56,Medium,Medium,High,Black,100-300
81.0,444.0,96.82,25.67,11.35,1.93,44.01,18.22,8.16,54.92,0.55,41.33,Medium,Medium,High,Black,100-300
65.0,723.0,96.71,25.85,11.18,1.96,46.69,17.81,7.97,53.77,0.63,41.49,Medium,Medium,High,Black,100-300
59.8,582.0,96.7,26.43,10.66,1.96,42.14,18.55,8.3,50.1,0.55,43.66,Medium,Medium,High,Black,100-300
2.22,347.0,95.38,25.63,10.01,2.19,55.52,19.29,8.88,49.33,0.68,42.8,Medium,Medium,Medium,Red,25-50
3.38,512.0,95.43,25.37,9.91,2.02,52.18,19.74,9.08,48.73,0.68,41.04,Medium,Medium,Medium,Red,25-50
3.8,616.0,95.41,25.03,10.29,2.05,56.2,19.26,8.86,50.2,0.7,39.43,Medium,Medium,Medium,Red,25-50
4.3,558.0,95.38,25.08,10.72,2.05,57.09,18.7,8.69,53.6,0.69,40.74,Medium,Medium,Medium,Red,25-50
5.7,561.0,95.35,24.99,10.58,1.95,53.4,18.77,8.66,53.36,0.7,38.95,Medium,Medium,Medium,Red,25-50
6.7,582.0,95.48,24.47,11.07,2.06,58.67,18.14,8.37,57.24,0.73,38.41,Medium,Medium,Medium,Red,25-50
6.8,412.0,95.41,24.75,11.74,1.96,50.12,18.47,8.56,59.23,0.71,41.67,Medium,Medium,Medium,Red,25-50
4.9,551.0,95.32,24.98,10.41,2.04,41.53,18.98,8.62,52.63,0.71,40.35,Medium,Medium,Medium,Red,25-50
4.3,395.0,95.3,25.3,9.74,2.12,36.81,19.19,8.76,45.48,0.64,38.33,Medium,Medium,Medium,Red,25-50
3.3,485.0,95.36,24.94,10.92,2.1,51.05,18.07,8.14,52.97,0.71,38.97,Medium,Medium,Medium,Red,25-50
1.4,500.0,95.42,25.04,11.15,2.07,52.87,17.75,7.99,56.97,0.73,41.84,Medium,Medium,Medium,Red,25-50
1.7,418.0,95.42,24.72,11.14,1.97,46.68,18.78,8.42,55.93,0.71,38.95,Medium,Medium,Medium,Red,25-50
1.68,452.0,95.41,24.83,10.86,1.96,50.02,18.38,8.22,55.06,0.72,38.2,Medium,Medium,Medium,Red,25-50
1.84,489.0,95.41,25.66,11.11,2.03,49.64,18.12,8.16,53.14,0.68,37.47,Medium,Medium,Medium,Red,25-50
2.4,542.0,95.39,25.06,10.98,1.98,50.4,18.32,8.22,54.08,0.7,38.05,Medium,Medium,Medium,Red,25-50
2.0,600.0,95.37,24.79,11.05,1.94,51.53,18.24,8.15,55.62,0.71,39.2,Medium,Medium,Medium,Red,25-50
3.4,618.0,95.38,26.15,10.54,1.98,46.97,18.8,8.4,50.88,0.66,36.98,Medium,Medium,Medium,Red,25-50
2.9,724.0,95.38,26.2,11.08,1.86,52.36,18.71,8.39,53.09,0.69,39.43,Medium,Medium,Medium,Red,25-50
12.0,433.0,95.36,24.79,11.41,1.87,51.43,18.0,8.08,56.75,0.72,41.8,Medium,Medium,Medium,Red,25-50
6.4,958.0,95.35,24.79,10.69,2.03,52.12,18.24,8.13,54.61,0.71,42.66,Medium,Medium,Medium,Red,25-50
11.9,1121.0,95.37,24.59,11.8,1.91,55.78,17.71,7.94,60.22,0.75,41.67,Medium,Medium,Medium,Red,25-50
16.0,1250.0,95.46,24.65,11.56,2.0,52.97,18.16,8.15,59.04,0.7,43.31,Medium,Medium,Medium,Red,25-50
15.0,733.0,95.52,25.1,11.63,1.93,51.03,18.08,8.08,58.0,0.69,41.04,Medium,Medium,Medium,Red,25-50
12.0,1000.0,95.42,25.43,11.3,1.92,56.7,17.78,7.95,54.93,0.72,39.8,Medium,Medium,Medium,Red,25-50
11.5,219.0,95.41,26.02,10.77,1.95,44.75,18.61,8.31,51.5,0.68,41.56,Medium,Medium,Medium,Red,25-50
11.3,792.0,97.08,25.64,11.3,2.1,59.65,18.81,8.51,54.43,0.66,38.18,High,Low,High,Black,100-300
16.66,775.0,97.16,26.16,9.88,2.05,53.42,19.94,9.0,47.18,0.61,41.53,High,Low,High,Black,100-300
26.09,784.0,97.13,26.0,10.08,2.11,58.55,19.42,8.79,47.53,0.6,41.54,High,Low,High,Black,100-300
32.9,784.0,97.1,25.69,10.46,1.95,56.03,19.39,8.79,50.38,0.62,43.38,High,Low,High,Black,100-300
44.7,770.0,97.1,26.29,10.41,2.11,55.61,19.21,8.74,49.58,0.57,41.96,High,Low,High,Black,100-300
49.7,702.0,97.08,25.65,10.59,1.94,52.65,18.71,8.43,51.58,0.61,42.16,High,Low,High,Black,100-300
57.2,715.0,97.21,25.22,10.86,2.01,59.92,18.33,8.29,54.32,0.63,40.7,High,Low,High,Black,100-300
54.6,544.0,97.14,25.69,11.52,2.01,48.81,18.67,8.43,56.34,0.62,43.99,High,Low,High,Black,100-300
63.1,830.0,97.03,25.82,10.37,2.05,40.34,19.19,8.58,50.27,0.61,40.59,High,Low,High,Black,100-300
77.4,820.0,97.01,26.28,9.75,2.15,35.41,19.34,8.7,43.57,0.55,40.48,High,Low,High,Black,100-300
81.1,988.0,97.08,25.38,11.09,2.04,43.33,18.58,8.4,52.11,0.64,40.18,High,Low,High,Black,100-300
62.1,219.0,97.11,26.03,10.51,2.07,42.22,18.76,8.47,50.57,0.61,40.41,High,Low,High,Black,100-300
82.6,983.0,97.15,25.46,11.16,1.96,47.77,18.11,8.18,55.91,0.65,42.17,High,Low,High,Black,100-300
101.35,821.0,97.14,25.55,10.97,2.05,42.64,18.99,8.55,53.62,0.6,41.13,High,Low,High,Black,100-300
102.92,939.0,97.13,25.64,10.82,2.02,43.79,18.7,8.39,53.16,0.65,40.3,High,Low,High,Black,100-300
103.71,738.0,97.12,26.69,10.99,2.05,46.45,18.52,8.37,50.06,0.57,39.93,High,Low,High,Black,100-300
103.2,502.0,97.11,26.23,10.92,2.06,42.89,18.68,8.4,51.29,0.57,39.05,High,Low,High,Black,100-300
115.9,917.0,97.09,25.43,11.3,1.92,43.29,18.12,8.13,55.2,0.63,39.72,High,Low,High,Black,100-300
119.0,903.0,97.1,26.95,10.5,2.1,40.86,18.84,8.45,49.18,0.55,38.47,High,Low,High,Black,100-300
121.6,1048.0,97.1,27.15,10.86,1.88,44.67,18.87,8.49,50.26,0.57,39.65,High,Low,High,Black,100-300
123.7,982.0,97.08,25.58,11.35,1.86,40.21,18.36,8.28,54.96,0.65,40.83,High,Low,High,Black,100-300
162.79,911.0,97.07,25.47,10.69,2.05,43.34,18.51,8.29,53.78,0.64,43.63,High,Low,High,Black,100-300
186.22,629.0,97.1,24.99,11.86,1.95,45.48,18.09,8.12,59.99,0.68,44.94,High,Low,High,Black,100-300
150.0,1627.0,97.18,25.46,11.25,1.99,45.47,18.27,8.23,55.8,0.59,42.26,High,Low,High,Black,100-300
157.0,669.0,97.24,26.19,11.31,1.94,43.73,18.26,8.19,53.84,0.58,42.1,High,Low,High,Black,100-300
147.0,871.0,97.13,26.13,11.27,1.93,46.92,17.87,8.03,53.99,0.66,40.24,High,Low,High,Black,100-300
59.54,865.0,95.29,25.17,10.66,2.44,55.35,18.38,8.54,53.04,0.69,40.4,Medium,High,High,Black,100-300
55.32,352.0,95.32,25.87,8.97,2.45,49.24,19.74,9.09,43.67,0.63,44.55,Medium,High,High,Black,100-300
76.93,679.0,95.37,25.89,9.05,2.37,52.08,19.71,9.1,44.7,0.64,42.48,Medium,High,High,Black,100-300
97.88,943.0,95.35,25.88,9.46,2.48,52.28,19.81,9.18,45.18,0.62,40.7,Medium,High,High,Black,100-300
116.5,860.0,95.3,25.6,9.72,2.39,47.93,19.6,9.07,47.94,0.65,42.65,Medium,High,High,Black,100-300
126.4,819.0,95.28,25.17,9.9,2.27,47.19,19.24,8.91,49.79,0.68,41.17,Medium,High,High,Black,100-300
124.7,823.0,95.4,24.92,10.55,2.4,51.46,19.24,8.93,53.72,0.65,39.0,Medium,High,High,Black,100-300
115.5,653.0,95.32,25.78,10.45,2.25,44.62,19.59,9.07,50.53,0.64,43.34,Medium,High,High,Black,100-300
120.7,922.0,95.26,25.61,9.53,2.38,40.09,19.06,8.82,46.61,0.65,39.79,Medium,High,High,Black,100-300
157.6,948.0,95.29,25.33,9.79,2.23,43.86,18.83,8.51,45.85,0.65,40.32,Medium,High,High,Black,100-300
149.2,332.0,95.31,26.73,8.99,2.45,39.57,19.36,8.73,42.04,0.61,40.22,Medium,High,High,Black,100-300
123.0,1063.0,95.34,25.46,10.29,2.34,44.38,18.61,8.42,51.8,0.66,41.02,Medium,High,High,Black,100-300
141.41,795.0,95.34,25.99,9.92,2.28,40.2,19.15,8.65,48.02,0.64,40.83,Medium,High,High,Black,100-300
138.37,1076.0,95.32,25.51,9.72,2.29,40.98,19.2,8.63,47.99,0.65,38.57,Medium,High,High,Black,100-300
140.73,975.0,95.32,26.02,10.45,2.26,43.11,18.72,8.47,49.89,0.66,38.51,Medium,High,High,Black,100-300
162.4,1161.0,95.3,25.48,10.19,2.21,40.1,19.09,8.61,49.65,0.66,37.11,Medium,High,High,Black,100-300
177.4,1037.0,95.3,25.04,10.43,2.17,44.67,18.61,8.39,51.38,0.68,38.88,Medium,High,High,Black,100-300
188.9,1039.0,95.31,26.67,10.13,2.33,41.5,19.1,8.61,48.72,0.62,37.83,Medium,High,High,Black,100-300
212.0,1083.0,95.3,26.24,10.64,2.19,44.54,19.02,8.6,52.11,0.66,40.33,Medium,High,High,Black,100-300
187.2,1351.0,95.28,25.18,10.72,2.16,39.91,18.59,8.41,53.78,0.71,43.93,Medium,High,High,Black,100-300
234.53,1276.0,95.28,25.29,9.79,2.38,43.51,18.53,8.34,48.63,0.65,42.12,Medium,High,High,Black,100-300
247.13,600.0,95.3,24.56,11.09,2.26,46.13,17.69,7.98,56.66,0.69,43.17,Medium,High,High,Black,100-300
143.0,1587.0,95.39,25.54,10.41,2.45,43.92,18.72,8.45,52.85,0.65,43.59,Medium,High,High,Black,100-300
237.0,608.0,95.44,25.14,10.68,2.33,42.83,18.33,8.27,53.89,0.66,41.45,Medium,High,High,Black,100-300
210.0,819.0,95.35,25.6,10.43,2.22,45.1,18.46,8.31,50.12,0.69,42.62,Medium,High,High,Black,100-300
182.5,825.0,95.34,26.39,9.79,2.31,43.25,18.67,8.4,45.46,0.61,42.88,Medium,High,High,Black,100-300
0.32,625.0,98.19,25.81,11.19,1.84,37.73,18.13,8.17,53.81,0.53,44.09,Medium,Low,Medium,Black,100-300
149.52,1254.0,96.28,26.5,11.27,2.77,58.23,18.46,8.82,54.46,0.68,37.46,Medium,Medium,Medium,Black,100-300
176.51,949.0,96.29,27.4,9.27,2.76,50.9,19.48,9.26,43.12,0.64,43.43,Medium,Medium,Medium,Black,100-300
186.05,972.0,96.34,27.24,9.5,2.78,53.56,19.68,9.38,44.61,0.63,38.99,Medium,Medium,Medium,Black,100-300
190.5,1355.0,96.34,26.88,10.22,2.77,53.29,19.46,9.27,48.6,0.66,38.16,Medium,Medium,Medium,Black,100-300
197.0,921.0,96.29,26.17,10.27,2.71,51.23,19.34,9.19,50.73,0.69,40.15,Medium,Medium,Medium,Black,100-300
201.9,1106.0,96.27,27.06,10.08,2.68,50.23,19.42,9.34,47.5,0.65,38.71,Medium,Medium,Medium,Black,100-300
203.3,1072.0,96.25,26.77,10.32,2.69,48.0,19.33,9.21,49.77,0.67,38.44,Medium,Medium,Medium,Black,100-300
210.7,1161.0,96.38,26.35,11.18,2.64,47.97,19.0,9.13,54.66,0.66,37.82,Medium,Medium,Medium,Black,100-300
208.1,1263.0,96.28,26.92,11.24,2.52,47.97,18.85,9.0,52.87,0.67,39.52,Medium,Medium,Medium,Black,100-300
214.5,1486.0,96.25,26.61,10.32,2.71,40.98,19.11,9.06,49.86,0.65,37.92,Medium,Medium,Medium,Black,100-300
209.1,1031.0,96.21,27.14,9.29,2.66,37.97,19.56,9.3,41.45,0.63,37.16,Medium,Medium,Medium,Black,100-300
220.4,979.0,96.26,27.57,9.79,2.61,42.26,19.08,8.6,43.74,0.62,38.46,Medium,Medium,Medium,Black,100-300
219.6,756.0,96.31,27.55,9.83,2.81,38.08,19.22,8.65,44.6,0.63,39.05,Medium,Medium,Medium,Black,100-300
218.5,1078.0,96.32,26.51,11.08,2.67,41.55,18.97,8.55,54.12,0.7,37.52,Medium,Medium,Medium,Black,100-300
220.15,1084.0,96.32,26.97,10.64,2.6,42.08,19.15,8.63,50.2,0.66,36.12,Medium,Medium,Medium,Black,100-300
209.91,1126.0,96.29,26.93,10.07,2.58,41.73,19.29,8.66,47.4,0.64,36.44,Medium,Medium,Medium,Black,100-300
224.19,1231.0,96.3,26.75,11.21,2.5,42.95,18.56,8.38,53.24,0.69,36.66,Medium,Medium,Medium,Black,100-300
226.0,1395.0,96.27,26.85,10.83,2.41,43.95,19.09,8.6,50.92,0.68,35.02,Medium,Medium,Medium,Black,100-300
221.0,1517.0,96.26,27.24,10.11,2.62,46.44,18.6,8.34,46.59,0.63,37.84,Medium,Medium,Medium,Black,100-300
226.8,1770.0,96.28,27.59,10.89,2.63,40.13,19.22,8.61,51.17,0.65,37.11,Medium,Medium,Medium,Black,100-300
223.1,862.0,96.26,27.28,11.67,2.47,45.86,18.88,8.51,55.23,0.67,38.63,Medium,Medium,Medium,Black,100-300
219.6,1161.0,96.25,26.75,10.83,2.52,43.35,18.46,8.3,51.41,0.68,38.83,Medium,Medium,Medium,Black,100-300
228.18,1454.0,96.26,26.62,10.4,2.79,46.68,18.44,8.27,49.05,0.66,37.85,Medium,Medium,Medium,Black,100-300
231.22,1007.0,96.27,25.92,11.53,2.7,49.01,17.29,7.78,56.62,0.72,39.0,Medium,Medium,Medium,Black,100-300
222.0,1059.0,96.37,27.12,10.87,2.71,44.71,18.63,8.37,52.11,0.66,39.04,Medium,Medium,Medium,Black,100-300
223.0,762.0,96.42,26.87,10.97,2.6,45.24,18.13,8.14,52.2,0.66,39.29,Medium,Medium,Medium,Black,100-300
221.0,1588.0,96.34,26.67,10.66,2.57,48.25,18.49,8.28,50.83,0.69,41.44,Medium,Medium,Medium,Black,100-300
216.9,915.0,96.33,26.72,10.65,2.51,42.16,18.75,8.39,50.12,0.67,38.85,Medium,Medium,Medium,Black,100-300
75.68,1011.0,95.86,26.04,10.91,2.72,56.48,18.26,8.76,53.04,0.68,40.37,Medium,Medium,High,Mixed Red & Black,50-100
119.87,709.0,95.88,26.68,8.98,2.65,50.73,19.16,9.08,42.3,0.65,44.85,Medium,Medium,High,Mixed Red & Black,50-100
142.23,1119.0,95.92,26.54,9.82,2.75,52.35,19.73,9.39,46.41,0.66,39.92,Medium,Medium,High,Mixed Red & Black,50-100
162.4,1062.0,95.87,25.68,9.91,2.68,51.14,19.12,9.11,49.19,0.69,41.33,Medium,Medium,High,Mixed Red & Black,50-100
166.0,1293.0,95.86,26.51,9.67,2.64,47.64,19.43,9.29,46.11,0.65,40.9,Medium,Medium,High,Mixed Red & Black,50-100
170.0,961.0,95.96,25.52,10.9,2.65,48.99,18.93,9.05,54.36,0.67,38.55,Medium,Medium,High,Mixed Red & Black,50-100
182.2,1707.0,95.87,26.58,10.69,2.53,45.25,19.18,9.16,49.9,0.66,40.82,Medium,Medium,High,Mixed Red & Black,50-100
184.2,1595.0,95.83,26.43,9.82,2.74,38.83,19.14,9.1,46.75,0.64,37.33,Medium,Medium,High,Mixed Red & Black,50-100
178.4,625.0,95.84,26.92,9.38,2.62,40.14,18.98,8.54,42.25,0.63,37.3,Medium,Medium,High,Mixed Red & Black,50-100
165.0,429.0,95.89,27.19,9.26,2.79,35.9,19.39,8.71,42.09,0.62,40.34,Medium,Medium,High,Mixed Red & Black,50-100
158.4,1148.0,95.9,26.09,10.6,2.69,39.03,18.85,8.48,51.78,0.68,37.46,Medium,Medium,High,Mixed Red & Black,50-100
178.66,647.0,95.9,26.56,10.25,2.59,38.95,19.21,8.65,48.39,0.66,36.96,Medium,Medium,High,Mixed Red & Black,50-100
181.81,966.0,95.88,26.15,9.8,2.51,39.61,19.3,8.64,46.77,0.65,38.46,Medium,Medium,High,Mixed Red & Black,50-100
197.6,1193.0,95.85,26.46,10.45,2.45,40.03,19.21,8.65,49.55,0.68,35.89,Medium,Medium,High,Mixed Red & Black,50-100
204.7,1102.0,95.85,26.53,9.97,2.65,43.22,18.81,8.43,46.64,0.64,38.47,Medium,Medium,High,Mixed Red & Black,50-100
208.2,922.0,95.87,27.05,10.59,2.6,36.61,19.32,8.66,50.01,0.64,36.11,Medium,Medium,High,Mixed Red & Black,50-100
210.7,895.0,95.84,26.83,11.22,2.48,41.08,19.09,8.59,53.54,0.68,39.16,Medium,Medium,High,Mixed Red & Black,50-100
212.0,1260.0,95.83,26.17,10.67,2.53,38.26,18.64,8.39,51.67,0.69,39.62,Medium,Medium,High,Mixed Red & Black,50-100
224.53,1500.0,95.85,25.74,10.18,2.74,43.47,18.53,8.31,49.34,0.67,38.34,Medium,Medium,High,Mixed Red & Black,50-100
236.41,1104.0,95.86,25.23,11.2,2.57,46.58,17.53,7.9,55.88,0.72,39.26,Medium,Medium,High,Mixed Red & Black,50-100
229.0,882.0,95.96,26.29,10.56,2.63,41.42,18.76,8.43,51.97,0.67,39.46,Medium,Medium,High,Mixed Red & Black,50-100
230.0,896.0,95.99,26.29,10.51,2.68,40.76,18.43,8.28,50.59,0.66,38.58,Medium,Medium,High,Mixed Red & Black,50-100
186.0,1457.0,95.93,26.17,10.45,2.52,44.09,18.52,8.31,49.99,0.7,40.8,Medium,Medium,High,Mixed Red & Black,50-100
205.0,1823.0,95.91,26.24,10.33,2.57,42.15,18.74,8.39,49.17,0.67,39.53,Medium,Medium,High,Mixed Red & Black,50-100
241.86,1168.0,95.24,24.9,11.4,2.22,62.12,18.4,8.56,57.51,0.74,36.33,Medium,Low,High,Black,100-300
312.98,1002.0,95.26,25.72,9.87,2.25,57.59,19.26,8.91,48.87,0.68,43.01,Medium,Low,High,Black,100-300
335.81,843.0,95.31,25.58,9.74,2.07,54.74,19.6,9.06,48.14,0.68,41.93,Medium,Low,High,Black,100-300
343.28,1205.0,95.3,25.1,10.26,2.1,58.37,19.28,8.95,50.45,0.7,39.85,Medium,Low,High,Black,100-300
386.5,1094.0,95.26,25.13,10.64,2.1,58.34,18.65,8.76,53.38,0.69,41.43,Medium,Low,High,Black,100-300
401.5,890.0,95.23,25.26,10.4,2.02,55.63,18.47,8.57,52.57,0.69,39.32,Medium,Low,High,Black,100-300
407.6,1041.0,95.36,24.62,10.99,2.12,60.68,17.94,8.37,57.03,0.73,38.74,Medium,Low,High,Black,100-300
407.6,1370.0,95.28,24.9,11.61,2.03,49.89,18.41,8.6,58.63,0.7,41.68,Medium,Low,High,Black,100-300
416.9,1363.0,95.2,25.11,10.29,2.08,42.06,18.73,8.58,52.12,0.71,40.28,Medium,Low,High,Black,100-300
421.5,611.0,95.18,25.29,9.67,2.14,36.33,19.22,8.85,45.47,0.65,38.97,Medium,Low,High,Black,100-300
416.7,644.0,95.24,24.98,10.81,2.11,48.94,18.19,8.2,52.66,0.71,39.73,Medium,Low,High,Black,100-300
414.7,484.0,95.27,25.63,10.26,2.21,45.61,18.5,8.32,50.59,0.67,39.76,Medium,Low,High,Black,100-300
364.0,1088.0,95.3,25.12,11.11,2.13,50.32,17.88,8.07,57.21,0.73,41.62,Medium,Low,High,Black,100-300
400.12,693.0,95.3,24.95,10.97,2.02,44.69,18.72,8.42,55.56,0.7,39.15,Medium,Low,High,Black,100-300
421.67,1052.0,95.29,24.91,10.75,2.02,47.52,18.48,8.28,55.16,0.72,38.59,Medium,Low,High,Black,100-300
430.34,1087.0,95.28,25.82,10.98,2.07,47.72,18.18,8.21,52.8,0.68,37.61,Medium,Low,High,Black,100-300
431.7,1189.0,95.27,25.21,10.79,2.02,46.49,18.46,8.3,53.4,0.69,37.7,Medium,Low,High,Black,100-300
443.7,1416.0,95.25,24.99,10.87,1.97,47.33,18.26,8.18,54.77,0.7,39.72,Medium,Low,High,Black,100-300
453.8,1483.0,95.26,26.12,10.55,2.0,43.81,18.76,8.4,51.58,0.67,36.72,Medium,Low,High,Black,100-300
451.8,1113.0,95.26,26.11,11.12,1.88,49.05,18.66,8.39,54.21,0.7,40.26,Medium,Low,High,Black,100-300
433.0,693.0,95.34,24.95,11.39,2.06,48.95,18.19,8.18,58.27,0.69,43.53,Medium,Low,High,Black,100-300
455.0,723.0,95.4,25.22,11.5,1.98,48.34,18.09,8.11,57.47,0.68,41.12,Medium,Low,High,Black,100-300
446.9,1047.0,95.29,26.26,10.56,2.01,44.85,18.59,8.32,50.23,0.66,42.62,Medium,Low,High,Black,100-300
59.3,841.0,95.87,26.13,10.68,2.64,51.56,19.03,8.88,51.51,0.66,40.77,Medium,Medium,High,Mixed Red & Black,50-100
101.33,755.0,95.9,26.58,8.84,2.58,48.67,19.88,9.25,41.62,0.63,45.05,Medium,Medium,High,Mixed Red & Black,50-100
166.79,1186.0,95.93,26.56,9.68,2.69,48.9,20.59,9.61,45.34,0.63,40.66,Medium,Medium,High,Mixed Red & Black,50-100
219.3,1016.0,95.88,25.58,9.82,2.59,46.1,19.94,9.34,48.54,0.68,42.77,Medium,Medium,High,Mixed Red & Black,50-100
255.0,917.0,95.88,26.54,9.52,2.58,45.83,19.9,9.31,45.34,0.63,42.29,Medium,Medium,High,Mixed Red & Black,50-100
271.3,836.0,95.85,25.96,9.87,2.61,43.38,19.55,9.09,48.3,0.66,39.92,Medium,Medium,High,Mixed Red & Black,50-100
282.0,1558.0,95.97,25.47,10.74,2.62,45.19,19.73,9.21,53.48,0.65,39.13,Medium,Medium,High,Mixed Red & Black,50-100
287.3,1384.0,95.88,26.66,10.39,2.51,42.68,19.81,9.22,47.9,0.63,41.99,Medium,Medium,High,Mixed Red & Black,50-100
211.5,1691.0,95.84,26.6,9.55,2.71,34.07,20.0,9.29,44.76,0.61,38.12,Medium,Medium,High,Mixed Red & Black,50-100
218.2,583.0,95.81,26.65,8.85,2.69,29.36,20.06,9.28,39.54,0.61,39.87,Medium,Medium,High,Mixed Red & Black,50-100
223.4,719.0,95.86,26.67,9.29,2.56,39.31,19.54,8.71,41.77,0.62,38.08,Medium,Medium,High,Mixed Red & Black,50-100
207.7,537.0,95.9,27.31,8.92,2.76,37.16,19.75,8.8,40.13,0.6,40.9,Medium,Medium,High,Mixed Red & Black,50-100
231.96,882.0,95.91,26.62,10.02,2.55,37.48,19.74,8.81,46.87,0.64,38.21,Medium,Medium,High,Mixed Red & Black,50-100
245.84,661.0,95.9,26.01,9.67,2.45,37.3,19.71,8.77,46.06,0.64,39.16,Medium,Medium,High,Mixed Red & Black,50-100
250.88,839.0,95.89,26.41,10.71,2.45,37.39,19.14,8.56,50.75,0.67,37.79,Medium,Medium,High,Mixed Red & Black,50-100
255.9,845.0,95.86,26.44,10.23,2.43,36.76,19.58,8.75,48.36,0.65,37.27,Medium,Medium,High,Mixed Red & Black,50-100
259.1,916.0,95.86,26.25,9.97,2.59,39.78,19.11,8.52,46.78,0.63,38.62,Medium,Medium,High,Mixed Red & Black,50-100
262.6,701.0,95.88,27.06,10.32,2.56,36.43,19.67,8.76,48.4,0.62,36.07,Medium,Medium,High,Mixed Red & Black,50-100
261.5,974.0,95.85,26.78,11.0,2.45,38.93,19.43,8.68,52.4,0.67,39.54,Medium,Medium,High,Mixed Red & Black,50-100
256.6,1383.0,95.84,25.93,10.68,2.47,36.52,19.13,8.55,52.01,0.68,40.75,Medium,Medium,High,Mixed Red & Black,50-100
277.78,1777.0,95.86,25.53,10.1,2.63,39.05,18.95,8.44,49.25,0.66,39.89,Medium,Medium,High,Mixed Red & Black,50-100
286.4,1106.0,95.88,25.16,11.04,2.46,42.82,18.28,8.17,55.05,0.7,41.02,Medium,Medium,High,Mixed Red & Black,50-100
271.0,790.0,95.97,26.17,10.4,2.56,36.1,19.25,8.59,51.39,0.66,39.96,Medium,Medium,High,Mixed Red & Black,50-100
283.0,753.0,96.0,26.19,10.36,2.61,37.68,18.92,8.43,49.88,0.64,39.81,Medium,Medium,High,Mixed Red & Black,50-100
241.0,1373.0,95.93,26.13,10.36,2.46,39.48,18.94,8.44,49.29,0.68,41.29,Medium,Medium,High,Mixed Red & Black,50-100
249.5,1128.0,95.92,26.27,10.16,2.53,46.15,19.05,8.48,48.04,0.65,40.31,Medium,Medium,High,Mixed Red & Black,50-100
127.42,1156.0,95.15,25.68,11.04,2.65,58.04,18.43,8.73,54.78,0.7,38.62,Medium,Low,High,Black,100-300
155.35,955.0,95.17,26.4,9.15,2.66,49.87,19.58,9.26,44.26,0.66,44.23,Medium,Low,High,Black,100-300
176.36,724.0,95.22,26.38,9.3,2.67,50.99,19.67,9.28,45.38,0.65,40.21,Medium,Low,High,Black,100-300
186.45,1092.0,95.22,26.07,9.93,2.7,52.41,19.54,9.2,48.4,0.67,39.99,Medium,Low,High,Black,100-300
204.5,899.0,95.16,25.43,10.01,2.6,49.91,19.55,9.19,50.66,0.7,41.07,Medium,Low,High,Black,100-300
219.3,1018.0,95.15,26.1,9.92,2.56,49.21,19.64,9.33,48.61,0.66,40.34,Medium,Low,High,Black,100-300
231.1,1008.0,95.13,25.92,10.05,2.56,47.07,19.54,9.22,50.12,0.69,39.11,Medium,Low,High,Black,100-300
240.4,1443.0,95.26,25.42,10.93,2.56,48.28,19.33,9.13,55.31,0.68,38.85,Medium,Low,High,Black,100-300
234.1,1262.0,95.17,26.07,10.98,2.42,46.52,19.09,9.02,53.4,0.68,40.62,Medium,Low,High,Black,100-300
268.0,1147.0,95.13,25.82,10.05,2.59,39.92,19.03,8.94,49.8,0.66,38.56,Medium,Low,High,Black,100-300
274.2,1010.0,95.09,26.22,9.03,2.6,34.7,19.56,9.2,41.44,0.64,37.91,Medium,Low,High,Black,100-300
271.1,1417.0,95.2,25.79,10.72,2.57,44.29,18.85,8.55,53.55,0.72,38.7,Medium,Low,High,Black,100-300
274.22,1047.0,95.19,26.32,10.29,2.48,42.67,19.29,8.74,49.94,0.67,38.69,Medium,Low,High,Black,100-300
280.7,1286.0,95.17,26.23,9.76,2.48,46.61,19.07,8.61,47.15,0.65,37.59,Medium,Low,High,Black,100-300
282.51,1192.0,95.18,26.12,10.9,2.4,47.38,18.52,8.41,52.8,0.7,37.37,Medium,Low,High,Black,100-300
296.1,1204.0,95.15,26.06,10.52,2.31,44.84,19.2,8.69,50.92,0.69,35.45,Medium,Low,High,Black,100-300
303.5,1212.0,95.15,26.38,9.94,2.49,46.53,18.73,8.45,47.2,0.64,38.47,Medium,Low,High,Black,100-300
306.6,1285.0,95.16,26.81,10.55,2.51,41.92,19.22,8.65,50.88,0.66,36.56,Medium,Low,High,Black,100-300
321.6,1068.0,95.14,26.6,11.23,2.37,47.64,19.08,8.65,54.69,0.68,39.8,Medium,Low,High,Black,100-300
323.0,1246.0,95.13,25.94,10.65,2.38,45.27,18.5,8.37,52.38,0.7,40.62,Medium,Low,High,Black,100-300
340.53,1598.0,95.13,25.83,10.11,2.65,48.11,18.45,8.32,49.37,0.67,38.83,Medium,Low,High,Black,100-300
350.96,762.0,95.15,25.24,11.28,2.54,50.56,17.3,7.82,56.82,0.72,41.11,Medium,Low,High,Black,100-300
309.0,676.0,95.25,26.28,10.64,2.63,46.81,18.62,8.4,52.96,0.67,40.45,Medium,Low,High,Black,100-300
337.0,623.0,95.29,26.05,10.69,2.55,46.72,18.15,8.19,52.45,0.68,40.46,Medium,Low,High,Black,100-300
319.0,1483.0,95.22,25.94,10.48,2.47,51.18,18.51,8.33,51.09,0.71,42.06,Medium,Low,High,Black,100-300
321.35,1020.0,95.2,26.28,10.23,2.47,43.92,18.8,8.46,48.61,0.67,41.71,Medium,Low,High,Black,100-300
165.87,775.0,96.78,27.62,9.38,2.73,50.9,19.48,9.26,43.07,0.64,43.15,Medium,High,High,Black,100-300
195.27,1032.0,96.82,27.39,9.65,2.77,53.56,19.68,9.38,44.94,0.63,37.82,Medium,High,High,Black,100-300
201.42,1357.0,96.82,27.13,10.37,2.77,53.29,19.46,9.27,48.76,0.66,37.15,Medium,High,High,Black,100-300
206.3,643.0,96.77,26.41,10.34,2.74,51.23,19.34,9.19,50.56,0.69,39.69,Medium,High,High,Black,100-300
216.2,930.0,96.75,27.28,10.13,2.69,50.23,19.42,9.34,47.19,0.65,37.89,Medium,High,High,Black,100-300
214.6,930.0,96.73,26.91,10.47,2.7,48.0,19.33,9.21,50.15,0.67,36.46,Medium,High,High,Black,100-300
225.5,891.0,96.86,26.51,11.29,2.64,47.97,19.0,9.13,54.73,0.67,37.08,Medium,High,High,Black,100-300
255.4,1003.0,96.73,26.87,10.41,2.74,40.98,19.11,9.06,49.54,0.65,37.05,Medium,High,High,Black,100-300
237.7,873.0,96.74,27.72,9.87,2.65,42.26,19.08,8.6,43.91,0.63,37.57,Medium,High,High,Black,100-300
230.9,846.0,96.8,27.65,9.99,2.81,38.08,19.22,8.65,45.12,0.63,39.03,Medium,High,High,Black,100-300
238.49,911.0,96.8,27.14,10.8,2.63,42.08,19.15,8.63,50.51,0.67,35.36,Medium,High,High,Black,100-300
245.91,1272.0,96.78,26.93,10.29,2.58,41.73,19.29,8.66,48.42,0.66,36.3,Medium,High,High,Black,100-300
247.27,1258.0,96.78,27.01,11.34,2.54,42.95,18.56,8.38,53.39,0.69,36.45,Medium,High,High,Black,100-300
250.3,1323.0,96.75,27.1,11.0,2.44,43.95,19.09,8.6,51.24,0.68,34.41,Medium,High,High,Black,100-300
260.1,1445.0,96.74,27.33,10.29,2.65,46.44,18.6,8.34,47.27,0.64,37.38,Medium,High,High,Black,100-300
268.1,1656.0,96.77,27.72,11.06,2.64,40.13,19.22,8.61,51.56,0.65,36.5,Medium,High,High,Black,100-300
266.8,1329.0,96.72,27.04,10.89,2.56,43.35,18.46,8.3,51.17,0.68,37.7,Medium,High,High,Black,100-300
277.79,1593.0,96.74,26.78,10.54,2.81,46.68,18.44,8.27,49.33,0.66,37.19,Medium,High,High,Black,100-300
292.2,1483.0,96.75,26.03,11.64,2.7,49.01,17.29,7.78,56.94,0.72,37.59,Medium,High,High,Black,100-300
269.0,896.0,96.86,27.27,10.97,2.68,44.71,18.63,8.37,52.1,0.66,38.41,Medium,High,High,Black,100-300
288.0,1309.0,96.9,27.13,11.04,2.61,45.24,18.13,8.14,51.86,0.66,37.38,Medium,High,High,Black,100-300
289.0,1599.0,96.83,26.94,10.75,2.58,48.25,18.49,8.28,50.78,0.68,40.2,Medium,High,High,Black,100-300
279.43,1291.0,96.81,27.07,10.7,2.55,42.16,18.75,8.39,49.85,0.67,37.59,Medium,High,High,Black,100-300
6.45,922.0,97.2,26.7,11.29,2.73,55.15,18.5,8.86,53.53,0.66,39.55,Medium,Low,High,Black,100-300
12.74,445.0,97.22,27.47,9.32,2.64,49.27,19.41,9.28,42.55,0.62,43.84,Medium,Low,High,Black,100-300
21.01,930.0,97.26,27.2,10.27,2.72,51.41,19.69,9.41,47.57,0.63,37.99,Medium,Low,High,Black,100-300
26.0,769.0,97.21,26.32,10.31,2.71,46.29,19.19,9.15,50.15,0.68,40.23,Medium,Low,High,Black,100-300
26.0,619.0,97.19,27.25,9.98,2.66,46.64,19.41,9.36,46.1,0.62,37.72,Medium,Low,High,Black,100-300
27.5,593.0,97.17,26.7,10.46,2.65,45.13,19.26,9.23,50.11,0.66,37.14,Medium,Low,High,Black,100-300
29.3,829.0,97.3,26.15,11.32,2.61,45.04,19.08,9.15,55.07,0.66,37.67,Medium,Low,High,Black,100-300
31.1,666.0,97.2,27.04,11.24,2.51,44.36,18.98,9.06,51.76,0.65,39.85,Medium,Low,High,Black,100-300
40.8,699.0,97.17,27.03,10.24,2.73,37.48,19.42,9.27,47.7,0.61,36.62,Medium,Low,High,Black,100-300
38.4,333.0,97.13,27.45,9.39,2.7,34.13,19.68,9.41,41.34,0.6,37.93,Medium,Low,High,Black,100-300
30.1,538.0,97.23,27.65,9.77,2.73,37.16,19.21,8.67,43.6,0.6,39.2,Medium,Low,High,Black,100-300
26.6,842.0,97.24,26.63,11.12,2.64,39.93,19.07,8.62,53.29,0.67,36.6,Medium,Low,High,Black,100-300
28.04,581.0,97.24,27.06,10.78,2.57,40.3,19.12,8.64,50.1,0.65,36.1,Medium,Low,High,Black,100-300
30.82,645.0,97.22,26.57,10.34,2.52,37.89,19.5,8.76,48.84,0.65,37.17,Medium,Low,High,Black,100-300
34.0,718.0,97.21,26.91,11.33,2.51,40.39,18.61,8.41,53.32,0.67,36.83,Medium,Low,High,Black,100-300
39.9,759.0,97.18,27.03,10.38,2.65,39.94,18.76,8.43,47.78,0.62,38.26,Medium,Low,High,Black,100-300
43.7,719.0,97.2,27.52,11.05,2.57,35.81,19.41,8.71,51.11,0.63,35.08,Medium,Low,High,Black,100-300
50.8,657.0,97.16,26.93,10.96,2.57,37.0,18.69,8.41,51.47,0.66,37.47,Medium,Low,High,Black,100-300
52.01,987.0,97.18,26.49,10.58,2.76,40.13,18.71,8.39,49.67,0.64,37.15,Medium,Low,High,Black,100-300
56.86,782.0,97.19,25.89,11.59,2.62,43.73,17.75,7.99,56.62,0.7,37.69,Medium,Low,High,Black,100-300
61.0,836.0,97.29,27.02,10.94,2.59,37.08,18.93,8.51,52.01,0.65,38.66,Medium,Low,High,Black,100-300
63.0,1444.0,97.33,27.12,10.88,2.64,39.04,18.54,8.32,50.55,0.63,36.61,Medium,Low,High,Black,100-300
66.0,1606.0,97.26,26.97,10.75,2.52,42.55,18.47,8.3,50.22,0.66,39.11,Medium,Low,High,Black,100-300
63.6,1430.0,97.25,26.91,10.72,2.56,39.97,18.7,8.38,50.05,0.65,37.8,Medium,Low,High,Black,100-300
8.88,762.0,97.17,27.12,11.53,2.69,58.79,18.45,8.82,54.67,0.67,36.91,Medium,Medium,High,Black,100-300
14.67,549.0,97.18,28.06,9.49,2.63,50.59,19.48,9.37,43.25,0.64,43.92,Medium,Medium,High,Black,100-300
23.8,668.0,97.23,27.94,9.64,2.67,51.03,19.59,9.42,44.26,0.63,39.46,Medium,Medium,High,Black,100-300
34.1,683.0,97.14,27.52,10.55,2.6,46.26,19.5,9.34,49.83,0.66,39.08,Medium,Medium,High,Black,100-300
39.7,738.0,97.27,27.12,11.36,2.53,48.02,19.1,9.22,54.18,0.66,38.75,Medium,Medium,High,Black,100-300
47.7,415.0,97.14,27.2,10.6,2.58,39.18,19.34,9.22,50.57,0.65,38.8,Medium,Medium,High,Black,100-300
51.0,363.0,97.11,27.73,9.53,2.54,36.07,19.62,9.38,41.83,0.63,37.99,Medium,Medium,High,Black,100-300
46.3,516.0,97.15,28.06,10.15,2.51,40.27,19.15,8.67,44.96,0.62,39.04,Medium,Medium,High,Black,100-300
50.2,902.0,97.21,27.15,11.34,2.57,40.24,19.06,8.62,54.51,0.7,38.48,Medium,Medium,High,Black,100-300
60.19,563.0,97.19,27.32,10.45,2.46,39.59,19.3,8.7,48.89,0.65,37.03,Medium,Medium,High,Black,100-300
57.14,710.0,97.19,27.23,11.56,2.38,41.2,18.71,8.48,54.08,0.7,37.92,Medium,Medium,High,Black,100-300
53.6,756.0,97.16,27.38,11.12,2.31,40.39,19.34,8.74,51.56,0.68,36.27,Medium,Medium,High,Black,100-300
52.8,642.0,97.15,27.79,10.36,2.49,40.87,18.82,8.47,46.91,0.63,38.64,Medium,Medium,High,Black,100-300
48.2,703.0,97.17,28.21,11.1,2.52,37.33,19.37,8.71,51.18,0.65,37.46,Medium,Medium,High,Black,100-300
43.7,863.0,97.15,27.82,12.04,2.38,44.36,18.99,8.61,56.01,0.68,39.0,Medium,Medium,High,Black,100-300
49.8,556.0,97.14,27.27,11.06,2.4,38.64,18.78,8.46,51.67,0.68,39.42,Medium,Medium,High,Black,100-300
49.0,973.0,97.15,27.21,10.68,2.65,42.24,18.65,8.38,49.67,0.66,38.77,Medium,Medium,High,Black,100-300
55.0,769.0,97.16,26.53,11.81,2.62,45.32,17.72,8.0,57.09,0.72,39.34,Medium,Medium,High,Black,100-300
40.0,1400.0,97.26,27.79,11.11,2.58,41.08,18.86,8.5,52.03,0.65,39.81,Medium,Medium,High,Black,100-300
71.0,1535.0,97.31,27.51,11.3,2.44,41.95,18.58,8.36,52.64,0.66,39.65,Medium,Medium,High,Black,100-300
63.0,1603.0,97.24,27.41,10.75,2.47,44.09,18.67,8.39,50.16,0.67,41.65,Medium,Medium,High,Black,100-300
62.3,1036.0,97.22,27.45,10.83,2.41,42.78,18.91,8.48,49.93,0.66,39.11,Medium,Medium,High,Black,100-300
11.57,694.0,97.31,27.06,11.68,2.56,58.77,18.42,8.77,55.45,0.69,37.5,Medium,Medium,High,Black,100-300
24.28,452.0,97.32,28.03,9.55,2.55,49.51,19.5,9.28,43.82,0.64,44.51,Medium,Medium,High,Black,100-300
41.82,503.0,97.37,27.95,9.67,2.51,51.29,19.79,9.38,44.52,0.64,40.78,Medium,Medium,High,Black,100-300
44.71,677.0,97.38,27.18,10.65,2.49,52.7,19.7,9.36,50.55,0.68,40.2,Medium,Medium,High,Black,100-300
77.7,553.0,97.28,27.64,10.58,2.47,46.61,19.73,9.36,49.87,0.67,41.06,Medium,Medium,High,Black,100-300
106.8,572.0,97.32,27.48,11.71,2.31,45.79,18.95,9.01,54.67,0.69,40.11,Medium,Medium,High,Black,100-300
144.8,562.0,97.28,26.96,10.73,2.41,40.93,19.21,9.06,51.78,0.67,39.57,Medium,Medium,High,Black,100-300
169.8,314.0,97.25,27.57,9.62,2.41,36.7,19.69,9.31,42.44,0.64,38.35,Medium,Medium,High,Black,100-300
175.2,441.0,97.29,27.96,10.31,2.35,43.9,18.96,8.61,45.88,0.63,39.61,Medium,Medium,High,Black,100-300
172.5,495.0,97.34,28.18,10.14,2.56,39.93,19.09,8.66,45.17,0.64,40.09,Medium,Medium,High,Black,100-300
157.0,626.0,97.36,27.22,11.35,2.46,43.34,18.97,8.61,54.41,0.71,39.31,Medium,Medium,High,Black,100-300
155.31,487.0,97.35,27.69,10.88,2.4,42.08,19.43,8.82,50.38,0.66,37.74,Medium,Medium,High,Black,100-300
149.01,599.0,97.33,27.51,10.44,2.37,42.43,19.15,8.66,48.68,0.65,37.55,Medium,Medium,High,Black,100-300
149.6,689.0,97.34,27.32,11.64,2.24,45.27,18.65,8.48,54.14,0.71,38.56,Medium,Medium,High,Black,100-300
154.3,765.0,97.3,27.89,10.38,2.34,45.14,18.75,8.47,46.91,0.64,39.12,Medium,Medium,High,Black,100-300
154.4,632.0,97.31,28.21,11.11,2.36,41.7,19.2,8.65,51.08,0.66,37.28,Medium,Medium,High,Black,100-300
163.1,535.0,97.28,27.32,11.14,2.27,42.99,18.6,8.41,51.89,0.69,40.48,Medium,Medium,High,Black,100-300
182.3,872.0,97.29,27.21,10.76,2.5,46.32,18.58,8.39,50.21,0.68,39.03,Medium,Medium,High,Black,100-300
189.28,803.0,97.3,26.72,11.89,2.47,48.74,17.58,7.96,57.1,0.72,41.2,Medium,Medium,High,Black,100-300
17.0,1235.0,97.41,27.94,11.15,2.47,45.02,18.73,8.47,52.08,0.66,40.67,Medium,Medium,High,Black,100-300
178.0,522.0,97.46,27.41,11.41,2.33,44.85,18.49,8.35,53.39,0.67,40.21,Medium,Medium,High,Black,100-300
164.0,1348.0,97.38,27.34,10.89,2.32,48.48,18.6,8.39,51.03,0.7,41.73,Medium,Medium,High,Black,100-300
153.41,1145.0,95.66,25.79,11.26,2.5,58.48,17.92,8.4,55.56,0.72,38.09,Medium,High,High,Black,100-300
174.55,885.0,95.68,26.61,9.3,2.55,50.08,19.42,9.06,44.8,0.67,44.37,Medium,High,High,Black,100-300
210.07,882.0,95.73,26.13,10.07,2.56,53.37,19.48,9.1,49.24,0.69,41.55,Medium,High,High,Black,100-300
180.9,763.0,95.67,25.63,10.19,2.44,52.64,19.23,8.98,51.29,0.71,41.84,Medium,High,High,Black,100-300
219.3,894.0,95.64,26.2,10.16,2.44,48.44,19.32,9.05,50.35,0.69,40.76,Medium,High,High,Black,100-300
232.3,1186.0,95.78,25.48,11.1,2.41,51.14,18.97,8.93,56.05,0.7,39.44,Medium,High,High,Black,100-300
241.5,1030.0,95.68,26.01,11.28,2.28,46.08,19.16,8.99,55.36,0.71,42.28,Medium,High,High,Black,100-300
244.7,1085.0,95.64,25.91,10.2,2.44,41.49,18.7,8.69,50.6,0.68,39.4,Medium,High,High,Black,100-300
246.6,895.0,95.6,26.29,9.18,2.46,35.16,19.43,9.03,41.98,0.66,38.07,Medium,High,High,Black,100-300
247.2,1013.0,95.65,26.39,9.98,2.3,45.82,18.73,8.48,46.3,0.66,38.99,Medium,High,High,Black,100-300
246.5,1014.0,95.69,26.98,9.68,2.52,41.86,19.15,8.64,44.99,0.65,40.24,Medium,High,High,Black,100-300
255.3,1298.0,95.71,26.05,10.86,2.43,45.56,18.54,8.39,54.12,0.73,39.79,Medium,High,High,Black,100-300
275.71,751.0,95.71,26.78,10.3,2.37,40.98,19.01,8.59,49.62,0.67,40.04,Medium,High,High,Black,100-300
243.58,888.0,95.69,26.25,11.1,2.24,44.68,18.57,8.42,53.38,0.71,38.61,Medium,High,High,Black,100-300
284.5,1197.0,95.67,26.34,10.55,2.2,42.9,18.98,8.57,50.73,0.69,36.34,Medium,High,High,Black,100-300
282.5,1293.0,95.66,26.39,10.2,2.3,46.3,18.67,8.42,48.53,0.67,39.04,Medium,High,High,Black,100-300
284.4,1526.0,95.68,26.9,10.68,2.34,42.41,19.02,8.57,51.39,0.67,37.36,Medium,High,High,Black,100-300
283.9,1889.0,95.66,26.8,11.32,2.24,47.22,18.98,8.59,54.92,0.69,40.57,Medium,High,High,Black,100-300
310.9,1190.0,95.64,26.12,10.8,2.25,43.6,18.36,8.31,52.97,0.71,42.36,Medium,High,High,Black,100-300
308.68,1236.0,95.64,26.17,10.19,2.49,46.56,18.32,8.26,49.28,0.68,39.89,Medium,High,High,Black,100-300
312.24,483.0,95.65,25.71,11.4,2.46,48.62,17.47,7.9,56.47,0.72,42.31,Medium,High,High,Black,100-300
296.0,568.0,95.81,26.38,10.8,2.43,46.2,18.08,8.17,52.55,0.68,41.35,Medium,High,High,Black,100-300
270.0,1485.0,95.72,26.25,10.57,2.36,47.94,18.3,8.24,51.25,0.71,43.16,Medium,High,High,Black,100-300
270.0,826.0,95.71,26.71,10.26,2.33,44.23,18.57,8.35,47.95,0.67,42.95,Medium,High,High,Black,100-300
85.02,974.0,95.44,25.32,11.26,2.51,58.48,17.92,8.4,55.95,0.73,37.67,Medium,Medium,High,Black,100-300
92.92,1020.0,95.46,26.0,9.51,2.54,50.08,19.42,9.06,46.38,0.67,43.73,Medium,Medium,High,Black,100-300
115.62,900.0,95.5,25.72,10.1,2.52,53.37,19.48,9.1,49.37,0.69,41.23,Medium,Medium,High,Black,100-300
21.5,651.0,95.45,25.19,10.27,2.4,52.64,19.23,8.98,51.87,0.71,42.13,Medium,Medium,High,Black,100-300
109.9,1024.0,95.42,25.64,10.25,2.37,48.44,19.32,9.05,51.48,0.69,40.42,Medium,Medium,High,Black,100-300
132.4,1372.0,95.56,25.06,11.07,2.4,51.14,18.97,8.93,56.42,0.71,39.34,Medium,Medium,High,Black,100-300
161.2,1058.0,95.47,25.4,11.38,2.25,46.08,19.16,8.99,56.52,0.71,42.98,Medium,Medium,High,Black,100-300
121.2,1125.0,95.42,25.47,10.21,2.43,41.49,18.7,8.69,51.01,0.69,39.39,Medium,Medium,High,Black,100-300
96.6,788.0,95.38,25.85,9.25,2.48,35.16,19.43,9.03,42.48,0.66,38.62,Medium,Medium,High,Black,100-300
94.4,784.0,95.44,25.64,10.21,2.27,45.82,18.73,8.48,48.19,0.68,39.49,Medium,Medium,High,Black,100-300
73.3,742.0,95.47,26.58,9.74,2.48,41.86,19.15,8.64,45.76,0.65,40.12,Medium,Medium,High,Black,100-300
69.3,973.0,95.49,25.6,10.87,2.4,45.56,18.54,8.39,54.75,0.73,39.93,Medium,Medium,High,Black,100-300
77.58,872.0,95.49,26.3,10.36,2.33,40.98,19.01,8.59,50.44,0.66,40.36,Medium,Medium,High,Black,100-300
70.57,1085.0,95.47,25.81,10.16,2.34,43.49,19.05,8.57,50.23,0.69,38.49,Medium,Medium,High,Black,100-300
69.66,1164.0,95.47,25.9,11.13,2.22,44.68,18.57,8.42,53.57,0.71,38.37,Medium,Medium,High,Black,100-300
128.3,1197.0,95.45,25.8,10.62,2.21,42.9,18.98,8.57,51.59,0.69,36.82,Medium,Medium,High,Black,100-300
116.6,1108.0,95.45,25.57,10.55,2.23,46.3,18.67,8.42,51.6,0.69,38.74,Medium,Medium,High,Black,100-300
123.3,1144.0,95.46,26.41,10.74,2.33,42.41,19.02,8.57,52.13,0.68,37.07,Medium,Medium,High,Black,100-300
143.9,1094.0,95.44,26.36,11.25,2.23,47.22,18.98,8.59,55.12,0.7,40.27,Medium,Medium,High,Black,100-300
188.8,700.0,95.43,25.55,10.99,2.22,43.6,18.36,8.31,54.87,0.72,42.31,Medium,Medium,High,Black,100-300
196.49,925.0,95.43,25.62,10.24,2.45,46.56,18.32,8.26,50.55,0.68,40.72,Medium,Medium,High,Black,100-300
194.52,241.0,95.44,25.22,11.47,2.41,48.62,17.47,7.9,57.51,0.71,42.38,Medium,Medium,High,Black,100-300
119.0,1261.0,95.54,25.92,10.87,2.49,46.68,18.63,8.41,54.52,0.68,42.59,Medium,Medium,High,Black,100-300
94.0,447.0,95.59,25.75,10.98,2.42,46.2,18.08,8.17,54.35,0.68,41.05,Medium,Medium,High,Black,100-300
82.0,854.0,95.5,25.88,10.72,2.31,47.94,18.3,8.24,51.82,0.71,42.78,Medium,Medium,High,Black,100-300
84.7,610.0,95.49,26.35,10.33,2.32,44.23,18.57,8.35,48.53,0.66,42.87,Medium,Medium,High,Black,100-300
129.24,1019.0,93.94,24.56,11.69,2.52,61.36,18.07,8.74,60.14,0.74,34.01,Medium,Low,High,Black,100-300
136.84,692.0,93.96,25.85,9.58,2.56,52.3,19.27,9.25,47.6,0.66,40.55,Medium,Low,High,Black,100-300
147.98,736.0,94.0,25.82,9.48,2.41,53.52,19.58,9.37,47.19,0.66,38.28,Medium,Low,High,Black,100-300
164.9,701.0,93.96,24.85,10.45,2.5,52.42,19.0,9.11,54.37,0.7,37.82,Medium,Low,High,Black,100-300
176.2,825.0,93.95,25.27,10.7,2.34,53.37,19.17,9.28,53.88,0.68,40.1,Medium,Low,High,Black,100-300
181.1,1045.0,93.92,25.69,10.35,2.38,49.56,19.28,9.29,51.6,0.68,37.63,Medium,Low,High,Black,100-300
185.3,693.0,94.06,24.75,11.18,2.4,53.25,18.96,9.14,58.05,0.7,36.88,Medium,Low,High,Black,100-300
172.1,461.0,93.97,24.95,11.68,2.27,48.34,18.53,8.95,59.37,0.72,38.59,Medium,Low,High,Black,100-300
168.9,625.0,93.92,24.81,10.45,2.43,43.15,18.76,8.93,54.14,0.71,37.5,Medium,Low,High,Black,100-300
160.6,582.0,93.89,25.23,9.56,2.41,38.69,19.3,9.23,45.91,0.66,36.0,Medium,Low,High,Black,100-300
156.5,882.0,93.94,24.97,10.65,2.32,48.09,18.45,8.38,52.41,0.69,37.16,Medium,Low,High,Black,100-300
160.8,652.0,93.98,25.85,10.18,2.46,43.57,18.73,8.49,49.23,0.66,37.72,Medium,Low,High,Black,100-300
153.3,892.0,93.99,25.38,11.08,2.41,47.41,18.54,8.41,56.42,0.72,38.42,Medium,Low,High,Black,100-300
158.21,689.0,94.0,25.82,10.46,2.38,42.65,19.18,8.69,51.94,0.66,37.08,Medium,Low,High,Black,100-300
176.72,1075.0,93.98,25.11,10.51,2.35,45.05,18.76,8.48,53.74,0.7,35.89,Medium,Low,High,Black,100-300
173.92,1049.0,93.99,25.47,11.35,2.23,48.42,18.29,8.32,56.01,0.7,36.19,Medium,Low,High,Black,100-300
194.1,1047.0,93.95,25.66,10.58,2.24,47.04,18.93,8.56,52.22,0.69,33.99,Medium,Low,High,Black,100-300
210.3,1221.0,93.96,25.97,10.8,2.3,44.75,18.94,8.53,53.16,0.69,34.76,Medium,Low,High,Black,100-300
229.0,1291.0,93.95,25.96,11.51,2.2,49.45,18.57,8.43,57.01,0.71,37.21,Medium,Low,High,Black,100-300
236.0,1850.0,93.93,25.27,10.43,2.47,46.34,18.41,8.3,52.26,0.69,36.95,Medium,Low,High,Black,100-300
241.85,630.0,93.93,25.12,11.61,2.39,50.9,17.25,7.81,58.98,0.72,38.15,Medium,Low,High,Black,100-300
188.0,2064.0,94.04,25.77,10.97,2.44,48.94,18.28,8.26,54.68,0.67,39.0,Medium,Low,High,Black,100-300
254.0,492.0,94.1,25.46,11.25,2.4,48.22,18.31,8.26,56.08,0.68,38.02,Medium,Low,High,Black,100-300
234.0,1333.0,94.0,25.83,10.64,2.36,50.4,18.44,8.31,51.82,0.69,38.88,Medium,Low,High,Black,100-300
223.0,1335.0,94.0,25.89,10.51,2.24,45.53,18.77,8.43,51.02,0.67,39.23,Medium,Low,High,Black,100-300
140.02,622.0,96.06,25.89,10.92,2.43,57.22,18.09,8.61,53.2,0.71,40.92,Medium,High,High,Black,100-300
150.36,453.0,96.08,26.47,9.16,2.42,49.61,19.24,9.12,43.75,0.66,45.44,Medium,High,High,Black,100-300
157.75,480.0,96.13,26.55,9.26,2.39,51.12,19.55,9.27,44.88,0.66,41.76,Medium,High,High,Black,100-300
168.58,676.0,96.12,26.44,9.78,2.49,52.31,19.42,9.21,46.4,0.66,40.89,Medium,High,High,Black,100-300
185.9,783.0,96.07,25.75,9.9,2.36,50.62,19.21,9.12,48.67,0.7,43.56,Medium,High,High,Black,100-300
207.7,688.0,96.04,26.01,10.01,2.33,45.71,19.18,9.09,49.38,0.69,41.03,Medium,High,High,Black,100-300
216.2,1143.0,96.17,25.57,10.79,2.38,48.89,18.91,9.02,53.97,0.68,39.81,Medium,High,High,Black,100-300
220.3,1320.0,96.08,26.41,10.74,2.25,43.56,19.14,9.06,51.24,0.68,43.66,Medium,High,High,Black,100-300
239.4,998.0,96.03,26.35,9.77,2.41,39.33,18.9,8.93,46.85,0.66,39.81,Medium,High,High,Black,100-300
251.8,518.0,95.99,26.77,8.68,2.5,33.06,19.37,9.12,38.18,0.63,39.71,Medium,High,High,Black,100-300
260.9,606.0,96.06,26.23,9.82,2.24,44.77,18.77,8.48,45.03,0.67,40.23,Medium,High,High,Black,100-300
255.8,341.0,96.08,27.31,9.24,2.47,40.52,19.22,8.66,42.36,0.64,40.74,Medium,High,High,Black,100-300
252.3,1135.0,96.11,26.07,10.57,2.36,43.03,18.57,8.39,52.25,0.7,40.56,Medium,High,High,Black,100-300
261.01,885.0,96.1,26.76,10.09,2.3,41.19,19.08,8.62,47.92,0.66,40.47,Medium,High,High,Black,100-300
266.31,1191.0,96.08,26.29,9.81,2.25,42.67,19.1,8.58,47.22,0.68,39.05,Medium,High,High,Black,100-300
273.08,840.0,96.08,26.59,10.79,2.2,43.71,18.65,8.44,50.77,0.69,38.36,Medium,High,High,Black,100-300
277.4,982.0,96.06,26.24,10.41,2.18,41.71,19.07,8.6,49.68,0.69,37.1,Medium,High,High,Black,100-300
283.2,1087.0,96.06,25.93,10.37,2.18,44.94,18.7,8.41,49.76,0.68,39.42,Medium,High,High,Black,100-300
292.1,876.0,96.07,27.2,10.4,2.32,39.44,19.19,8.63,49.26,0.65,37.57,Medium,High,High,Black,100-300
299.0,1052.0,96.05,26.99,10.93,2.2,44.75,19.0,8.58,52.4,0.68,40.57,Medium,High,High,Black,100-300
299.5,863.0,96.04,25.94,10.84,2.17,40.77,18.5,8.35,53.36,0.72,44.01,Medium,High,High,Black,100-300
326.22,1228.0,96.04,25.93,10.01,2.37,46.02,18.33,8.25,48.75,0.68,41.73,Medium,High,High,Black,100-300
315.0,1352.0,96.16,26.31,10.57,2.43,43.99,18.64,8.41,52.49,0.68,43.43,Medium,High,High,Black,100-300
314.0,1172.0,96.12,26.27,10.47,2.27,45.58,18.42,8.28,49.8,0.7,43.31,Medium,High,High,Black,100-300
309.4,1245.0,96.1,27.2,9.83,2.32,45.09,18.58,8.34,44.51,0.63,44.09,Medium,High,High,Black,100-300
172.94,900.0,95.64,25.87,10.95,2.58,57.22,18.09,8.61,53.67,0.7,40.66,Medium,Medium,High,Black,100-300
216.13,722.0,95.67,26.46,9.11,2.56,49.61,19.24,9.12,43.7,0.66,45.63,Medium,Medium,High,Black,100-300
221.51,827.0,95.71,26.43,9.32,2.56,51.12,19.55,9.27,45.34,0.65,40.99,Medium,Medium,High,Black,100-300
256.2,994.0,95.65,25.59,9.94,2.52,50.62,19.21,9.12,49.64,0.7,42.99,Medium,Medium,High,Black,100-300
274.8,989.0,95.65,26.22,9.85,2.48,47.45,19.48,9.28,48.02,0.66,41.55,Medium,Medium,High,Black,100-300
286.3,761.0,95.62,25.99,10.02,2.5,45.71,19.18,9.09,49.65,0.69,40.06,Medium,Medium,High,Black,100-300
299.4,1089.0,95.75,25.52,10.85,2.51,48.89,18.91,9.02,54.48,0.68,39.46,Medium,Medium,High,Black,100-300
306.1,1190.0,95.66,26.35,10.81,2.37,43.56,19.14,9.06,51.64,0.67,42.55,Medium,Medium,High,Black,100-300
319.4,827.0,95.58,26.45,8.89,2.6,33.06,19.37,9.12,40.03,0.64,39.74,Medium,Medium,High,Black,100-300
314.6,620.0,95.63,26.59,9.6,2.39,44.77,18.77,8.48,43.73,0.65,39.38,Medium,Medium,High,Black,100-300
315.3,480.0,95.67,27.09,9.37,2.66,40.52,19.22,8.66,43.14,0.64,40.81,Medium,Medium,High,Black,100-300
307.3,988.0,95.69,25.93,10.65,2.52,43.03,18.57,8.39,52.81,0.71,39.53,Medium,Medium,High,Black,100-300
319.01,823.0,95.68,26.57,10.17,2.44,41.19,19.08,8.62,48.66,0.67,39.96,Medium,Medium,High,Black,100-300
327.79,979.0,95.67,26.29,9.74,2.41,42.67,19.1,8.58,46.59,0.66,38.86,Medium,Medium,High,Black,100-300
327.02,833.0,95.66,26.44,10.84,2.35,43.71,18.65,8.44,51.62,0.69,37.84,Medium,Medium,High,Black,100-300
331.4,932.0,95.64,26.22,10.47,2.28,41.71,19.07,8.6,50.18,0.69,35.87,Medium,Medium,High,Black,100-300
337.1,1002.0,95.64,26.34,10.01,2.41,44.94,18.7,8.41,47.37,0.65,39.57,Medium,Medium,High,Black,100-300
340.5,896.0,95.65,27.1,10.47,2.47,39.44,19.19,8.63,49.76,0.65,36.75,Medium,Medium,High,Black,100-300
348.6,1271.0,95.63,26.88,11.11,2.33,44.75,19.0,8.58,53.46,0.67,40.35,Medium,Medium,High,Black,100-300
348.7,1117.0,95.62,25.97,10.73,2.3,40.77,18.5,8.35,52.69,0.71,42.41,Medium,Medium,High,Black,100-300
371.1,1342.0,95.63,25.81,10.11,2.55,46.02,18.33,8.25,49.42,0.68,40.53,Medium,Medium,High,Black,100-300
241.9,772.0,95.64,25.22,11.27,2.41,47.29,17.48,7.89,56.52,0.73,41.81,Medium,Medium,High,Black,100-300
250.0,780.0,95.74,26.28,10.61,2.56,43.99,18.64,8.41,52.86,0.68,41.34,Medium,Medium,High,Black,100-300
253.0,759.0,95.79,26.11,10.64,2.51,44.0,18.19,8.2,51.99,0.68,40.85,Medium,Medium,High,Black,100-300
248.0,1488.0,95.71,26.12,10.45,2.42,45.58,18.42,8.28,50.14,0.7,42.5,Medium,Medium,High,Black,100-300
236.6,1024.0,95.69,26.88,9.95,2.47,45.09,18.58,8.34,45.94,0.64,43.01,Medium,Medium,High,Black,100-300
153.15,868.0,96.38,26.05,11.73,2.35,57.8,18.2,8.62,57.16,0.74,36.16,Medium,High,High,Mixed Red & Black,50-100
199.55,754.0,96.4,27.18,9.5,2.42,49.14,19.34,9.13,44.78,0.67,42.85,Medium,High,High,Mixed Red & Black,50-100
239.21,838.0,96.44,27.21,9.47,2.3,51.07,19.59,9.24,44.8,0.67,41.01,Medium,High,High,Mixed Red & Black,50-100
270.6,1025.0,96.44,26.4,10.41,2.33,52.25,19.3,9.11,50.3,0.71,39.59,Medium,High,High,Mixed Red & Black,50-100
132.5,789.0,96.39,26.19,10.47,2.33,49.24,19.03,8.95,51.9,0.71,40.59,Medium,High,High,Mixed Red & Black,50-100
278.0,1195.0,96.38,26.69,10.62,2.26,49.85,19.44,9.24,51.04,0.68,42.23,Medium,High,High,Mixed Red & Black,50-100
330.2,1159.0,96.35,26.9,10.41,2.27,47.1,19.51,9.18,50.1,0.69,39.67,Medium,High,High,Mixed Red & Black,50-100
345.8,1266.0,96.5,25.83,11.45,2.25,49.6,19.12,9.07,56.8,0.72,39.31,Medium,High,High,Mixed Red & Black,50-100
348.2,897.0,96.4,26.48,11.68,2.17,46.16,18.98,9.03,56.5,0.73,41.54,Medium,High,High,Mixed Red & Black,50-100
209.6,667.0,96.35,26.18,10.52,2.24,41.52,18.71,8.76,51.76,0.71,39.11,Medium,High,High,Mixed Red & Black,50-100
203.9,986.0,96.32,26.6,9.5,2.27,35.7,19.47,9.14,43.17,0.68,39.06,Medium,High,High,Mixed Red & Black,50-100
211.4,1022.0,96.37,26.54,10.49,2.16,48.66,18.58,8.46,48.6,0.69,40.05,Medium,High,High,Mixed Red & Black,50-100
200.5,1025.0,96.43,26.66,11.18,2.29,47.08,18.53,8.43,54.62,0.73,40.04,Medium,High,High,Mixed Red & Black,50-100
203.97,543.0,96.42,27.37,10.48,2.25,42.74,19.13,8.68,49.16,0.67,40.18,Medium,High,High,Mixed Red & Black,50-100
188.5,1051.0,96.41,26.73,10.35,2.22,45.69,18.91,8.55,49.71,0.7,38.5,Medium,High,High,Mixed Red & Black,50-100
194.86,1217.0,96.41,26.79,11.44,2.12,47.88,18.39,8.38,53.85,0.71,38.03,Medium,High,High,Mixed Red & Black,50-100
206.7,1090.0,96.38,27.03,10.69,2.11,48.56,19.06,8.64,50.09,0.7,35.45,Medium,High,High,Mixed Red & Black,50-100
211.9,845.0,96.38,26.73,10.49,2.1,50.18,18.61,8.42,49.27,0.69,38.99,Medium,High,High,Mixed Red & Black,50-100
214.7,1318.0,96.39,27.21,10.98,2.14,46.76,18.96,8.56,52.1,0.69,36.71,Medium,High,High,Mixed Red & Black,50-100
216.7,1482.0,96.37,27.23,11.65,2.09,51.64,18.8,8.55,55.38,0.71,39.64,Medium,High,High,Mixed Red & Black,50-100
217.8,635.0,96.36,26.75,10.91,2.12,49.09,18.32,8.31,51.83,0.71,41.61,Medium,High,High,Mixed Red & Black,50-100
223.66,862.0,96.36,26.7,10.41,2.34,51.51,18.25,8.25,49.43,0.69,40.26,Medium,High,High,Mixed Red & Black,50-100
213.18,990.0,96.37,26.37,11.69,2.28,53.54,17.18,7.79,56.48,0.72,42.27,Medium,High,High,Mixed Red & Black,50-100
189.0,1651.0,96.48,27.19,10.99,2.33,51.17,18.45,8.35,52.58,0.69,41.42,Medium,High,High,Mixed Red & Black,50-100
108.0,463.0,96.53,26.79,11.27,2.25,50.26,18.09,8.19,53.92,0.69,40.55,Medium,High,High,Mixed Red & Black,50-100
92.0,1163.0,96.44,27.05,10.68,2.23,54.23,18.27,8.25,50.11,0.71,41.9,Medium,High,High,Mixed Red & Black,50-100
41.6,615.0,96.43,27.17,10.56,2.15,45.86,18.77,8.45,48.8,0.68,42.53,Medium,High,High,Mixed Red & Black,50-100
0.3,1000.0,97.54,27.73,11.74,2.75,59.0,18.49,8.97,54.66,0.65,34.49,Medium,Low,High,Black,100-300
0.4,750.0,97.55,28.54,9.99,2.64,51.4,19.06,9.27,44.8,0.64,42.54,Medium,Low,High,Black,100-300
0.9,1000.0,97.59,28.55,9.95,2.7,51.14,19.62,9.57,45.19,0.63,38.59,Medium,Low,High,Black,100-300
1.8,1444.0,97.55,27.38,10.95,2.63,49.18,19.5,9.45,52.33,0.66,40.43,Medium,Low,High,Black,100-300
2.2,1409.0,97.52,28.57,10.55,2.58,49.72,19.36,9.49,47.63,0.63,38.43,Medium,Low,High,Black,100-300
2.0,1700.0,97.5,28.18,10.81,2.6,48.13,19.39,9.41,50.23,0.65,37.25,Medium,Low,High,Black,100-300
3.5,1200.0,97.63,27.9,11.43,2.51,48.07,18.91,9.26,53.28,0.64,35.78,Medium,Low,High,Black,100-300
1.9,1421.0,97.53,27.8,12.16,2.48,46.53,18.84,9.15,56.56,0.69,36.51,Medium,Low,High,Black,100-300
2.2,1227.0,97.5,27.93,10.86,2.61,37.74,19.57,9.48,50.78,0.64,38.51,Medium,Low,High,Black,100-300
2.3,1870.0,97.51,28.29,10.74,2.54,39.35,19.32,8.7,48.33,0.63,37.79,Medium,Low,High,Black,100-300
1.7,1588.0,97.57,28.21,11.46,2.58,39.16,19.41,8.75,53.02,0.66,37.66,Medium,Low,High,Black,100-300
1.7,1706.0,97.57,28.11,11.26,2.55,39.99,19.41,8.76,51.52,0.66,35.65,Medium,Low,High,Black,100-300
2.7,1037.0,97.56,27.2,11.21,2.47,39.74,19.26,8.67,53.3,0.7,37.01,Medium,Low,High,Black,100-300
3.1,871.0,97.56,27.53,12.01,2.4,40.38,18.88,8.51,56.25,0.7,36.79,Medium,Low,High,Black,100-300
5.4,1481.0,97.51,27.81,11.58,2.34,41.32,19.27,8.69,53.5,0.68,35.37,Medium,Low,High,Black,100-300
14.6,726.0,97.52,27.94,10.99,2.49,40.51,19.06,8.55,50.1,0.65,38.07,Medium,Low,High,Black,100-300
19.9,932.0,97.53,28.69,11.36,2.53,38.92,19.41,8.7,51.61,0.65,35.99,Medium,Low,High,Black,100-300
21.1,2232.0,97.5,28.16,12.57,2.38,46.92,18.81,8.51,57.68,0.69,38.09,Medium,Low,High,Black,100-300
11.0,1610.0,97.5,27.91,11.22,2.42,40.07,18.89,8.47,51.64,0.66,37.21,Medium,Low,High,Black,100-300
11.4,1606.0,97.51,28.13,10.83,2.65,41.95,18.95,8.48,49.1,0.64,37.1,Medium,Low,High,Black,100-300
12.0,1350.0,97.52,27.26,12.09,2.65,45.53,17.93,8.06,57.76,0.7,37.89,Medium,Low,High,Black,100-300
15.5,1290.0,97.62,28.27,11.56,2.5,41.32,18.84,8.45,53.01,0.65,38.56,Medium,Low,High,Black,100-300
20.8,644.0,97.67,28.34,11.59,2.39,42.37,18.91,8.48,52.45,0.64,38.1,Medium,Low,High,Black,100-300
18.3,1383.0,97.6,28.41,10.84,2.48,42.88,18.74,8.39,49.08,0.64,39.01,Medium,Low,High,Black,100-300
18.46,1772.0,97.58,28.52,10.9,2.44,42.3,19.02,8.5,48.85,0.64,37.13,Medium,Low,High,Black,100-300
0.1,1000.0,97.17,27.47,11.68,2.7,58.79,18.45,8.82,54.8,0.66,34.8,Low,Low,High,Black,100-300
0.9,667.0,97.17,28.33,9.83,2.59,50.59,19.48,9.37,44.44,0.64,42.44,Low,Low,High,Black,100-300
1.0,1000.0,97.22,28.32,9.84,2.63,51.03,19.59,9.42,44.94,0.63,38.81,Low,Low,High,Black,100-300
3.6,1833.0,97.17,27.12,10.97,2.59,47.52,19.49,9.31,52.96,0.67,41.01,Low,Low,High,Black,100-300
4.4,1136.0,97.15,28.37,10.54,2.51,47.6,19.5,9.42,47.88,0.63,39.0,Low,Low,High,Black,100-300
3.6,1528.0,97.12,28.09,10.66,2.55,46.26,19.5,9.34,49.57,0.65,37.85,Low,Low,High,Black,100-300
3.3,1182.0,97.26,27.73,11.37,2.5,48.02,19.1,9.22,53.24,0.64,36.7,Low,Low,High,Black,100-300
2.4,1500.0,97.16,27.6,12.05,2.43,45.52,18.86,9.02,56.43,0.69,36.98,Low,Low,High,Black,100-300
3.0,1367.0,97.13,27.57,10.8,2.56,39.18,19.34,9.22,51.21,0.64,39.12,Low,Low,High,Black,100-300
2.9,1000.0,97.1,27.88,9.93,2.52,36.07,19.62,9.38,44.07,0.63,35.81,Low,Low,High,Black,100-300
3.1,1387.0,97.14,28.08,10.65,2.48,40.27,19.15,8.67,48.19,0.64,38.44,Low,Low,High,Black,100-300
8.5,2118.0,97.2,27.98,11.09,2.52,41.09,19.26,8.73,50.88,0.65,36.02,Low,Low,High,Black,100-300
14.6,1815.0,97.18,27.12,11.05,2.44,39.59,19.3,8.7,52.74,0.69,37.02,Low,Low,High,Black,100-300
27.1,1893.0,97.19,27.31,11.94,2.33,41.2,18.71,8.48,56.11,0.7,36.93,Low,Low,High,Black,100-300
24.8,1835.0,97.14,27.63,11.4,2.29,40.39,19.34,8.74,52.94,0.68,35.3,Low,Low,High,Black,100-300
18.1,1867.0,97.14,27.94,10.8,2.46,40.87,18.82,8.47,49.18,0.64,37.95,Low,Low,High,Black,100-300
19.1,2187.0,97.16,28.44,11.25,2.47,37.33,19.37,8.71,51.39,0.65,35.71,Low,Low,High,Black,100-300
12.9,2031.0,97.13,27.96,12.4,2.34,44.36,18.99,8.61,57.43,0.7,38.55,Low,Low,High,Black,100-300
15.8,1997.0,97.12,27.66,11.2,2.36,38.64,18.78,8.46,51.87,0.66,37.75,Low,Low,High,Black,100-300
15.0,1705.0,97.14,27.85,10.79,2.59,42.24,18.65,8.38,49.43,0.65,36.73,Low,Low,High,Black,100-300
15.0,1767.0,97.14,27.12,12.01,2.64,45.32,17.72,8.0,57.58,0.7,38.12,Low,Low,High,Black,100-300
25.0,1416.0,97.25,28.16,11.43,2.49,41.08,18.86,8.5,52.57,0.64,38.52,Low,Low,High,Black,100-300
31.8,553.0,97.3,28.03,11.56,2.36,41.95,18.58,8.36,52.77,0.64,38.23,Low,Low,High,Black,100-300
33.9,1876.0,97.22,28.05,10.83,2.43,44.09,18.67,8.39,49.58,0.66,39.86,Low,Low,High,Black,100-300
34.14,1637.0,97.21,27.92,10.97,2.36,42.78,18.91,8.48,50.24,0.66,37.31,Low,Low,High,Black,100-300
0.5,600.0,93.87,24.15,12.09,2.8,43.98,18.41,9.07,65.45,0.66,37.05,Low,Low,High,Black,100-300
0.4,1000.0,93.89,24.74,11.46,2.86,44.61,18.97,9.37,61.66,0.63,32.46,Low,Low,High,Black,100-300
0.5,1400.0,93.89,24.36,12.04,2.98,47.85,18.61,9.16,65.09,0.67,32.9,Low,Low,High,Black,100-300
0.3,667.0,93.83,24.62,12.14,2.72,43.45,18.44,9.15,64.98,0.63,33.38,Low,Low,High,Black,100-300
0.5,1200.0,93.8,24.4,12.26,2.74,40.46,18.46,9.12,66.89,0.67,30.69,Low,Low,High,Black,100-300
0.6,2000.0,93.8,23.93,12.23,2.88,39.43,18.44,9.13,66.61,0.66,34.36,Low,Low,High,Black,100-300
0.7,857.0,93.78,24.33,11.91,2.76,37.16,18.78,9.34,63.57,0.62,31.36,Low,Low,High,Black,100-300
0.4,1250.0,93.82,24.7,12.21,2.89,50.35,18.24,8.26,65.2,0.64,32.97,Low,Low,High,Black,100-300
0.4,1750.0,93.88,25.29,11.94,2.85,51.11,18.4,8.34,61.94,0.59,36.46,Low,Low,High,Black,100-300
2.4,1542.0,93.82,24.31,12.37,2.78,50.99,18.41,8.3,66.3,0.66,35.42,Low,Low,High,Black,100-300
3.3,1415.0,93.84,25.11,12.58,2.73,51.24,18.36,8.28,65.74,0.68,33.07,Low,Low,High,Black,100-300
4.2,1933.0,93.82,24.52,12.07,2.85,50.05,18.48,8.31,64.35,0.64,32.68,Low,Low,High,Black,100-300
7.1,1648.0,93.9,24.88,12.55,2.77,51.96,18.07,8.15,65.94,0.65,31.68,Low,Low,High,Black,100-300
18.0,2128.0,93.9,24.47,12.32,2.77,53.59,17.63,7.94,65.71,0.69,32.59,Low,Low,High,Black,100-300
20.23,2022.0,93.87,24.5,12.48,2.61,45.82,18.51,8.31,66.31,0.7,33.35,Low,Low,High,Black,100-300
2.0,700.0,95.14,25.37,12.71,2.7,53.12,18.85,9.37,66.33,0.66,36.8,Low,Low,Low,Black,100-300
4.2,976.0,95.16,25.63,12.16,2.71,51.09,19.57,9.69,63.36,0.64,31.28,Low,Low,Low,Black,100-300
5.3,1094.0,95.17,25.18,12.61,2.86,53.74,19.54,9.7,66.4,0.69,31.51,Low,Low,Low,Black,100-300
8.9,1427.0,95.1,25.51,12.84,2.57,49.82,19.37,9.6,66.85,0.64,31.15,Low,Low,Low,Black,100-300
13.4,1940.0,95.07,25.09,12.74,2.75,43.01,19.61,9.76,66.88,0.67,32.61,Low,Low,Low,Black,100-300
14.0,1907.0,95.1,25.42,12.84,2.79,48.39,19.11,8.71,66.89,0.65,31.48,Low,Low,Low,Black,100-300
15.6,1974.0,95.16,25.95,12.83,2.66,46.1,19.42,8.86,65.04,0.63,34.21,Low,Low,Low,Black,100-300
15.1,1649.0,95.14,26.51,12.77,2.65,46.33,19.59,8.93,63.64,0.63,31.81,Low,Low,Low,Black,100-300
26.4,1837.0,95.15,25.62,12.86,2.75,43.74,19.55,8.91,66.08,0.66,29.72,Low,Low,Low,Black,100-300
32.5,2002.0,95.11,26.04,13.25,2.65,45.25,19.17,8.7,66.95,0.67,31.13,Low,Low,Low,Black,100-300
38.8,1787.0,95.1,25.66,12.63,2.73,44.58,19.22,8.68,65.03,0.65,31.16,Low,Low,Low,Black,100-300
53.3,1704.0,95.17,25.97,13.13,2.66,47.08,18.69,8.48,66.15,0.63,30.49,Low,Low,Low,Black,100-300
62.8,1607.0,95.22,26.02,13.27,2.53,45.77,19.27,8.74,66.33,0.63,29.99,Low,Low,Low,Black,100-300
67.2,1813.0,95.18,25.55,12.83,2.69,47.79,18.62,8.43,66.15,0.67,31.81,Low,Low,Low,Black,100-300
16.3,1448.0,93.87,25.36,12.24,3.45,60.43,18.27,9.25,64.6,0.66,30.87,Low,Low,High,Black,100-300
18.0,1189.0,93.87,25.93,11.95,3.12,58.94,18.61,9.45,61.39,0.65,34.84,Low,Low,High,Black,100-300
41.0,1756.0,93.89,25.89,11.48,3.11,57.15,19.09,9.71,59.42,0.63,31.39,Low,Low,High,Black,100-300
51.7,1590.0,93.9,25.33,11.9,3.27,58.98,19.22,9.76,62.63,0.66,32.73,Low,Low,High,Black,100-300
44.4,1507.0,93.86,25.33,12.24,3.39,56.11,19.21,9.72,64.68,0.65,32.5,Low,Low,High,Black,100-300
46.9,1989.0,93.84,25.86,12.22,2.99,54.53,18.96,9.66,63.13,0.62,31.1,Low,Low,High,Black,100-300
49.3,2231.0,93.81,25.53,12.1,3.08,52.73,18.86,9.58,63.86,0.66,31.42,Low,Low,High,Black,100-300
48.0,1206.0,93.94,25.8,12.44,3.0,48.86,18.89,9.61,64.34,0.64,32.26,Low,Low,High,Black,100-300
56.2,1763.0,93.85,25.82,12.86,3.07,49.92,18.69,9.57,66.28,0.68,33.17,Low,Low,High,Black,100-300
56.7,2257.0,93.81,25.44,11.91,3.18,46.86,19.36,9.81,62.08,0.64,32.28,Low,Low,High,Black,100-300
60.1,1541.0,93.84,25.94,11.96,3.3,51.86,19.05,8.68,61.46,0.6,30.48,Low,Low,High,Black,100-300
61.9,1674.0,93.89,26.6,11.94,3.14,49.88,19.32,8.81,59.35,0.59,32.85,Low,Low,High,Black,100-300
40.8,1963.0,93.88,27.09,11.89,3.11,51.01,19.55,8.91,58.13,0.59,29.9,Low,Low,High,Black,100-300
82.6,1817.0,93.89,25.92,12.01,3.18,47.43,19.41,8.85,61.25,0.62,30.94,Low,Low,High,Black,100-300
72.4,1354.0,93.86,25.56,12.32,3.13,51.47,18.95,8.63,63.68,0.66,31.75,Low,Low,High,Black,100-300
60.8,1479.0,93.88,25.47,12.52,3.23,51.53,18.94,8.63,65.03,0.67,31.14,Low,Low,High,Black,100-300
59.5,2150.0,93.82,25.93,12.53,3.07,51.6,18.88,8.61,63.67,0.65,31.91,Low,Low,High,Black,100-300
55.7,2153.0,93.83,25.63,12.28,3.13,49.54,19.21,8.73,63.09,0.62,31.0,Low,Low,High,Black,100-300
57.3,2087.0,93.82,26.34,13.33,3.02,56.96,18.36,8.4,66.43,0.66,31.61,Low,Low,High,Black,100-300
59.8,1671.0,93.81,25.7,12.24,3.28,49.06,18.84,8.51,62.57,0.64,30.34,Low,Low,High,Black,100-300
63.0,1597.0,93.83,26.34,11.75,3.18,49.72,19.12,8.64,59.12,0.6,31.2,Low,Low,High,Black,100-300
77.1,2070.0,93.83,26.04,12.49,3.28,50.68,18.58,8.43,63.61,0.64,31.33,Low,Low,High,Black,100-300
51.7,1544.0,93.96,26.91,12.24,2.98,50.79,19.19,8.71,59.37,0.57,31.99,Low,Low,High,Black,100-300
57.3,2216.0,93.91,25.93,12.08,3.07,51.53,18.53,8.39,61.79,0.66,32.82,Low,Low,High,Black,100-300
47.3,1666.0,93.89,25.79,12.32,2.92,50.57,19.22,8.68,63.08,0.66,31.37,Low,Low,High,Black,100-300
0.7,1000.0,95.32,28.75,10.48,2.92,56.19,20.18,9.81,48.26,0.62,33.24,Low,Low,High,Black,100-300
0.7,1286.0,95.33,27.72,11.05,3.03,56.93,20.28,9.84,53.04,0.66,34.63,Low,Low,High,Black,100-300
0.9,556.0,95.29,28.0,11.43,3.21,54.88,20.27,9.92,54.54,0.63,35.51,Low,Low,High,Black,100-300
0.7,714.0,95.27,28.11,11.65,2.87,55.08,19.8,9.7,55.36,0.65,33.09,Low,Low,High,Black,100-300
0.3,2333.0,95.24,27.81,11.43,2.89,51.25,20.03,9.76,55.23,0.67,34.9,Low,Low,High,Black,100-300
1.6,813.0,95.37,28.61,11.63,2.92,49.65,20.08,9.8,53.81,0.62,35.48,Low,Low,High,Black,100-300
0.8,1250.0,95.27,28.35,12.19,2.79,50.06,19.67,9.59,57.28,0.69,35.32,Low,Low,High,Black,100-300
1.0,1400.0,95.24,28.0,10.84,3.04,45.25,20.09,9.82,51.39,0.62,34.78,Low,Low,High,Black,100-300
0.6,1667.0,95.21,28.01,10.85,2.85,43.05,20.27,9.86,50.48,0.64,34.11,Low,Low,High,Black,100-300
0.4,1250.0,95.27,28.24,11.29,3.01,43.56,19.63,8.99,52.75,0.64,32.71,Low,Low,High,Black,100-300
0.7,714.0,95.32,28.85,11.11,2.95,40.6,19.87,9.1,50.16,0.62,33.77,Low,Low,High,Black,100-300
0.6,1167.0,95.3,29.51,11.05,3.04,43.6,19.87,9.11,48.81,0.61,33.58,Low,Low,High,Black,100-300
2.1,2238.0,95.33,27.88,11.45,2.9,39.47,20.1,9.21,53.55,0.64,31.74,Low,Low,High,Black,100-300
1.1,727.0,95.3,27.61,11.76,2.88,44.99,19.5,8.94,56.07,0.67,34.29,Low,Low,High,Black,100-300
2.1,1571.0,95.31,27.79,11.83,2.91,42.51,19.52,8.93,56.45,0.66,33.58,Low,Low,High,Black,100-300
2.5,920.0,95.26,27.88,11.65,2.93,42.99,19.68,8.98,55.05,0.65,32.4,Low,Low,High,Black,100-300
3.2,872.0,95.28,28.45,11.66,2.91,43.29,19.62,8.95,53.79,0.65,32.51,Low,Low,High,Black,100-300
4.3,1230.0,95.25,28.59,12.55,2.79,49.99,19.1,8.78,57.6,0.67,36.09,Low,Low,High,Black,100-300
5.5,2087.0,95.25,29.04,10.8,3.1,42.38,19.63,8.91,48.41,0.61,33.34,Low,Low,High,Black,100-300
5.5,1800.0,95.25,28.39,11.79,3.1,44.92,19.08,8.7,54.63,0.64,33.41,Low,Low,High,Black,100-300
6.3,1175.0,95.35,28.6,11.83,2.94,45.57,19.21,8.76,53.92,0.63,32.51,Low,Low,High,Black,100-300
14.2,169.0,95.39,29.28,11.49,2.9,43.55,19.63,8.93,50.15,0.61,33.87,Low,Low,High,Black,100-300
27.7,367.0,95.33,28.46,11.3,2.81,45.81,19.02,8.65,52.26,0.65,33.83,Low,Low,High,Black,100-300
33.59,1148.0,95.32,28.3,11.29,2.65,48.06,19.68,8.91,52.17,0.66,33.77,Low,Low,High,Black,100-300
14.4,944.0,94.05,25.34,12.49,3.34,60.43,18.27,9.25,65.71,0.65,30.39,Medium,Low,Medium,Black,100-300
20.4,1471.0,94.05,25.75,12.43,3.01,58.94,18.61,9.45,64.19,0.65,34.29,Medium,Low,Medium,Black,100-300
27.1,2048.0,94.07,25.59,12.01,3.01,57.15,19.09,9.71,62.65,0.64,30.64,Medium,Low,Medium,Black,100-300
38.9,2219.0,94.08,25.18,12.36,3.16,58.98,19.22,9.76,65.17,0.67,31.82,Medium,Low,Medium,Black,100-300
44.0,1470.0,94.02,25.61,12.62,2.89,54.53,18.96,9.66,65.55,0.63,31.64,Medium,Low,Medium,Black,100-300
48.2,2041.0,93.99,25.35,12.49,2.99,52.73,18.86,9.58,66.12,0.67,30.41,Medium,Low,Medium,Black,100-300
53.0,1011.0,94.12,25.66,12.86,2.89,48.86,18.89,9.61,66.67,0.65,31.37,Medium,Low,Medium,Black,100-300
63.6,2387.0,93.98,25.35,12.34,3.06,46.86,19.36,9.81,64.41,0.64,31.82,Medium,Low,Medium,Black,100-300
62.9,1938.0,93.97,25.43,12.34,3.0,44.79,19.46,9.84,63.91,0.64,31.31,Medium,Low,Medium,Black,100-300
62.2,1751.0,94.02,25.8,12.33,3.2,51.86,19.05,8.68,63.5,0.61,30.36,Medium,Low,Medium,Black,100-300
61.5,1938.0,94.07,26.45,12.44,3.02,49.88,19.32,8.81,62.11,0.6,31.99,Medium,Low,Medium,Black,100-300
68.2,1962.0,94.06,26.85,12.42,2.99,51.01,19.55,8.91,61.05,0.59,29.48,Medium,Low,Medium,Black,100-300
74.7,1552.0,94.07,25.77,12.42,3.09,47.43,19.41,8.85,63.61,0.63,30.58,Medium,Low,Medium,Black,100-300
70.1,957.0,94.04,25.39,12.76,3.01,51.47,18.95,8.63,66.18,0.67,30.99,Medium,Low,Medium,Black,100-300
57.3,2199.0,94.0,25.65,13.03,2.96,51.6,18.88,8.61,66.51,0.67,31.45,Medium,Low,Medium,Black,100-300
58.7,2186.0,94.01,25.38,12.74,3.01,49.54,19.21,8.73,65.66,0.63,30.59,Medium,Low,Medium,Black,100-300
59.1,1938.0,94.03,26.13,12.96,2.99,50.42,18.83,8.55,65.14,0.65,29.84,Medium,Low,Medium,Black,100-300
55.4,2392.0,94.01,25.76,12.86,3.18,50.68,18.58,8.43,65.87,0.65,30.31,Medium,Low,Medium,Black,100-300
53.9,1900.0,94.13,26.58,12.72,2.84,50.79,19.19,8.71,62.31,0.58,31.92,Medium,Low,Medium,Black,100-300
52.7,2359.0,94.09,25.82,12.46,2.96,51.53,18.53,8.39,63.85,0.66,32.17,Medium,Low,Medium,Black,100-300
51.3,2138.0,94.06,25.72,12.73,2.84,50.57,19.22,8.68,65.19,0.66,30.58,Medium,Low,Medium,Black,100-300
0.3,667.0,94.58,27.21,9.79,2.79,53.81,19.03,9.32,46.66,0.64,38.97,Low,Low,High,Black,100-300
5.2,1346.0,94.64,26.1,10.66,2.76,55.46,19.93,9.71,53.67,0.68,35.16,Low,Low,High,Black,100-300
4.3,1558.0,94.56,27.4,10.47,2.67,51.14,19.86,9.68,50.06,0.63,35.99,Low,Low,High,Black,100-300
3.5,1286.0,94.53,27.06,10.43,2.65,51.29,19.45,9.51,50.85,0.65,35.21,Low,Low,High,Black,100-300
3.3,1242.0,94.67,26.86,10.98,2.65,50.04,19.41,9.55,53.63,0.64,34.63,Low,Low,High,Black,100-300
3.3,1727.0,94.54,26.47,10.56,2.69,41.27,19.7,9.63,52.73,0.64,37.15,Low,Low,High,Black,100-300
4.3,744.0,94.51,26.64,9.91,2.65,40.08,20.11,9.78,46.9,0.64,32.92,Low,Low,High,Black,100-300
1.9,1053.0,94.56,26.9,10.47,2.63,44.74,19.33,8.75,50.48,0.64,34.46,Low,Low,High,Black,100-300
2.7,1519.0,94.61,27.62,10.19,2.77,41.71,19.36,8.77,47.59,0.63,35.9,Low,Low,High,Black,100-300
4.6,1348.0,94.6,27.62,10.72,2.75,43.96,19.71,8.91,51.05,0.64,35.43,Low,Low,High,Black,100-300
5.7,947.0,94.62,26.89,10.83,2.66,42.22,19.76,8.95,52.32,0.65,33.55,Low,Low,High,Black,100-300
8.6,1198.0,94.59,26.03,10.91,2.62,45.14,19.24,8.7,54.84,0.7,34.29,Low,Low,High,Black,100-300
10.0,1560.0,94.61,26.13,11.59,2.49,45.71,19.0,8.59,57.89,0.7,34.53,Low,Low,High,Black,100-300
8.6,1605.0,94.56,26.51,11.17,2.48,43.5,19.6,8.85,54.86,0.68,33.19,Low,Low,High,Black,100-300
5.1,1114.0,94.58,27.28,10.94,2.6,42.54,19.47,8.75,52.52,0.66,33.87,Low,Low,High,Black,100-300
7.7,2125.0,94.55,26.84,12.11,2.47,50.29,18.85,8.56,58.86,0.7,37.4,Low,Low,High,Black,100-300
7.8,1421.0,94.54,26.54,11.0,2.52,42.92,19.12,8.6,53.79,0.66,36.02,Low,Low,High,Black,100-300
7.8,742.0,94.55,27.12,10.43,2.75,44.8,19.12,8.58,49.77,0.64,33.69,Low,Low,High,Black,100-300
11.5,1087.0,94.55,26.36,11.6,2.79,47.49,18.26,8.23,57.89,0.68,35.15,Low,Low,High,Black,100-300
18.7,455.0,94.66,27.02,11.31,2.61,45.58,18.97,8.55,54.6,0.64,35.34,Low,Low,High,Black,100-300
20.9,455.0,94.7,27.38,11.15,2.51,44.57,19.06,8.58,52.26,0.63,35.34,Low,Low,High,Black,100-300
29.3,1061.0,94.63,26.86,10.76,2.56,47.22,18.88,8.48,51.94,0.67,35.9,Low,Low,High,Black,100-300
26.2,439.0,94.62,26.82,10.74,2.51,46.89,19.33,8.65,51.86,0.66,34.03,Low,Low,High,Black,100-300
0.2,1000.0,95.86,26.89,11.76,2.69,58.81,18.9,9.13,57.07,0.67,33.8,Low,Low,High,Black,100-300
0.2,500.0,95.86,28.33,10.14,2.57,53.75,19.15,9.28,46.63,0.63,40.06,Low,Low,High,Black,100-300
0.3,1333.0,95.92,26.72,10.94,2.48,55.91,19.97,9.69,53.66,0.69,37.37,Low,Low,High,Black,100-300
5.1,1353.0,95.87,26.74,11.46,2.62,53.79,19.71,9.56,56.65,0.67,38.11,Low,Low,High,Black,100-300
9.1,1154.0,95.85,27.75,11.35,2.47,52.26,19.48,9.48,53.85,0.64,37.88,Low,Low,High,Black,100-300
12.4,1081.0,95.96,27.74,11.43,2.48,50.38,19.53,9.47,53.9,0.63,37.81,Low,Low,High,Black,100-300
9.0,944.0,95.86,27.6,12.18,2.41,48.2,18.9,9.22,57.66,0.7,36.24,Low,Low,High,Black,100-300
11.4,1070.0,95.79,27.31,10.26,2.43,40.24,19.9,9.61,47.14,0.64,34.89,Low,Low,High,Black,100-300
16.1,1236.0,95.85,27.48,11.02,2.43,49.76,18.91,8.59,51.6,0.64,35.34,Low,Low,High,Black,100-300
26.9,1736.0,95.89,28.25,10.62,2.57,45.01,19.26,8.75,48.22,0.63,36.54,Low,Low,High,Black,100-300
41.9,1525.0,95.89,28.28,11.11,2.59,49.38,19.42,8.81,51.69,0.64,35.65,Low,Low,High,Black,100-300
48.5,625.0,95.9,27.73,11.13,2.47,44.63,19.71,8.95,51.77,0.63,35.02,Low,Low,High,Black,100-300
68.6,1017.0,95.88,27.01,11.39,2.47,46.92,19.08,8.66,55.24,0.69,35.77,Low,Low,High,Black,100-300
78.4,1172.0,95.9,26.72,12.14,2.33,49.04,18.86,8.56,58.84,0.7,35.96,Low,Low,High,Black,100-300
79.6,1401.0,95.85,27.41,11.3,2.35,47.34,19.45,8.81,53.81,0.66,33.95,Low,Low,High,Black,100-300
74.0,873.0,95.85,27.49,11.08,2.41,47.39,18.93,8.55,52.17,0.64,34.94,Low,Low,High,Black,100-300
103.5,792.0,95.86,28.16,11.18,2.44,45.81,19.34,8.72,51.53,0.64,33.94,Low,Low,High,Black,100-300
107.9,1531.0,95.84,27.79,12.34,2.39,53.27,18.7,8.51,58.07,0.71,37.86,Low,Low,High,Black,100-300
129.8,1191.0,95.83,27.37,11.47,2.41,47.16,18.99,8.57,54.17,0.65,36.61,Low,Low,High,Black,100-300
139.0,1255.0,95.84,27.24,12.09,2.59,51.71,17.98,8.13,58.21,0.69,34.82,Low,Low,High,Black,100-300
154.6,318.0,95.95,28.08,11.53,2.45,49.39,18.79,8.49,52.92,0.62,36.1,Low,Low,High,Black,100-300
155.7,231.0,95.99,28.37,11.42,2.44,47.61,18.96,8.55,51.19,0.62,37.24,Low,Low,High,Black,100-300
237.23,1012.0,95.91,28.0,11.05,2.42,50.11,18.77,8.45,51.08,0.65,36.24,Low,Low,High,Black,100-300
0.5,1000.0,94.49,26.41,11.51,2.97,59.1,18.8,9.22,57.5,0.68,32.62,Low,Medium,High,Black,100-300
4.6,696.0,94.48,27.54,10.11,2.82,56.47,19.16,9.38,48.11,0.65,39.0,Low,Medium,High,Black,100-300
0.2,1000.0,94.52,27.86,9.75,2.78,55.31,19.99,9.74,46.32,0.63,34.67,Low,Medium,High,Black,100-300
1.6,1313.0,94.54,26.53,10.65,2.81,57.05,19.96,9.73,53.37,0.67,35.31,Low,Medium,High,Black,100-300
1.7,1235.0,94.46,27.57,10.93,2.71,53.92,19.59,9.64,52.49,0.64,35.58,Low,Medium,High,Black,100-300
0.9,1111.0,94.44,27.26,10.72,2.7,51.54,19.5,9.54,52.3,0.65,35.52,Low,Medium,High,Black,100-300
2.0,250.0,94.57,27.5,11.11,2.72,50.23,19.38,9.57,53.25,0.63,35.45,Low,Medium,High,Black,100-300
1.1,1182.0,94.47,27.0,11.9,2.64,49.76,19.32,9.43,58.21,0.7,35.0,Low,Medium,High,Black,100-300
2.0,1650.0,94.44,26.94,10.51,2.8,44.41,19.65,9.65,52.02,0.64,36.13,Low,Medium,High,Black,100-300
6.9,1072.0,94.46,27.22,10.69,2.77,43.75,19.33,8.8,51.46,0.64,34.61,Low,Medium,High,Black,100-300
16.5,1364.0,94.51,28.03,10.33,2.79,40.74,19.52,8.89,47.73,0.63,34.57,Low,Medium,High,Black,100-300
25.5,1016.0,94.5,28.32,10.65,2.83,42.73,19.64,8.95,49.36,0.63,34.0,Low,Medium,High,Black,100-300
27.9,875.0,94.52,27.06,11.01,2.73,40.13,19.82,9.04,53.07,0.65,33.45,Low,Medium,High,Black,100-300
36.1,1100.0,94.5,26.42,11.19,2.71,43.83,19.2,8.75,55.69,0.69,34.09,Low,Medium,High,Black,100-300
42.1,819.0,94.51,26.52,11.66,2.63,43.7,19.1,8.7,58.04,0.7,34.16,Low,Medium,High,Black,100-300
46.5,452.0,94.46,27.03,11.19,2.6,44.17,19.49,8.87,54.43,0.66,33.33,Low,Medium,High,Black,100-300
71.4,203.0,94.46,27.08,10.95,2.69,43.95,19.34,8.77,52.76,0.65,34.1,Low,Medium,High,Black,100-300
68.8,515.0,94.48,27.52,11.11,2.68,43.95,19.44,8.8,53.02,0.66,33.08,Low,Medium,High,Black,100-300
70.4,1372.0,94.45,27.23,12.22,2.57,50.61,18.83,8.61,58.89,0.7,37.23,Low,Medium,High,Black,100-300
76.4,1546.0,94.44,26.99,11.12,2.71,43.06,19.0,8.59,53.72,0.65,35.48,Low,Medium,High,Black,100-300
76.4,1662.0,94.45,27.71,10.45,2.83,44.18,19.23,8.69,49.09,0.63,32.96,Low,Medium,High,Black,100-300
93.5,1863.0,94.45,27.04,11.61,2.86,47.35,18.52,8.41,56.67,0.67,34.03,Low,Medium,High,Black,100-300
113.4,352.0,94.55,27.53,11.42,2.69,46.87,18.88,8.56,54.13,0.64,34.31,Low,Medium,High,Black,100-300
145.1,164.0,94.6,28.02,11.2,2.65,45.4,19.11,8.66,51.36,0.62,34.89,Low,Medium,High,Black,100-300
181.3,708.0,94.52,27.48,10.71,2.6,48.8,19.29,8.68,50.96,0.65,34.48,Low,Medium,High,Black,100-300
0.3,667.0,96.24,28.36,10.74,2.45,56.1,19.28,9.42,49.77,0.63,39.9,Low,Low,High,Black,100-300
0.2,1000.0,96.28,28.03,10.5,2.37,54.39,19.77,9.64,49.34,0.62,36.26,Low,Low,High,Black,100-300
1.3,1308.0,96.3,27.13,11.09,2.38,57.04,19.74,9.62,53.72,0.67,37.6,Low,Low,High,Black,100-300
3.1,1032.0,96.25,27.12,11.71,2.52,55.08,19.3,9.39,57.25,0.67,38.9,Low,Low,High,Black,100-300
2.1,1286.0,96.23,27.23,12.12,2.35,54.09,19.29,9.43,58.49,0.67,37.67,Low,Low,High,Black,100-300
1.8,1667.0,96.2,27.73,11.34,2.39,55.92,18.98,9.25,53.66,0.65,37.71,Low,Low,High,Black,100-300
10.8,1083.0,96.34,27.69,11.87,2.37,54.93,19.25,9.43,55.73,0.62,38.1,Low,Low,High,Black,100-300
6.1,951.0,96.24,28.04,12.38,2.33,50.02,18.81,9.2,57.76,0.69,37.16,Low,Low,High,Black,100-300
5.2,1615.0,96.2,27.19,11.13,2.43,43.9,19.26,9.33,54.2,0.63,38.14,Low,Low,High,Black,100-300
10.1,901.0,96.17,27.52,10.66,2.36,41.24,19.6,9.48,48.65,0.63,35.73,Low,Low,High,Black,100-300
21.3,1610.0,96.23,27.66,11.36,2.41,52.77,18.58,8.47,52.81,0.63,35.49,Low,Low,High,Black,100-300
39.7,1378.0,96.27,28.42,11.02,2.48,47.29,19.14,8.72,49.62,0.62,36.39,Low,Low,High,Black,100-300
68.5,1274.0,96.27,28.37,11.54,2.5,52.22,19.15,8.71,53.56,0.64,35.94,Low,Low,High,Black,100-300
110.3,938.0,96.29,27.89,11.53,2.46,46.54,19.57,8.91,53.1,0.62,35.79,Low,Low,High,Black,100-300
169.1,702.0,96.29,26.82,12.52,2.29,51.08,18.71,8.51,60.32,0.68,36.75,Low,Low,High,Black,100-300
159.1,1083.0,96.23,27.64,11.58,2.28,50.96,19.33,8.77,54.68,0.65,34.14,Low,Low,High,Black,100-300
163.2,796.0,96.23,27.23,11.64,2.3,50.85,18.77,8.5,55.21,0.65,35.03,Low,Low,High,Black,100-300
188.3,457.0,96.24,28.4,11.41,2.36,49.44,19.23,8.68,51.87,0.62,33.93,Low,Low,High,Black,100-300
181.2,1481.0,96.22,28.12,12.5,2.32,55.39,18.43,8.4,58.19,0.7,37.67,Low,Low,High,Black,100-300
183.0,1277.0,96.22,27.71,11.63,2.42,49.62,18.88,8.54,54.38,0.64,36.58,Low,Low,High,Black,100-300
185.0,1532.0,96.22,28.2,11.05,2.47,52.92,18.74,8.46,50.69,0.63,35.27,Low,Low,High,Black,100-300
213.2,1287.0,96.22,27.49,12.45,2.5,53.66,17.74,8.04,59.34,0.69,35.22,Low,Low,High,Black,100-300
218.9,295.0,96.33,28.37,11.77,2.38,52.74,18.66,8.45,53.12,0.61,35.6,Low,Low,High,Black,100-300
276.1,316.0,96.37,28.99,11.5,2.43,50.41,18.82,8.51,50.15,0.6,37.48,Low,Low,High,Black,100-300
304.3,334.0,96.29,28.26,11.36,2.37,52.33,18.68,8.43,51.81,0.63,35.51,Low,Low,High,Black,100-300
273.5,696.0,96.28,28.77,10.78,2.31,49.62,19.25,8.65,48.07,0.6,35.55,Low,Low,High,Black,100-300
0.1,1000.0,95.6,26.7,11.51,2.8,58.69,18.55,8.98,55.77,0.66,34.02,Low,Low,High,Black,100-300
0.3,667.0,95.61,27.76,9.64,2.71,50.95,19.25,9.32,44.77,0.64,40.84,Low,Low,High,Black,100-300
1.0,1000.0,95.65,27.57,9.7,2.64,51.3,19.94,9.58,45.89,0.64,37.85,Low,Low,High,Black,100-300
12.4,1339.0,95.66,26.36,10.78,2.62,53.18,19.86,9.58,53.22,0.69,36.95,Low,Low,High,Black,100-300
20.7,1193.0,95.61,26.28,11.01,2.69,52.63,19.49,9.41,55.05,0.67,40.1,Low,Low,High,Black,100-300
24.4,1180.0,95.56,27.59,10.41,2.59,48.11,19.43,9.41,49.22,0.65,37.17,Low,Low,High,Black,100-300
38.3,809.0,95.69,27.18,11.12,2.61,50.38,19.07,9.29,53.51,0.64,36.66,Low,Low,High,Black,100-300
37.3,1099.0,95.6,26.91,11.92,2.5,44.88,18.99,9.2,57.51,0.71,36.4,Low,Low,High,Black,100-300
69.5,1437.0,95.57,26.5,10.77,2.58,40.75,19.29,9.28,53.41,0.66,38.59,Low,Low,High,Black,100-300
68.1,755.0,95.54,27.04,9.84,2.58,37.42,19.9,9.56,45.2,0.64,34.7,Low,Low,High,Black,100-300
70.5,1447.0,95.58,27.18,10.62,2.52,45.16,18.99,8.62,49.99,0.65,36.71,Low,Low,High,Black,100-300
87.9,1705.0,95.63,27.7,10.96,2.68,45.13,19.24,8.73,51.91,0.65,36.54,Low,Low,High,Black,100-300
141.2,936.0,95.64,27.4,10.82,2.58,41.83,19.71,8.95,50.82,0.64,35.53,Low,Low,High,Black,100-300
162.5,526.0,95.62,26.57,10.91,2.56,43.92,19.18,8.69,53.44,0.69,36.02,Low,Low,High,Black,100-300
172.7,1256.0,95.63,26.58,11.77,2.41,46.4,18.8,8.55,56.96,0.7,36.04,Low,Low,High,Black,100-300
190.5,2007.0,95.59,27.06,11.1,2.39,44.28,19.38,8.77,52.85,0.67,34.5,Low,Low,High,Black,100-300
240.0,286.0,95.58,27.46,10.58,2.54,44.49,18.9,8.54,49.35,0.64,36.88,Low,Low,High,Black,100-300
212.8,735.0,95.6,27.72,11.01,2.51,42.11,19.3,8.69,51.61,0.66,35.06,Low,Low,High,Black,100-300
225.5,1845.0,95.58,27.28,12.17,2.43,49.45,18.79,8.55,58.09,0.71,38.31,Low,Low,High,Black,100-300
258.8,1446.0,95.57,26.88,11.16,2.42,44.46,18.9,8.54,53.3,0.67,36.67,Low,Low,High,Black,100-300
279.5,1540.0,95.58,27.14,10.68,2.62,47.62,18.76,8.46,50.71,0.66,36.03,Low,Low,High,Black,100-300
323.2,1482.0,95.58,26.56,11.81,2.7,48.17,17.93,8.11,58.06,0.71,36.66,Low,Low,High,Black,100-300
352.5,536.0,95.69,27.55,11.28,2.57,45.96,18.77,8.48,53.1,0.64,37.35,Low,Low,High,Black,100-300
352.4,455.0,95.73,27.51,11.32,2.46,45.79,18.93,8.54,52.7,0.64,37.37,Low,Low,High,Black,100-300
365.01,1928.0,95.66,27.15,10.86,2.47,48.08,18.7,8.42,51.38,0.68,39.07,Low,Low,High,Black,100-300
370.29,1187.0,95.65,27.18,10.79,2.42,45.94,19.23,8.64,51.01,0.67,36.3,Low,Low,High,Black,100-300
5.0,940.0,96.29,27.3,11.6,2.76,59.17,18.61,9.0,54.95,0.66,33.41,Low,Low,Medium,Black,100-300
1.6,688.0,96.3,28.53,9.59,2.68,52.61,19.34,9.36,43.39,0.63,40.58,Low,Low,Medium,Black,100-300
7.3,1329.0,96.36,26.71,10.9,2.54,53.92,19.72,9.53,52.98,0.7,38.76,Low,Low,Medium,Black,100-300
16.6,801.0,96.31,26.72,11.15,2.61,53.24,19.41,9.38,54.89,0.69,39.48,Low,Low,Medium,Black,100-300
26.0,981.0,96.28,28.07,10.86,2.48,51.64,19.39,9.45,50.2,0.64,39.5,Low,Low,Medium,Black,100-300
24.2,1194.0,96.25,28.24,10.45,2.53,48.73,19.47,9.42,48.05,0.64,38.6,Low,Low,Medium,Black,100-300
40.5,1225.0,96.4,27.66,11.26,2.57,50.84,19.13,9.28,53.25,0.64,38.3,Low,Low,Medium,Black,100-300
12.3,1358.0,96.3,27.46,12.01,2.46,46.33,18.79,9.12,56.96,0.71,37.33,Low,Low,Medium,Black,100-300
28.4,1405.0,96.26,26.78,10.92,2.52,41.42,19.27,9.24,53.77,0.68,39.01,Low,Low,Medium,Black,100-300
31.3,978.0,96.28,27.52,10.86,2.45,49.17,18.73,8.53,50.31,0.65,36.65,Low,Low,Medium,Black,100-300
27.2,1504.0,96.33,28.28,10.35,2.65,45.16,19.04,8.67,46.61,0.64,38.05,Low,Low,Medium,Black,100-300
30.8,1218.0,96.33,27.8,11.25,2.6,49.22,18.93,8.62,53.11,0.67,37.52,Low,Low,Medium,Black,100-300
50.3,616.0,96.34,27.93,10.86,2.51,43.54,19.6,8.92,49.99,0.64,35.92,Low,Low,Medium,Black,100-300
54.1,719.0,96.32,27.13,11.03,2.52,46.6,18.9,8.6,53.09,0.68,36.34,Low,Low,Medium,Black,100-300
59.8,1645.0,96.33,27.03,11.96,2.35,48.99,18.73,8.53,56.65,0.7,36.73,Low,Low,Medium,Black,100-300
82.6,1995.0,96.28,27.7,11.04,2.35,47.66,19.22,8.72,51.33,0.67,35.03,Low,Low,Medium,Black,100-300
137.5,206.0,96.28,27.86,10.7,2.45,47.92,18.79,8.51,49.23,0.64,36.75,Low,Low,Medium,Black,100-300
151.5,971.0,96.29,28.29,11.05,2.48,46.27,19.13,8.64,50.68,0.66,35.54,Low,Low,Medium,Black,100-300
126.6,1883.0,96.28,27.78,12.22,2.41,50.64,18.63,8.49,57.33,0.72,39.27,Low,Low,Medium,Black,100-300
140.6,1193.0,96.27,27.41,11.3,2.36,47.61,18.76,8.51,52.85,0.66,38.25,Low,Low,Medium,Black,100-300
151.0,1923.0,96.28,27.44,10.9,2.55,49.79,18.67,8.44,51.29,0.68,36.68,Low,Low,Medium,Black,100-300
233.1,299.0,96.38,28.25,11.26,2.55,50.33,18.55,8.41,51.47,0.64,37.69,Low,Low,Medium,Black,100-300
227.2,449.0,96.43,27.95,11.47,2.45,48.2,18.79,8.5,52.38,0.65,38.19,Low,Low,Medium,Black,100-300
216.6,1411.0,96.35,27.56,11.06,2.43,50.45,18.76,8.47,51.58,0.69,38.96,Low,Low,Medium,Black,100-300
204.7,703.0,96.34,27.96,10.77,2.41,48.49,19.06,8.58,49.35,0.65,37.03,Low,Low,Medium,Black,100-300
17.0,982.0,96.94,26.83,12.23,2.45,62.9,18.96,9.15,58.65,0.63,35.45,Low,Low,High,Black,100-300
28.5,723.0,96.95,28.3,10.25,2.4,59.84,19.33,9.35,47.61,0.57,42.77,Low,Low,High,Black,100-300
50.3,726.0,96.99,28.2,9.97,2.29,54.47,19.66,9.46,46.07,0.59,38.33,Low,Low,High,Black,100-300
67.5,1361.0,97.01,26.84,11.05,2.31,61.69,19.33,9.29,52.84,0.66,39.64,Low,Low,High,Black,100-300
68.2,856.0,96.96,26.52,11.48,2.42,60.7,18.79,9.0,56.79,0.66,41.11,Low,Low,High,Black,100-300
83.9,1292.0,96.91,28.17,10.82,2.32,58.11,18.91,9.15,49.59,0.58,39.44,Low,Low,High,Black,100-300
99.7,929.0,97.06,27.43,11.55,2.34,59.39,18.58,9.01,54.87,0.59,38.79,Low,Low,High,Black,100-300
131.6,1005.0,96.97,27.23,12.34,2.22,52.19,18.67,9.07,58.57,0.64,40.75,Low,Low,High,Black,100-300
138.5,1407.0,96.91,26.9,11.07,2.32,42.53,19.23,9.18,54.11,0.64,40.35,Low,Low,High,Black,100-300
135.4,1182.0,96.88,27.32,10.26,2.25,38.4,19.72,9.46,46.28,0.58,38.81,Low,Low,High,Black,100-300
128.6,1297.0,96.94,27.18,11.4,2.18,53.26,18.43,8.41,52.8,0.61,39.28,Low,Low,High,Black,100-300
159.8,1059.0,96.97,28.05,10.78,2.4,47.48,18.95,8.65,48.86,0.59,38.85,Low,Low,High,Black,100-300
173.8,1461.0,96.99,27.46,11.74,2.31,52.87,18.77,8.57,56.09,0.65,39.51,Low,Low,High,Black,100-300
195.5,1033.0,97.0,27.82,11.21,2.24,45.91,19.45,8.86,52.47,0.58,38.88,Low,Low,High,Black,100-300
214.7,1089.0,96.98,27.05,11.32,2.26,49.71,18.77,8.54,54.9,0.64,38.88,Low,Low,High,Black,100-300
230.5,1205.0,96.99,27.02,12.25,2.14,50.45,18.65,8.52,57.63,0.66,38.91,Low,Low,High,Black,100-300
229.2,1332.0,96.96,27.41,11.37,2.15,50.02,19.07,8.66,53.55,0.62,35.97,Low,Low,High,Black,100-300
249.9,585.0,96.95,27.24,11.2,2.15,50.69,18.6,8.45,52.76,0.61,37.57,Low,Low,High,Black,100-300
178.9,581.0,96.95,28.31,11.21,2.19,49.12,19.1,8.64,51.24,0.61,36.86,Low,Low,High,Black,100-300
137.8,1100.0,96.94,27.98,12.12,2.16,51.99,18.43,8.4,56.22,0.67,40.41,Low,Low,High,Black,100-300
173.0,871.0,96.94,26.89,11.84,2.07,48.87,18.76,8.53,56.18,0.62,40.47,Low,Low,High,Black,100-300
176.7,1068.0,96.93,27.27,11.18,2.34,50.8,18.39,8.32,53.31,0.65,40.03,Low,Low,High,Black,100-300
185.6,656.0,96.93,26.88,12.31,2.29,52.71,17.49,7.95,59.61,0.68,40.48,Low,Low,High,Black,100-300
139.8,440.0,97.1,27.27,12.18,2.2,49.37,18.64,8.44,56.72,0.63,39.16,Low,Low,High,Black,100-300
127.2,1182.0,97.0,27.6,11.58,2.2,52.6,18.62,8.43,53.62,0.65,38.9,Low,Low,High,Black,100-300
116.1,1528.0,97.0,27.78,11.31,2.13,48.8,18.97,8.54,52.23,0.6,39.83,Low,Low,High,Black,100-300
88.1,862.0,97.53,26.74,12.6,2.27,63.51,18.38,8.81,60.45,0.72,36.54,Low,Low,High,Black,100-300
105.1,543.0,97.55,28.18,10.77,2.22,60.68,18.96,9.08,50.4,0.66,43.55,Low,Low,High,Black,100-300
166.9,1232.0,97.6,27.03,11.25,2.14,61.48,18.84,8.99,53.1,0.71,39.78,Low,Low,High,Black,100-300
183.2,956.0,97.54,27.32,12.02,2.03,60.82,18.48,8.9,56.86,0.69,41.44,Low,Low,High,Black,100-300
212.3,1007.0,97.5,28.15,11.19,2.17,59.12,18.49,8.88,51.22,0.66,39.41,Low,Low,High,Black,100-300
251.7,720.0,97.65,27.39,11.79,2.2,61.28,17.79,8.54,55.81,0.67,39.83,Low,Low,High,Black,100-300
253.3,926.0,97.56,27.17,12.67,2.09,52.45,18.34,8.84,60.05,0.71,41.84,Low,Low,High,Black,100-300
239.9,944.0,97.49,27.08,11.29,2.15,43.55,18.79,8.87,54.7,0.71,41.19,Low,Low,High,Black,100-300
193.3,1000.0,97.53,27.19,11.74,2.03,56.2,18.22,8.32,54.16,0.69,40.06,Low,Low,High,Black,100-300
206.9,1077.0,97.56,28.0,11.12,2.24,51.79,18.63,8.5,50.42,0.67,39.31,Low,Low,High,Black,100-300
218.5,1270.0,97.58,27.54,12.03,2.18,55.47,18.25,8.35,57.04,0.72,40.33,Low,Low,High,Black,100-300
234.8,733.0,97.59,27.75,11.62,2.08,49.53,19.02,8.67,54.5,0.66,39.45,Low,Low,High,Black,100-300
244.8,1052.0,97.57,27.13,11.68,2.07,53.26,18.36,8.35,56.4,0.71,39.12,Low,Low,High,Black,100-300
263.5,1315.0,97.58,27.36,12.37,2.01,52.41,18.26,8.34,57.51,0.71,38.56,Low,Low,High,Black,100-300
277.5,1366.0,97.55,27.69,11.54,2.04,51.46,18.72,8.51,53.76,0.68,36.53,Low,Low,High,Black,100-300
303.2,848.0,97.54,27.2,11.59,2.0,51.79,18.32,8.33,54.7,0.69,38.29,Low,Low,High,Black,100-300
285.1,771.0,97.54,28.32,11.5,2.0,50.17,18.86,8.54,52.28,0.69,37.44,Low,Low,High,Black,100-300
242.4,1184.0,97.53,28.16,12.26,2.0,54.17,18.43,8.41,56.29,0.73,40.88,Low,Low,High,Black,100-300
241.2,652.0,97.53,27.09,12.08,1.93,49.26,18.39,8.36,56.9,0.69,40.79,Low,Low,High,Black,100-300
237.1,1006.0,97.52,27.45,11.38,2.14,52.71,17.99,8.15,54.0,0.7,41.76,Low,Low,High,Black,100-300
232.8,429.0,97.52,27.21,12.48,2.17,54.68,17.3,7.88,59.63,0.74,40.46,Low,Low,High,Black,100-300
220.4,361.0,97.64,27.8,12.01,2.17,54.51,18.26,8.31,56.32,0.67,40.36,Low,Low,High,Black,100-300
199.7,387.0,97.7,27.44,12.48,2.04,52.46,18.27,8.28,57.5,0.69,40.31,Low,Low,High,Black,100-300
172.4,1183.0,97.59,27.69,11.92,2.05,53.99,18.26,8.28,54.74,0.72,39.79,Low,Low,High,Black,100-300
151.1,1141.0,97.59,27.9,11.63,1.98,47.77,18.87,8.52,53.43,0.68,40.3,Low,Low,High,Black,100-300
6.0,1067.0,97.53,26.74,12.6,2.27,63.51,18.38,8.81,60.45,0.72,36.54,Low,Low,High,Black,100-300
11.9,639.0,97.55,28.18,10.77,2.22,60.68,18.96,9.08,50.4,0.66,43.55,Low,Low,High,Black,100-300
16.0,825.0,97.6,27.03,11.25,2.14,61.48,18.84,8.99,53.1,0.71,39.78,Low,Low,High,Black,100-300
8.5,741.0,97.55,26.96,11.65,2.28,59.01,18.29,8.7,56.73,0.71,41.23,Low,Low,High,Black,100-300
10.5,838.0,97.54,27.32,12.02,2.03,60.82,18.48,8.9,56.86,0.69,41.44,Low,Low,High,Black,100-300
11.2,1152.0,97.5,28.15,11.19,2.17,59.12,18.49,8.88,51.22,0.66,39.41,Low,Low,High,Black,100-300
20.6,956.0,97.65,27.39,11.79,2.2,61.28,17.79,8.54,55.81,0.67,39.83,Low,Low,High,Black,100-300
11.9,1681.0,97.56,27.17,12.67,2.09,52.45,18.34,8.84,60.05,0.71,41.84,Low,Low,High,Black,100-300
11.6,1353.0,97.49,27.08,11.29,2.15,43.55,18.79,8.87,54.7,0.71,41.19,Low,Low,High,Black,100-300
7.2,1139.0,97.53,27.19,11.74,2.03,56.2,18.22,8.32,54.16,0.69,40.06,Low,Low,High,Black,100-300
9.3,1043.0,97.56,28.0,11.12,2.24,51.79,18.63,8.5,50.42,0.67,39.31,Low,Low,High,Black,100-300
8.2,1683.0,97.58,27.54,12.03,2.18,55.47,18.25,8.35,57.04,0.72,40.33,Low,Low,High,Black,100-300
9.5,937.0,97.59,27.75,11.62,2.08,49.53,19.02,8.67,54.5,0.66,39.45,Low,Low,High,Black,100-300
8.5,894.0,97.57,27.13,11.68,2.07,53.26,18.36,8.35,56.4,0.71,39.12,Low,Low,High,Black,100-300
9.0,1144.0,97.55,27.69,11.54,2.04,51.46,18.72,8.51,53.76,0.68,36.53,Low,Low,High,Black,100-300
8.4,1190.0,97.54,27.2,11.59,2.0,51.79,18.32,8.33,54.7,0.69,38.29,Low,Low,High,Black,100-300
7.9,814.0,97.54,28.32,11.5,2.0,50.17,18.86,8.54,52.28,0.69,37.44,Low,Low,High,Black,100-300
7.0,1723.0,97.53,28.16,12.26,2.0,54.17,18.43,8.41,56.29,0.73,40.88,Low,Low,High,Black,100-300
6.9,687.0,97.53,27.09,12.08,1.93,49.26,18.39,8.36,56.9,0.69,40.79,Low,Low,High,Black,100-300
7.1,807.0,97.52,27.45,11.38,2.14,52.71,17.99,8.15,54.0,0.7,41.76,Low,Low,High,Black,100-300
7.0,400.0,97.52,27.21,12.48,2.17,54.68,17.3,7.88,59.63,0.74,40.46,Low,Low,High,Black,100-300
8.1,457.0,97.64,27.8,12.01,2.17,54.51,18.26,8.31,56.32,0.67,40.36,Low,Low,High,Black,100-300
6.6,136.0,97.7,27.44,12.48,2.04,52.46,18.27,8.28,57.5,0.69,40.31,Low,Low,High,Black,100-300
11.8,1127.0,97.59,27.69,11.92,2.05,53.99,18.26,8.28,54.74,0.72,39.79,Low,Low,High,Black,100-300
5.3,1208.0,97.59,27.9,11.63,1.98,47.77,18.87,8.52,53.43,0.68,40.3,Low,Low,High,Black,100-300
13.6,890.0,98.16,27.29,12.98,2.28,63.38,18.53,9.03,61.13,0.72,36.46,Low,Low,High,Mixed Red & Black,50-100
24.2,649.0,98.17,28.56,11.58,2.18,62.96,18.82,9.22,53.64,0.67,42.54,Low,Low,High,Mixed Red & Black,50-100
31.8,1053.0,98.21,28.63,10.88,2.12,55.96,19.37,9.42,49.38,0.66,38.37,Low,Low,High,Mixed Red & Black,50-100
48.3,1170.0,98.22,27.52,11.6,2.16,60.69,19.1,9.32,54.45,0.7,39.91,Low,Low,High,Mixed Red & Black,50-100
47.8,801.0,98.17,27.74,12.05,2.24,59.95,18.46,8.95,57.47,0.71,40.57,Low,Low,High,Mixed Red & Black,50-100
54.0,1233.0,98.16,27.61,12.69,2.09,60.51,18.61,9.14,59.75,0.7,39.83,Low,Low,High,Mixed Red & Black,50-100
58.4,1182.0,98.12,28.48,11.73,2.16,59.02,18.54,9.04,53.41,0.67,39.33,Low,Low,High,Mixed Red & Black,50-100
46.9,1354.0,98.28,27.78,12.31,2.13,60.07,18.27,8.97,57.21,0.67,40.1,Low,Low,High,Mixed Red & Black,50-100
113.3,2068.0,98.17,28.12,13.07,2.11,54.51,18.32,9.03,60.16,0.71,40.48,Low,Low,High,Mixed Red & Black,50-100
125.9,1519.0,98.12,27.53,11.69,2.15,44.51,19.12,9.23,55.98,0.7,40.08,Low,Low,High,Mixed Red & Black,50-100
116.1,1196.0,98.09,28.08,11.11,2.15,41.57,19.39,9.42,49.27,0.65,38.49,Low,Low,High,Mixed Red & Black,50-100
113.8,1331.0,98.15,27.82,12.18,2.11,58.48,17.93,8.2,55.34,0.67,39.07,Low,Low,High,Mixed Red & Black,50-100
123.0,1166.0,98.19,28.57,11.63,2.25,52.17,18.99,8.69,51.74,0.67,38.0,Low,Low,High,Mixed Red & Black,50-100
136.7,1188.0,98.2,28.29,12.39,2.24,57.8,18.6,8.52,57.6,0.71,39.9,Low,Low,High,Mixed Red & Black,50-100
164.6,981.0,98.22,28.16,12.17,2.18,51.56,19.01,8.7,56.23,0.65,38.62,Low,Low,High,Mixed Red & Black,50-100
161.7,1074.0,98.19,27.64,12.28,2.06,56.8,18.51,8.46,58.45,0.72,39.41,Low,Low,High,Mixed Red & Black,50-100
172.5,1225.0,98.21,27.71,12.88,2.02,53.12,18.61,8.51,59.31,0.7,38.03,Low,Low,High,Mixed Red & Black,50-100
162.1,1384.0,98.16,28.09,12.14,2.04,51.93,18.88,8.61,55.94,0.69,35.61,Low,Low,High,Mixed Red & Black,50-100
181.9,658.0,98.16,27.56,12.17,1.99,52.67,18.29,8.34,56.91,0.69,37.25,Low,Low,High,Mixed Red & Black,50-100
179.8,345.0,98.15,28.77,11.91,1.98,50.62,19.16,8.69,53.28,0.68,36.41,Low,Low,High,Mixed Red & Black,50-100
148.3,1002.0,98.14,28.64,12.78,2.07,56.98,18.06,8.26,57.87,0.73,39.52,Low,Low,High,Mixed Red & Black,50-100
142.1,1021.0,98.14,28.07,11.83,2.12,53.28,18.24,8.27,55.07,0.71,41.22,Low,Low,High,Mixed Red & Black,50-100
142.1,622.0,98.15,27.63,13.02,2.22,56.18,17.2,7.84,61.46,0.73,38.82,Low,Low,High,Mixed Red & Black,50-100
126.2,510.0,98.26,28.27,12.48,2.15,54.13,18.18,8.27,57.25,0.66,39.06,Low,Low,High,Mixed Red & Black,50-100
117.1,507.0,98.31,28.23,12.76,2.08,51.78,18.54,8.42,57.27,0.68,39.81,Low,Low,High,Mixed Red & Black,50-100
108.5,998.0,98.21,28.01,12.49,2.17,55.2,18.37,8.34,57.02,0.71,38.8,Low,Low,High,Mixed Red & Black,50-100
65.9,941.0,98.21,28.27,11.96,2.01,49.95,18.82,8.5,54.47,0.67,38.38,Low,Low,High,Mixed Red & Black,50-100
40.76,860.0,95.44,25.32,11.26,2.51,58.48,17.92,8.4,55.95,0.73,37.67,Medium,Medium,High,Black,100-300
48.73,805.0,95.46,26.0,9.51,2.54,50.08,19.42,9.06,46.38,0.67,43.73,Medium,Medium,High,Black,100-300
52.25,963.0,95.51,26.23,9.41,2.45,52.82,19.62,9.15,46.14,0.67,41.03,Medium,Medium,High,Black,100-300
77.52,1080.0,95.5,25.72,10.1,2.52,53.37,19.48,9.1,49.37,0.69,41.23,Medium,Medium,High,Black,100-300
49.1,1024.0,95.45,25.19,10.27,2.4,52.64,19.23,8.98,51.87,0.71,42.13,Medium,Medium,High,Black,100-300
59.7,1015.0,95.45,25.76,10.29,2.39,49.2,19.51,9.15,50.94,0.68,41.2,Medium,Medium,High,Black,100-300
65.2,971.0,95.42,25.64,10.25,2.37,48.44,19.32,9.05,51.48,0.69,40.42,Medium,Medium,High,Black,100-300
74.6,914.0,95.56,25.06,11.07,2.4,51.14,18.97,8.93,56.42,0.71,39.34,Medium,Medium,High,Black,100-300
73.0,705.0,95.47,25.4,11.38,2.25,46.08,19.16,8.99,56.52,0.71,42.98,Medium,Medium,High,Black,100-300
81.7,957.0,95.42,25.47,10.21,2.43,41.49,18.7,8.69,51.01,0.69,39.39,Medium,Medium,High,Black,100-300
81.9,1201.0,95.38,25.85,9.25,2.48,35.16,19.43,9.03,42.48,0.66,38.62,Medium,Medium,High,Black,100-300
84.0,986.0,95.44,25.64,10.21,2.27,45.82,18.73,8.48,48.19,0.68,39.49,Medium,Medium,High,Black,100-300
84.7,916.0,95.47,26.58,9.74,2.48,41.86,19.15,8.64,45.76,0.65,40.12,Medium,Medium,High,Black,100-300
86.4,1065.0,95.49,25.6,10.87,2.4,45.56,18.54,8.39,54.75,0.73,39.93,Medium,Medium,High,Black,100-300
89.66,988.0,95.49,26.3,10.36,2.33,40.98,19.01,8.59,50.44,0.66,40.36,Medium,Medium,High,Black,100-300
90.62,1159.0,95.47,25.81,10.16,2.34,43.49,19.05,8.57,50.23,0.69,38.49,Medium,Medium,High,Black,100-300
92.32,1033.0,95.47,25.9,11.13,2.22,44.68,18.57,8.42,53.57,0.71,38.37,Medium,Medium,High,Black,100-300
96.1,1246.0,95.45,25.8,10.62,2.21,42.9,18.98,8.57,51.59,0.69,36.82,Medium,Medium,High,Black,100-300
104.0,1327.0,95.45,25.57,10.55,2.23,46.3,18.67,8.42,51.6,0.69,38.74,Medium,Medium,High,Black,100-300
103.3,1334.0,95.46,26.41,10.74,2.33,42.41,19.02,8.57,52.13,0.68,37.07,Medium,Medium,High,Black,100-300
106.8,1410.0,95.44,26.36,11.25,2.23,47.22,18.98,8.59,55.12,0.7,40.27,Medium,Medium,High,Black,100-300
110.46,1453.0,95.43,25.62,10.24,2.45,46.56,18.32,8.26,50.55,0.68,40.72,Medium,Medium,High,Black,100-300
114.25,635.0,95.44,25.22,11.47,2.41,48.62,17.47,7.9,57.51,0.71,42.38,Medium,Medium,High,Black,100-300
110.0,1036.0,95.54,25.92,10.87,2.49,46.68,18.63,8.41,54.52,0.68,42.59,Medium,Medium,High,Black,100-300
97.0,629.0,95.59,25.75,10.98,2.42,46.2,18.08,8.17,54.35,0.68,41.05,Medium,Medium,High,Black,100-300
88.0,1023.0,95.5,25.88,10.72,2.31,47.94,18.3,8.24,51.82,0.71,42.78,Medium,Medium,High,Black,100-300
95.2,982.0,95.49,26.35,10.33,2.32,44.23,18.57,8.35,48.53,0.66,42.87,Medium,Medium,High,Black,100-300
0.3,1000.0,94.62,27.37,9.63,2.76,53.06,19.98,9.77,46.25,0.64,35.65,Low,Low,High,Black,100-300
1.3,1308.0,94.64,26.1,10.66,2.76,55.46,19.93,9.71,53.67,0.68,35.16,Low,Low,High,Black,100-300
4.9,918.0,94.59,26.14,10.87,2.84,52.37,19.74,9.62,54.95,0.65,38.3,Low,Low,High,Black,100-300
5.0,1460.0,94.56,27.4,10.47,2.67,51.14,19.86,9.68,50.06,0.63,35.99,Low,Low,High,Black,100-300
4.0,825.0,94.53,27.06,10.43,2.65,51.29,19.45,9.51,50.85,0.65,35.21,Low,Low,High,Black,100-300
3.2,156.0,94.67,26.86,10.98,2.65,50.04,19.41,9.55,53.63,0.64,34.63,Low,Low,High,Black,100-300
4.5,1511.0,94.57,26.44,11.86,2.55,48.46,19.17,9.35,58.57,0.7,34.67,Low,Low,High,Black,100-300
4.4,1273.0,94.54,26.47,10.56,2.69,41.27,19.7,9.63,52.73,0.64,37.15,Low,Low,High,Black,100-300
4.7,489.0,94.51,26.64,9.91,2.65,40.08,20.11,9.78,46.9,0.64,32.92,Low,Low,High,Black,100-300
5.1,765.0,94.56,26.9,10.47,2.63,44.74,19.33,8.75,50.48,0.64,34.46,Low,Low,High,Black,100-300
6.2,1645.0,94.61,27.62,10.19,2.77,41.71,19.36,8.77,47.59,0.63,35.9,Low,Low,High,Black,100-300
11.7,1265.0,94.6,27.62,10.72,2.75,43.96,19.71,8.91,51.05,0.64,35.43,Low,Low,High,Black,100-300
15.9,943.0,94.62,26.89,10.83,2.66,42.22,19.76,8.95,52.32,0.65,33.55,Low,Low,High,Black,100-300
30.2,1182.0,94.59,26.03,10.91,2.62,45.14,19.24,8.7,54.84,0.7,34.29,Low,Low,High,Black,100-300
30.6,1203.0,94.61,26.13,11.59,2.49,45.71,19.0,8.59,57.89,0.7,34.53,Low,Low,High,Black,100-300
34.7,1303.0,94.56,26.51,11.17,2.48,43.5,19.6,8.85,54.86,0.68,33.19,Low,Low,High,Black,100-300
37.4,615.0,94.56,26.9,10.66,2.62,43.59,19.23,8.66,51.29,0.65,34.71,Low,Low,High,Black,100-300
39.3,1161.0,94.58,27.28,10.94,2.6,42.54,19.47,8.75,52.52,0.66,33.87,Low,Low,High,Black,100-300
49.3,1622.0,94.55,26.84,12.11,2.47,50.29,18.85,8.56,58.86,0.7,37.4,Low,Low,High,Black,100-300
60.3,1493.0,94.54,26.54,11.0,2.52,42.92,19.12,8.6,53.79,0.66,36.02,Low,Low,High,Black,100-300
62.4,699.0,94.55,27.12,10.43,2.75,44.8,19.12,8.58,49.77,0.64,33.69,Low,Low,High,Black,100-300
74.6,1657.0,94.55,26.36,11.6,2.79,47.49,18.26,8.23,57.89,0.68,35.15,Low,Low,High,Black,100-300
109.3,369.0,94.66,27.02,11.31,2.61,45.58,18.97,8.55,54.6,0.64,35.34,Low,Low,High,Black,100-300
120.2,478.0,94.7,27.38,11.15,2.51,44.57,19.06,8.58,52.26,0.63,35.34,Low,Low,High,Black,100-300
112.8,1520.0,94.63,26.86,10.76,2.56,47.22,18.88,8.48,51.94,0.67,35.9,Low,Low,High,Black,100-300
115.4,698.0,94.62,26.82,10.74,2.51,46.89,19.33,8.65,51.86,0.66,34.03,Low,Low,High,Black,100-300
0.3,1000.0,94.69,26.26,11.77,2.77,59.69,18.51,9.11,58.75,0.7,32.2,Low,Low,High,Black,100-300
0.1,1000.0,94.72,27.57,10.3,2.58,56.81,19.66,9.66,49.29,0.64,34.88,Low,Low,High,Black,100-300
2.9,1345.0,94.74,26.49,10.89,2.6,56.84,19.84,9.74,54.2,0.68,36.26,Low,Low,High,Black,100-300
12.5,720.0,94.69,26.72,11.39,2.81,54.13,19.61,9.69,56.67,0.65,36.62,Low,Low,High,Black,100-300
5.3,925.0,94.67,26.79,11.77,2.56,54.92,19.28,9.54,58.03,0.68,35.13,Low,Low,High,Black,100-300
4.2,1095.0,94.64,26.85,11.24,2.58,51.78,19.3,9.54,55.35,0.68,36.51,Low,Low,High,Black,100-300
10.0,800.0,94.77,27.37,11.55,2.6,51.27,19.33,9.54,55.26,0.63,36.86,Low,Low,High,Black,100-300
4.9,1184.0,94.68,27.39,12.1,2.48,50.48,18.91,9.36,58.16,0.72,35.59,Low,Low,High,Black,100-300
6.0,1350.0,94.64,26.86,10.72,2.66,44.0,19.91,9.79,52.97,0.64,36.36,Low,Low,High,Black,100-300
7.0,1200.0,94.61,26.77,10.55,2.5,42.53,19.86,9.77,50.05,0.66,34.41,Low,Low,High,Black,100-300
14.1,730.0,94.67,26.96,11.16,2.62,51.92,18.86,8.57,53.61,0.66,34.75,Low,Low,High,Black,100-300
21.6,1153.0,94.72,27.8,10.87,2.65,47.19,19.39,8.81,50.38,0.64,34.82,Low,Low,High,Black,100-300
112.2,1081.0,94.71,28.18,11.09,2.71,51.74,19.48,8.85,51.64,0.63,34.17,Low,Low,High,Black,100-300
152.8,582.0,94.73,26.89,11.49,2.62,46.33,19.75,8.97,55.11,0.65,33.92,Low,Low,High,Black,100-300
173.1,1443.0,94.7,26.45,11.68,2.6,49.54,19.1,8.67,57.79,0.71,34.39,Low,Low,High,Black,100-300
155.4,279.0,94.72,26.33,12.11,2.53,49.71,19.01,8.62,60.0,0.69,34.71,Low,Low,High,Black,100-300
183.0,1167.0,94.67,27.13,11.36,2.5,49.03,19.49,8.83,54.97,0.66,33.28,Low,Low,High,Black,100-300
211.1,431.0,94.67,26.77,11.43,2.59,48.99,19.23,8.69,55.49,0.68,34.42,Low,Low,High,Black,100-300
217.7,655.0,94.68,27.54,11.34,2.59,48.02,19.51,8.8,53.55,0.65,33.73,Low,Low,High,Black,100-300
194.5,2220.0,94.66,27.39,12.38,2.47,55.85,18.65,8.49,59.24,0.72,36.38,Low,Low,High,Black,100-300
265.4,1648.0,94.65,27.16,11.34,2.66,47.26,19.13,8.62,54.27,0.65,35.17,Low,Low,High,Black,100-300
265.4,2356.0,94.65,27.62,10.83,2.66,51.23,19.06,8.58,50.77,0.64,33.56,Low,Low,High,Black,100-300
308.4,2174.0,94.66,26.91,12.13,2.72,52.96,18.29,8.27,59.08,0.69,33.6,Low,Low,High,Black,100-300
336.8,624.0,94.76,27.54,11.7,2.54,51.85,18.82,8.49,54.78,0.64,34.59,Low,Low,High,Black,100-300
340.8,320.0,94.8,28.32,11.29,2.57,49.74,19.09,8.6,50.61,0.62,35.63,Low,Low,High,Black,100-300
370.3,804.0,94.73,27.6,11.07,2.53,51.3,18.62,8.37,51.93,0.65,33.79,Low,Low,High,Black,100-300
0.1,1000.0,98.06,27.75,12.1,1.75,61.88,18.37,9.03,57.21,0.66,40.85,Low,Low,High,Mixed Red & Black,50-100
0.1,1000.0,98.1,27.91,11.25,1.73,52.42,19.38,9.38,51.9,0.63,38.05,Low,Low,High,Mixed Red & Black,50-100
0.4,1500.0,98.1,27.15,11.84,1.72,57.54,18.92,9.23,55.88,0.68,38.62,Low,Low,High,Mixed Red & Black,50-100
0.6,833.0,98.06,27.32,12.26,1.79,57.44,18.29,8.86,58.78,0.68,38.94,Low,Low,High,Mixed Red & Black,50-100
0.9,1000.0,98.05,27.05,13.0,1.68,57.98,18.44,9.07,61.92,0.69,38.33,Low,Low,High,Mixed Red & Black,50-100
11.2,911.0,98.16,27.18,12.53,1.69,58.14,18.04,8.9,58.94,0.65,39.39,Low,Low,High,Mixed Red & Black,50-100
1.4,1214.0,98.06,27.69,13.29,1.69,54.58,18.02,8.87,61.5,0.68,39.97,Low,Low,High,Mixed Red & Black,50-100
1.8,1000.0,97.98,27.41,11.52,1.7,42.92,19.1,9.26,52.14,0.64,37.96,Low,Low,High,Mixed Red & Black,50-100
2.2,1182.0,98.03,27.29,12.47,1.66,58.83,17.61,8.1,57.37,0.66,37.97,Low,Low,High,Mixed Red & Black,50-100
2.8,893.0,98.07,27.92,11.93,1.78,53.03,18.78,8.63,53.91,0.64,38.18,Low,Low,High,Mixed Red & Black,50-100
2.7,1333.0,98.08,27.78,12.6,1.76,58.82,18.16,8.37,59.23,0.69,39.52,Low,Low,High,Mixed Red & Black,50-100
3.1,1000.0,98.11,27.36,12.6,1.72,52.03,18.68,8.58,59.49,0.65,37.83,Low,Low,High,Mixed Red & Black,50-100
3.1,581.0,98.07,27.2,12.6,1.63,57.72,18.16,8.34,60.29,0.7,38.54,Low,Low,High,Mixed Red & Black,50-100
3.4,1235.0,98.1,27.25,13.11,1.61,53.67,18.36,8.44,61.0,0.68,37.11,Low,Low,High,Mixed Red & Black,50-100
3.9,1077.0,98.05,27.54,12.45,1.64,53.09,18.68,8.57,58.14,0.68,36.08,Low,Low,High,Mixed Red & Black,50-100
8.2,744.0,98.05,27.06,12.46,1.6,54.71,17.93,8.21,59.12,0.67,36.1,Low,Low,High,Mixed Red & Black,50-100
8.7,360.0,98.04,28.25,12.17,1.58,51.73,19.07,8.7,55.07,0.66,36.03,Low,Low,High,Mixed Red & Black,50-100
7.5,920.0,98.03,28.16,12.99,1.64,59.55,17.85,8.23,59.16,0.7,39.36,Low,Low,High,Mixed Red & Black,50-100
5.9,1222.0,98.04,27.27,12.71,1.59,50.55,18.65,8.51,59.53,0.66,38.45,Low,Low,High,Mixed Red & Black,50-100
5.2,1219.0,98.02,27.58,12.16,1.69,55.11,17.95,8.19,57.21,0.68,40.67,Low,Low,High,Mixed Red & Black,50-100
5.2,731.0,98.03,27.13,13.28,1.74,57.97,16.99,7.79,63.33,0.72,38.52,Low,Low,High,Mixed Red & Black,50-100
4.4,682.0,98.15,27.47,12.84,1.69,56.35,17.79,8.13,60.08,0.65,38.72,Low,Low,High,Mixed Red & Black,50-100
3.5,429.0,98.2,27.56,13.07,1.64,54.93,18.1,8.26,59.82,0.66,38.89,Low,Low,High,Mixed Red & Black,50-100
2.1,857.0,98.1,27.52,12.8,1.74,56.45,18.13,8.28,58.98,0.69,37.78,Low,Low,High,Mixed Red & Black,50-100
0.2,1500.0,98.1,27.63,12.28,1.6,50.2,18.65,8.47,56.98,0.65,37.34,Low,Low,High,Mixed Red & Black,50-100
3.9,949.0,92.85,23.68,10.24,2.14,45.26,18.65,8.75,54.89,0.65,40.16,Medium,High,Medium,Red,25-50
3.1,484.0,92.84,23.91,9.6,2.19,42.03,18.94,8.93,47.75,0.57,37.85,Medium,High,Medium,Red,25-50
3.5,771.0,92.89,23.73,10.65,2.21,54.4,17.59,7.96,54.59,0.64,39.37,Medium,High,Medium,Red,25-50
3.7,649.0,92.93,24.19,10.14,2.24,50.17,18.36,8.29,52.39,0.59,39.22,Medium,High,Medium,Red,25-50
4.2,762.0,92.95,23.85,10.91,2.18,54.78,17.74,8.04,58.42,0.66,41.11,Medium,High,Medium,Red,25-50
4.46,780.0,92.96,23.24,10.97,2.03,48.1,18.5,8.34,58.51,0.65,39.06,Medium,High,Medium,Red,25-50
4.91,517.0,92.94,23.5,10.66,2.05,52.58,17.9,8.06,57.24,0.66,38.39,Medium,High,Medium,Red,25-50
5.4,630.0,92.92,23.66,10.78,2.06,49.33,18.05,8.14,56.4,0.65,36.76,Medium,High,Medium,Red,25-50
5.8,655.0,92.92,24.85,10.33,2.05,47.52,18.56,8.33,52.67,0.58,36.24,Medium,High,Medium,Red,25-50
9.5,537.0,92.89,23.43,11.19,1.95,48.02,17.6,7.94,58.61,0.65,40.92,Medium,High,Medium,Red,25-50
6.73,600.0,92.88,23.51,10.48,2.12,50.84,17.77,7.97,56.3,0.64,41.67,Medium,High,Medium,Red,25-50
7.22,801.0,92.89,23.37,11.55,2.04,53.26,17.16,7.73,62.2,0.69,43.0,Medium,High,Medium,Red,25-50
10.0,1100.0,92.99,23.22,11.43,2.09,53.29,17.67,7.96,61.76,0.66,42.53,Medium,High,Medium,Red,25-50
10.0,1100.0,93.05,23.75,11.41,2.02,52.21,17.63,7.92,60.25,0.62,40.7,Medium,High,Medium,Red,25-50
10.0,1300.0,92.95,24.12,11.09,1.98,53.92,17.58,7.9,56.75,0.65,39.43,Medium,High,Medium,Red,25-50
9.5,1151.0,92.95,24.58,10.62,1.98,47.07,18.31,8.21,53.95,0.62,41.26,Medium,High,Medium,Red,25-50
147.3,1026.0,97.08,26.71,10.63,2.35,41.52,18.71,8.76,51.33,0.69,39.48,Medium,Medium,High,Black,100-300
144.8,964.0,97.05,27.16,9.56,2.36,35.7,19.47,9.14,42.56,0.66,38.48,Medium,Medium,High,Black,100-300
146.6,1194.0,97.1,27.33,10.38,2.25,48.66,18.58,8.46,46.67,0.66,39.52,Medium,Medium,High,Black,100-300
150.5,832.0,97.14,27.89,10.07,2.45,43.3,18.95,8.59,45.04,0.65,40.13,Medium,Medium,High,Black,100-300
152.3,1326.0,97.16,27.02,11.28,2.38,47.08,18.53,8.43,54.28,0.72,39.46,Medium,Medium,High,Black,100-300
152.98,408.0,97.15,27.72,10.65,2.33,42.74,19.13,8.68,49.29,0.67,39.32,Medium,Medium,High,Black,100-300
162.18,1809.0,97.13,27.26,10.36,2.31,45.69,18.91,8.55,48.63,0.68,38.36,Medium,Medium,High,Black,100-300
160.55,1663.0,97.14,27.16,11.52,2.19,47.88,18.39,8.38,53.59,0.71,38.58,Medium,Medium,High,Black,100-300
167.9,1395.0,97.11,27.34,10.89,2.16,48.56,19.06,8.64,50.38,0.69,36.2,Medium,Medium,High,Black,100-300
168.9,1256.0,97.1,27.41,10.44,2.24,50.18,18.61,8.42,47.74,0.66,39.1,Medium,Medium,High,Black,100-300
172.8,1686.0,97.12,27.81,11.06,2.27,46.76,18.96,8.56,51.32,0.68,37.02,Medium,Medium,High,Black,100-300
171.5,1836.0,97.1,27.72,11.81,2.19,51.64,18.8,8.55,55.12,0.7,39.81,Medium,Medium,High,Black,100-300
171.7,1383.0,97.08,27.16,11.04,2.21,49.09,18.32,8.31,51.64,0.7,42.39,Medium,Medium,High,Black,100-300
178.83,1208.0,97.09,27.14,10.56,2.46,51.51,18.25,8.25,49.14,0.69,39.69,Medium,Medium,High,Black,100-300
177.47,267.0,97.1,26.67,11.78,2.41,53.54,17.18,7.79,56.31,0.72,42.14,Medium,Medium,High,Black,100-300
176.0,1347.0,97.21,27.69,11.06,2.45,51.17,18.45,8.35,52.01,0.68,41.15,Medium,Medium,High,Black,100-300
149.0,544.0,97.26,27.32,11.23,2.34,50.26,18.09,8.19,52.65,0.68,40.95,Medium,Medium,High,Black,100-300
141.0,1518.0,97.17,27.23,10.86,2.3,54.23,18.27,8.25,50.81,0.71,42.87,Medium,Medium,High,Black,100-300
96.41,752.0,97.16,27.43,10.71,2.23,45.86,18.77,8.45,48.95,0.68,41.99,Medium,Medium,High,Black,100-300
29.9,331.0,96.97,27.11,10.62,2.67,36.6,19.4,9.37,50.69,0.64,37.83,Medium,Medium,High,Black,100-300
28.5,375.0,96.94,27.64,9.61,2.62,33.79,19.79,9.59,42.58,0.63,37.71,Medium,Medium,High,Black,100-300
27.8,482.0,96.98,27.83,10.19,2.59,38.83,19.16,8.68,45.65,0.63,38.32,Medium,Medium,High,Black,100-300
20.9,569.0,97.04,27.89,10.22,2.75,35.56,19.21,8.71,46.12,0.63,39.52,Medium,Medium,High,Black,100-300
25.5,753.0,97.04,26.96,11.45,2.61,38.52,19.11,8.67,55.35,0.7,37.54,Medium,Medium,High,Black,100-300
26.88,528.0,97.04,27.32,11.02,2.59,40.31,19.21,8.72,51.65,0.67,36.05,Medium,Medium,High,Black,100-300
29.7,414.0,96.99,27.23,11.23,2.38,38.64,19.25,8.73,52.46,0.69,35.29,Medium,Medium,High,Black,100-300
31.2,442.0,96.99,27.45,10.51,2.55,39.67,18.89,8.52,48.33,0.64,37.76,Medium,Medium,High,Black,100-300
31.4,465.0,97.01,27.98,11.2,2.57,36.29,19.4,8.74,52.07,0.65,36.81,Medium,Medium,High,Black,100-300
28.4,335.0,96.97,27.18,11.04,2.48,37.19,18.82,8.5,51.97,0.67,38.5,Medium,Medium,High,Black,100-300
37.51,2051.0,96.99,27.03,10.74,2.72,40.62,18.79,8.46,50.26,0.66,37.88,Medium,Medium,High,Black,100-300
37.89,1046.0,96.99,26.29,11.82,2.66,44.57,17.82,8.06,57.78,0.72,38.36,Medium,Medium,High,Black,100-300
34.0,1088.0,97.14,27.37,11.33,2.5,40.17,18.69,8.43,52.99,0.66,38.27,Medium,Medium,High,Black,100-300
36.0,1417.0,97.07,27.37,10.75,2.52,43.55,18.64,8.42,50.3,0.66,40.4,Medium,Medium,High,Black,100-300
35.6,1400.0,97.05,27.52,10.77,2.49,40.81,18.8,8.46,49.73,0.65,37.75,Medium,Medium,High,Black,100-300
0.8,750.0,96.19,25.5,10.24,2.04,42.06,18.73,8.58,50.89,0.68,40.39,Medium,Low,High,Black,100-300
0.4,500.0,96.17,25.74,9.65,2.14,36.33,19.22,8.85,44.47,0.62,39.26,Medium,Low,High,Black,100-300
0.1,1000.0,96.24,25.18,10.9,2.04,48.94,18.19,8.2,52.3,0.68,40.07,Medium,Low,High,Black,100-300
0.1,1000.0,96.29,25.29,11.17,2.05,50.32,17.88,8.07,57.19,0.7,42.3,Medium,Low,High,Black,100-300
0.04,750.0,96.28,25.2,10.81,2.01,47.52,18.48,8.28,54.73,0.7,39.42,Medium,Low,High,Black,100-300
0.29,345.0,96.27,26.26,10.93,2.04,47.72,18.18,8.21,51.55,0.64,39.06,Medium,Low,High,Black,100-300
0.5,600.0,96.25,25.26,11.01,1.91,47.33,18.26,8.18,54.71,0.68,39.59,Medium,Low,High,Black,100-300
0.3,667.0,96.25,26.46,10.57,2.01,43.81,18.76,8.4,51.28,0.63,38.26,Medium,Low,High,Black,100-300
0.4,750.0,96.25,26.47,11.08,1.85,49.05,18.66,8.39,53.45,0.67,40.58,Medium,Low,High,Black,100-300
0.4,500.0,96.23,25.24,11.28,1.84,45.76,18.08,8.14,55.97,0.69,42.87,Medium,Low,High,Black,100-300
0.78,769.0,96.22,25.25,10.63,2.03,47.95,18.19,8.14,53.84,0.69,42.89,Medium,Low,High,Black,100-300
0.98,1337.0,96.24,24.84,11.82,1.92,50.97,17.55,7.89,60.24,0.73,43.05,Medium,Low,High,Black,100-300
11.0,1000.0,96.33,25.34,11.28,1.99,48.95,18.19,8.18,56.99,0.64,43.84,Medium,Low,High,Black,100-300
2.0,1000.0,96.39,25.48,11.52,1.92,48.34,18.09,8.11,56.79,0.65,41.62,Medium,Low,High,Black,100-300
1.7,1435.0,96.28,26.56,10.59,1.98,44.85,18.59,8.32,49.69,0.63,43.2,Medium,Low,High,Black,100-300
115.07,862.0,95.74,26.52,9.83,2.48,37.48,19.74,8.81,45.63,0.55,39.29,Medium,Medium,High,Mixed Red & Black,50-100
122.54,591.0,95.73,25.83,9.52,2.39,37.3,19.71,8.77,45.06,0.54,39.58,Medium,Medium,High,Mixed Red & Black,50-100
123.12,711.0,95.71,26.33,10.51,2.39,37.39,19.14,8.56,49.3,0.58,38.67,Medium,Medium,High,Mixed Red & Black,50-100
120.3,760.0,95.69,26.3,10.06,2.37,36.76,19.58,8.75,47.3,0.55,37.9,Medium,Medium,High,Mixed Red & Black,50-100
122.3,1052.0,95.69,25.93,9.97,2.47,39.78,19.11,8.52,46.7,0.54,38.3,Medium,Medium,High,Mixed Red & Black,50-100
120.0,959.0,95.71,27.06,9.95,2.5,36.43,19.67,8.76,45.94,0.52,36.93,Medium,Medium,High,Mixed Red & Black,50-100
119.8,1250.0,95.68,26.67,10.77,2.41,38.93,19.43,8.68,51.05,0.57,39.19,Medium,Medium,High,Mixed Red & Black,50-100
120.2,800.0,95.67,25.57,10.71,2.36,36.52,19.13,8.55,52.36,0.6,41.38,Medium,Medium,High,Mixed Red & Black,50-100
126.24,1572.0,95.69,25.23,10.02,2.48,39.05,18.95,8.44,48.98,0.58,41.05,Medium,Medium,High,Mixed Red & Black,50-100
138.0,812.0,95.8,25.92,10.29,2.45,36.1,19.25,8.59,50.93,0.57,40.29,Medium,Medium,High,Mixed Red & Black,50-100
144.0,722.0,95.83,25.97,10.21,2.5,37.68,18.92,8.43,49.1,0.55,40.78,Medium,Medium,High,Mixed Red & Black,50-100
134.0,1336.0,95.75,26.17,9.99,2.44,46.15,19.05,8.48,46.85,0.55,41.49,Medium,Medium,High,Mixed Red & Black,50-100
0.2,500.0,95.54,25.34,10.22,2.28,41.49,18.7,8.69,51.69,0.71,40.64,Medium,Low,Medium,Black,100-300
0.04,500.0,95.61,26.1,10.43,2.2,40.98,19.01,8.59,51.65,0.68,41.21,Medium,Low,Medium,Black,100-300
0.05,400.0,95.6,25.63,10.28,2.23,43.49,19.05,8.57,51.75,0.71,39.42,Medium,Low,Medium,Black,100-300
0.09,333.0,95.6,26.01,11.04,2.13,44.68,18.57,8.42,53.23,0.71,39.21,Medium,Low,Medium,Black,100-300
2.1,524.0,95.57,25.61,10.58,2.11,46.3,18.67,8.42,52.02,0.7,39.63,Medium,Low,Medium,Black,100-300
2.5,360.0,95.58,26.41,10.68,2.19,42.41,19.02,8.57,52.18,0.69,37.72,Medium,Low,Medium,Black,100-300
3.1,387.0,95.55,25.53,10.99,2.1,43.6,18.36,8.31,55.15,0.72,43.37,Medium,Low,Medium,Black,100-300
2.87,338.0,95.55,25.63,10.27,2.33,46.56,18.32,8.26,51.13,0.7,41.22,Medium,Low,Medium,Black,100-300
9.47,167.0,95.56,25.21,11.54,2.3,48.62,17.47,7.9,58.16,0.72,43.27,Medium,Low,Medium,Black,100-300
14.0,1143.0,95.66,25.8,10.94,2.36,46.68,18.63,8.41,55.36,0.69,43.5,Medium,Low,Medium,Black,100-300
5.0,400.0,95.72,26.0,10.93,2.27,46.2,18.08,8.17,53.88,0.68,42.16,Medium,Low,Medium,Black,100-300
4.0,1000.0,95.62,26.07,10.66,2.17,47.94,18.3,8.24,51.63,0.71,42.95,Medium,Low,Medium,Black,100-300
2.1,729.0,95.61,26.73,10.19,2.21,44.23,18.57,8.35,47.4,0.65,43.22,Medium,Low,Medium,Black,100-300
1.4,500.0,94.0,24.39,11.06,1.98,52.87,17.75,7.99,58.05,0.59,40.75,Medium,Medium,Medium,Red,25-50
1.2,450.0,94.0,23.88,11.13,1.87,46.68,18.78,8.42,57.77,0.56,39.15,Medium,Medium,Medium,Red,25-50
1.27,504.0,93.99,24.12,10.81,1.89,50.02,18.38,8.22,56.67,0.59,39.0,Medium,Medium,Medium,Red,25-50
1.32,485.0,93.99,24.92,11.05,1.94,49.64,18.12,8.16,54.45,0.52,38.0,Medium,Medium,Medium,Red,25-50
1.8,333.0,93.97,24.29,11.02,1.9,50.4,18.32,8.22,56.24,0.57,37.3,Medium,Medium,Medium,Red,25-50
1.2,583.0,93.97,25.53,11.0,1.85,52.36,18.71,8.39,54.43,0.53,38.98,Medium,Medium,Medium,Red,25-50
2.5,320.0,93.94,24.06,11.34,1.77,51.43,18.0,8.08,57.96,0.57,41.21,Medium,Medium,Medium,Red,25-50
4.66,933.0,93.93,24.15,10.6,1.94,52.12,18.24,8.13,55.75,0.56,42.43,Medium,Medium,Medium,Red,25-50
13.0,1231.0,94.04,23.89,11.55,1.91,52.97,18.16,8.15,60.79,0.57,42.47,Medium,Medium,Medium,Red,25-50
6.0,500.0,94.1,24.42,11.53,1.84,51.03,18.08,8.08,59.04,0.55,40.7,Medium,Medium,Medium,Red,25-50
6.0,1333.0,94.0,24.71,11.28,1.8,56.7,17.78,7.95,56.99,0.58,39.47,Medium,Medium,Medium,Red,25-50
5.7,774.0,94.0,25.06,10.87,1.78,44.75,18.61,8.31,54.12,0.57,40.67,Medium,Medium,Medium,Red,25-50
0.1,1000.0,96.82,26.78,11.06,2.07,43.05,18.72,8.79,54.02,0.7,40.24,Low,Low,High,Black,100-300
0.1,1000.0,96.9,27.45,10.89,2.12,51.66,18.68,8.47,50.21,0.66,38.8,Low,Low,High,Black,100-300
0.1,1000.0,96.92,26.97,11.83,2.07,57.15,18.02,8.21,57.06,0.72,40.64,Low,Low,High,Black,100-300
15.7,1408.0,95.83,26.81,10.97,2.51,43.9,19.26,9.33,54.32,0.66,37.88,Low,Low,High,Black,100-300
20.4,1201.0,95.79,27.31,10.26,2.43,41.24,19.6,9.48,47.14,0.64,34.89,Low,Low,High,Black,100-300
25.2,1393.0,95.85,27.48,11.02,2.43,52.77,18.58,8.47,51.6,0.64,35.34,Low,Low,High,Black,100-300
32.0,1519.0,95.89,28.25,10.62,2.57,47.29,19.14,8.72,48.22,0.63,36.54,Low,Low,High,Black,100-300
117.7,1576.0,95.89,28.28,11.11,2.59,52.22,19.15,8.71,51.69,0.64,35.65,Low,Low,High,Black,100-300
129.3,800.0,95.9,27.73,11.13,2.47,46.54,19.57,8.91,51.77,0.63,35.02,Low,Low,High,Black,100-300
131.1,867.0,95.9,26.72,12.14,2.33,51.08,18.71,8.51,58.84,0.7,35.96,Low,Low,High,Black,100-300
114.0,1780.0,95.85,27.41,11.3,2.35,50.96,19.33,8.77,53.81,0.66,33.95,Low,Low,High,Black,100-300
137.4,902.0,95.86,28.16,11.18,2.44,49.44,19.23,8.68,51.53,0.64,33.94,Low,Low,High,Black,100-300
148.3,1601.0,95.84,27.79,12.34,2.39,55.39,18.43,8.4,58.07,0.71,37.86,Low,Low,High,Black,100-300
146.7,1392.0,95.83,27.37,11.47,2.41,49.62,18.88,8.54,54.17,0.65,36.61,Low,Low,High,Black,100-300
150.5,1905.0,95.84,27.82,10.89,2.55,52.92,18.74,8.46,50.72,0.65,34.89,Low,Low,High,Black,100-300
170.0,1094.0,95.84,27.24,12.09,2.59,53.66,17.74,8.04,58.21,0.69,34.82,Low,Low,High,Black,100-300
137.7,279.0,95.95,28.08,11.53,2.45,52.74,18.66,8.45,52.92,0.62,36.1,Low,Low,High,Black,100-300
165.1,478.0,95.99,28.37,11.42,2.44,50.41,18.82,8.51,51.19,0.62,37.24,Low,Low,High,Black,100-300
171.6,1072.0,95.91,28.0,11.05,2.42,52.33,18.68,8.43,51.08,0.65,36.24,Low,Low,High,Black,100-300
175.8,1134.0,95.9,28.39,10.64,2.39,49.62,19.25,8.65,48.19,0.62,35.11,Low,Low,High,Black,100-300
2.4,1458.0,97.24,27.29,12.21,2.64,44.86,18.77,9.08,57.47,0.69,36.77,Medium,Low,High,Black,100-300
2.4,1292.0,97.21,27.32,10.97,2.81,36.6,19.4,9.37,52.17,0.64,36.96,Medium,Low,High,Black,100-300
2.0,1100.0,97.18,27.78,10.11,2.79,33.79,19.79,9.59,45.4,0.63,36.94,Medium,Low,High,Black,100-300
2.1,905.0,97.22,27.56,10.82,2.71,38.83,19.16,8.68,49.85,0.64,37.2,Medium,Low,High,Black,100-300
1.6,1563.0,97.28,27.9,10.71,2.86,35.56,19.21,8.71,48.88,0.65,39.65,Medium,Low,High,Black,100-300
1.4,1500.0,97.28,27.11,11.88,2.71,38.52,19.11,8.67,57.15,0.7,37.63,Medium,Low,High,Black,100-300
4.0,1275.0,97.28,27.36,11.46,2.71,40.31,19.21,8.72,54.05,0.67,35.73,Medium,Low,High,Black,100-300
6.3,1397.0,97.26,26.75,11.23,2.61,38.36,19.38,8.75,53.99,0.7,36.29,Medium,Low,High,Black,100-300
9.3,925.0,97.26,27.13,12.01,2.61,39.62,18.74,8.51,57.1,0.7,36.45,Medium,Low,High,Black,100-300
16.2,1383.0,97.22,27.28,11.74,2.5,38.64,19.25,8.73,55.25,0.7,34.91,Medium,Low,High,Black,100-300
33.1,1618.0,97.21,27.45,12.73,2.53,43.83,18.89,8.59,59.76,0.7,37.92,Medium,Low,High,Black,100-300
32.3,1781.0,97.2,27.28,11.36,2.63,37.19,18.82,8.5,53.59,0.67,37.72,Medium,Low,High,Black,100-300
24.4,2017.0,97.22,27.16,11.13,2.83,40.62,18.79,8.46,52.25,0.65,37.13,Medium,Low,High,Black,100-300
27.5,971.0,97.33,27.56,11.63,2.66,39.26,18.87,8.53,54.78,0.66,37.75,Medium,Low,High,Black,100-300
27.6,949.0,97.37,27.45,11.78,2.61,40.17,18.69,8.43,54.96,0.66,36.78,Medium,Low,High,Black,100-300
28.0,1639.0,97.31,27.47,11.13,2.64,43.55,18.64,8.42,52.13,0.66,38.92,Medium,Low,High,Black,100-300
27.17,1439.0,97.28,27.7,11.11,2.59,40.81,18.8,8.46,51.36,0.65,36.58,Medium,Low,High,Black,100-300
57.3,1529.0,95.43,27.11,12.02,2.49,46.33,18.79,9.12,57.82,0.7,36.26,Low,Low,High,Black,100-300
81.9,1061.0,95.36,27.0,10.03,2.53,38.28,19.81,9.53,46.32,0.63,35.18,Low,Low,High,Black,100-300
83.3,1491.0,95.41,27.08,10.87,2.49,49.17,18.73,8.53,51.4,0.64,35.2,Low,Low,High,Black,100-300
91.1,1292.0,95.46,27.87,10.41,2.66,45.16,19.04,8.67,47.79,0.62,37.0,Low,Low,High,Black,100-300
113.3,1358.0,95.46,27.62,11.09,2.65,49.22,18.93,8.62,52.76,0.65,36.38,Low,Low,High,Black,100-300
185.1,890.0,95.47,27.45,10.9,2.53,43.54,19.6,8.92,51.2,0.62,35.06,Low,Low,High,Black,100-300
196.6,950.0,95.44,26.66,11.13,2.56,46.6,18.9,8.6,54.5,0.68,35.67,Low,Low,High,Black,100-300
204.8,1235.0,95.46,26.4,11.98,2.39,48.99,18.73,8.53,58.28,0.69,36.16,Low,Low,High,Black,100-300
206.9,1606.0,95.41,27.07,11.12,2.41,47.66,19.22,8.72,53.24,0.65,34.22,Low,Low,High,Black,100-300
222.6,360.0,95.42,27.79,11.03,2.51,46.27,19.13,8.64,51.53,0.64,34.27,Low,Low,High,Black,100-300
209.2,1428.0,95.4,27.35,12.21,2.45,50.64,18.63,8.49,58.29,0.71,37.92,Low,Low,High,Black,100-300
219.1,1326.0,95.4,26.86,11.38,2.42,47.61,18.76,8.51,54.53,0.65,37.22,Low,Low,High,Black,100-300
200.3,1688.0,95.4,27.17,10.85,2.6,49.79,18.67,8.44,51.72,0.65,35.41,Low,Low,High,Black,100-300
276.3,841.0,95.4,26.69,11.94,2.66,50.48,17.73,8.04,58.57,0.7,35.49,Low,Low,High,Black,100-300
296.5,409.0,95.51,27.67,11.35,2.53,50.33,18.55,8.41,53.02,0.62,36.61,Low,Low,High,Black,100-300
302.3,556.0,95.56,27.65,11.41,2.48,48.2,18.79,8.5,52.62,0.62,37.37,Low,Low,High,Black,100-300
300.8,1483.0,95.48,27.3,11.02,2.48,50.45,18.76,8.47,52.13,0.66,37.03,Low,Low,High,Black,100-300
46.3,959.0,95.34,25.46,10.29,2.34,44.38,18.61,8.42,51.8,0.66,41.02,High,Low,High,Black,100-300
58.36,874.0,95.34,25.99,9.92,2.28,40.2,19.15,8.65,48.02,0.64,40.83,High,Low,High,Black,100-300
42.29,1031.0,95.32,25.51,9.72,2.29,40.98,19.2,8.63,47.99,0.65,38.57,High,Low,High,Black,100-300
45.76,989.0,95.32,26.02,10.45,2.26,43.11,18.72,8.47,49.89,0.66,38.51,High,Low,High,Black,100-300
48.5,1074.0,95.3,25.48,10.19,2.21,40.1,19.09,8.61,49.65,0.66,37.11,High,Low,High,Black,100-300
53.3,1114.0,95.3,25.04,10.43,2.17,44.67,18.61,8.39,51.38,0.68,38.88,High,Low,High,Black,100-300
65.2,1118.0,95.31,26.67,10.13,2.33,41.5,19.1,8.61,48.72,0.62,37.83,High,Low,High,Black,100-300
65.8,1249.0,95.3,26.24,10.64,2.19,44.54,19.02,8.6,52.11,0.66,40.33,High,Low,High,Black,100-300
74.2,1135.0,95.28,25.18,10.72,2.16,39.91,18.59,8.41,53.78,0.71,43.93,High,Low,High,Black,100-300
118.84,2085.0,95.28,25.29,9.79,2.38,43.51,18.53,8.34,48.63,0.65,42.12,High,Low,High,Black,100-300
162.86,936.0,95.3,24.56,11.09,2.26,46.13,17.69,7.98,56.66,0.69,43.17,High,Low,High,Black,100-300
145.0,1324.0,95.44,25.14,10.68,2.33,42.83,18.33,8.27,53.89,0.66,41.45,High,Low,High,Black,100-300
140.8,1030.0,95.34,26.39,9.79,2.31,43.25,18.67,8.4,45.46,0.61,42.88,High,Low,High,Black,100-300
10.4,731.0,96.75,27.09,11.37,2.49,43.34,18.97,8.61,55.08,0.7,38.76,Medium,Medium,High,Black,100-300
14.21,487.0,96.75,27.5,10.9,2.45,42.08,19.43,8.82,50.94,0.65,37.03,Medium,Medium,High,Black,100-300
13.08,649.0,96.73,27.0,10.68,2.39,42.43,19.15,8.66,51.17,0.67,37.16,Medium,Medium,High,Black,100-300
13.13,734.0,96.74,26.93,11.78,2.23,45.27,18.65,8.48,55.79,0.71,37.74,Medium,Medium,High,Black,100-300
14.3,594.0,96.7,27.19,11.16,2.23,44.44,19.22,8.71,52.47,0.68,35.8,Medium,Medium,High,Black,100-300
14.3,657.0,96.7,27.6,10.52,2.37,45.14,18.75,8.47,48.36,0.64,38.33,Medium,Medium,High,Black,100-300
15.1,695.0,96.71,27.93,11.14,2.39,41.7,19.2,8.65,51.76,0.66,36.31,Medium,Medium,High,Black,100-300
15.1,715.0,96.69,27.57,12.15,2.28,46.73,18.95,8.62,57.26,0.7,39.04,Medium,Medium,High,Black,100-300
14.9,530.0,96.68,27.02,11.2,2.27,42.99,18.6,8.41,52.95,0.68,39.26,Medium,Medium,High,Black,100-300
17.18,969.0,96.69,26.96,10.87,2.51,46.32,18.58,8.39,51.53,0.68,37.52,Medium,Medium,High,Black,100-300
18.3,1431.0,96.69,26.58,11.93,2.54,48.74,17.58,7.96,58.06,0.73,39.38,Medium,Medium,High,Black,100-300
27.0,630.0,96.8,27.72,11.23,2.47,45.02,18.73,8.47,52.76,0.65,39.48,Medium,Medium,High,Black,100-300
19.0,526.0,96.85,27.17,11.54,2.33,44.85,18.49,8.35,54.45,0.67,39.19,Medium,Medium,High,Black,100-300
14.0,1500.0,96.77,27.16,10.9,2.35,48.48,18.6,8.39,51.51,0.7,40.32,Medium,Medium,High,Black,100-300
15.0,1672.0,96.76,27.1,10.98,2.28,44.11,19.0,8.54,51.66,0.68,38.82,Medium,Medium,High,Black,100-300
11.2,759.0,97.43,27.16,10.65,2.65,39.94,18.76,8.43,49.15,0.64,37.66,Medium,Low,High,Black,100-300
14.4,681.0,97.46,27.71,11.31,2.61,35.81,19.41,8.71,52.32,0.65,34.97,Medium,Low,High,Black,100-300
15.6,821.0,97.42,27.51,12.15,2.49,40.51,18.99,8.58,56.4,0.68,37.88,Medium,Low,High,Black,100-300
17.1,702.0,97.41,27.27,11.05,2.61,37.0,18.69,8.41,51.45,0.67,36.78,Medium,Low,High,Black,100-300
16.21,974.0,97.43,26.85,10.78,2.79,40.13,18.71,8.39,50.21,0.65,36.76,Medium,Low,High,Black,100-300
16.99,517.0,97.44,26.16,11.83,2.66,43.73,17.75,7.99,57.52,0.72,37.71,Medium,Low,High,Black,100-300
55.0,1818.0,97.55,27.39,11.17,2.62,37.08,18.93,8.51,52.56,0.66,38.51,Medium,Low,High,Black,100-300
23.0,913.0,97.58,27.28,11.26,2.6,39.04,18.54,8.32,52.24,0.66,36.0,Medium,Low,High,Black,100-300
20.0,1300.0,97.52,27.23,10.92,2.57,42.55,18.47,8.3,50.89,0.67,38.91,Medium,Low,High,Black,100-300
137.32,588.0,95.64,25.22,11.27,2.41,47.29,17.48,7.89,56.52,0.73,41.81,Medium,Medium,High,Black,100-300
133.0,1286.0,95.71,26.12,10.45,2.42,45.58,18.42,8.28,50.14,0.7,42.5,Medium,Medium,High,Black,100-300
113.39,1300.0,95.69,26.88,9.95,2.47,45.09,18.58,8.34,45.94,0.64,43.01,Medium,Medium,High,Black,100-300
