YEAR,DISTRICT,AREA,YIELD,PS,TS,QV2M,WS2M,T2M_MAX,T2M_MIN,ALLSKY_KT,CLOUD_AMT,PRECTOTCORR,ALLSKY_SFC_UVA,ALLSKY_SFC_UVB,ALLSKY_SFC_SW_DWN,ALLSKY_SFC_PAR_TOT,Nitrogen(N),Phosphorous(P),Potassium(K),Soil Type,Soil Depth
2001,Jabalpur,7.2,944.0,95.32,25.4,10.81,2.13,46.28,5.87,0.56,47.73,3.74,1.08,0.03,18.48,8.4,Medium ,Low,High,Black,100-300
2002,Jabalpur,0.2,1000.0,95.35,26.19,10.22,2.29,45.91,6.11,0.56,44.36,3.03,1.08,0.03,18.68,8.47,Medium ,Low,High,Black,100-300
2003,Jabalpur,0.7,1286.0,95.38,25.64,11.14,2.21,46.7,5.21,0.55,48.43,4.63,1.06,0.03,18.19,8.27,Medium ,Low,High,Black,100-300
2004,Jabalpur,0.74,1365.0,95.38,25.53,10.9,2.08,45.31,5.88,0.57,43.18,3.18,1.1,0.03,18.94,8.58,Medium ,Low,High,Black,100-300
2005,Jabalpur,0.87,885.0,95.36,25.33,10.74,2.06,45.2,6.25,0.56,46.17,4.72,1.08,0.03,18.69,8.44,Medium ,Low,High,Black,100-300
2006,Jabalpur,2.24,969.0,95.36,26.16,11.1,2.1,45.24,6.45,0.55,47.13,2.77,1.07,0.03,18.31,8.33,Medium ,Low,High,Black,100-300
2007,Jabalpur,5.6,625.0,95.35,25.6,10.81,2.06,45.57,7.7,0.56,45.13,3.06,1.08,0.03,18.66,8.44,Medium ,Low,High,Black,100-300
2008,Jabalpur,3.9,1231.0,95.33,25.47,10.79,2.0,43.98,4.33,0.56,46.29,3.4,1.06,0.03,18.48,8.35,Medium ,Low,High,Black,100-300
2009,Jabalpur,2.8,1143.0,95.34,26.53,10.66,2.04,45.51,8.28,0.57,43.44,3.48,1.09,0.03,18.9,8.53,Medium ,Low,High,Black,100-300
2010,Jabalpur,4.2,1381.0,95.33,26.42,11.26,1.95,46.53,5.54,0.57,47.54,3.96,1.09,0.03,18.81,8.53,Medium ,Low,High,Black,100-300
2011,Jabalpur,5.5,927.0,95.32,25.45,11.2,2.0,44.83,2.45,0.55,44.54,4.32,1.06,0.03,18.33,8.32,Medium ,Low,High,Black,100-300
2012,Jabalpur,15.99,1335.0,95.31,25.4,10.58,2.13,46.31,4.04,0.55,46.65,3.74,1.05,0.03,18.26,8.25,Medium ,Low,High,Black,100-300
2013,Jabalpur,43.14,276.0,95.32,25.07,11.84,2.09,46.59,3.27,0.53,49.45,5.54,1.02,0.03,17.52,7.93,Medium ,Low,High,Black,100-300
2014,Jabalpur,43.0,1186.0,95.42,25.48,11.41,2.16,47.36,4.5,0.56,47.0,3.08,1.07,0.03,18.53,8.4,Medium ,Low,High,Black,100-300
2015,Jabalpur,15.0,667.0,95.48,25.6,11.55,2.06,45.52,4.95,0.55,47.9,2.95,1.04,0.03,18.16,8.21,Medium ,Low,High,Black,100-300
2016,Jabalpur,3.0,1000.0,95.38,26.0,11.09,2.03,46.06,4.4,0.55,49.28,3.67,1.04,0.03,18.1,8.17,Medium ,Low,High,Black,100-300
2017,Jabalpur,7.0,477.0,95.37,26.46,10.69,1.99,45.96,3.75,0.56,44.3,2.48,1.07,0.03,18.6,8.38,Medium ,Low,High,Black,100-300
2001,Balaghat,0.2,1000.0,95.48,25.81,11.14,2.04,46.39,7.36,0.53,56.46,3.69,1.05,0.03,17.93,8.15,Medium ,Medium,Medium,Black,100-300
2002,Balaghat,0.2,1000.0,95.51,26.57,10.53,2.2,45.63,7.43,0.56,51.66,2.93,1.09,0.03,18.68,8.47,Medium ,Medium,Medium,Black,100-300
2003,Balaghat,0.1,2000.0,95.53,26.13,11.46,2.14,47.03,6.26,0.54,57.15,4.38,1.07,0.03,18.02,8.21,Medium ,Medium,Medium,Black,100-300
2004,Balaghat,0.13,1231.0,95.54,26.09,11.16,2.0,45.16,6.6,0.56,49.57,2.97,1.1,0.03,18.87,8.55,Medium ,Medium,Medium,Black,100-300
2005,Balaghat,0.12,1417.0,95.52,25.75,11.04,2.03,45.48,7.21,0.54,54.29,4.46,1.06,0.03,18.16,8.21,Medium ,Medium,Medium,Black,100-300
2006,Balaghat,0.1,1300.0,95.52,26.37,11.54,2.02,45.36,7.23,0.54,52.09,3.3,1.07,0.03,18.21,8.27,Medium ,Medium,Medium,Black,100-300
2007,Balaghat,0.1,1000.0,95.5,26.17,11.06,2.01,44.87,8.6,0.55,52.24,3.45,1.07,0.03,18.48,8.36,Medium ,Medium,Medium,Black,100-300
2008,Balaghat,0.1,1000.0,95.49,25.93,10.99,1.96,44.59,6.07,0.55,52.93,3.26,1.06,0.03,18.33,8.28,Medium ,Medium,Medium,Black,100-300
2009,Balaghat,0.1,1000.0,95.49,27.03,10.95,2.0,45.73,8.55,0.56,50.12,3.35,1.09,0.03,18.85,8.48,Medium ,Medium,Medium,Black,100-300
2010,Balaghat,0.1,1000.0,95.49,26.9,11.58,1.96,46.19,6.22,0.54,54.92,4.13,1.07,0.03,18.26,8.28,Medium ,Medium,Medium,Black,100-300
2011,Balaghat,0.1,2000.0,95.48,25.78,11.48,1.93,44.37,4.37,0.54,49.4,4.04,1.05,0.03,18.23,8.24,Medium ,Medium,Medium,Black,100-300
2012,Balaghat,0.04,1500.0,95.46,25.97,10.84,2.08,46.06,4.94,0.53,53.06,4.0,1.03,0.03,17.86,8.05,Medium ,Medium,Medium,Black,100-300
2013,Balaghat,0.05,600.0,95.47,25.81,12.0,2.02,46.89,6.24,0.51,55.83,5.34,1.0,0.03,17.17,7.78,Medium ,Medium,Medium,Black,100-300
2014,Balaghat,0.0,0.0,95.58,26.01,11.63,2.12,47.2,5.87,0.54,55.2,3.25,1.04,0.03,18.0,8.14,Medium ,Medium,Medium,Black,100-300
2015,Balaghat,0.0,0.0,95.64,25.92,11.92,1.99,46.02,6.3,0.54,53.33,3.39,1.03,0.03,18.03,8.12,Medium ,Medium,Medium,Black,100-300
2016,Balaghat,0.0,0.0,95.54,26.59,11.28,2.0,45.99,5.67,0.53,55.55,3.06,1.03,0.03,17.9,8.06,Medium ,Medium,Medium,Black,100-300
2017,Balaghat,0.01,1000.0,95.53,26.97,10.92,1.92,45.75,5.6,0.56,46.19,2.74,1.07,0.03,18.76,8.42,Medium ,Medium,Medium,Black,100-300
2001,Chhindwara,90.3,748.0,93.68,24.9,10.6,2.27,44.57,6.85,0.55,50.33,3.03,1.08,0.03,18.33,8.33,Medium ,Medium,High,Black,100-300
2002,Chhindwara,100.7,741.0,93.72,25.77,10.1,2.42,44.51,7.34,0.56,45.98,2.73,1.09,0.03,18.71,8.48,Medium ,Medium,High,Black,100-300
2003,Chhindwara,109.6,1448.0,93.73,25.29,10.98,2.35,45.02,5.84,0.54,49.48,3.77,1.07,0.03,18.2,8.27,Medium ,Medium,High,Black,100-300
2004,Chhindwara,140.09,836.0,93.74,25.68,10.43,2.27,44.27,6.64,0.57,44.71,2.43,1.11,0.03,18.99,8.6,Medium ,Medium,High,Black,100-300
2005,Chhindwara,128.63,891.0,93.72,25.05,10.43,2.28,43.94,7.41,0.56,48.05,3.62,1.09,0.03,18.67,8.43,Medium ,Medium,High,Black,100-300
2006,Chhindwara,139.8,1365.0,93.73,25.25,11.29,2.18,44.04,6.9,0.55,49.42,4.3,1.07,0.03,18.25,8.31,Medium ,Medium,High,Black,100-300
2007,Chhindwara,144.6,1498.0,93.7,25.51,10.49,2.18,42.99,8.96,0.56,47.47,2.99,1.1,0.03,18.84,8.52,Medium ,Medium,High,Black,100-300
2008,Chhindwara,147.9,1193.0,93.69,25.17,10.44,2.18,42.7,5.46,0.55,47.52,2.66,1.07,0.03,18.51,8.36,Medium ,Medium,High,Black,100-300
2009,Chhindwara,157.2,1692.0,93.7,25.95,10.66,2.25,44.1,7.86,0.56,45.15,3.17,1.09,0.03,18.87,8.51,Medium ,Medium,High,Black,100-300
2010,Chhindwara,161.6,1786.0,93.69,25.85,11.38,2.15,44.92,6.57,0.56,49.7,3.64,1.09,0.03,18.68,8.47,Medium ,Medium,High,Black,100-300
2011,Chhindwara,184.7,1737.0,93.67,25.11,10.88,2.14,43.45,4.19,0.55,45.48,3.33,1.06,0.03,18.29,8.28,Medium ,Medium,High,Black,100-300
2012,Chhindwara,153.73,2488.0,93.67,25.18,10.36,2.4,43.57,6.08,0.55,48.18,3.46,1.05,0.03,18.21,8.21,Medium ,Medium,High,Black,100-300
2013,Chhindwara,150.01,769.0,93.67,25.03,11.53,2.31,45.13,6.39,0.51,50.85,4.58,1.0,0.03,17.21,7.79,Medium ,Medium,High,Black,100-300
2014,Chhindwara,99.0,1172.0,93.78,25.6,10.93,2.4,45.7,5.93,0.55,49.01,2.75,1.07,0.03,18.5,8.37,Medium ,Medium,High,Black,100-300
2015,Chhindwara,96.0,885.0,93.84,25.11,11.38,2.3,44.06,6.03,0.54,48.96,3.68,1.04,0.03,18.06,8.15,Medium ,Medium,High,Black,100-300
2016,Chhindwara,73.0,1315.0,93.74,25.79,10.65,2.27,44.42,5.38,0.55,50.02,3.42,1.05,0.03,18.22,8.21,Medium ,Medium,High,Black,100-300
2017,Chhindwara,28.0,1784.0,93.74,25.86,10.47,2.15,44.54,5.3,0.57,42.66,2.56,1.08,0.03,18.88,8.49,Medium ,Medium,High,Black,100-300
2001,Narsinghpur,92.0,1686.0,96.39,26.23,10.59,2.13,47.07,6.53,0.55,50.33,3.06,1.08,0.03,18.33,8.33,Medium ,Medium,High,Mixed Red & Black,50-100
2002,Narsinghpur,70.3,957.0,96.41,27.19,10.03,2.28,46.81,5.98,0.56,45.98,2.81,1.09,0.03,18.71,8.48,Medium ,Medium,High,Mixed Red & Black,50-100
2003,Narsinghpur,62.2,1891.0,96.44,26.37,11.15,2.19,47.25,6.01,0.54,49.48,4.0,1.07,0.03,18.2,8.27,Medium ,Medium,High,Mixed Red & Black,50-100
2004,Narsinghpur,60.19,1720.0,96.43,26.95,10.52,2.16,46.53,5.8,0.57,44.71,2.74,1.11,0.03,18.99,8.6,Medium ,Medium,High,Mixed Red & Black,50-100
2005,Narsinghpur,53.15,1722.0,96.42,26.45,10.43,2.13,46.01,6.61,0.56,48.05,3.94,1.09,0.03,18.67,8.43,Medium ,Medium,High,Mixed Red & Black,50-100
2006,Narsinghpur,52.65,1583.0,96.42,26.66,11.34,2.05,46.18,6.67,0.55,49.42,4.93,1.07,0.03,18.25,8.31,Medium ,Medium,High,Mixed Red & Black,50-100
2007,Narsinghpur,63.0,1294.0,96.4,26.63,10.68,2.03,45.74,8.62,0.56,47.47,3.15,1.1,0.03,18.84,8.52,Medium ,Medium,High,Mixed Red & Black,50-100
2008,Narsinghpur,75.0,1552.0,96.4,26.32,10.68,2.0,44.52,4.71,0.55,47.52,2.8,1.07,0.03,18.51,8.36,Medium ,Medium,High,Mixed Red & Black,50-100
2009,Narsinghpur,79.7,1868.0,96.4,27.02,10.89,2.05,46.27,8.37,0.56,45.15,3.47,1.09,0.03,18.87,8.51,Medium ,Medium,High,Mixed Red & Black,50-100
2010,Narsinghpur,71.0,1948.0,96.39,26.94,11.45,1.97,47.04,5.9,0.56,49.7,3.14,1.09,0.03,18.68,8.47,Medium ,Medium,High,Mixed Red & Black,50-100
2011,Narsinghpur,99.2,1571.0,96.38,26.38,11.07,2.04,46.01,2.77,0.55,45.48,4.17,1.06,0.03,18.29,8.28,Medium ,Medium,High,Mixed Red & Black,50-100
2012,Narsinghpur,94.14,1789.0,96.37,26.37,10.44,2.21,46.2,4.51,0.55,48.18,3.6,1.05,0.03,18.21,8.21,Medium ,Medium,High,Mixed Red & Black,50-100
2013,Narsinghpur,101.85,394.0,96.38,26.04,11.78,2.14,47.3,3.58,0.51,50.85,4.9,1.0,0.03,17.21,7.79,Medium ,Medium,High,Mixed Red & Black,50-100
2014,Narsinghpur,85.0,1306.0,96.48,26.7,11.15,2.24,48.14,4.89,0.55,49.01,2.95,1.07,0.03,18.5,8.37,Medium ,Medium,High,Mixed Red & Black,50-100
2015,Narsinghpur,68.0,721.0,96.54,26.52,11.41,2.14,47.26,5.06,0.54,48.96,3.53,1.04,0.03,18.06,8.15,Medium ,Medium,High,Mixed Red & Black,50-100
2016,Narsinghpur,52.0,1385.0,96.44,26.9,10.83,2.1,47.31,5.14,0.55,50.02,4.12,1.05,0.03,18.22,8.21,Medium ,Medium,High,Mixed Red & Black,50-100
2017,Narsinghpur,43.5,313.0,96.43,27.17,10.58,2.07,47.07,3.63,0.57,42.66,2.45,1.08,0.03,18.88,8.49,Medium ,Medium,High,Mixed Red & Black,50-100
2001,Seoni,67.5,1110.0,94.53,25.34,10.88,2.19,45.6,6.97,0.55,50.8,3.38,1.08,0.03,18.3,8.3,Medium ,Medium,Medium,Black,100-300
2002,Seoni,67.6,914.0,94.57,26.13,10.34,2.34,45.19,6.74,0.56,47.25,2.87,1.09,0.03,18.64,8.44,Medium ,Medium,Medium,Black,100-300
2003,Seoni,72.1,1169.0,94.58,25.71,11.23,2.29,46.17,5.56,0.54,50.61,4.04,1.07,0.03,18.16,8.25,Medium ,Medium,Medium,Black,100-300
2004,Seoni,95.41,856.0,94.59,25.9,10.78,2.15,44.97,5.99,0.57,45.01,2.63,1.11,0.03,19.04,8.61,Medium ,Medium,Medium,Black,100-300
2005,Seoni,86.56,827.0,94.57,25.36,10.74,2.18,44.83,6.88,0.55,49.24,4.0,1.08,0.03,18.43,8.32,Medium ,Medium,Medium,Black,100-300
2006,Seoni,99.85,1108.0,94.58,25.79,11.39,2.14,44.76,6.78,0.54,50.07,3.61,1.07,0.03,18.19,8.26,Medium ,Medium,Medium,Black,100-300
2007,Seoni,110.1,977.0,94.55,25.84,10.76,2.12,43.81,8.53,0.56,48.05,3.1,1.09,0.03,18.7,8.44,Medium ,Medium,Medium,Black,100-300
2008,Seoni,113.5,1056.0,94.54,25.5,10.72,2.09,43.53,5.53,0.55,49.47,2.98,1.07,0.03,18.47,8.33,Medium ,Medium,Medium,Black,100-300
2009,Seoni,113.2,1090.0,94.55,26.5,10.81,2.16,44.82,7.89,0.57,46.59,3.24,1.1,0.03,18.9,8.51,Medium ,Medium,Medium,Black,100-300
2010,Seoni,120.2,1136.0,94.54,26.4,11.48,2.1,45.56,5.98,0.56,49.83,4.04,1.09,0.03,18.67,8.45,Medium ,Medium,Medium,Black,100-300
2011,Seoni,117.8,963.0,94.53,25.38,11.21,2.06,44.34,3.93,0.54,47.61,3.53,1.06,0.03,18.19,8.22,Medium ,Medium,Medium,Black,100-300
2012,Seoni,118.99,1241.0,94.51,25.59,10.59,2.28,44.86,5.66,0.54,49.65,3.67,1.05,0.03,18.09,8.14,Medium ,Medium,Medium,Black,100-300
2013,Seoni,106.49,258.0,94.52,25.43,11.76,2.2,46.09,5.9,0.52,52.32,4.97,1.01,0.03,17.35,7.85,Medium ,Medium,Medium,Black,100-300
2014,Seoni,80.0,1288.0,94.63,25.81,11.28,2.31,46.31,5.72,0.55,51.05,2.9,1.06,0.03,18.25,8.25,Medium ,Medium,Medium,Black,100-300
2015,Seoni,33.0,636.0,94.69,25.46,11.68,2.18,45.21,6.03,0.54,51.29,3.48,1.04,0.03,18.07,8.15,Medium ,Medium,Medium,Black,100-300
2016,Seoni,26.0,1385.0,94.59,26.17,10.98,2.16,45.38,5.14,0.54,52.19,3.09,1.05,0.03,18.15,8.18,Medium ,Medium,Medium,Black,100-300
2017,Seoni,31.0,88.0,94.59,26.41,10.7,2.07,44.97,5.04,0.56,45.56,2.71,1.08,0.03,18.74,8.42,Medium ,Medium,Medium,Black,100-300
2001,Mandla,0.4,750.0,94.04,24.93,10.8,2.18,45.04,5.89,0.53,54.04,3.92,1.04,0.03,17.77,8.03,Medium ,High,Medium,Black,100-300
2002,Mandla,0.2,500.0,94.08,25.52,10.24,2.27,44.75,6.71,0.55,50.06,2.88,1.07,0.03,18.37,8.3,Medium ,High,Medium,Black,100-300
2003,Mandla,0.2,1000.0,94.09,25.02,11.14,2.22,45.88,5.51,0.53,54.27,4.33,1.05,0.03,17.8,8.07,Medium ,High,Medium,Black,100-300
2004,Mandla,0.54,741.0,94.1,24.76,11.0,2.05,43.94,5.04,0.56,47.88,3.32,1.08,0.03,18.58,8.38,Medium ,High,Medium,Black,100-300
2005,Mandla,0.55,709.0,94.08,24.71,10.8,2.06,44.69,5.93,0.54,52.77,4.48,1.05,0.03,18.01,8.1,Medium ,High,Medium,Black,100-300
2006,Mandla,1.25,640.0,94.09,25.45,11.13,2.09,43.86,6.01,0.54,50.7,2.95,1.06,0.03,17.99,8.14,Medium ,High,Medium,Black,100-300
2007,Mandla,2.5,720.0,94.07,24.97,10.87,2.07,43.69,8.48,0.55,48.35,3.47,1.06,0.03,18.32,8.25,Medium ,High,Medium,Black,100-300
2008,Mandla,2.4,875.0,94.05,24.97,10.72,2.02,43.7,4.55,0.54,49.53,3.39,1.04,0.03,18.12,8.15,Medium ,High,Medium,Black,100-300
2009,Mandla,2.3,739.0,94.06,25.94,10.62,2.03,44.73,7.91,0.56,46.71,3.09,1.08,0.03,18.68,8.38,Medium ,High,Medium,Black,100-300
2010,Mandla,2.3,913.0,94.06,25.9,11.2,1.99,45.0,6.09,0.55,51.3,3.57,1.08,0.03,18.48,8.34,Medium ,High,Medium,Black,100-300
2011,Mandla,2.4,625.0,94.04,24.75,11.25,1.99,43.74,3.41,0.53,47.8,4.26,1.03,0.03,17.87,8.04,Medium ,High,Medium,Black,100-300
2012,Mandla,3.11,611.0,94.03,24.77,10.64,2.11,45.15,3.86,0.53,50.56,3.8,1.03,0.03,17.82,7.99,Medium ,High,Medium,Black,100-300
2013,Mandla,1.9,68.0,94.04,24.59,11.75,2.06,45.55,4.37,0.51,52.83,5.2,0.99,0.03,17.15,7.73,Medium ,High,Medium,Black,100-300
2014,Mandla,11.0,1273.0,94.14,24.7,11.49,2.13,46.36,4.85,0.54,52.25,3.47,1.03,0.03,17.9,8.06,Medium ,High,Medium,Black,100-300
2015,Mandla,3.0,1333.0,94.2,25.0,11.54,2.03,44.69,5.1,0.53,52.25,3.05,1.02,0.03,17.83,8.01,Medium ,High,Medium,Black,100-300
2016,Mandla,1.0,1000.0,94.1,25.45,11.12,2.01,44.35,4.47,0.53,53.35,3.25,1.02,0.03,17.68,7.94,Medium ,High,Medium,Black,100-300
2017,Mandla,2.7,133.0,94.1,25.95,10.67,1.96,44.73,4.77,0.55,46.42,2.66,1.06,0.03,18.52,8.29,Medium ,High,Medium,Black,100-300
2001,Sagar,167.4,681.0,95.56,25.38,10.23,2.14,46.04,5.76,0.56,46.37,2.8,1.08,0.03,18.53,8.41,High,Medium,High,Black,100-300
2002,Sagar,152.6,476.0,95.58,26.46,9.61,2.31,46.13,5.09,0.57,43.23,2.33,1.09,0.03,18.84,8.53,High,Medium,High,Black,100-300
2003,Sagar,162.4,990.0,95.61,25.45,10.77,2.21,46.36,4.83,0.55,46.67,3.21,1.07,0.03,18.26,8.28,High,Medium,High,Black,100-300
2004,Sagar,194.81,833.0,95.6,25.77,10.38,2.16,45.68,4.53,0.57,41.65,2.52,1.09,0.03,18.88,8.54,High,Medium,High,Black,100-300
2005,Sagar,168.77,834.0,95.59,25.47,10.21,2.21,45.06,6.41,0.57,45.73,3.16,1.09,0.03,18.77,8.46,High,Medium,High,Black,100-300
2006,Sagar,202.91,836.0,95.58,25.91,10.86,2.11,45.32,7.24,0.55,47.6,3.7,1.07,0.03,18.23,8.29,High,Medium,High,Black,100-300
2007,Sagar,321.8,576.0,95.57,25.44,10.47,2.1,44.87,6.85,0.56,43.94,2.84,1.08,0.03,18.6,8.4,High,Medium,High,Black,100-300
2008,Sagar,303.0,893.0,95.56,25.24,10.69,2.04,43.75,4.23,0.56,45.74,2.85,1.06,0.03,18.45,8.32,High,Medium,High,Black,100-300
2009,Sagar,308.5,914.0,95.57,26.38,10.49,2.14,45.1,7.49,0.56,42.88,2.66,1.08,0.03,18.75,8.45,High,Medium,High,Black,100-300
2010,Sagar,303.6,1338.0,95.56,26.21,10.98,2.03,46.15,5.44,0.57,46.88,2.73,1.09,0.03,18.78,8.51,High,Medium,High,Black,100-300
2011,Sagar,273.0,994.0,95.54,25.28,10.97,2.04,45.45,2.34,0.55,42.99,4.41,1.05,0.03,18.19,8.24,High,Medium,High,Black,100-300
2012,Sagar,335.22,1308.0,95.53,25.44,10.16,2.26,45.89,4.2,0.55,46.26,2.8,1.05,0.03,18.22,8.22,High,Medium,High,Black,100-300
2013,Sagar,351.74,426.0,95.55,24.92,11.46,2.18,46.4,3.13,0.52,48.81,4.59,1.01,0.03,17.42,7.89,High,Medium,High,Black,100-300
2014,Sagar,149.0,1262.0,95.65,25.58,10.82,2.26,47.21,3.44,0.56,46.74,2.79,1.07,0.03,18.49,8.37,High,Medium,High,Black,100-300
2015,Sagar,314.0,783.0,95.71,25.4,11.06,2.14,46.06,4.19,0.54,47.2,3.13,1.03,0.03,17.93,8.1,High,Medium,High,Black,100-300
2016,Sagar,290.0,534.0,95.61,25.78,10.74,2.09,46.54,4.29,0.54,47.85,3.92,1.03,0.03,18.02,8.12,High,Medium,High,Black,100-300
2017,Sagar,216.2,588.0,95.6,26.49,10.18,2.16,45.68,4.01,0.55,45.57,2.15,1.05,0.03,18.34,8.26,High,Medium,High,Black,100-300
2001,Damoh,50.0,782.0,96.25,25.49,10.55,2.06,46.37,5.88,0.56,47.73,3.2,1.08,0.03,18.48,8.4,Medium ,Low,High,Black,100-300
2002,Damoh,26.4,462.0,96.27,26.4,9.97,2.22,46.94,5.87,0.56,44.36,2.68,1.08,0.03,18.68,8.47,Medium ,Low,High,Black,100-300
2003,Damoh,32.3,1015.0,96.31,25.62,11.0,2.11,47.1,4.95,0.55,48.43,3.84,1.06,0.03,18.19,8.27,Medium ,Low,High,Black,100-300
2004,Damoh,44.88,952.0,96.3,25.72,10.73,2.05,46.14,4.96,0.57,43.18,2.79,1.1,0.03,18.94,8.58,Medium ,Low,High,Black,100-300
2005,Damoh,45.3,1031.0,96.29,25.49,10.57,2.1,45.55,6.49,0.56,46.17,3.86,1.08,0.03,18.69,8.44,Medium ,Low,High,Black,100-300
2006,Damoh,54.56,836.0,96.28,26.25,10.96,2.06,45.61,7.18,0.55,47.13,2.98,1.07,0.03,18.31,8.33,Medium ,Low,High,Black,100-300
2007,Damoh,108.7,573.0,96.27,25.74,10.63,2.02,45.59,7.23,0.56,45.13,2.69,1.08,0.03,18.66,8.44,Medium ,Low,High,Black,100-300
2008,Damoh,93.0,1176.0,96.26,25.47,10.89,1.96,44.14,4.31,0.56,46.29,2.98,1.06,0.03,18.48,8.35,Medium ,Low,High,Black,100-300
2009,Damoh,91.0,1119.0,96.27,26.56,10.62,2.05,45.27,7.16,0.57,43.44,2.88,1.09,0.03,18.9,8.53,Medium ,Low,High,Black,100-300
2010,Damoh,62.1,1383.0,96.26,26.43,11.13,1.94,46.43,5.51,0.57,47.54,3.13,1.09,0.03,18.81,8.53,Medium ,Low,High,Black,100-300
2011,Damoh,73.0,1240.0,96.24,25.44,11.17,1.93,45.48,2.38,0.55,44.54,4.1,1.06,0.03,18.33,8.32,Medium ,Low,High,Black,100-300
2012,Damoh,102.71,1265.0,96.23,25.58,10.43,2.13,46.68,4.43,0.55,46.65,3.11,1.05,0.03,18.26,8.25,Medium ,Low,High,Black,100-300
2013,Damoh,128.58,504.0,96.25,25.08,11.72,2.06,46.94,3.6,0.53,49.45,4.83,1.02,0.03,17.52,7.93,Medium ,Low,High,Black,100-300
2014,Damoh,98.0,1184.0,96.34,25.69,11.08,2.11,47.7,3.56,0.56,47.0,2.76,1.07,0.03,18.53,8.4,Medium ,Low,High,Black,100-300
2015,Damoh,103.0,1311.0,96.41,25.58,11.34,2.01,45.77,3.97,0.55,47.9,2.89,1.04,0.03,18.16,8.21,Medium ,Low,High,Black,100-300
2016,Damoh,70.0,857.0,96.3,26.0,11.01,1.99,46.67,4.65,0.55,49.28,4.05,1.04,0.03,18.1,8.17,Medium ,Low,High,Black,100-300
2017,Damoh,66.5,1350.0,96.29,26.81,10.35,2.06,46.35,4.32,0.56,44.3,2.16,1.07,0.03,18.6,8.38,Medium ,Low,High,Black,100-300
2001,Tikamgarh,46.9,1145.0,95.03,26.71,9.47,2.62,44.51,6.52,0.57,40.14,1.4,1.09,0.03,18.98,8.54,Medium ,Medium,Medium,Black,100-300
2002,Tikamgarh,30.2,603.0,95.07,26.75,9.48,2.82,45.85,6.32,0.58,35.9,1.68,1.11,0.03,19.39,8.71,Medium ,Medium,Medium,Black,100-300
2003,Tikamgarh,29.5,1444.0,95.09,25.7,10.71,2.69,43.75,6.23,0.57,39.03,3.01,1.08,0.03,18.85,8.48,Medium ,Medium,Medium,Black,100-300
2004,Tikamgarh,30.69,865.0,95.08,26.18,10.31,2.6,44.03,7.18,0.58,38.95,2.17,1.1,0.03,19.21,8.65,Medium ,Medium,Medium,Black,100-300
2005,Tikamgarh,28.35,923.0,95.06,26.12,9.73,2.58,43.93,7.03,0.58,39.61,2.1,1.11,0.03,19.3,8.64,Medium ,Medium,Medium,Black,100-300
2006,Tikamgarh,24.87,679.0,95.06,26.07,10.84,2.53,44.43,8.16,0.57,39.77,3.02,1.08,0.03,18.75,8.45,Medium ,Medium,Medium,Black,100-300
2007,Tikamgarh,32.9,435.0,95.03,26.04,10.5,2.43,44.23,9.25,0.58,40.03,2.47,1.11,0.03,19.21,8.65,Medium ,Medium,Medium,Black,100-300
2008,Tikamgarh,37.1,1178.0,95.03,26.37,9.87,2.63,43.42,5.52,0.57,43.22,1.53,1.07,0.03,18.81,8.43,Medium ,Medium,Medium,Black,100-300
2009,Tikamgarh,36.7,1215.0,95.06,26.75,10.59,2.64,44.69,8.65,0.58,36.61,2.51,1.1,0.03,19.32,8.66,Medium ,Medium,Medium,Black,100-300
2010,Tikamgarh,31.5,1267.0,95.03,26.5,11.25,2.48,45.72,6.96,0.58,41.08,2.37,1.1,0.03,19.09,8.59,Medium ,Medium,Medium,Black,100-300
2011,Tikamgarh,46.8,769.0,95.01,25.93,10.59,2.51,43.86,5.12,0.56,38.26,2.58,1.07,0.03,18.64,8.39,Medium ,Medium,Medium,Black,100-300
2012,Tikamgarh,54.17,710.0,95.03,25.67,10.12,2.77,42.99,5.14,0.56,43.47,2.37,1.06,0.03,18.53,8.31,Medium ,Medium,Medium,Black,100-300
2013,Tikamgarh,60.6,555.0,95.04,25.05,11.23,2.64,44.44,5.12,0.53,46.58,3.77,1.01,0.03,17.53,7.9,Medium ,Medium,Medium,Black,100-300
2014,Tikamgarh,76.0,1658.0,95.14,26.13,10.61,2.71,44.54,5.02,0.57,41.42,2.23,1.07,0.03,18.76,8.43,Medium ,Medium,Medium,Black,100-300
2015,Tikamgarh,47.0,617.0,95.18,25.96,10.63,2.67,45.16,6.27,0.56,40.76,3.16,1.05,0.03,18.43,8.28,Medium ,Medium,Medium,Black,100-300
2016,Tikamgarh,22.0,909.0,95.11,25.81,10.45,2.57,46.9,5.91,0.56,44.09,2.89,1.06,0.03,18.52,8.31,Medium ,Medium,Medium,Black,100-300
2017,Tikamgarh,23.5,574.0,95.09,25.92,10.33,2.55,43.96,4.53,0.56,42.15,2.27,1.07,0.03,18.74,8.39,Medium ,Medium,Medium,Black,100-300
2001,Chhatarpur,23.9,506.0,97.83,25.95,10.51,1.97,46.9,5.22,0.57,45.26,2.7,1.09,0.03,18.82,8.54,Medium ,Low,High,Mixed Red & Black,50-100
2002,Chhatarpur,15.2,296.0,97.84,27.17,9.66,2.14,47.77,6.18,0.58,42.78,2.07,1.1,0.03,18.97,8.6,Medium ,Low,High,Mixed Red & Black,50-100
2003,Chhatarpur,17.6,665.0,97.89,26.09,10.84,2.0,47.55,4.84,0.55,47.92,2.73,1.07,0.03,18.27,8.3,Medium ,Low,High,Mixed Red & Black,50-100
2004,Chhatarpur,22.84,539.0,97.87,26.37,10.6,2.04,46.59,4.47,0.58,42.32,2.19,1.1,0.03,19.02,8.62,Medium ,Low,High,Mixed Red & Black,50-100
2005,Chhatarpur,23.28,489.0,97.86,26.08,10.49,2.05,46.85,6.18,0.57,43.93,2.67,1.1,0.03,18.95,8.55,Medium ,Low,High,Mixed Red & Black,50-100
2006,Chhatarpur,22.07,427.0,97.86,27.19,10.59,2.04,47.28,6.76,0.56,45.28,2.07,1.08,0.03,18.53,8.42,Medium ,Low,High,Mixed Red & Black,50-100
2007,Chhatarpur,31.9,288.0,97.84,26.77,10.38,2.04,46.5,6.96,0.57,43.38,1.96,1.08,0.03,18.72,8.48,Medium ,Low,High,Mixed Red & Black,50-100
2008,Chhatarpur,33.5,636.0,97.84,25.7,11.16,1.9,44.71,4.45,0.56,45.89,2.66,1.06,0.03,18.47,8.35,Medium ,Low,High,Mixed Red & Black,50-100
2009,Chhatarpur,41.6,632.0,97.84,27.33,10.44,2.05,46.04,6.83,0.58,42.11,1.94,1.1,0.03,19.03,8.6,Medium ,Low,High,Mixed Red & Black,50-100
2010,Chhatarpur,47.4,673.0,97.84,26.96,10.93,1.87,46.95,5.75,0.57,45.72,2.33,1.09,0.03,18.85,8.54,Medium ,Low,High,Mixed Red & Black,50-100
2011,Chhatarpur,48.9,401.0,97.82,25.75,11.26,1.84,46.42,2.86,0.56,41.19,3.06,1.07,0.03,18.51,8.41,Medium ,Low,High,Mixed Red & Black,50-100
2012,Chhatarpur,73.21,844.0,97.81,26.0,10.27,2.05,47.9,4.38,0.56,44.96,2.27,1.07,0.03,18.55,8.37,Medium ,Low,High,Mixed Red & Black,50-100
2013,Chhatarpur,88.29,598.0,97.84,25.4,11.6,1.92,47.78,2.15,0.54,46.52,3.49,1.03,0.03,17.85,8.07,Medium ,Low,High,Mixed Red & Black,50-100
2014,Chhatarpur,80.0,1438.0,97.92,26.21,10.76,2.0,48.42,4.34,0.57,44.8,2.21,1.08,0.03,18.73,8.48,Medium ,Low,High,Mixed Red & Black,50-100
2015,Chhatarpur,49.0,1020.0,97.99,26.26,11.04,1.96,46.61,4.64,0.56,44.69,2.4,1.05,0.03,18.46,8.33,Medium ,Low,High,Mixed Red & Black,50-100
2016,Chhatarpur,42.0,1071.0,97.87,26.6,10.96,1.92,47.22,5.12,0.55,46.65,3.04,1.04,0.03,18.09,8.17,Medium ,Low,High,Mixed Red & Black,50-100
2017,Chhatarpur,30.8,847.0,97.86,27.51,10.15,1.98,47.74,3.84,0.57,42.89,1.7,1.07,0.03,18.77,8.46,Medium ,Low,High,Mixed Red & Black,50-100
2001,Panna,1.6,500.0,96.66,25.21,10.81,2.01,45.9,5.62,0.57,43.7,3.34,1.07,0.03,18.69,8.41,Medium ,Low,Medium,Mixed Red & Black,50-100
2002,Panna,0.5,400.0,96.68,26.05,10.16,2.16,46.44,5.7,0.57,41.58,2.8,1.07,0.03,18.7,8.4,Medium ,Low,Medium,Mixed Red & Black,50-100
2003,Panna,0.2,1000.0,96.71,25.32,11.13,2.06,47.1,4.45,0.55,47.73,3.81,1.04,0.03,18.11,8.16,Medium ,Low,Medium,Mixed Red & Black,50-100
2004,Panna,0.71,493.0,96.71,25.31,10.94,2.01,46.21,4.93,0.57,42.48,2.73,1.08,0.03,18.89,8.49,Medium ,Low,Medium,Mixed Red & Black,50-100
2005,Panna,0.77,649.0,96.7,25.2,10.79,2.07,45.63,6.21,0.57,43.11,3.85,1.07,0.03,18.68,8.36,Medium ,Low,Medium,Mixed Red & Black,50-100
2006,Panna,1.66,452.0,96.69,26.33,10.87,2.06,46.06,6.09,0.56,44.14,2.26,1.06,0.03,18.49,8.33,Medium ,Low,Medium,Mixed Red & Black,50-100
2007,Panna,4.5,511.0,96.68,26.1,10.52,2.06,45.96,7.38,0.56,42.87,2.09,1.06,0.03,18.54,8.31,Medium ,Low,Medium,Mixed Red & Black,50-100
2008,Panna,5.3,679.0,96.67,25.33,11.07,1.93,44.08,5.29,0.55,44.05,2.6,1.03,0.03,18.19,8.15,Medium ,Low,Medium,Mixed Red & Black,50-100
2009,Panna,11.1,703.0,96.67,26.58,10.55,2.06,45.21,6.49,0.57,40.82,2.29,1.07,0.03,18.82,8.43,Medium ,Low,Medium,Mixed Red & Black,50-100
2010,Panna,8.8,886.0,96.67,26.51,11.01,1.9,46.12,5.92,0.57,45.59,2.54,1.07,0.03,18.8,8.44,Medium ,Low,Medium,Mixed Red & Black,50-100
2011,Panna,16.3,601.0,96.65,25.29,11.26,1.87,45.62,3.51,0.56,40.21,3.15,1.04,0.03,18.33,8.25,Medium ,Low,Medium,Mixed Red & Black,50-100
2012,Panna,17.03,857.0,96.63,25.33,10.54,2.06,46.9,4.11,0.56,43.51,2.9,1.05,0.03,18.46,8.25,Medium ,Low,Medium,Mixed Red & Black,50-100
2013,Panna,26.24,605.0,96.66,24.81,11.79,1.96,47.05,3.84,0.54,45.31,4.17,1.02,0.03,17.92,8.03,Medium ,Low,Medium,Mixed Red & Black,50-100
2014,Panna,35.0,1171.0,96.75,25.57,11.0,2.03,47.84,4.32,0.56,44.75,2.37,1.05,0.03,18.35,8.24,Medium ,Low,Medium,Mixed Red & Black,50-100
2015,Panna,29.0,621.0,96.81,25.64,11.3,1.96,45.59,4.47,0.55,44.01,2.7,1.03,0.03,18.22,8.16,Medium ,Low,Medium,Mixed Red & Black,50-100
2016,Panna,22.0,864.0,96.71,25.89,11.13,1.96,45.92,4.67,0.54,46.69,4.02,1.01,0.03,17.81,7.97,Medium ,Low,Medium,Mixed Red & Black,50-100
2017,Panna,17.5,1103.0,96.69,26.54,10.55,1.99,47.13,4.08,0.56,42.14,2.09,1.05,0.03,18.55,8.3,Medium ,Low,Medium,Mixed Red & Black,50-100
2001,Rewa,16.5,545.0,96.99,25.48,10.94,2.02,45.47,5.12,0.56,43.33,3.03,1.07,0.03,18.58,8.4,Medium ,Medium,High,Red,25-50
2002,Rewa,13.3,398.0,97.01,26.15,10.33,2.09,46.8,5.42,0.57,42.22,2.58,1.07,0.03,18.76,8.47,Medium ,Medium,High,Red,25-50
2003,Rewa,13.8,594.0,97.05,25.57,11.07,1.99,47.24,4.69,0.55,47.77,3.14,1.05,0.03,18.11,8.18,Medium ,Medium,High,Red,25-50
2004,Rewa,15.52,534.0,97.04,25.74,10.85,2.04,46.29,4.77,0.58,42.64,2.32,1.09,0.03,18.99,8.55,Medium ,Medium,High,Red,25-50
2005,Rewa,16.16,682.0,97.03,25.69,10.71,2.03,46.07,6.29,0.57,43.79,3.12,1.07,0.03,18.7,8.39,Medium ,Medium,High,Red,25-50
2006,Rewa,19.4,606.0,97.03,26.85,10.79,2.06,45.61,5.33,0.56,46.45,1.9,1.07,0.03,18.52,8.37,Medium ,Medium,High,Red,25-50
2007,Rewa,22.7,546.0,97.01,26.28,10.77,2.04,46.21,7.26,0.57,42.89,2.06,1.07,0.03,18.68,8.4,Medium ,Medium,High,Red,25-50
2008,Rewa,24.5,649.0,97.0,25.44,11.19,1.9,44.56,4.9,0.55,43.29,2.72,1.03,0.03,18.12,8.13,Medium ,Medium,High,Red,25-50
2009,Rewa,28.5,660.0,97.0,27.12,10.39,2.1,45.62,6.47,0.57,40.86,1.8,1.07,0.03,18.84,8.45,Medium ,Medium,High,Red,25-50
2010,Rewa,29.7,626.0,97.0,27.28,10.74,1.88,46.44,6.32,0.57,44.67,1.86,1.08,0.03,18.87,8.49,Medium ,Medium,High,Red,25-50
2011,Rewa,41.4,495.0,96.98,25.66,11.24,1.84,45.73,4.62,0.56,40.21,2.96,1.05,0.03,18.36,8.28,Medium ,Medium,High,Red,25-50
2012,Rewa,36.01,583.0,96.97,25.5,10.65,2.05,47.31,3.84,0.56,43.34,2.94,1.05,0.03,18.51,8.29,Medium ,Medium,High,Red,25-50
2013,Rewa,49.97,941.0,97.0,25.05,11.78,1.93,47.3,2.41,0.55,45.48,3.67,1.03,0.03,18.09,8.12,Medium ,Medium,High,Red,25-50
2014,Rewa,71.0,1014.0,97.08,25.54,11.15,1.99,47.97,4.95,0.55,45.47,2.39,1.04,0.03,18.27,8.23,Medium ,Medium,High,Red,25-50
2015,Rewa,54.0,704.0,97.14,26.02,11.35,1.92,46.4,4.36,0.55,43.73,2.59,1.03,0.03,18.26,8.19,Medium ,Medium,High,Red,25-50
2016,Rewa,48.0,854.0,97.03,26.07,11.23,1.94,46.09,4.55,0.54,46.92,3.72,1.01,0.03,17.87,8.03,Medium ,Medium,High,Red,25-50
2017,Rewa,42.5,914.0,97.03,26.64,10.75,1.95,47.32,3.35,0.56,42.85,2.08,1.05,0.03,18.58,8.33,Medium ,Medium,High,Red,25-50
2001,Sidhi,0.2,500.0,95.99,25.15,11.16,2.09,44.46,5.2,0.55,49.4,3.26,1.06,0.03,18.22,8.28,Medium ,Medium,Medium,Red,25-50
2002,Sidhi,0.1,0.0,96.02,25.77,10.55,2.09,45.8,7.32,0.57,46.55,2.56,1.08,0.03,18.66,8.48,Medium ,Medium,Medium,Red,25-50
2003,Sidhi,0.2,500.0,96.05,25.26,11.21,1.97,45.97,5.51,0.55,52.19,3.18,1.06,0.03,18.02,8.21,Medium ,Medium,Medium,Red,25-50
2004,Sidhi,0.07,429.0,96.05,25.36,11.02,2.06,44.54,5.32,0.57,46.7,2.64,1.1,0.03,18.87,8.56,Medium ,Medium,Medium,Red,25-50
2005,Sidhi,0.1,600.0,96.04,25.42,10.82,2.04,44.87,7.15,0.56,49.32,3.06,1.08,0.03,18.52,8.38,Medium ,Medium,Medium,Red,25-50
2006,Sidhi,0.09,444.0,96.03,26.17,11.15,2.08,44.79,6.03,0.55,48.78,2.25,1.07,0.03,18.16,8.28,Medium ,Medium,Medium,Red,25-50
2007,Sidhi,0.1,0.0,96.02,25.59,11.2,2.06,45.03,8.01,0.55,45.2,2.46,1.06,0.03,18.23,8.28,Medium ,Medium,Medium,Red,25-50
2008,Sidhi,0.1,1000.0,96.0,25.13,11.27,1.96,43.8,5.4,0.54,44.06,2.92,1.03,0.03,17.84,8.09,Medium ,Medium,Medium,Red,25-50
2009,Sidhi,0.1,1000.0,96.01,26.65,10.48,2.08,44.85,8.12,0.56,42.23,1.95,1.07,0.03,18.57,8.39,Medium ,Medium,Medium,Red,25-50
2010,Sidhi,0.2,500.0,96.01,26.86,10.91,1.93,44.94,7.01,0.56,45.61,2.05,1.07,0.03,18.46,8.39,Medium ,Medium,Medium,Red,25-50
2011,Sidhi,0.2,500.0,95.99,25.21,11.49,1.9,44.65,4.89,0.54,41.84,3.24,1.04,0.03,17.93,8.16,Medium ,Medium,Medium,Red,25-50
2012,Sidhi,0.07,571.0,95.97,25.13,10.75,2.03,46.5,4.05,0.55,44.49,2.98,1.04,0.03,18.14,8.19,Medium ,Medium,Medium,Red,25-50
2013,Sidhi,0.27,481.0,96.01,24.77,11.86,1.96,45.74,3.26,0.54,46.16,3.77,1.04,0.03,17.94,8.13,Medium ,Medium,Medium,Red,25-50
2014,Sidhi,12.0,1500.0,96.09,25.09,11.42,2.02,46.76,5.76,0.55,46.13,2.77,1.05,0.03,18.06,8.2,Medium ,Medium,Medium,Red,25-50
2015,Sidhi,3.0,667.0,96.15,25.57,11.57,1.94,45.63,5.02,0.54,44.64,2.86,1.02,0.03,17.89,8.07,Medium ,Medium,Medium,Red,25-50
2016,Sidhi,0.0,0.0,96.04,25.79,11.39,1.93,45.01,6.26,0.53,48.89,3.61,1.01,0.03,17.46,7.91,Medium ,Medium,Medium,Red,25-50
2017,Sidhi,2.1,748.0,96.03,26.31,10.98,1.96,46.54,6.22,0.56,42.51,2.36,1.06,0.03,18.41,8.33,Medium ,Medium,Medium,Red,25-50
2001,Satna,12.7,669.0,96.67,25.19,10.89,2.02,45.45,5.2,0.57,43.7,3.39,1.07,0.03,18.69,8.41,Medium ,Medium,High,Black,100-300
2002,Satna,6.0,367.0,96.69,25.9,10.26,2.12,46.51,5.39,0.57,41.58,2.87,1.07,0.03,18.7,8.4,Medium ,Medium,High,Black,100-300
2003,Satna,9.1,626.0,96.72,25.27,11.13,2.03,47.11,4.58,0.55,47.73,3.74,1.04,0.03,18.11,8.16,Medium ,Medium,High,Black,100-300
2004,Satna,16.34,562.0,96.72,25.28,10.95,2.02,46.19,4.65,0.57,42.48,2.68,1.08,0.03,18.89,8.49,Medium ,Medium,High,Black,100-300
2005,Satna,19.06,634.0,96.71,25.26,10.78,2.04,45.85,6.02,0.57,43.11,3.79,1.07,0.03,18.68,8.36,Medium ,Medium,High,Black,100-300
2006,Satna,30.77,499.0,96.7,26.45,10.8,2.07,46.06,5.48,0.56,44.14,2.11,1.06,0.03,18.49,8.33,Medium ,Medium,High,Black,100-300
2007,Satna,46.7,469.0,96.68,26.2,10.55,2.06,46.1,7.86,0.56,42.87,2.0,1.06,0.03,18.54,8.31,Medium ,Medium,High,Black,100-300
2008,Satna,51.4,554.0,96.67,25.32,11.07,1.92,44.27,5.0,0.55,44.05,2.56,1.03,0.03,18.19,8.15,Medium ,Medium,High,Black,100-300
2009,Satna,54.2,548.0,96.68,26.75,10.45,2.09,45.37,6.15,0.57,40.82,2.05,1.07,0.03,18.82,8.43,Medium ,Medium,High,Black,100-300
2010,Satna,46.4,685.0,96.68,26.77,10.86,1.89,46.32,6.07,0.57,45.59,2.21,1.07,0.03,18.8,8.44,Medium ,Medium,High,Black,100-300
2011,Satna,52.1,501.0,96.66,25.45,11.17,1.86,45.64,3.8,0.56,40.21,2.97,1.04,0.03,18.33,8.25,Medium ,Medium,High,Black,100-300
2012,Satna,55.29,509.0,96.64,25.35,10.58,2.06,46.96,3.96,0.56,43.51,3.01,1.05,0.03,18.46,8.25,Medium ,Medium,High,Black,100-300
2013,Satna,81.53,214.0,96.67,24.79,11.78,1.94,47.08,3.14,0.54,45.31,4.08,1.02,0.03,17.92,8.03,Medium ,Medium,High,Black,100-300
2014,Satna,72.0,2042.0,96.76,25.43,11.05,2.0,47.86,4.3,0.56,44.75,2.36,1.05,0.03,18.35,8.24,Medium ,Medium,High,Black,100-300
2015,Satna,81.0,444.0,96.82,25.67,11.35,1.93,45.61,4.28,0.55,44.01,2.72,1.03,0.03,18.22,8.16,Medium ,Medium,High,Black,100-300
2016,Satna,65.0,723.0,96.71,25.85,11.18,1.96,45.84,4.35,0.54,46.69,4.06,1.01,0.03,17.81,7.97,Medium ,Medium,High,Black,100-300
2017,Satna,59.8,582.0,96.7,26.43,10.66,1.96,47.01,3.35,0.56,42.14,2.12,1.05,0.03,18.55,8.3,Medium ,Medium,High,Black,100-300
2001,Shahdol,3.3,485.0,95.36,24.94,10.92,2.1,44.78,5.81,0.54,51.05,3.77,1.05,0.03,18.07,8.14,Medium ,Medium,Medium,Red,25-50
2002,Shahdol,2.9,379.0,95.39,25.51,10.38,2.15,45.78,6.02,0.56,48.01,2.76,1.07,0.03,18.56,8.34,Medium ,Medium,Medium,Red,25-50
2003,Shahdol,1.4,500.0,95.42,25.04,11.15,2.07,46.42,4.58,0.53,52.87,3.69,1.03,0.03,17.75,7.99,Medium ,Medium,Medium,Red,25-50
2004,Shahdol,1.7,418.0,95.42,24.72,11.14,1.97,44.68,5.73,0.57,46.68,3.16,1.08,0.03,18.78,8.42,Medium ,Medium,Medium,Red,25-50
2005,Shahdol,1.68,452.0,95.41,24.83,10.86,1.96,44.98,6.78,0.55,50.02,3.74,1.06,0.03,18.38,8.22,Medium ,Medium,Medium,Red,25-50
2006,Shahdol,1.84,489.0,95.41,25.66,11.11,2.03,44.39,6.92,0.55,49.64,2.56,1.05,0.03,18.12,8.16,Medium ,Medium,Medium,Red,25-50
2007,Shahdol,2.4,542.0,95.39,25.06,10.98,1.98,45.05,7.0,0.55,50.4,2.87,1.05,0.03,18.32,8.22,Medium ,Medium,Medium,Red,25-50
2008,Shahdol,2.0,600.0,95.37,24.79,11.05,1.94,43.98,4.78,0.55,51.53,3.1,1.04,0.03,18.24,8.15,Medium ,Medium,Medium,Red,25-50
2009,Shahdol,3.4,618.0,95.38,26.15,10.54,1.98,44.85,7.87,0.57,46.97,2.33,1.07,0.03,18.8,8.4,Medium ,Medium,Medium,Red,25-50
2010,Shahdol,2.9,724.0,95.38,26.2,11.08,1.86,45.47,6.04,0.56,52.36,2.58,1.08,0.03,18.71,8.39,Medium ,Medium,Medium,Red,25-50
2011,Shahdol,12.0,433.0,95.36,24.79,11.41,1.87,44.6,2.8,0.54,51.43,3.63,1.03,0.03,18.0,8.08,Medium ,Medium,Medium,Red,25-50
2012,Shahdol,6.4,958.0,95.35,24.79,10.69,2.03,46.18,3.52,0.55,52.12,3.17,1.04,0.03,18.24,8.13,Medium ,Medium,Medium,Red,25-50
2013,Shahdol,11.9,1121.0,95.37,24.59,11.8,1.91,46.36,4.69,0.53,55.78,4.41,1.02,0.03,17.71,7.94,Medium ,Medium,Medium,Red,25-50
2014,Shahdol,16.0,1250.0,95.46,24.65,11.56,2.0,47.04,3.73,0.55,52.97,3.19,1.04,0.03,18.16,8.15,Medium ,Medium,Medium,Red,25-50
2015,Shahdol,15.0,733.0,95.52,25.1,11.63,1.93,45.41,4.37,0.54,51.03,2.91,1.03,0.03,18.08,8.08,Medium ,Medium,Medium,Red,25-50
2016,Shahdol,12.0,1000.0,95.42,25.43,11.3,1.92,45.3,5.5,0.54,56.7,3.56,1.01,0.03,17.78,7.95,Medium ,Medium,Medium,Red,25-50
2017,Shahdol,11.5,219.0,95.41,26.02,10.77,1.95,45.74,4.18,0.56,44.75,2.47,1.06,0.03,18.61,8.31,Medium ,Medium,Medium,Red,25-50
2001,Gwalior,1.4,2000.0,97.81,26.5,9.51,1.99,47.3,4.99,0.57,38.73,2.11,1.04,0.03,18.45,8.3,Medium ,Low,High,Black,100-300
2002,Gwalior,0.4,1000.0,97.82,27.76,8.6,2.22,47.39,4.19,0.57,38.04,1.42,1.03,0.03,18.66,8.36,Medium ,Low,High,Black,100-300
2003,Gwalior,3.1,2129.0,97.87,26.7,9.74,1.99,47.42,3.95,0.54,45.54,1.73,0.99,0.03,17.65,7.96,Medium ,Low,High,Black,100-300
2004,Gwalior,19.94,2087.0,97.85,27.19,9.63,2.16,46.72,4.52,0.57,40.46,1.65,1.03,0.03,18.37,8.25,Medium ,Low,High,Black,100-300
2005,Gwalior,20.76,2159.0,97.85,26.66,9.46,2.14,46.94,4.93,0.57,39.28,1.65,1.02,0.03,18.43,8.23,Medium ,Low,High,Black,100-300
2006,Gwalior,15.94,1474.0,97.84,27.89,9.74,2.17,47.01,4.88,0.56,40.24,1.45,1.03,0.03,18.3,8.22,Medium ,Low,High,Black,100-300
2007,Gwalior,17.0,1700.0,97.82,27.32,9.55,2.17,46.57,5.79,0.56,38.3,1.45,1.01,0.03,18.18,8.16,Medium ,Low,High,Black,100-300
2008,Gwalior,7.0,1900.0,97.83,25.61,10.78,1.9,44.42,3.13,0.54,40.88,2.66,0.97,0.02,17.54,7.88,Medium ,Low,High,Black,100-300
2009,Gwalior,4.2,1738.0,97.83,27.61,9.76,2.12,46.48,6.18,0.57,36.93,1.61,1.03,0.03,18.52,8.3,Medium ,Low,High,Black,100-300
2010,Gwalior,2.2,2091.0,97.82,26.78,10.57,1.94,47.23,5.03,0.55,42.53,2.33,1.0,0.03,17.92,8.05,Medium ,Low,High,Black,100-300
2011,Gwalior,1.9,1684.0,97.81,25.68,10.85,1.9,46.89,2.73,0.55,36.33,2.49,1.0,0.03,17.94,8.08,Medium ,Low,High,Black,100-300
2012,Gwalior,8.16,1794.0,97.8,25.75,9.63,2.11,47.75,3.06,0.56,38.93,2.17,1.0,0.03,18.1,8.09,Medium ,Low,High,Black,100-300
2013,Gwalior,5.6,1380.0,97.85,25.37,10.94,1.98,47.12,1.4,0.54,39.86,2.81,0.98,0.02,17.61,7.91,Medium ,Low,High,Black,100-300
2014,Gwalior,7.0,714.0,97.92,26.18,10.11,2.05,48.42,4.38,0.56,40.14,2.14,1.02,0.03,18.14,8.16,Medium ,Low,High,Black,100-300
2015,Gwalior,4.0,1250.0,97.97,26.32,10.21,1.98,46.25,4.22,0.56,38.33,2.17,1.01,0.02,18.18,8.14,Medium ,Low,High,Black,100-300
2016,Gwalior,4.0,1000.0,97.86,27.05,10.09,1.89,47.56,4.9,0.55,40.71,2.04,0.98,0.03,17.8,7.97,Medium ,Low,High,Black,100-300
2017,Gwalior,1.7,1541.0,97.85,27.66,9.43,2.04,46.9,4.09,0.55,45.78,1.4,0.99,0.03,17.83,7.99,Medium ,Low,High,Black,100-300
2001,Shivpuri,81.1,988.0,97.08,25.38,11.09,2.04,45.35,5.17,0.56,43.33,3.23,1.07,0.03,18.58,8.4,High,Low,High,Black,100-300
2002,Shivpuri,62.1,219.0,97.11,26.03,10.51,2.07,46.61,6.2,0.57,42.22,2.73,1.07,0.03,18.76,8.47,High,Low,High,Black,100-300
2003,Shivpuri,82.6,983.0,97.15,25.46,11.16,1.96,47.04,4.87,0.55,47.77,3.4,1.05,0.03,18.11,8.18,High,Low,High,Black,100-300
2004,Shivpuri,101.35,821.0,97.14,25.55,10.97,2.05,45.87,4.74,0.58,42.64,2.5,1.09,0.03,18.99,8.55,High,Low,High,Black,100-300
2005,Shivpuri,102.92,939.0,97.13,25.64,10.82,2.02,46.08,5.78,0.57,43.79,3.41,1.07,0.03,18.7,8.39,High,Low,High,Black,100-300
2006,Shivpuri,103.71,738.0,97.12,26.69,10.99,2.05,45.18,5.25,0.56,46.45,2.0,1.07,0.03,18.52,8.37,High,Low,High,Black,100-300
2007,Shivpuri,103.2,502.0,97.11,26.23,10.92,2.06,46.24,7.19,0.57,42.89,2.07,1.07,0.03,18.68,8.4,High,Low,High,Black,100-300
2008,Shivpuri,115.9,917.0,97.09,25.43,11.3,1.92,44.48,4.76,0.55,43.29,2.7,1.03,0.03,18.12,8.13,High,Low,High,Black,100-300
2009,Shivpuri,119.0,903.0,97.1,26.95,10.5,2.1,45.45,6.98,0.57,40.86,1.88,1.07,0.03,18.84,8.45,High,Low,High,Black,100-300
2010,Shivpuri,121.6,1048.0,97.1,27.15,10.86,1.88,46.0,6.35,0.57,44.67,1.96,1.08,0.03,18.87,8.49,High,Low,High,Black,100-300
2011,Shivpuri,123.7,982.0,97.08,25.58,11.35,1.86,45.65,4.82,0.56,40.21,3.0,1.05,0.03,18.36,8.28,High,Low,High,Black,100-300
2012,Shivpuri,162.79,911.0,97.07,25.47,10.69,2.05,47.37,3.74,0.56,43.34,3.05,1.05,0.03,18.51,8.29,High,Low,High,Black,100-300
2013,Shivpuri,186.22,629.0,97.1,24.99,11.86,1.95,46.86,1.92,0.55,45.48,3.9,1.03,0.03,18.09,8.12,High,Low,High,Black,100-300
2014,Shivpuri,150.0,1627.0,97.18,25.46,11.25,1.99,47.64,5.38,0.55,45.47,2.41,1.04,0.03,18.27,8.23,High,Low,High,Black,100-300
2015,Shivpuri,157.0,669.0,97.24,26.19,11.31,1.94,46.68,4.58,0.55,43.73,2.52,1.03,0.03,18.26,8.19,High,Low,High,Black,100-300
2016,Shivpuri,147.0,871.0,97.13,26.13,11.27,1.93,45.91,5.67,0.54,46.92,3.33,1.01,0.03,17.87,8.03,High,Low,High,Black,100-300
2017,Shivpuri,83.6,782.0,97.12,26.57,10.92,1.95,47.33,3.91,0.56,42.85,2.08,1.05,0.03,18.58,8.33,High,Low,High,Black,100-300
2001,Guna,157.6,948.0,95.29,25.33,9.79,2.23,45.71,5.39,0.57,43.86,2.52,1.09,0.03,18.83,8.51,Medium ,High,High,Black,100-300
2002,Guna,149.2,332.0,95.31,26.73,8.99,2.45,45.57,5.35,0.59,39.57,1.82,1.11,0.03,19.36,8.73,Medium ,High,High,Black,100-300
2003,Guna,123.0,1063.0,95.34,25.46,10.29,2.34,45.81,4.79,0.56,44.38,2.39,1.08,0.03,18.61,8.42,Medium ,High,High,Black,100-300
2004,Guna,141.41,795.0,95.34,25.99,9.92,2.28,44.93,4.1,0.58,40.2,2.19,1.11,0.03,19.15,8.65,Medium ,High,High,Black,100-300
2005,Guna,138.37,1076.0,95.32,25.51,9.72,2.29,44.79,6.22,0.58,40.98,2.31,1.1,0.03,19.2,8.63,Medium ,High,High,Black,100-300
2006,Guna,140.73,975.0,95.32,26.02,10.45,2.26,44.99,6.48,0.57,43.11,2.87,1.08,0.03,18.72,8.47,Medium ,High,High,Black,100-300
2007,Guna,162.4,1161.0,95.3,25.48,10.19,2.21,44.04,6.93,0.58,40.1,2.57,1.1,0.03,19.09,8.61,Medium ,High,High,Black,100-300
2008,Guna,177.4,1037.0,95.3,25.04,10.43,2.17,43.13,4.25,0.56,44.67,2.75,1.07,0.03,18.61,8.39,Medium ,High,High,Black,100-300
2009,Guna,188.9,1039.0,95.31,26.67,10.13,2.33,44.94,7.11,0.58,41.5,1.95,1.1,0.03,19.1,8.61,Medium ,High,High,Black,100-300
2010,Guna,212.0,1083.0,95.3,26.24,10.64,2.19,45.92,5.59,0.58,44.54,2.39,1.1,0.03,19.02,8.6,Medium ,High,High,Black,100-300
2011,Guna,187.2,1351.0,95.28,25.18,10.72,2.16,45.94,2.01,0.56,39.91,4.4,1.07,0.03,18.59,8.41,Medium ,High,High,Black,100-300
2012,Guna,234.53,1276.0,95.28,25.29,9.79,2.38,45.2,3.08,0.56,43.51,2.14,1.06,0.03,18.53,8.34,Medium ,High,High,Black,100-300
2013,Guna,247.13,600.0,95.3,24.56,11.09,2.26,45.6,2.43,0.54,46.13,4.16,1.02,0.03,17.69,7.98,Medium ,High,High,Black,100-300
2014,Guna,143.0,1587.0,95.39,25.54,10.41,2.45,46.73,3.14,0.57,43.92,2.6,1.08,0.03,18.72,8.45,Medium ,High,High,Black,100-300
2015,Guna,237.0,608.0,95.44,25.14,10.68,2.33,45.52,4.07,0.56,42.83,2.88,1.05,0.03,18.33,8.27,Medium ,High,High,Black,100-300
2016,Guna,210.0,819.0,95.35,25.6,10.43,2.22,47.35,4.73,0.56,45.1,3.23,1.06,0.03,18.46,8.31,Medium ,High,High,Black,100-300
2017,Guna,182.5,825.0,95.34,26.39,9.79,2.31,46.04,3.16,0.57,43.25,1.79,1.07,0.03,18.67,8.4,Medium ,High,High,Black,100-300
2001,Datia,1.8,1056.0,98.19,26.62,9.96,1.97,47.34,5.06,0.56,42.21,2.25,1.04,0.03,18.32,8.25,Medium,Low,Medium,Black,100-300
2002,Datia,0.5,600.0,98.2,28.03,8.95,2.19,47.82,5.7,0.57,39.92,1.49,1.03,0.03,18.52,8.32,Medium,Low,Medium,Black,100-300
2003,Datia,0.6,833.0,98.25,26.9,10.19,1.99,47.94,4.59,0.54,46.23,1.88,1.0,0.03,17.69,7.97,Medium,Low,Medium,Black,100-300
2004,Datia,0.76,684.0,98.23,27.33,9.95,2.1,46.87,4.89,0.56,41.48,1.77,1.03,0.03,18.36,8.25,Medium,Low,Medium,Black,100-300
2005,Datia,0.79,886.0,98.22,26.96,9.83,2.12,47.08,5.56,0.56,40.91,1.8,1.02,0.03,18.29,8.18,Medium,Low,Medium,Black,100-300
2006,Datia,0.42,810.0,98.21,27.98,10.07,2.1,47.53,6.18,0.56,43.17,1.7,1.03,0.03,18.2,8.19,Medium,Low,Medium,Black,100-300
2007,Datia,0.4,500.0,98.2,27.42,9.94,2.08,46.88,6.43,0.56,39.4,1.71,1.02,0.03,18.23,8.18,Medium,Low,Medium,Black,100-300
2008,Datia,0.3,667.0,98.21,25.9,11.01,1.88,44.83,3.96,0.54,44.17,2.62,0.98,0.03,17.61,7.91,Medium,Low,Medium,Black,100-300
2009,Datia,0.3,667.0,98.2,27.93,10.02,2.09,46.62,6.72,0.57,39.25,1.6,1.04,0.03,18.53,8.31,Medium,Low,Medium,Black,100-300
2010,Datia,0.3,1000.0,98.2,27.18,10.75,1.89,47.57,5.54,0.56,42.74,2.29,1.02,0.03,18.24,8.2,Medium,Low,Medium,Black,100-300
2011,Datia,0.32,625.0,98.19,25.81,11.19,1.84,47.17,3.08,0.55,37.73,2.93,1.02,0.03,18.13,8.17,Medium,Low,Medium,Black,100-300
2012,Datia,0.8,913.0,98.17,26.2,9.96,2.08,48.17,3.64,0.55,42.16,2.04,1.0,0.03,17.92,8.02,Medium,Low,Medium,Black,100-300
2013,Datia,1.77,819.0,98.21,25.59,11.32,1.96,47.75,1.91,0.53,43.13,3.08,0.98,0.03,17.41,7.82,Medium,Low,Medium,Black,100-300
2014,Datia,11.0,1273.0,98.29,26.39,10.46,2.02,48.87,4.8,0.56,41.48,2.22,1.03,0.03,18.2,8.2,Medium,Low,Medium,Black,100-300
2015,Datia,9.0,778.0,98.35,26.51,10.65,1.96,46.69,4.78,0.56,39.56,2.38,1.02,0.03,18.23,8.17,Medium,Low,Medium,Black,100-300
2016,Datia,7.0,571.0,98.24,27.11,10.52,1.88,47.84,5.0,0.54,43.4,2.22,0.98,0.03,17.67,7.91,Medium,Low,Medium,Black,100-300
2017,Datia,6.7,854.0,98.22,27.97,9.75,2.0,47.9,3.66,0.55,43.98,1.48,1.01,0.03,18.06,8.09,Medium,Low,Medium,Black,100-300
2001,Morena,0.2,1500.0,98.67,27.07,9.22,1.91,48.2,4.43,0.59,37.34,1.75,1.1,0.03,19.23,8.68,High,Medium,High,Alluvial,300
2002,Morena,0.2,500.0,98.69,28.0,8.48,2.09,48.04,3.44,0.6,36.09,1.34,1.1,0.03,19.56,8.79,High,Medium,High,Alluvial,300
2003,Morena,0.2,1000.0,98.74,26.91,9.63,1.88,48.14,3.93,0.57,43.21,1.58,1.06,0.03,18.5,8.36,High,Medium,High,Alluvial,300
2004,Morena,0.2,1150.0,98.72,27.41,9.61,2.1,47.3,4.43,0.59,38.86,1.6,1.09,0.03,19.24,8.67,High,Medium,High,Alluvial,300
2005,Morena,0.35,1486.0,98.72,27.0,9.35,2.06,47.41,4.69,0.59,37.41,1.51,1.09,0.03,19.11,8.57,High,Medium,High,Alluvial,300
2006,Morena,0.28,1143.0,98.71,28.13,9.64,2.14,47.24,3.63,0.58,40.05,1.34,1.08,0.03,18.83,8.5,High,Medium,High,Alluvial,300
2007,Morena,0.2,1500.0,98.69,27.61,9.53,2.11,47.41,4.0,0.58,37.27,1.35,1.08,0.03,18.89,8.52,High,Medium,High,Alluvial,300
2008,Morena,0.2,1500.0,98.69,25.99,10.73,1.82,45.02,2.71,0.57,40.61,2.4,1.04,0.03,18.39,8.3,High,Medium,High,Alluvial,300
2009,Morena,0.2,1500.0,98.69,27.87,9.61,2.05,47.07,5.44,0.6,35.61,1.56,1.1,0.03,19.37,8.72,High,Medium,High,Alluvial,300
2010,Morena,0.3,1333.0,98.69,27.12,10.42,1.87,48.24,4.14,0.58,40.42,2.04,1.07,0.03,18.73,8.45,High,Medium,High,Alluvial,300
2011,Morena,0.4,1000.0,98.68,26.0,10.75,1.83,47.67,1.81,0.58,35.21,2.2,1.07,0.03,18.84,8.52,High,Medium,High,Alluvial,300
2012,Morena,0.34,1265.0,98.67,25.92,9.53,2.06,48.46,1.83,0.57,38.32,2.17,1.05,0.03,18.64,8.37,High,Medium,High,Alluvial,300
2013,Morena,0.45,1356.0,98.72,25.43,10.93,1.93,47.64,0.74,0.57,38.79,2.8,1.05,0.03,18.49,8.35,High,Medium,High,Alluvial,300
2014,Morena,11.0,1000.0,98.79,26.51,9.83,1.97,49.28,4.09,0.58,37.39,1.92,1.09,0.03,18.97,8.58,High,Medium,High,Alluvial,300
2015,Morena,3.0,1333.0,98.85,26.67,9.94,1.89,46.7,3.67,0.58,36.01,1.91,1.07,0.03,18.93,8.52,High,Medium,High,Alluvial,300
2016,Morena,0.0,0.0,98.73,27.26,9.98,1.79,47.63,4.53,0.58,38.95,2.02,1.06,0.03,18.69,8.42,High,Medium,High,Alluvial,300
2017,Morena,1.7,1665.0,98.72,27.85,9.4,1.95,47.33,3.14,0.58,47.71,1.39,1.06,0.03,18.7,8.42,High,Medium,High,Alluvial,300
2001,Bhind,0.1,1000.0,98.97,27.28,9.31,1.91,48.05,3.73,0.57,38.73,1.67,1.04,0.03,18.45,8.3,High,Low,High,Alluvial,300
2002,Bhind,0.0,0.0,98.98,28.07,8.61,2.05,48.4,4.34,0.57,38.04,1.29,1.03,0.03,18.66,8.36,High,Low,High,Alluvial,300
2003,Bhind,0.0,0.0,99.04,27.05,9.72,1.87,48.13,3.76,0.54,45.54,1.53,0.99,0.03,17.65,7.96,High,Low,High,Alluvial,300
2004,Bhind,0.17,765.0,99.01,27.42,9.74,2.11,47.31,4.65,0.57,40.46,1.58,1.03,0.03,18.37,8.25,High,Low,High,Alluvial,300
2005,Bhind,0.08,875.0,99.01,27.18,9.52,2.07,47.9,4.92,0.57,39.28,1.45,1.02,0.03,18.43,8.23,High,Low,High,Alluvial,300
2006,Bhind,0.03,667.0,99.0,28.28,9.73,2.16,47.31,4.23,0.56,40.24,1.32,1.03,0.03,18.3,8.22,High,Low,High,Alluvial,300
2007,Bhind,0.0,0.0,98.99,27.76,9.72,2.14,47.85,4.48,0.56,38.3,1.32,1.01,0.03,18.18,8.16,High,Low,High,Alluvial,300
2008,Bhind,0.0,0.0,98.99,26.07,10.89,1.8,45.27,3.71,0.54,40.88,2.31,0.97,0.02,17.54,7.88,High,Low,High,Alluvial,300
2009,Bhind,0.0,0.0,98.99,27.95,9.73,2.04,47.15,5.44,0.57,36.93,1.51,1.03,0.03,18.52,8.3,High,Low,High,Alluvial,300
2010,Bhind,0.0,0.0,98.99,27.26,10.45,1.87,48.32,4.33,0.55,42.53,1.95,1.0,0.03,17.92,8.05,High,Low,High,Alluvial,300
2011,Bhind,0.0,0.0,98.97,26.16,10.85,1.8,47.41,1.78,0.55,36.33,2.13,1.0,0.03,17.94,8.08,High,Low,High,Alluvial,300
2012,Bhind,0.0,0.0,98.96,26.1,9.66,2.1,48.93,1.7,0.56,38.93,2.13,1.0,0.03,18.1,8.09,High,Low,High,Alluvial,300
2013,Bhind,0.12,1167.0,99.01,25.63,11.05,1.97,48.09,0.69,0.54,39.86,2.77,0.98,0.02,17.61,7.91,High,Low,High,Alluvial,300
2014,Bhind,11.0,909.0,99.08,26.72,9.83,2.0,49.39,3.44,0.56,40.14,1.87,1.02,0.03,18.14,8.16,High,Low,High,Alluvial,300
2015,Bhind,1.0,1000.0,99.14,26.68,10.09,1.88,46.97,3.62,0.56,38.33,2.06,1.01,0.02,18.18,8.14,High,Low,High,Alluvial,300
2016,Bhind,0.0,0.0,99.02,27.31,10.1,1.8,47.59,4.03,0.55,40.71,1.97,0.98,0.03,17.8,7.97,High,Low,High,Alluvial,300
2017,Bhind,0.5,2000.0,99.01,27.76,9.68,1.92,47.43,2.66,0.55,45.78,1.58,0.99,0.03,17.83,7.99,High,Low,High,Alluvial,300
2001,Indore,220.4,979.0,96.26,27.57,9.79,2.61,45.48,7.02,0.57,42.26,1.35,1.1,0.03,19.08,8.6,Medium ,Medium,Medium,Black,100-300
2002,Indore,219.6,756.0,96.31,27.55,9.83,2.81,46.9,7.85,0.57,38.08,1.71,1.1,0.03,19.22,8.65,Medium ,Medium,Medium,Black,100-300
2003,Indore,218.5,1078.0,96.32,26.51,11.08,2.67,44.76,7.24,0.57,41.55,3.09,1.09,0.03,18.97,8.55,Medium ,Medium,Medium,Black,100-300
2004,Indore,220.15,1084.0,96.32,26.97,10.64,2.6,44.69,8.57,0.57,42.08,2.15,1.1,0.03,19.15,8.63,Medium ,Medium,Medium,Black,100-300
2005,Indore,209.91,1126.0,96.29,26.93,10.07,2.58,44.8,8.36,0.58,41.73,2.14,1.11,0.03,19.29,8.66,Medium ,Medium,Medium,Black,100-300
2006,Indore,224.19,1231.0,96.3,26.75,11.21,2.5,45.41,8.75,0.56,42.95,3.01,1.07,0.03,18.56,8.38,Medium ,Medium,Medium,Black,100-300
2007,Indore,226.0,1395.0,96.27,26.85,10.83,2.41,45.24,10.22,0.57,43.95,2.48,1.1,0.03,19.09,8.6,Medium ,Medium,Medium,Black,100-300
2008,Indore,221.0,1517.0,96.26,27.24,10.11,2.62,44.57,6.73,0.56,46.44,1.49,1.06,0.03,18.6,8.34,Medium ,Medium,Medium,Black,100-300
2009,Indore,226.8,1770.0,96.28,27.59,10.89,2.63,45.82,8.71,0.58,40.13,2.53,1.09,0.03,19.22,8.61,Medium ,Medium,Medium,Black,100-300
2010,Indore,223.1,862.0,96.26,27.28,11.67,2.47,46.25,7.62,0.57,45.86,2.39,1.09,0.03,18.88,8.51,Medium ,Medium,Medium,Black,100-300
2011,Indore,219.6,1161.0,96.25,26.75,10.83,2.52,44.37,5.54,0.55,43.35,2.48,1.05,0.03,18.46,8.3,Medium ,Medium,Medium,Black,100-300
2012,Indore,228.18,1454.0,96.26,26.62,10.4,2.79,43.93,6.08,0.55,46.68,2.29,1.05,0.03,18.44,8.27,Medium ,Medium,Medium,Black,100-300
2013,Indore,231.22,1007.0,96.27,25.92,11.53,2.7,45.41,6.41,0.52,49.01,3.74,0.99,0.03,17.29,7.78,Medium ,Medium,Medium,Black,100-300
2014,Indore,222.0,1059.0,96.37,27.12,10.87,2.71,45.56,6.52,0.56,44.71,2.2,1.06,0.03,18.63,8.37,Medium ,Medium,Medium,Black,100-300
2015,Indore,223.0,762.0,96.42,26.87,10.97,2.6,45.94,6.65,0.54,45.24,3.13,1.03,0.03,18.13,8.14,Medium ,Medium,Medium,Black,100-300
2016,Indore,221.0,1588.0,96.34,26.67,10.66,2.57,47.76,6.32,0.55,48.25,2.63,1.05,0.03,18.49,8.28,Medium ,Medium,Medium,Black,100-300
2017,Indore,216.9,915.0,96.33,26.72,10.65,2.51,44.68,5.83,0.56,42.16,2.4,1.06,0.03,18.75,8.39,Medium ,Medium,Medium,Black,100-300
2001,Ratlam,178.4,625.0,95.84,26.92,9.38,2.62,44.4,7.1,0.57,40.14,1.47,1.09,0.03,18.98,8.54,Medium ,Medium,High,Mixed Red & Black,50-100
2002,Ratlam,165.0,429.0,95.89,27.19,9.26,2.79,46.13,5.79,0.58,35.9,1.46,1.11,0.03,19.39,8.71,Medium ,Medium,High,Mixed Red & Black,50-100
2003,Ratlam,158.4,1148.0,95.9,26.09,10.6,2.69,44.05,6.59,0.57,39.03,2.46,1.08,0.03,18.85,8.48,Medium ,Medium,High,Mixed Red & Black,50-100
2004,Ratlam,178.66,647.0,95.9,26.56,10.25,2.59,44.07,7.11,0.58,38.95,2.08,1.1,0.03,19.21,8.65,Medium ,Medium,High,Mixed Red & Black,50-100
2005,Ratlam,181.81,966.0,95.88,26.15,9.8,2.51,43.93,5.47,0.58,39.61,2.06,1.11,0.03,19.3,8.64,Medium ,Medium,High,Mixed Red & Black,50-100
2006,Ratlam,188.53,1170.0,95.88,26.42,10.86,2.51,44.9,7.51,0.57,39.77,2.86,1.08,0.03,18.75,8.45,Medium ,Medium,High,Mixed Red & Black,50-100
2007,Ratlam,197.6,1193.0,95.85,26.46,10.45,2.45,44.84,8.95,0.58,40.03,2.27,1.11,0.03,19.21,8.65,Medium ,Medium,High,Mixed Red & Black,50-100
2008,Ratlam,204.7,1102.0,95.85,26.53,9.97,2.65,43.6,5.13,0.57,43.22,1.6,1.07,0.03,18.81,8.43,Medium ,Medium,High,Mixed Red & Black,50-100
2009,Ratlam,208.2,922.0,95.87,27.05,10.59,2.6,45.24,9.13,0.58,36.61,2.2,1.1,0.03,19.32,8.66,Medium ,Medium,High,Mixed Red & Black,50-100
2010,Ratlam,210.7,895.0,95.84,26.83,11.22,2.48,46.56,7.4,0.58,41.08,2.38,1.1,0.03,19.09,8.59,Medium ,Medium,High,Mixed Red & Black,50-100
2011,Ratlam,212.0,1260.0,95.83,26.17,10.67,2.53,44.53,4.91,0.56,38.26,2.52,1.07,0.03,18.64,8.39,Medium ,Medium,High,Mixed Red & Black,50-100
2012,Ratlam,224.53,1500.0,95.85,25.74,10.18,2.74,43.01,4.67,0.56,43.47,2.33,1.06,0.03,18.53,8.31,Medium ,Medium,High,Mixed Red & Black,50-100
2013,Ratlam,236.41,1104.0,95.86,25.23,11.2,2.57,44.6,5.34,0.53,46.58,3.3,1.01,0.03,17.53,7.9,Medium ,Medium,High,Mixed Red & Black,50-100
2014,Ratlam,229.0,882.0,95.96,26.29,10.56,2.63,44.71,5.25,0.57,41.42,2.11,1.07,0.03,18.76,8.43,Medium ,Medium,High,Mixed Red & Black,50-100
2015,Ratlam,230.0,896.0,95.99,26.29,10.51,2.68,45.17,6.59,0.56,40.76,2.59,1.05,0.03,18.43,8.28,Medium ,Medium,High,Mixed Red & Black,50-100
2016,Ratlam,186.0,1457.0,95.93,26.17,10.45,2.52,47.48,6.68,0.56,44.09,3.0,1.06,0.03,18.52,8.31,Medium ,Medium,High,Mixed Red & Black,50-100
2017,Ratlam,205.0,1823.0,95.91,26.24,10.33,2.57,44.71,5.18,0.56,42.15,2.28,1.07,0.03,18.74,8.39,Medium ,Medium,High,Mixed Red & Black,50-100
2001,Ujjain,416.7,644.0,95.24,24.98,10.81,2.11,45.54,5.81,0.55,48.94,3.76,1.05,0.03,18.19,8.2,Medium ,Low,High,Black,100-300
2002,Ujjain,414.7,484.0,95.27,25.63,10.26,2.21,45.75,5.99,0.56,45.61,2.95,1.06,0.03,18.5,8.32,Medium ,Low,High,Black,100-300
2003,Ujjain,364.0,1088.0,95.3,25.12,11.11,2.13,46.38,4.76,0.54,50.32,4.2,1.04,0.03,17.88,8.07,Medium ,Low,High,Black,100-300
2004,Ujjain,400.12,693.0,95.3,24.95,10.97,2.02,44.81,5.66,0.56,44.69,3.15,1.08,0.03,18.72,8.42,Medium ,Low,High,Black,100-300
2005,Ujjain,421.67,1052.0,95.29,24.91,10.75,2.02,45.07,6.48,0.56,47.52,4.31,1.06,0.03,18.48,8.28,Medium ,Low,High,Black,100-300
2006,Ujjain,430.34,1087.0,95.28,25.82,10.98,2.07,44.65,7.04,0.55,47.72,2.55,1.06,0.03,18.18,8.21,Medium ,Low,High,Black,100-300
2007,Ujjain,431.7,1189.0,95.27,25.21,10.79,2.02,45.21,7.51,0.56,46.49,2.77,1.06,0.03,18.46,8.3,Medium ,Low,High,Black,100-300
2008,Ujjain,443.7,1416.0,95.25,24.99,10.87,1.97,43.85,4.13,0.55,47.33,3.11,1.04,0.03,18.26,8.18,Medium ,Low,High,Black,100-300
2009,Ujjain,453.8,1483.0,95.26,26.12,10.55,2.0,44.87,8.15,0.57,43.81,2.8,1.07,0.03,18.76,8.4,Medium ,Low,High,Black,100-300
2010,Ujjain,451.8,1113.0,95.26,26.11,11.12,1.88,45.67,5.41,0.56,49.05,3.14,1.08,0.03,18.66,8.39,Medium ,Low,High,Black,100-300
2011,Ujjain,452.3,1386.0,95.24,24.95,11.25,1.91,44.68,2.05,0.54,45.76,3.82,1.04,0.03,18.08,8.14,Medium ,Low,High,Black,100-300
2012,Ujjain,458.82,1467.0,95.22,24.94,10.58,2.08,46.15,3.43,0.55,47.95,3.4,1.04,0.03,18.19,8.14,Medium ,Low,High,Black,100-300
2013,Ujjain,464.67,782.0,95.24,24.62,11.76,1.98,46.61,4.08,0.53,50.97,4.91,1.01,0.03,17.55,7.89,Medium ,Low,High,Black,100-300
2014,Ujjain,433.0,693.0,95.34,24.95,11.39,2.06,47.36,3.83,0.55,48.95,3.01,1.05,0.03,18.19,8.18,Medium ,Low,High,Black,100-300
2015,Ujjain,455.0,723.0,95.4,25.22,11.5,1.98,45.42,4.3,0.54,48.34,2.89,1.03,0.03,18.09,8.11,Medium ,Low,High,Black,100-300
2016,Ujjain,459.0,1466.0,95.3,25.52,11.17,1.98,45.38,4.63,0.54,51.29,3.68,1.02,0.03,17.86,8.0,Medium ,Low,High,Black,100-300
2017,Ujjain,446.9,1047.0,95.29,26.26,10.56,2.01,45.92,3.3,0.56,44.85,2.23,1.06,0.03,18.59,8.32,Medium ,Low,High,Black,100-300
2001,Mandsaur,223.4,719.0,95.86,26.67,9.29,2.56,44.59,6.51,0.59,39.31,1.6,1.11,0.03,19.54,8.71,Medium ,Medium,High,Mixed Red & Black,50-100
2002,Mandsaur,207.7,537.0,95.9,27.31,8.92,2.76,46.07,5.17,0.6,37.16,1.29,1.11,0.03,19.75,8.8,Medium ,Medium,High,Mixed Red & Black,50-100
2003,Mandsaur,200.6,1055.0,95.91,26.29,10.22,2.65,44.16,6.26,0.59,39.14,1.93,1.1,0.03,19.3,8.61,Medium ,Medium,High,Mixed Red & Black,50-100
2004,Mandsaur,231.96,882.0,95.91,26.62,10.02,2.55,44.2,5.99,0.6,37.48,1.97,1.12,0.03,19.74,8.81,Medium ,Medium,High,Mixed Red & Black,50-100
2005,Mandsaur,245.84,661.0,95.9,26.01,9.67,2.45,44.15,4.99,0.6,37.3,1.96,1.12,0.03,19.71,8.77,Medium ,Medium,High,Mixed Red & Black,50-100
2006,Mandsaur,250.88,839.0,95.89,26.41,10.71,2.45,44.81,7.02,0.58,37.39,2.76,1.09,0.03,19.14,8.56,Medium ,Medium,High,Mixed Red & Black,50-100
2007,Mandsaur,255.9,845.0,95.86,26.44,10.23,2.43,44.82,7.55,0.59,36.76,2.08,1.11,0.03,19.58,8.75,Medium ,Medium,High,Mixed Red & Black,50-100
2008,Mandsaur,259.1,916.0,95.86,26.25,9.97,2.59,43.31,4.69,0.58,39.78,1.69,1.08,0.03,19.11,8.52,Medium ,Medium,High,Mixed Red & Black,50-100
2009,Mandsaur,262.6,701.0,95.88,27.06,10.32,2.56,45.12,9.05,0.6,36.43,1.92,1.11,0.03,19.67,8.76,Medium ,Medium,High,Mixed Red & Black,50-100
2010,Mandsaur,261.5,974.0,95.85,26.78,11.0,2.45,46.61,7.07,0.59,38.93,2.33,1.11,0.03,19.43,8.68,Medium ,Medium,High,Mixed Red & Black,50-100
2011,Mandsaur,256.6,1383.0,95.84,25.93,10.68,2.47,44.81,4.06,0.58,36.52,2.57,1.08,0.03,19.13,8.55,Medium ,Medium,High,Mixed Red & Black,50-100
2012,Mandsaur,277.78,1777.0,95.86,25.53,10.1,2.63,43.96,4.07,0.58,39.05,2.32,1.07,0.03,18.95,8.44,Medium ,Medium,High,Mixed Red & Black,50-100
2013,Mandsaur,286.4,1106.0,95.88,25.16,11.04,2.46,45.15,4.13,0.55,42.82,2.91,1.04,0.03,18.28,8.17,Medium ,Medium,High,Mixed Red & Black,50-100
2014,Mandsaur,271.0,790.0,95.97,26.17,10.4,2.56,44.86,4.9,0.58,36.1,2.06,1.09,0.03,19.25,8.59,Medium ,Medium,High,Mixed Red & Black,50-100
2015,Mandsaur,283.0,753.0,96.0,26.19,10.36,2.61,45.62,5.81,0.57,37.68,2.35,1.06,0.03,18.92,8.43,Medium ,Medium,High,Mixed Red & Black,50-100
2016,Mandsaur,241.0,1373.0,95.93,26.13,10.36,2.46,47.48,6.19,0.57,39.48,3.14,1.07,0.03,18.94,8.44,Medium ,Medium,High,Mixed Red & Black,50-100
2017,Mandsaur,249.5,1128.0,95.92,26.27,10.16,2.53,44.48,4.17,0.58,46.15,2.15,1.08,0.03,19.05,8.48,Medium ,Medium,High,Mixed Red & Black,50-100
2001,Dewas,270.4,1160.0,95.14,26.6,9.64,2.47,44.73,6.16,0.56,46.52,1.66,1.09,0.03,18.82,8.53,Medium ,Low,High,Black,100-300
2002,Dewas,268.7,992.0,95.18,26.78,9.56,2.7,46.09,6.15,0.57,41.39,1.92,1.1,0.03,19.11,8.65,Medium ,Low,High,Black,100-300
2003,Dewas,271.1,1417.0,95.2,25.79,10.72,2.57,44.64,5.94,0.56,44.29,3.27,1.1,0.03,18.85,8.55,Medium ,Low,High,Black,100-300
2004,Dewas,274.22,1047.0,95.19,26.32,10.29,2.48,44.66,5.97,0.58,42.67,2.24,1.12,0.03,19.29,8.74,Medium ,Low,High,Black,100-300
2005,Dewas,280.7,1286.0,95.17,26.23,9.76,2.48,44.45,6.86,0.57,46.61,2.3,1.11,0.03,19.07,8.61,Medium ,Low,High,Black,100-300
2006,Dewas,282.51,1192.0,95.18,26.12,10.9,2.4,44.9,7.53,0.55,47.38,3.58,1.08,0.03,18.52,8.41,Medium ,Low,High,Black,100-300
2007,Dewas,296.1,1204.0,95.15,26.06,10.52,2.31,44.27,8.82,0.57,44.84,2.63,1.11,0.03,19.2,8.69,Medium ,Low,High,Black,100-300
2008,Dewas,303.5,1212.0,95.15,26.38,9.94,2.49,43.52,5.05,0.56,46.53,1.69,1.07,0.03,18.73,8.45,Medium ,Low,High,Black,100-300
2009,Dewas,306.6,1285.0,95.16,26.81,10.55,2.51,44.74,8.18,0.58,41.92,2.79,1.1,0.03,19.22,8.65,Medium ,Low,High,Black,100-300
2010,Dewas,321.6,1068.0,95.14,26.6,11.23,2.37,45.86,6.06,0.57,47.64,2.36,1.11,0.03,19.08,8.65,Medium ,Low,High,Black,100-300
2011,Dewas,323.0,1246.0,95.13,25.94,10.65,2.38,45.03,4.41,0.55,45.27,2.95,1.07,0.03,18.5,8.37,Medium ,Low,High,Black,100-300
2012,Dewas,340.53,1598.0,95.13,25.83,10.11,2.65,43.99,5.16,0.55,48.11,2.57,1.06,0.03,18.45,8.32,Medium ,Low,High,Black,100-300
2013,Dewas,350.96,762.0,95.15,25.24,11.28,2.54,45.33,4.22,0.52,50.56,4.08,1.0,0.03,17.3,7.82,Medium ,Low,High,Black,100-300
2014,Dewas,309.0,676.0,95.25,26.28,10.64,2.63,45.18,4.73,0.56,46.81,2.39,1.07,0.03,18.62,8.4,Medium ,Low,High,Black,100-300
2015,Dewas,337.0,623.0,95.29,26.05,10.69,2.55,45.82,5.36,0.54,46.72,3.37,1.04,0.03,18.15,8.19,Medium ,Low,High,Black,100-300
2016,Dewas,319.0,1483.0,95.22,25.94,10.48,2.47,47.16,5.1,0.55,51.18,3.4,1.06,0.03,18.51,8.33,Medium ,Low,High,Black,100-300
2017,Dewas,321.35,1020.0,95.2,26.28,10.23,2.47,45.44,3.73,0.56,43.92,2.26,1.08,0.03,18.8,8.46,Medium ,Low,High,Black,100-300
2001,Dhar,237.7,873.0,96.74,27.72,9.87,2.65,45.06,7.49,0.57,42.26,1.33,1.1,0.03,19.08,8.6,Medium ,High,High,Black,100-300
2002,Dhar,230.9,846.0,96.8,27.65,9.99,2.81,46.91,7.88,0.57,38.08,1.66,1.1,0.03,19.22,8.65,Medium ,High,High,Black,100-300
2003,Dhar,224.6,1161.0,96.8,26.7,11.26,2.69,44.73,7.84,0.57,41.55,2.99,1.09,0.03,18.97,8.55,Medium ,High,High,Black,100-300
2004,Dhar,238.49,911.0,96.8,27.14,10.8,2.63,44.21,8.85,0.57,42.08,2.17,1.1,0.03,19.15,8.63,Medium ,High,High,Black,100-300
2005,Dhar,245.91,1272.0,96.78,26.93,10.29,2.58,44.67,8.37,0.58,41.73,2.23,1.11,0.03,19.29,8.66,Medium ,High,High,Black,100-300
2006,Dhar,247.27,1258.0,96.78,27.01,11.34,2.54,45.25,8.8,0.56,42.95,2.94,1.07,0.03,18.56,8.38,Medium ,High,High,Black,100-300
2007,Dhar,250.3,1323.0,96.75,27.1,11.0,2.44,45.31,10.9,0.57,43.95,2.49,1.1,0.03,19.09,8.6,Medium ,High,High,Black,100-300
2008,Dhar,260.1,1445.0,96.74,27.33,10.29,2.65,44.52,7.14,0.56,46.44,1.52,1.06,0.03,18.6,8.34,Medium ,High,High,Black,100-300
2009,Dhar,268.1,1656.0,96.77,27.72,11.06,2.64,45.88,9.38,0.58,40.13,2.42,1.09,0.03,19.22,8.61,Medium ,High,High,Black,100-300
2010,Dhar,267.9,1270.0,96.74,27.41,11.88,2.5,46.56,8.02,0.57,45.86,2.42,1.09,0.03,18.88,8.51,Medium ,High,High,Black,100-300
2011,Dhar,266.8,1329.0,96.72,27.04,10.89,2.56,44.2,6.5,0.55,43.35,2.41,1.05,0.03,18.46,8.3,Medium ,High,High,Black,100-300
2012,Dhar,277.79,1593.0,96.74,26.78,10.54,2.81,43.42,6.23,0.55,46.68,2.21,1.05,0.03,18.44,8.27,Medium ,High,High,Black,100-300
2013,Dhar,292.2,1483.0,96.75,26.03,11.64,2.7,44.65,7.06,0.52,49.01,3.62,0.99,0.03,17.29,7.78,Medium ,High,High,Black,100-300
2014,Dhar,269.0,896.0,96.86,27.27,10.97,2.68,45.6,7.19,0.56,44.71,2.14,1.06,0.03,18.63,8.37,Medium ,High,High,Black,100-300
2015,Dhar,288.0,1309.0,96.9,27.13,11.04,2.61,45.14,7.76,0.54,45.24,2.83,1.03,0.03,18.13,8.14,Medium ,High,High,Black,100-300
2016,Dhar,289.0,1599.0,96.83,26.94,10.75,2.58,47.39,7.19,0.55,48.25,2.44,1.05,0.03,18.49,8.28,Medium ,High,High,Black,100-300
2017,Dhar,279.43,1291.0,96.81,27.07,10.7,2.55,44.35,6.76,0.56,42.16,2.17,1.06,0.03,18.75,8.39,Medium ,High,High,Black,100-300
2001,Jhabua,35.8,492.0,97.17,27.55,9.77,2.66,44.75,8.43,0.57,39.71,1.43,1.1,0.03,19.12,8.63,Medium ,Low,High,Black,100-300
2002,Jhabua,30.1,538.0,97.23,27.65,9.77,2.73,46.63,7.43,0.57,37.16,1.53,1.1,0.03,19.21,8.67,Medium ,Low,High,Black,100-300
2003,Jhabua,26.6,842.0,97.24,26.63,11.12,2.64,44.61,8.01,0.57,39.93,2.76,1.1,0.03,19.07,8.62,Medium ,Low,High,Black,100-300
2004,Jhabua,28.04,581.0,97.24,27.06,10.78,2.57,44.45,8.35,0.57,40.3,2.25,1.1,0.03,19.12,8.64,Medium ,Low,High,Black,100-300
2005,Jhabua,30.82,645.0,97.22,26.57,10.34,2.52,44.2,7.03,0.58,37.89,2.4,1.12,0.03,19.5,8.76,Medium ,Low,High,Black,100-300
2006,Jhabua,34.0,718.0,97.21,26.91,11.33,2.51,45.29,8.46,0.56,40.39,2.98,1.07,0.03,18.61,8.41,Medium ,Low,High,Black,100-300
2007,Jhabua,40.6,714.0,97.18,26.98,11.01,2.42,45.38,10.05,0.58,37.51,2.54,1.11,0.03,19.24,8.68,Medium ,Low,High,Black,100-300
2008,Jhabua,39.9,759.0,97.18,27.03,10.38,2.65,44.17,5.91,0.56,39.94,1.67,1.07,0.03,18.76,8.43,Medium ,Low,High,Black,100-300
2009,Jhabua,43.7,719.0,97.2,27.52,11.05,2.57,45.57,10.49,0.58,35.81,2.29,1.1,0.03,19.41,8.71,Medium ,Low,High,Black,100-300
2010,Jhabua,47.3,763.0,97.17,27.33,11.79,2.48,46.91,8.23,0.57,40.51,2.68,1.09,0.03,18.99,8.58,Medium ,Low,High,Black,100-300
2011,Jhabua,50.8,657.0,97.16,26.93,10.96,2.57,44.2,6.73,0.56,37.0,2.43,1.06,0.03,18.69,8.41,Medium ,Low,High,Black,100-300
2012,Jhabua,52.01,987.0,97.18,26.49,10.58,2.76,42.88,5.73,0.56,40.13,2.26,1.06,0.03,18.71,8.39,Medium ,Low,High,Black,100-300
2013,Jhabua,56.86,782.0,97.19,25.89,11.59,2.62,44.75,7.06,0.53,43.73,3.44,1.02,0.03,17.75,7.99,Medium ,Low,High,Black,100-300
2014,Jhabua,61.0,836.0,97.29,27.02,10.94,2.59,45.14,6.48,0.57,37.08,2.21,1.08,0.03,18.93,8.51,Medium ,Low,High,Black,100-300
2015,Jhabua,63.0,1444.0,97.33,27.12,10.88,2.64,44.84,8.23,0.55,39.04,2.38,1.05,0.03,18.54,8.32,Medium ,Low,High,Black,100-300
2016,Jhabua,66.0,1606.0,97.26,26.97,10.75,2.52,47.58,8.47,0.55,42.55,2.42,1.05,0.03,18.47,8.3,Medium ,Low,High,Black,100-300
2017,Jhabua,63.6,1430.0,97.25,26.91,10.72,2.56,44.95,7.15,0.56,39.97,2.26,1.06,0.03,18.7,8.38,Medium ,Low,High,Black,100-300
2001,Khargone,46.3,516.0,97.15,28.06,10.15,2.51,46.37,7.33,0.57,40.27,1.4,1.11,0.03,19.15,8.67,Medium ,Medium,High,Black,100-300
2002,Khargone,47.1,650.0,97.2,28.13,10.11,2.7,47.6,7.92,0.57,36.67,1.69,1.1,0.03,19.2,8.69,Medium ,Medium,High,Black,100-300
2003,Khargone,50.2,902.0,97.21,27.15,11.34,2.57,45.64,7.16,0.57,40.24,2.9,1.1,0.03,19.06,8.62,Medium ,Medium,High,Black,100-300
2004,Khargone,53.65,638.0,97.21,27.56,10.9,2.53,45.39,8.32,0.57,41.09,2.05,1.11,0.03,19.26,8.73,Medium ,Medium,High,Black,100-300
2005,Khargone,60.19,563.0,97.19,27.32,10.45,2.46,45.51,8.48,0.57,39.59,2.27,1.11,0.03,19.3,8.7,Medium ,Medium,High,Black,100-300
2006,Khargone,57.14,710.0,97.19,27.23,11.56,2.38,46.15,8.23,0.56,41.2,3.01,1.08,0.03,18.71,8.48,Medium ,Medium,High,Black,100-300
2007,Khargone,53.6,756.0,97.16,27.38,11.12,2.31,45.99,9.72,0.58,40.39,2.41,1.11,0.03,19.34,8.74,Medium ,Medium,High,Black,100-300
2008,Khargone,52.8,642.0,97.15,27.79,10.36,2.49,45.32,6.68,0.56,40.87,1.53,1.07,0.03,18.82,8.47,Medium ,Medium,High,Black,100-300
2009,Khargone,48.2,703.0,97.17,28.21,11.1,2.52,46.52,9.06,0.58,37.33,2.4,1.11,0.03,19.37,8.71,Medium ,Medium,High,Black,100-300
2010,Khargone,43.7,863.0,97.15,27.82,12.04,2.38,46.56,7.56,0.56,44.36,2.41,1.1,0.03,18.99,8.61,Medium ,Medium,High,Black,100-300
2011,Khargone,49.8,556.0,97.14,27.27,11.06,2.4,44.92,5.5,0.56,38.64,2.32,1.07,0.03,18.78,8.46,Medium ,Medium,High,Black,100-300
2012,Khargone,49.0,973.0,97.15,27.21,10.68,2.65,44.68,5.91,0.55,42.24,2.14,1.06,0.03,18.65,8.38,Medium ,Medium,High,Black,100-300
2013,Khargone,55.0,769.0,97.16,26.53,11.81,2.62,45.97,6.63,0.53,45.32,3.44,1.02,0.03,17.72,8.0,Medium ,Medium,High,Black,100-300
2014,Khargone,40.0,1400.0,97.26,27.79,11.11,2.58,46.37,6.56,0.56,41.08,2.09,1.08,0.03,18.86,8.5,Medium ,Medium,High,Black,100-300
2015,Khargone,71.0,1535.0,97.31,27.51,11.3,2.44,46.42,6.77,0.55,41.95,2.91,1.06,0.03,18.58,8.36,Medium ,Medium,High,Black,100-300
2016,Khargone,63.0,1603.0,97.24,27.41,10.75,2.47,48.28,6.63,0.56,44.09,2.33,1.07,0.03,18.67,8.39,Medium ,Medium,High,Black,100-300
2017,Khargone,62.3,1036.0,97.22,27.45,10.83,2.41,45.35,6.24,0.56,42.78,2.43,1.08,0.03,18.91,8.48,Medium ,Medium,High,Black,100-300
2001,Khandwa,175.2,441.0,97.29,27.96,10.31,2.35,46.75,7.14,0.56,43.9,1.67,1.1,0.03,18.96,8.61,Medium ,Medium,High,Black,100-300
2002,Khandwa,172.5,495.0,97.34,28.18,10.14,2.56,47.52,7.43,0.57,39.93,1.89,1.11,0.03,19.09,8.66,Medium ,Medium,High,Black,100-300
2003,Khandwa,157.0,626.0,97.36,27.22,11.35,2.46,46.33,7.02,0.56,43.34,3.2,1.11,0.03,18.97,8.61,Medium ,Medium,High,Black,100-300
2004,Khandwa,155.31,487.0,97.35,27.69,10.88,2.4,45.82,8.08,0.58,42.08,2.1,1.13,0.03,19.43,8.82,Medium ,Medium,High,Black,100-300
2005,Khandwa,149.01,599.0,97.33,27.51,10.44,2.37,45.81,8.26,0.57,42.43,2.34,1.11,0.03,19.15,8.66,Medium ,Medium,High,Black,100-300
2006,Khandwa,149.6,689.0,97.34,27.32,11.64,2.24,46.69,8.13,0.55,45.27,3.51,1.09,0.03,18.65,8.48,Medium ,Medium,High,Black,100-300
2007,Khandwa,152.3,708.0,97.3,27.45,11.1,2.19,46.22,9.43,0.57,44.44,2.53,1.12,0.03,19.22,8.71,Medium ,Medium,High,Black,100-300
2008,Khandwa,154.3,765.0,97.3,27.89,10.38,2.34,45.38,6.26,0.56,45.14,1.63,1.08,0.03,18.75,8.47,Medium ,Medium,High,Black,100-300
2009,Khandwa,154.4,632.0,97.31,28.21,11.11,2.36,46.35,9.07,0.57,41.7,2.69,1.1,0.03,19.2,8.65,Medium ,Medium,High,Black,100-300
2010,Khandwa,165.4,714.0,97.29,27.92,12.03,2.26,46.69,7.35,0.56,46.73,2.6,1.11,0.03,18.95,8.62,Medium ,Medium,High,Black,100-300
2011,Khandwa,163.1,535.0,97.28,27.32,11.14,2.27,45.87,5.39,0.55,42.99,2.6,1.07,0.03,18.6,8.41,Medium ,Medium,High,Black,100-300
2012,Khandwa,182.3,872.0,97.29,27.21,10.76,2.5,45.46,6.43,0.55,46.32,2.49,1.07,0.03,18.58,8.39,Medium ,Medium,High,Black,100-300
2013,Khandwa,189.28,803.0,97.3,26.72,11.89,2.47,47.02,5.82,0.52,48.74,3.77,1.02,0.03,17.58,7.96,Medium ,Medium,High,Black,100-300
2014,Khandwa,17.0,1235.0,97.41,27.94,11.15,2.47,46.69,6.02,0.56,45.02,2.28,1.08,0.03,18.73,8.47,Medium ,Medium,High,Black,100-300
2015,Khandwa,178.0,522.0,97.46,27.41,11.41,2.33,47.12,6.91,0.55,44.85,3.32,1.06,0.03,18.49,8.35,Medium ,Medium,High,Black,100-300
2016,Khandwa,164.0,1348.0,97.38,27.34,10.89,2.32,48.38,6.65,0.55,48.48,3.22,1.07,0.03,18.6,8.39,Medium ,Medium,High,Black,100-300
2017,Khandwa,158.6,762.0,97.36,27.35,10.93,2.25,45.94,5.49,0.56,44.11,2.96,1.09,0.03,19.0,8.54,Medium ,Medium,High,Black,100-300
2001,Sehore,247.2,1013.0,95.65,26.39,9.98,2.3,45.49,6.5,0.56,45.82,2.2,1.09,0.03,18.73,8.48,Medium ,High,High,Black,100-300
2002,Sehore,246.5,1014.0,95.69,26.98,9.68,2.52,46.41,6.17,0.58,41.86,2.24,1.1,0.03,19.15,8.64,Medium ,High,High,Black,100-300
2003,Sehore,255.3,1298.0,95.71,26.05,10.86,2.43,45.81,6.02,0.56,45.56,3.41,1.08,0.03,18.54,8.39,Medium ,High,High,Black,100-300
2004,Sehore,275.71,751.0,95.71,26.78,10.3,2.37,45.31,5.27,0.57,40.98,2.32,1.1,0.03,19.01,8.59,Medium ,High,High,Black,100-300
2005,Sehore,269.82,1276.0,95.69,26.34,9.99,2.35,44.97,6.51,0.57,43.49,2.9,1.1,0.03,19.05,8.57,Medium ,High,High,Black,100-300
2006,Sehore,243.58,888.0,95.69,26.25,11.1,2.24,45.49,6.88,0.56,44.68,4.67,1.08,0.03,18.57,8.42,Medium ,High,High,Black,100-300
2007,Sehore,284.5,1197.0,95.67,26.34,10.55,2.2,44.75,8.41,0.57,42.9,2.79,1.1,0.03,18.98,8.57,Medium ,High,High,Black,100-300
2008,Sehore,282.5,1293.0,95.66,26.39,10.2,2.3,43.95,4.91,0.56,46.3,2.04,1.07,0.03,18.67,8.42,Medium ,High,High,Black,100-300
2009,Sehore,284.4,1526.0,95.68,26.9,10.68,2.34,45.49,8.13,0.57,42.41,3.08,1.09,0.03,19.02,8.57,Medium ,High,High,Black,100-300
2010,Sehore,283.9,1889.0,95.66,26.8,11.32,2.24,46.3,5.73,0.57,47.22,2.41,1.1,0.03,18.98,8.59,Medium ,High,High,Black,100-300
2011,Sehore,310.9,1190.0,95.64,26.12,10.8,2.25,45.78,3.42,0.55,43.6,3.45,1.06,0.03,18.36,8.31,Medium ,High,High,Black,100-300
2012,Sehore,308.68,1236.0,95.64,26.17,10.19,2.49,45.04,5.15,0.55,46.56,2.95,1.05,0.03,18.32,8.26,Medium ,High,High,Black,100-300
2013,Sehore,312.24,483.0,95.65,25.71,11.4,2.46,46.18,3.87,0.53,48.62,4.16,1.01,0.03,17.47,7.9,Medium ,High,High,Black,100-300
2014,Sehore,193.0,1337.0,95.76,26.56,10.73,2.52,46.22,5.02,0.56,46.68,2.58,1.07,0.03,18.63,8.41,Medium ,High,High,Black,100-300
2015,Sehore,296.0,568.0,95.81,26.38,10.8,2.43,46.49,5.14,0.54,46.2,3.58,1.04,0.03,18.08,8.17,Medium ,High,High,Black,100-300
2016,Sehore,270.0,1485.0,95.72,26.25,10.57,2.36,47.93,4.77,0.55,47.94,4.14,1.05,0.03,18.3,8.24,Medium ,High,High,Black,100-300
2017,Sehore,270.0,826.0,95.71,26.71,10.26,2.33,46.65,3.7,0.56,44.23,2.42,1.06,0.03,18.57,8.35,Medium ,High,High,Black,100-300
2001,Raisen,94.4,784.0,95.44,25.64,10.21,2.27,45.51,6.02,0.56,45.82,2.66,1.09,0.03,18.73,8.48,Medium ,Medium,High,Black,100-300
2002,Raisen,73.3,742.0,95.47,26.58,9.74,2.48,45.7,5.58,0.58,41.86,2.44,1.1,0.03,19.15,8.64,Medium ,Medium,High,Black,100-300
2003,Raisen,69.3,973.0,95.49,25.6,10.87,2.4,45.55,5.62,0.56,45.56,3.39,1.08,0.03,18.54,8.39,Medium ,Medium,High,Black,100-300
2004,Raisen,77.58,872.0,95.49,26.3,10.36,2.33,45.21,4.85,0.57,40.98,2.47,1.1,0.03,19.01,8.59,Medium ,Medium,High,Black,100-300
2005,Raisen,70.57,1085.0,95.47,25.81,10.16,2.34,44.42,5.93,0.57,43.49,3.29,1.1,0.03,19.05,8.57,Medium ,Medium,High,Black,100-300
2006,Raisen,69.66,1164.0,95.47,25.9,11.13,2.22,45.04,6.67,0.56,44.68,4.92,1.08,0.03,18.57,8.42,Medium ,Medium,High,Black,100-300
2007,Raisen,128.3,1197.0,95.45,25.8,10.62,2.21,44.19,7.37,0.57,42.9,2.97,1.1,0.03,18.98,8.57,Medium ,Medium,High,Black,100-300
2008,Raisen,116.6,1108.0,95.45,25.57,10.55,2.23,43.31,4.57,0.56,46.3,2.53,1.07,0.03,18.67,8.42,Medium ,Medium,High,Black,100-300
2009,Raisen,123.3,1144.0,95.46,26.41,10.74,2.33,44.92,7.85,0.57,42.41,3.07,1.09,0.03,19.02,8.57,Medium ,Medium,High,Black,100-300
2010,Raisen,143.9,1094.0,95.44,26.36,11.25,2.23,45.81,5.54,0.57,47.22,2.53,1.1,0.03,18.98,8.59,Medium ,Medium,High,Black,100-300
2011,Raisen,188.8,700.0,95.43,25.55,10.99,2.22,45.45,3.14,0.55,43.6,4.14,1.06,0.03,18.36,8.31,Medium ,Medium,High,Black,100-300
2012,Raisen,196.49,925.0,95.43,25.62,10.24,2.45,44.71,3.99,0.55,46.56,3.11,1.05,0.03,18.32,8.26,Medium ,Medium,High,Black,100-300
2013,Raisen,194.52,241.0,95.44,25.22,11.47,2.41,45.85,3.47,0.53,48.62,4.43,1.01,0.03,17.47,7.9,Medium ,Medium,High,Black,100-300
2014,Raisen,119.0,1261.0,95.54,25.92,10.87,2.49,46.79,4.2,0.56,46.68,2.8,1.07,0.03,18.63,8.41,Medium ,Medium,High,Black,100-300
2015,Raisen,94.0,447.0,95.59,25.75,10.98,2.42,45.79,4.74,0.54,46.2,3.56,1.04,0.03,18.08,8.17,Medium ,Medium,High,Black,100-300
2016,Raisen,82.0,854.0,95.5,25.88,10.72,2.31,47.18,4.4,0.55,47.94,4.22,1.05,0.03,18.3,8.24,Medium ,Medium,High,Black,100-300
2017,Raisen,84.7,610.0,95.49,26.35,10.33,2.32,45.93,3.06,0.56,44.23,2.37,1.06,0.03,18.57,8.35,Medium ,Medium,High,Black,100-300
2001,Betul,156.5,882.0,93.94,24.97,10.65,2.32,44.23,7.07,0.55,48.09,3.13,1.08,0.03,18.45,8.38,Medium ,Low,High,Black,100-300
2002,Betul,160.8,652.0,93.98,25.85,10.18,2.46,44.96,7.24,0.56,43.57,2.79,1.09,0.03,18.73,8.49,Medium ,Low,High,Black,100-300
2003,Betul,153.3,892.0,93.99,25.38,11.08,2.41,44.63,6.21,0.55,47.41,3.82,1.09,0.03,18.54,8.41,Medium ,Low,High,Black,100-300
2004,Betul,158.21,689.0,94.0,25.82,10.46,2.38,43.74,6.66,0.57,42.65,2.46,1.12,0.03,19.18,8.69,Medium ,Low,High,Black,100-300
2005,Betul,176.72,1075.0,93.98,25.11,10.51,2.35,43.49,7.6,0.56,45.05,3.7,1.1,0.03,18.76,8.48,Medium ,Low,High,Black,100-300
2006,Betul,173.92,1049.0,93.99,25.47,11.35,2.23,43.45,7.26,0.54,48.42,4.16,1.07,0.03,18.29,8.32,Medium ,Low,High,Black,100-300
2007,Betul,194.1,1047.0,93.95,25.66,10.58,2.24,43.35,9.36,0.56,47.04,3.01,1.1,0.03,18.93,8.56,Medium ,Low,High,Black,100-300
2008,Betul,197.0,1131.0,93.95,25.36,10.46,2.24,42.5,5.56,0.55,46.57,2.75,1.07,0.03,18.55,8.37,Medium ,Low,High,Black,100-300
2009,Betul,210.3,1221.0,93.96,25.97,10.8,2.3,43.68,8.92,0.56,44.75,3.2,1.09,0.03,18.94,8.53,Medium ,Low,High,Black,100-300
2010,Betul,229.0,1291.0,93.95,25.96,11.51,2.2,44.57,7.36,0.55,49.45,3.8,1.09,0.03,18.57,8.43,Medium ,Low,High,Black,100-300
2011,Betul,205.3,1223.0,93.93,25.29,10.89,2.22,43.15,5.3,0.55,44.76,3.35,1.07,0.03,18.39,8.32,Medium ,Low,High,Black,100-300
2012,Betul,236.0,1850.0,93.93,25.27,10.43,2.47,43.23,6.28,0.55,46.34,3.51,1.07,0.03,18.41,8.3,Medium ,Low,High,Black,100-300
2013,Betul,241.85,630.0,93.93,25.12,11.61,2.39,44.85,6.7,0.51,50.9,4.68,1.0,0.03,17.25,7.81,Medium ,Low,High,Black,100-300
2014,Betul,188.0,2064.0,94.04,25.77,10.97,2.44,45.2,6.2,0.54,48.94,2.8,1.06,0.03,18.28,8.26,Medium ,Low,High,Black,100-300
2015,Betul,254.0,492.0,94.1,25.46,11.25,2.4,44.45,6.43,0.54,48.22,3.58,1.05,0.03,18.31,8.26,Medium ,Low,High,Black,100-300
2016,Betul,234.0,1333.0,94.0,25.83,10.64,2.36,44.92,6.04,0.55,50.4,3.53,1.06,0.03,18.44,8.31,Medium ,Low,High,Black,100-300
2017,Betul,223.0,1335.0,94.0,25.89,10.51,2.24,44.62,5.39,0.56,45.53,2.51,1.08,0.03,18.77,8.43,Medium ,Low,High,Black,100-300
2001,Rajgarh,260.9,606.0,96.06,26.23,9.82,2.24,46.01,5.78,0.57,44.77,2.31,1.09,0.03,18.77,8.48,Medium ,High,High,Black,100-300
2002,Rajgarh,255.8,341.0,96.08,27.31,9.24,2.47,46.38,5.64,0.58,40.52,1.86,1.1,0.03,19.22,8.66,Medium ,High,High,Black,100-300
2003,Rajgarh,252.3,1135.0,96.11,26.07,10.57,2.36,46.09,5.53,0.56,43.03,2.59,1.08,0.03,18.57,8.39,Medium ,High,High,Black,100-300
2004,Rajgarh,261.01,885.0,96.1,26.76,10.09,2.3,45.51,5.04,0.58,41.19,2.17,1.1,0.03,19.08,8.62,Medium ,High,High,Black,100-300
2005,Rajgarh,266.31,1191.0,96.08,26.29,9.81,2.25,45.0,5.95,0.58,42.67,2.43,1.1,0.03,19.1,8.58,Medium ,High,High,Black,100-300
2006,Rajgarh,273.08,840.0,96.08,26.59,10.79,2.2,45.66,7.3,0.56,43.71,3.56,1.08,0.03,18.65,8.44,Medium ,High,High,Black,100-300
2007,Rajgarh,277.4,982.0,96.06,26.24,10.41,2.18,44.71,7.61,0.57,41.71,2.61,1.1,0.03,19.07,8.6,Medium ,High,High,Black,100-300
2008,Rajgarh,283.2,1087.0,96.06,25.93,10.37,2.18,43.8,4.38,0.56,44.94,2.35,1.07,0.03,18.7,8.41,Medium ,High,High,Black,100-300
2009,Rajgarh,292.1,876.0,96.07,27.2,10.4,2.32,45.72,8.15,0.58,39.44,2.25,1.1,0.03,19.19,8.63,Medium ,High,High,Black,100-300
2010,Rajgarh,299.0,1052.0,96.05,26.99,10.93,2.2,46.68,6.11,0.57,44.75,2.25,1.1,0.03,19.0,8.58,Medium ,High,High,Black,100-300
2011,Rajgarh,299.5,863.0,96.04,25.94,10.84,2.17,46.58,2.57,0.56,40.77,3.93,1.06,0.03,18.5,8.35,Medium ,High,High,Black,100-300
2012,Rajgarh,326.22,1228.0,96.04,25.93,10.01,2.37,45.57,3.84,0.55,46.02,2.38,1.05,0.03,18.33,8.25,Medium ,High,High,Black,100-300
2013,Rajgarh,342.42,577.0,96.07,25.28,11.25,2.28,46.33,3.49,0.53,47.29,4.02,1.01,0.03,17.48,7.89,Medium ,High,High,Black,100-300
2014,Rajgarh,315.0,1352.0,96.16,26.31,10.57,2.43,47.65,4.22,0.56,43.99,2.54,1.07,0.03,18.64,8.41,Medium ,High,High,Black,100-300
2015,Rajgarh,339.0,608.0,96.21,26.11,10.68,2.36,46.48,4.69,0.55,44.0,2.98,1.04,0.03,18.19,8.2,Medium ,High,High,Black,100-300
2016,Rajgarh,314.0,1172.0,96.12,26.27,10.47,2.27,48.22,4.91,0.56,45.58,3.62,1.05,0.03,18.42,8.28,Medium ,High,High,Black,100-300
2017,Rajgarh,309.4,1245.0,96.1,27.2,9.83,2.32,47.15,3.06,0.56,45.09,1.72,1.06,0.03,18.58,8.34,Medium ,High,High,Black,100-300
2001,Shajapur,314.6,620.0,95.63,26.59,9.6,2.39,45.12,5.74,0.57,44.77,1.82,1.09,0.03,18.77,8.48,Medium ,Medium,High,Black,100-300
2002,Shajapur,315.3,480.0,95.67,27.09,9.37,2.66,46.21,5.4,0.58,40.52,1.81,1.1,0.03,19.22,8.66,Medium ,Medium,High,Black,100-300
2003,Shajapur,307.3,988.0,95.69,25.93,10.65,2.52,45.08,5.55,0.56,43.03,2.91,1.08,0.03,18.57,8.39,Medium ,Medium,High,Black,100-300
2004,Shajapur,319.01,823.0,95.68,26.57,10.17,2.44,45.06,5.1,0.58,41.19,2.18,1.1,0.03,19.08,8.62,Medium ,Medium,High,Black,100-300
2005,Shajapur,327.79,979.0,95.67,26.29,9.74,2.41,44.78,5.92,0.58,42.67,2.28,1.1,0.03,19.1,8.58,Medium ,Medium,High,Black,100-300
2006,Shajapur,327.02,833.0,95.66,26.44,10.84,2.35,45.27,7.43,0.56,43.71,3.5,1.08,0.03,18.65,8.44,Medium ,Medium,High,Black,100-300
2007,Shajapur,331.4,932.0,95.64,26.22,10.47,2.28,44.57,8.7,0.57,41.71,2.55,1.1,0.03,19.07,8.6,Medium ,Medium,High,Black,100-300
2008,Shajapur,337.1,1002.0,95.64,26.34,10.01,2.41,43.74,4.17,0.56,44.94,1.84,1.07,0.03,18.7,8.41,Medium ,Medium,High,Black,100-300
2009,Shajapur,340.5,896.0,95.65,27.1,10.47,2.47,45.3,8.55,0.58,39.44,2.53,1.1,0.03,19.19,8.63,Medium ,Medium,High,Black,100-300
2010,Shajapur,348.6,1271.0,95.63,26.88,11.11,2.33,46.45,6.1,0.57,44.75,2.26,1.1,0.03,19.0,8.58,Medium ,Medium,High,Black,100-300
2011,Shajapur,348.7,1117.0,95.62,25.97,10.73,2.3,45.67,3.26,0.56,40.77,3.14,1.06,0.03,18.5,8.35,Medium ,Medium,High,Black,100-300
2012,Shajapur,371.1,1342.0,95.63,25.81,10.11,2.55,44.69,4.16,0.55,46.02,2.49,1.05,0.03,18.33,8.25,Medium ,Medium,High,Black,100-300
2013,Shajapur,241.9,772.0,95.64,25.22,11.27,2.41,45.24,3.43,0.53,47.29,3.93,1.01,0.03,17.48,7.89,Medium ,Medium,High,Black,100-300
2014,Shajapur,250.0,780.0,95.74,26.28,10.61,2.56,45.76,4.42,0.56,43.99,2.39,1.07,0.03,18.64,8.41,Medium ,Medium,High,Black,100-300
2015,Shajapur,253.0,759.0,95.79,26.11,10.64,2.51,46.15,5.3,0.55,44.0,3.17,1.04,0.03,18.19,8.2,Medium ,Medium,High,Black,100-300
2016,Shajapur,248.0,1488.0,95.71,26.12,10.45,2.42,47.65,5.15,0.56,45.58,3.39,1.05,0.03,18.42,8.28,Medium ,Medium,High,Black,100-300
2017,Shajapur,236.6,1024.0,95.69,26.88,9.95,2.47,46.27,3.26,0.56,45.09,1.81,1.06,0.03,18.58,8.34,Medium ,Medium,High,Black,100-300
2001,Hoshangabad,211.4,1022.0,96.37,26.54,10.49,2.16,46.51,6.46,0.56,48.66,2.86,1.09,0.03,18.58,8.46,Medium ,High,High,Mixed Red & Black,50-100
2002,Hoshangabad,204.3,638.0,96.41,27.44,10.01,2.34,46.95,6.59,0.57,43.3,2.74,1.1,0.03,18.95,8.59,Medium ,High,High,Mixed Red & Black,50-100
2003,Hoshangabad,200.5,1025.0,96.43,26.66,11.18,2.29,46.78,6.74,0.55,47.08,3.91,1.09,0.03,18.53,8.43,Medium ,High,High,Mixed Red & Black,50-100
2004,Hoshangabad,203.97,543.0,96.42,27.37,10.48,2.25,46.25,6.07,0.57,42.74,2.59,1.11,0.03,19.13,8.68,Medium ,High,High,Mixed Red & Black,50-100
2005,Hoshangabad,188.5,1051.0,96.41,26.73,10.35,2.22,45.67,7.17,0.57,45.69,3.68,1.1,0.03,18.91,8.55,Medium ,High,High,Mixed Red & Black,50-100
2006,Hoshangabad,194.86,1217.0,96.41,26.79,11.44,2.12,45.74,7.71,0.55,47.88,5.34,1.07,0.03,18.39,8.38,Medium ,High,High,Mixed Red & Black,50-100
2007,Hoshangabad,206.7,1090.0,96.38,27.03,10.69,2.11,45.21,9.76,0.57,48.56,3.15,1.11,0.03,19.06,8.64,Medium ,High,High,Mixed Red & Black,50-100
2008,Hoshangabad,211.9,845.0,96.38,26.73,10.49,2.1,44.56,5.57,0.56,50.18,2.56,1.07,0.03,18.61,8.42,Medium ,High,High,Mixed Red & Black,50-100
2009,Hoshangabad,214.7,1318.0,96.39,27.21,10.98,2.14,46.08,9.37,0.57,46.76,3.45,1.09,0.03,18.96,8.56,Medium ,High,High,Mixed Red & Black,50-100
2010,Hoshangabad,216.7,1482.0,96.37,27.23,11.65,2.09,47.0,7.36,0.56,51.64,3.11,1.1,0.03,18.8,8.55,Medium ,High,High,Mixed Red & Black,50-100
2011,Hoshangabad,217.8,635.0,96.36,26.75,10.91,2.12,46.08,4.47,0.55,49.09,3.82,1.06,0.03,18.32,8.31,Medium ,High,High,Mixed Red & Black,50-100
2012,Hoshangabad,223.66,862.0,96.36,26.7,10.41,2.34,45.76,5.5,0.55,51.51,3.57,1.05,0.03,18.25,8.25,Medium ,High,High,Mixed Red & Black,50-100
2013,Hoshangabad,213.18,990.0,96.37,26.37,11.69,2.28,47.13,4.86,0.51,53.54,4.65,1.0,0.03,17.18,7.79,Medium ,High,High,Mixed Red & Black,50-100
2014,Hoshangabad,189.0,1651.0,96.48,27.19,10.99,2.33,47.34,5.92,0.55,51.17,2.9,1.07,0.03,18.45,8.35,Medium ,High,High,Mixed Red & Black,50-100
2015,Hoshangabad,108.0,463.0,96.53,26.79,11.27,2.25,47.12,6.57,0.54,50.26,3.98,1.04,0.03,18.09,8.19,Medium ,High,High,Mixed Red & Black,50-100
2016,Hoshangabad,92.0,1163.0,96.44,27.05,10.68,2.23,47.69,5.79,0.55,54.23,4.26,1.05,0.03,18.27,8.25,Medium ,High,High,Mixed Red & Black,50-100
2017,Hoshangabad,41.6,615.0,96.43,27.17,10.56,2.15,47.37,4.84,0.56,45.86,2.57,1.08,0.03,18.77,8.45,Medium ,High,High,Mixed Red & Black,50-100
2001,Thane,0.0,0.0,99.75,27.5,14.22,2.64,42.66,13.01,0.54,48.36,5.1,1.06,0.03,18.28,8.28,Medium ,Medium,High,Red,25-50
2002,Thane,0.0,0.0,99.8,28.27,13.82,2.65,44.19,11.23,0.54,47.47,3.62,1.07,0.03,18.48,8.37,Medium ,Medium,High,Red,25-50
2003,Thane,0.0,0.0,99.78,28.17,14.36,2.58,43.25,12.91,0.55,46.83,5.38,1.08,0.03,18.63,8.43,Medium ,Medium,High,Red,25-50
2004,Thane,0.0,0.0,99.79,27.7,14.16,2.67,44.85,13.92,0.54,48.43,6.34,1.07,0.03,18.41,8.34,Medium ,Medium,High,Red,25-50
2005,Thane,0.0,0.0,99.78,27.34,14.1,2.59,43.54,12.21,0.54,46.49,8.77,1.07,0.03,18.46,8.33,Medium ,Medium,High,Red,25-50
2006,Thane,0.0,0.0,99.78,27.57,14.66,2.64,42.55,12.53,0.53,47.22,9.13,1.04,0.03,18.05,8.17,Medium ,Medium,High,Red,25-50
2007,Thane,0.0,0.0,99.72,27.82,14.57,2.61,44.89,14.06,0.54,49.62,7.36,1.06,0.03,18.34,8.3,Medium ,Medium,High,Red,25-50
2008,Thane,0.0,0.0,99.73,27.41,14.11,2.56,43.2,10.42,0.54,49.76,7.1,1.04,0.03,18.25,8.22,Medium ,Medium,High,Red,25-50
2009,Thane,0.0,0.0,99.75,28.19,14.46,2.56,44.18,12.89,0.54,49.98,6.18,1.06,0.03,18.45,8.32,Medium ,Medium,High,Red,25-50
2010,Thane,0.0,0.0,99.71,27.77,15.57,2.39,43.04,12.51,0.53,54.23,8.51,1.04,0.03,17.89,8.14,Medium ,Medium,High,Red,25-50
2011,Thane,0.0,0.0,99.7,27.25,14.52,2.6,41.98,11.45,0.53,48.73,7.05,1.03,0.03,17.94,8.08,Medium ,Medium,High,Red,25-50
2012,Thane,0.0,0.0,99.74,27.35,13.99,2.61,42.93,11.18,0.54,49.56,4.96,1.05,0.03,18.42,8.27,Medium ,Medium,High,Red,25-50
2013,Thane,0.0,0.0,99.74,27.32,14.62,2.59,41.53,12.01,0.51,52.37,6.76,1.0,0.03,17.46,7.88,Medium ,Medium,High,Red,25-50
2014,Thane,0.0,0.0,99.82,28.04,14.23,2.57,43.51,11.8,0.54,48.39,6.39,1.05,0.03,18.3,8.26,Medium ,Medium,High,Red,25-50
2015,Thane,0.0,0.0,99.87,27.93,14.57,2.47,43.45,12.72,0.54,50.08,4.69,1.04,0.03,18.26,8.23,Medium ,Medium,High,Red,25-50
2016,Thane,-1.0,-1.0,99.83,27.51,14.2,2.56,42.68,13.04,0.53,51.38,8.09,1.02,0.03,17.88,8.05,Medium ,Medium,High,Red,25-50
2017,Thane,-1.0,-1.0,99.79,27.68,14.41,2.44,44.11,12.13,0.55,44.74,8.02,1.06,0.03,18.55,8.33,Medium ,Medium,High,Red,25-50
2001,Raigad,0.0,0.0,99.48,27.06,14.61,2.74,41.46,13.5,0.53,50.35,4.78,1.06,0.03,18.24,8.26,Low,Low,Low,Red,25-50
2002,Raigad,0.0,0.0,99.54,27.75,14.35,2.68,42.72,11.82,0.54,51.11,3.71,1.07,0.03,18.4,8.34,Low,Low,Low,Red,25-50
2003,Raigad,0.0,0.0,99.52,27.79,14.75,2.64,42.24,13.52,0.55,49.46,4.82,1.08,0.03,18.7,8.46,Low,Low,Low,Red,25-50
2004,Raigad,0.0,0.0,99.52,27.3,14.58,2.76,44.04,14.56,0.54,51.01,6.29,1.07,0.03,18.4,8.34,Low,Low,Low,Red,25-50
2005,Raigad,0.0,0.0,99.51,26.91,14.57,2.66,41.94,12.71,0.54,48.79,8.66,1.06,0.03,18.35,8.3,Low,Low,Low,Red,25-50
2006,Raigad,0.0,0.0,99.51,27.18,14.98,2.73,41.67,13.0,0.53,50.52,9.12,1.05,0.03,18.04,8.17,Low,Low,Low,Red,25-50
2007,Raigad,0.0,0.0,99.45,27.48,14.95,2.71,44.0,15.09,0.53,52.52,7.32,1.06,0.03,18.23,8.27,Low,Low,Low,Red,25-50
2008,Raigad,0.0,0.0,99.47,27.08,14.49,2.65,41.97,10.78,0.54,50.99,6.51,1.05,0.03,18.41,8.3,Low,Low,Low,Red,25-50
2009,Raigad,0.0,0.0,99.48,27.73,14.93,2.61,42.62,13.88,0.54,51.24,6.46,1.06,0.03,18.36,8.28,Low,Low,Low,Red,25-50
2010,Raigad,0.0,0.0,99.45,27.38,15.88,2.45,41.29,13.21,0.52,57.26,8.37,1.04,0.03,17.75,8.08,Low,Low,Low,Red,25-50
2011,Raigad,0.0,0.0,99.43,26.89,14.88,2.7,40.88,12.75,0.52,51.26,7.07,1.02,0.03,17.81,8.02,Low,Low,Low,Red,25-50
2012,Raigad,0.0,0.0,99.48,26.97,14.33,2.67,41.93,12.24,0.54,50.05,4.87,1.06,0.03,18.48,8.31,Low,Low,Low,Red,25-50
2013,Raigad,0.0,0.0,99.48,27.01,14.97,2.67,40.17,13.16,0.52,53.02,6.56,1.02,0.03,17.72,8.01,Low,Low,Low,Red,25-50
2014,Raigad,0.0,0.0,99.55,27.62,14.63,2.63,42.58,12.97,0.53,51.96,6.12,1.04,0.03,18.07,8.15,Low,Low,Low,Red,25-50
2015,Raigad,0.0,0.0,99.6,27.59,14.94,2.53,42.37,13.44,0.53,51.57,4.42,1.04,0.03,18.29,8.25,Low,Low,Low,Red,25-50
2016,Raigad,-1.0,-1.0,99.56,27.15,14.53,2.65,41.79,13.55,0.52,53.59,8.56,1.01,0.03,17.63,7.94,Low,Low,Low,Red,25-50
2017,Raigad,-1.0,-1.0,99.52,27.34,14.78,2.51,43.01,12.95,0.54,45.82,8.22,1.05,0.03,18.51,8.31,Low,Low,Low,Red,25-50
2001,Ratnagiri,0.0,0.0,100.47,27.75,16.82,4.29,34.99,21.34,0.54,54.47,4.41,1.11,0.03,18.65,8.59,Low,Low,Low,Laterite,25
2002,Ratnagiri,0.0,0.0,100.53,28.32,16.97,4.1,35.2,20.83,0.55,53.27,5.02,1.12,0.03,18.91,8.7,Low,Low,Low,Laterite,25
2003,Ratnagiri,0.0,0.0,100.5,28.44,17.08,4.17,35.3,21.62,0.55,54.08,4.37,1.12,0.03,18.96,8.72,Low,Low,Low,Laterite,25
2004,Ratnagiri,0.0,0.0,100.51,28.11,17.0,4.21,37.88,20.65,0.55,53.0,5.68,1.12,0.03,18.84,8.67,Low,Low,Low,Laterite,25
2005,Ratnagiri,0.0,0.0,100.5,27.87,16.91,4.31,33.6,19.74,0.54,53.32,6.61,1.11,0.03,18.76,8.62,Low,Low,Low,Laterite,25
2006,Ratnagiri,0.0,0.0,100.5,27.86,17.15,4.22,34.03,19.49,0.54,53.96,7.86,1.11,0.03,18.76,8.63,Low,Low,Low,Laterite,25
2007,Ratnagiri,0.0,0.0,100.44,28.09,17.28,4.18,34.84,19.69,0.53,55.34,7.81,1.09,0.03,18.36,8.46,Low,Low,Low,Laterite,25
2008,Ratnagiri,0.0,0.0,100.45,27.95,16.82,4.14,35.11,19.56,0.55,53.34,5.43,1.11,0.03,19.01,8.72,Low,Low,Low,Laterite,25
2009,Ratnagiri,0.0,0.0,100.47,28.08,17.37,4.04,36.97,20.96,0.54,53.18,6.49,1.09,0.03,18.55,8.51,Low,Low,Low,Laterite,25
2010,Ratnagiri,0.0,0.0,100.43,28.26,17.86,3.92,35.35,18.86,0.52,58.13,7.93,1.07,0.03,17.97,8.3,Low,Low,Low,Laterite,25
2011,Ratnagiri,0.0,0.0,100.43,27.89,17.09,4.15,37.33,19.38,0.53,52.89,7.39,1.07,0.03,18.39,8.4,Low,Low,Low,Laterite,25
2012,Ratnagiri,0.0,0.0,100.47,27.68,16.72,4.16,35.67,20.39,0.55,52.29,5.84,1.1,0.03,18.89,8.63,Low,Low,Low,Laterite,25
2013,Ratnagiri,0.0,0.0,100.47,27.9,16.99,4.28,36.31,19.86,0.53,53.47,6.28,1.08,0.03,18.44,8.46,Low,Low,Low,Laterite,25
2014,Ratnagiri,0.0,0.0,100.54,28.27,16.99,4.04,35.27,21.05,0.54,53.49,5.44,1.09,0.03,18.64,8.54,Low,Low,Low,Laterite,25
2015,Ratnagiri,0.0,0.0,100.58,28.55,17.04,3.84,34.23,19.29,0.55,53.37,2.92,1.11,0.03,19.03,8.73,Low,Low,Low,Laterite,25
2016,Ratnagiri,-1.0,-1.0,100.55,27.9,16.89,4.2,34.84,20.17,0.52,54.66,5.73,1.06,0.03,18.12,8.29,Low,Low,Low,Laterite,25
2017,Ratnagiri,-1.0,-1.0,100.51,28.13,17.17,3.98,36.77,20.53,0.55,46.84,4.43,1.11,0.03,19.03,8.69,Low,Low,Low,Laterite,25
2001,Dhule,2.3,1870.0,97.51,28.29,10.74,2.54,46.09,8.3,0.57,39.35,1.61,1.12,0.03,19.32,8.7,Medium,Low,High,Black,100-300
2002,Dhule,1.5,1333.0,97.57,28.77,10.49,2.71,47.57,8.13,0.57,36.8,1.65,1.11,0.03,19.34,8.72,Medium,Low,High,Black,100-300
2003,Dhule,1.7,1588.0,97.57,28.21,11.46,2.58,45.51,7.85,0.57,39.16,2.16,1.12,0.03,19.41,8.75,Medium,Low,High,Black,100-300
2004,Dhule,1.7,1706.0,97.57,28.11,11.26,2.55,45.01,9.36,0.57,39.99,1.96,1.13,0.03,19.41,8.76,Medium,Low,High,Black,100-300
2005,Dhule,2.7,1037.0,97.56,27.2,11.21,2.47,45.37,8.36,0.57,39.74,2.81,1.12,0.03,19.26,8.67,Medium,Low,High,Black,100-300
2006,Dhule,3.1,871.0,97.56,27.53,12.01,2.4,45.32,8.53,0.56,40.38,3.12,1.09,0.03,18.88,8.51,Medium,Low,High,Black,100-300
2007,Dhule,5.4,1481.0,97.51,27.81,11.58,2.34,45.98,10.61,0.57,41.32,2.35,1.11,0.03,19.27,8.69,Medium,Low,High,Black,100-300
2008,Dhule,14.6,726.0,97.52,27.94,10.99,2.49,45.3,7.23,0.56,40.51,1.83,1.09,0.03,19.06,8.55,Medium,Low,High,Black,100-300
2009,Dhule,19.9,932.0,97.53,28.69,11.36,2.53,46.21,10.22,0.57,38.92,2.09,1.11,0.03,19.41,8.7,Medium,Low,High,Black,100-300
2010,Dhule,21.1,2232.0,97.5,28.16,12.57,2.38,46.69,8.6,0.56,46.92,2.51,1.09,0.03,18.81,8.51,Medium,Low,High,Black,100-300
2011,Dhule,11.0,1610.0,97.5,27.91,11.22,2.42,44.6,7.39,0.56,40.07,1.97,1.08,0.03,18.89,8.47,Medium,Low,High,Black,100-300
2012,Dhule,11.4,1606.0,97.51,28.13,10.83,2.65,43.84,6.74,0.56,41.95,1.7,1.08,0.03,18.95,8.48,Medium,Low,High,Black,100-300
2013,Dhule,12.0,1350.0,97.52,27.26,12.09,2.65,45.42,7.53,0.53,45.53,2.6,1.03,0.03,17.93,8.06,Medium,Low,High,Black,100-300
2014,Dhule,15.5,1290.0,97.62,28.27,11.56,2.5,45.52,6.96,0.56,41.32,1.92,1.08,0.03,18.84,8.45,Medium,Low,High,Black,100-300
2015,Dhule,20.8,644.0,97.67,28.34,11.59,2.39,45.47,7.37,0.56,42.37,2.22,1.08,0.03,18.91,8.48,Medium,Low,High,Black,100-300
2016,Dhule,18.3,1383.0,97.6,28.41,10.84,2.48,46.72,7.71,0.55,42.88,1.75,1.07,0.03,18.74,8.39,Medium,Low,High,Black,100-300
2017,Dhule,18.46,1772.0,97.58,28.52,10.9,2.44,44.95,7.82,0.56,42.3,1.72,1.08,0.03,19.02,8.5,Medium,Low,High,Black,100-300
2001,Jalgaon,3.1,1387.0,97.14,28.08,10.65,2.48,46.39,7.95,0.57,40.27,1.69,1.11,0.03,19.15,8.67,Low,Low,High,Black,100-300
2002,Jalgaon,3.4,2529.0,97.19,28.58,10.37,2.67,47.35,8.48,0.57,36.67,1.71,1.1,0.03,19.2,8.69,Low,Low,High,Black,100-300
2003,Jalgaon,3.6,2444.0,97.2,28.08,11.3,2.58,45.54,7.63,0.57,40.24,2.18,1.1,0.03,19.06,8.62,Low,Low,High,Black,100-300
2004,Jalgaon,8.5,2118.0,97.2,27.98,11.09,2.52,45.37,9.35,0.57,41.09,1.91,1.11,0.03,19.26,8.73,Low,Low,High,Black,100-300
2005,Jalgaon,14.6,1815.0,97.18,27.12,11.05,2.44,45.37,8.35,0.57,39.59,2.71,1.11,0.03,19.3,8.7,Low,Low,High,Black,100-300
2006,Jalgaon,27.1,1893.0,97.19,27.31,11.94,2.33,45.57,8.64,0.56,41.2,3.24,1.08,0.03,18.71,8.48,Low,Low,High,Black,100-300
2007,Jalgaon,24.8,1835.0,97.14,27.63,11.4,2.29,45.75,10.45,0.58,40.39,2.33,1.11,0.03,19.34,8.74,Low,Low,High,Black,100-300
2008,Jalgaon,18.1,1867.0,97.14,27.94,10.8,2.46,45.36,7.41,0.56,40.87,1.73,1.07,0.03,18.82,8.47,Low,Low,High,Black,100-300
2009,Jalgaon,19.1,2187.0,97.16,28.44,11.25,2.47,46.13,10.42,0.58,37.33,2.2,1.11,0.03,19.37,8.71,Low,Low,High,Black,100-300
2010,Jalgaon,12.9,2031.0,97.13,27.96,12.4,2.34,46.96,8.41,0.56,44.36,2.59,1.1,0.03,18.99,8.61,Low,Low,High,Black,100-300
2011,Jalgaon,15.8,1997.0,97.12,27.66,11.2,2.36,44.52,6.77,0.56,38.64,2.06,1.07,0.03,18.78,8.46,Low,Low,High,Black,100-300
2012,Jalgaon,15.0,1705.0,97.14,27.85,10.79,2.59,44.23,7.5,0.55,42.24,1.84,1.06,0.03,18.65,8.38,Low,Low,High,Black,100-300
2013,Jalgaon,15.0,1767.0,97.14,27.12,12.01,2.64,45.66,7.54,0.53,45.32,2.71,1.02,0.03,17.72,8.0,Low,Low,High,Black,100-300
2014,Jalgaon,25.0,1416.0,97.25,28.16,11.43,2.49,45.85,7.33,0.56,41.08,1.92,1.08,0.03,18.86,8.5,Low,Low,High,Black,100-300
2015,Jalgaon,31.8,553.0,97.3,28.03,11.56,2.36,45.81,7.58,0.55,41.95,2.42,1.06,0.03,18.58,8.36,Low,Low,High,Black,100-300
2016,Jalgaon,33.9,1876.0,97.22,28.05,10.83,2.43,47.53,7.67,0.56,44.09,2.08,1.07,0.03,18.67,8.39,Low,Low,High,Black,100-300
2017,Jalgaon,34.14,1637.0,97.21,27.92,10.97,2.36,45.16,7.85,0.56,42.78,2.24,1.08,0.03,18.91,8.48,Low,Low,High,Black,100-300
2001,Pune,0.4,1250.0,93.82,24.7,12.21,2.89,42.37,9.4,0.53,50.35,3.05,1.06,0.03,18.24,8.26,Low,Low,High,Black,100-300
2002,Pune,0.4,1750.0,93.88,25.29,11.94,2.85,43.07,6.61,0.54,51.11,2.44,1.07,0.03,18.4,8.34,Low,Low,High,Black,100-300
2003,Pune,0.6,3333.0,93.87,25.56,12.11,2.82,42.49,8.71,0.55,49.46,2.87,1.08,0.03,18.7,8.46,Low,Low,High,Black,100-300
2004,Pune,1.2,3000.0,93.88,24.52,12.3,2.85,41.27,10.15,0.54,51.01,4.33,1.07,0.03,18.4,8.34,Low,Low,High,Black,100-300
2005,Pune,1.8,2111.0,93.86,24.01,12.46,2.81,41.72,8.04,0.54,48.79,6.18,1.06,0.03,18.35,8.3,Low,Low,High,Black,100-300
2006,Pune,1.9,1895.0,93.87,24.2,12.86,2.86,41.07,7.68,0.53,50.52,6.38,1.05,0.03,18.04,8.17,Low,Low,High,Black,100-300
2007,Pune,3.0,1733.0,93.81,24.59,12.75,2.78,41.16,9.87,0.53,52.52,4.86,1.06,0.03,18.23,8.27,Low,Low,High,Black,100-300
2008,Pune,2.4,1542.0,93.82,24.31,12.37,2.78,41.98,6.56,0.54,50.99,4.17,1.05,0.03,18.41,8.3,Low,Low,High,Black,100-300
2009,Pune,3.3,1415.0,93.84,25.11,12.58,2.73,42.54,9.47,0.54,51.24,4.46,1.06,0.03,18.36,8.28,Low,Low,High,Black,100-300
2010,Pune,2.9,1983.0,93.81,24.54,13.67,2.61,41.92,8.79,0.52,57.26,5.46,1.04,0.03,17.75,8.08,Low,Low,High,Black,100-300
2011,Pune,3.9,2108.0,93.8,23.95,12.7,2.85,39.9,8.47,0.52,51.26,4.6,1.02,0.03,17.81,8.02,Low,Low,High,Black,100-300
2012,Pune,4.2,1933.0,93.82,24.52,12.07,2.85,40.37,7.69,0.54,50.05,3.04,1.06,0.03,18.48,8.31,Low,Low,High,Black,100-300
2013,Pune,6.9,3884.0,93.82,24.39,12.81,2.91,41.71,8.85,0.52,53.02,4.29,1.02,0.03,17.72,8.01,Low,Low,High,Black,100-300
2014,Pune,7.1,1648.0,93.9,24.88,12.55,2.77,41.02,9.34,0.53,51.96,4.12,1.04,0.03,18.07,8.15,Low,Low,High,Black,100-300
2015,Pune,16.1,2919.0,93.95,24.77,12.8,2.64,40.39,9.13,0.53,51.57,3.57,1.04,0.03,18.29,8.25,Low,Low,High,Black,100-300
2016,Pune,18.0,2128.0,93.9,24.47,12.32,2.77,41.5,8.91,0.52,53.59,6.13,1.01,0.03,17.63,7.94,Low,Low,High,Black,100-300
2017,Pune,20.23,2022.0,93.87,24.5,12.48,2.61,41.55,8.2,0.54,45.82,6.18,1.05,0.03,18.51,8.31,Low,Low,High,Black,100-300
2001,Satara,14.0,1907.0,95.1,25.42,12.84,2.79,43.26,11.78,0.56,48.39,3.83,1.12,0.03,19.11,8.71,Low,Low,Low,Black,100-300
2002,Satara,15.6,1974.0,95.16,25.95,12.83,2.66,43.3,9.09,0.56,46.1,3.93,1.14,0.03,19.42,8.86,Low,Low,Low,Black,100-300
2003,Satara,15.1,1649.0,95.14,26.51,12.77,2.65,43.05,11.24,0.57,46.33,3.56,1.15,0.03,19.59,8.93,Low,Low,Low,Black,100-300
2004,Satara,26.4,1837.0,95.15,25.62,12.86,2.75,41.85,12.13,0.57,43.74,5.08,1.15,0.03,19.55,8.91,Low,Low,Low,Black,100-300
2005,Satara,31.3,1236.0,95.13,25.32,12.96,2.76,42.22,10.74,0.55,48.52,6.35,1.12,0.03,19.03,8.67,Low,Low,Low,Black,100-300
2006,Satara,28.7,1084.0,95.14,25.31,13.28,2.81,41.61,10.66,0.55,48.24,7.44,1.11,0.03,18.94,8.63,Low,Low,Low,Black,100-300
2007,Satara,27.2,1765.0,95.08,25.77,13.33,2.71,42.61,11.06,0.56,47.55,6.32,1.12,0.03,19.22,8.76,Low,Low,Low,Black,100-300
2008,Satara,29.2,2154.0,95.09,25.36,12.96,2.68,42.51,9.07,0.56,45.3,4.58,1.12,0.03,19.31,8.76,Low,Low,Low,Black,100-300
2009,Satara,32.5,2002.0,95.11,26.04,13.25,2.65,43.27,12.14,0.56,45.25,5.37,1.11,0.03,19.17,8.7,Low,Low,Low,Black,100-300
2010,Satara,40.1,1631.0,95.08,25.8,14.18,2.54,42.27,10.11,0.54,51.95,6.43,1.1,0.03,18.6,8.51,Low,Low,Low,Black,100-300
2011,Satara,46.1,1626.0,95.07,25.22,13.15,2.81,40.75,10.78,0.55,44.91,6.0,1.09,0.03,18.86,8.53,Low,Low,Low,Black,100-300
2012,Satara,38.8,1787.0,95.1,25.66,12.63,2.73,41.22,10.06,0.56,44.58,4.47,1.11,0.03,19.22,8.68,Low,Low,Low,Black,100-300
2013,Satara,46.7,2046.0,95.1,25.5,13.35,2.82,41.7,11.09,0.54,46.83,5.25,1.08,0.03,18.63,8.46,Low,Low,Low,Black,100-300
2014,Satara,53.3,1704.0,95.17,25.97,13.13,2.66,42.01,11.52,0.54,47.08,4.59,1.08,0.03,18.69,8.48,Low,Low,Low,Black,100-300
2015,Satara,62.8,1607.0,95.22,26.02,13.27,2.53,41.0,11.01,0.56,45.77,3.27,1.11,0.03,19.27,8.74,Low,Low,Low,Black,100-300
2016,Satara,67.2,1813.0,95.18,25.55,12.83,2.69,42.33,10.52,0.54,47.79,7.27,1.08,0.03,18.62,8.43,Low,Low,Low,Black,100-300
2017,Satara,69.7,1844.0,95.15,25.55,13.11,2.53,42.81,10.56,0.56,48.17,6.32,1.11,0.03,19.29,8.7,Low,Low,Low,Black,100-300
2001,Sangli,60.1,1541.0,93.84,25.94,11.96,3.3,42.95,12.47,0.55,51.86,2.03,1.13,0.03,19.05,8.68,Low,Low,High,Black,100-300
2002,Sangli,61.9,1674.0,93.89,26.6,11.94,3.14,43.1,10.25,0.56,49.88,1.96,1.14,0.03,19.32,8.81,Low,Low,High,Black,100-300
2003,Sangli,40.8,1963.0,93.88,27.09,11.89,3.11,42.02,12.12,0.57,51.01,1.63,1.15,0.03,19.55,8.91,Low,Low,High,Black,100-300
2004,Sangli,82.6,1817.0,93.89,25.92,12.01,3.18,42.15,11.21,0.56,47.43,2.38,1.15,0.03,19.41,8.85,Low,Low,High,Black,100-300
2005,Sangli,72.4,1354.0,93.86,25.56,12.32,3.13,42.24,10.49,0.55,51.47,3.14,1.12,0.03,18.95,8.63,Low,Low,High,Black,100-300
2006,Sangli,60.8,1479.0,93.88,25.47,12.52,3.23,41.75,10.61,0.55,51.53,3.59,1.12,0.03,18.94,8.63,Low,Low,High,Black,100-300
2007,Sangli,59.5,2150.0,93.82,25.93,12.53,3.07,42.12,10.21,0.55,51.6,3.09,1.11,0.03,18.88,8.61,Low,Low,High,Black,100-300
2008,Sangli,55.7,2153.0,93.83,25.63,12.28,3.13,41.52,10.52,0.56,49.54,2.26,1.12,0.03,19.21,8.73,Low,Low,High,Black,100-300
2009,Sangli,56.0,1515.0,93.85,26.37,12.44,3.1,42.51,11.93,0.54,50.42,2.55,1.1,0.03,18.83,8.55,Low,Low,High,Black,100-300
2010,Sangli,57.3,2087.0,93.82,26.34,13.33,3.02,41.91,10.3,0.53,56.96,2.81,1.09,0.03,18.36,8.4,Low,Low,High,Black,100-300
2011,Sangli,59.8,1671.0,93.81,25.7,12.24,3.28,40.91,10.57,0.55,49.06,2.63,1.09,0.03,18.84,8.51,Low,Low,High,Black,100-300
2012,Sangli,63.0,1597.0,93.83,26.34,11.75,3.18,42.01,10.81,0.55,49.72,1.94,1.12,0.03,19.12,8.64,Low,Low,High,Black,100-300
2013,Sangli,77.1,2070.0,93.83,26.04,12.49,3.28,41.68,10.35,0.54,50.68,2.45,1.09,0.03,18.58,8.43,Low,Low,High,Black,100-300
2014,Sangli,36.6,1303.0,93.91,26.39,12.41,3.05,40.75,11.35,0.54,52.38,2.18,1.08,0.03,18.51,8.39,Low,Low,High,Black,100-300
2015,Sangli,51.7,1544.0,93.96,26.91,12.24,2.98,41.94,9.95,0.56,50.79,1.68,1.12,0.03,19.19,8.71,Low,Low,High,Black,100-300
2016,Sangli,57.3,2216.0,93.91,25.93,12.08,3.07,42.89,10.07,0.54,51.53,3.81,1.08,0.03,18.53,8.39,Low,Low,High,Black,100-300
2017,Sangli,47.3,1666.0,93.89,25.79,12.32,2.92,42.17,10.8,0.56,50.57,3.19,1.12,0.03,19.22,8.68,Low,Low,High,Black,100-300
2001,Solapur,0.4,1250.0,95.27,28.24,11.29,3.01,44.04,11.33,0.57,43.56,1.5,1.15,0.03,19.63,8.99,Low,Low,High,Black,100-300
2002,Solapur,0.7,714.0,95.32,28.85,11.11,2.95,43.6,9.83,0.58,40.6,1.4,1.16,0.03,19.87,9.1,Low,Low,High,Black,100-300
2003,Solapur,0.6,1167.0,95.3,29.51,11.05,3.04,44.24,10.66,0.58,43.6,0.97,1.17,0.03,19.87,9.11,Low,Low,High,Black,100-300
2004,Solapur,2.1,2238.0,95.33,27.88,11.45,2.9,42.92,11.18,0.58,39.47,1.71,1.18,0.03,20.1,9.21,Low,Low,High,Black,100-300
2005,Solapur,1.1,727.0,95.3,27.61,11.76,2.88,43.73,9.44,0.57,44.99,2.06,1.15,0.03,19.5,8.94,Low,Low,High,Black,100-300
2006,Solapur,2.1,1571.0,95.31,27.79,11.83,2.91,43.1,9.52,0.57,42.51,1.88,1.14,0.03,19.52,8.93,Low,Low,High,Black,100-300
2007,Solapur,2.8,1393.0,95.26,28.28,11.52,2.88,43.92,10.09,0.58,44.0,1.58,1.16,0.03,19.81,9.07,Low,Low,High,Black,100-300
2008,Solapur,2.5,920.0,95.26,27.88,11.65,2.93,43.29,10.89,0.57,42.99,1.75,1.14,0.03,19.68,8.98,Low,Low,High,Black,100-300
2009,Solapur,3.2,872.0,95.28,28.45,11.66,2.91,43.59,11.08,0.57,43.29,1.79,1.14,0.03,19.62,8.95,Low,Low,High,Black,100-300
2010,Solapur,4.3,1230.0,95.25,28.59,12.55,2.79,44.8,8.71,0.56,49.99,1.89,1.12,0.03,19.1,8.78,Low,Low,High,Black,100-300
2011,Solapur,5.1,2400.0,95.24,28.3,11.38,3.06,42.64,9.44,0.57,42.1,1.33,1.12,0.03,19.52,8.86,Low,Low,High,Black,100-300
2012,Solapur,5.5,2087.0,95.25,29.04,10.8,3.1,43.49,10.15,0.57,42.38,1.06,1.14,0.03,19.63,8.91,Low,Low,High,Black,100-300
2013,Solapur,5.5,1800.0,95.25,28.39,11.79,3.1,43.16,9.75,0.55,44.92,1.6,1.11,0.03,19.08,8.7,Low,Low,High,Black,100-300
2014,Solapur,6.3,1175.0,95.35,28.6,11.83,2.94,42.93,10.42,0.56,45.57,1.53,1.11,0.03,19.21,8.76,Low,Low,High,Black,100-300
2015,Solapur,14.2,169.0,95.39,29.28,11.49,2.9,43.09,9.22,0.57,43.55,1.1,1.13,0.03,19.63,8.93,Low,Low,High,Black,100-300
2016,Solapur,27.7,367.0,95.33,28.46,11.3,2.81,43.83,10.0,0.55,45.81,1.73,1.1,0.03,19.02,8.65,Low,Low,High,Black,100-300
2017,Solapur,33.59,1148.0,95.32,28.3,11.29,2.65,43.81,10.04,0.57,48.06,1.86,1.13,0.03,19.68,8.91,Low,Low,High,Black,100-300
2001,Kolhapur,62.2,1751.0,94.02,25.8,12.33,3.2,43.07,12.71,0.55,51.86,2.29,1.13,0.03,19.05,8.68,Medium ,Low,Medium,Black,100-300
2002,Kolhapur,61.5,1938.0,94.07,26.45,12.44,3.02,42.66,10.67,0.56,49.88,2.27,1.14,0.03,19.32,8.81,Medium ,Low,Medium,Black,100-300
2003,Kolhapur,68.2,1962.0,94.06,26.85,12.42,2.99,41.83,12.35,0.57,51.01,1.97,1.15,0.03,19.55,8.91,Medium ,Low,Medium,Black,100-300
2004,Kolhapur,74.7,1552.0,94.07,25.77,12.42,3.09,42.28,11.7,0.56,47.43,2.67,1.15,0.03,19.41,8.85,Medium ,Low,Medium,Black,100-300
2005,Kolhapur,70.1,957.0,94.04,25.39,12.76,3.01,42.19,11.2,0.55,51.47,3.82,1.12,0.03,18.95,8.63,Medium ,Low,Medium,Black,100-300
2006,Kolhapur,57.9,1432.0,94.05,25.3,12.92,3.15,41.32,10.66,0.55,51.53,4.09,1.12,0.03,18.94,8.63,Medium ,Low,Medium,Black,100-300
2007,Kolhapur,57.3,2199.0,94.0,25.65,13.03,2.96,41.86,10.41,0.55,51.6,3.92,1.11,0.03,18.88,8.61,Medium ,Low,Medium,Black,100-300
2008,Kolhapur,58.7,2186.0,94.01,25.38,12.74,3.01,41.12,10.53,0.56,49.54,2.78,1.12,0.03,19.21,8.73,Medium ,Low,Medium,Black,100-300
2009,Kolhapur,59.1,1938.0,94.03,26.13,12.96,2.99,42.26,12.42,0.54,50.42,3.15,1.1,0.03,18.83,8.55,Medium ,Low,Medium,Black,100-300
2010,Kolhapur,49.2,2787.0,94.0,26.05,13.8,2.91,41.41,10.46,0.53,56.96,3.44,1.09,0.03,18.36,8.4,Medium ,Low,Medium,Black,100-300
2011,Kolhapur,48.5,2544.0,93.99,25.49,12.64,3.2,40.45,10.77,0.55,49.06,3.08,1.09,0.03,18.84,8.51,Medium ,Low,Medium,Black,100-300
2012,Kolhapur,49.0,2602.0,94.01,26.11,12.24,3.05,41.68,10.98,0.55,49.72,2.35,1.12,0.03,19.12,8.64,Medium ,Low,Medium,Black,100-300
2013,Kolhapur,55.4,2392.0,94.01,25.76,12.86,3.18,41.08,10.77,0.54,50.68,2.95,1.09,0.03,18.58,8.43,Medium ,Low,Medium,Black,100-300
2014,Kolhapur,56.0,2164.0,94.09,26.01,12.9,2.93,40.73,11.57,0.54,52.38,2.82,1.08,0.03,18.51,8.39,Medium ,Low,Medium,Black,100-300
2015,Kolhapur,53.9,1900.0,94.13,26.58,12.72,2.84,41.74,9.82,0.56,50.79,2.01,1.12,0.03,19.19,8.71,Medium ,Low,Medium,Black,100-300
2016,Kolhapur,52.7,2359.0,94.09,25.82,12.46,2.96,42.77,10.6,0.54,51.53,4.29,1.08,0.03,18.53,8.39,Medium ,Low,Medium,Black,100-300
2017,Kolhapur,51.3,2138.0,94.06,25.72,12.73,2.84,42.04,11.46,0.56,50.57,3.41,1.12,0.03,19.22,8.68,Medium ,Low,Medium,Black,100-300
2001,Aurangabad,1.9,1053.0,94.56,26.9,10.47,2.63,44.31,9.85,0.57,44.74,1.73,1.12,0.03,19.33,8.75,Low,Low,High,Black,100-300
2002,Aurangabad,2.7,1519.0,94.61,27.62,10.19,2.77,44.75,8.85,0.57,41.71,1.68,1.12,0.03,19.36,8.77,Low,Low,High,Black,100-300
2003,Aurangabad,4.6,1348.0,94.6,27.62,10.72,2.75,43.89,8.46,0.58,43.96,1.68,1.15,0.03,19.71,8.91,Low,Low,High,Black,100-300
2004,Aurangabad,5.7,947.0,94.62,26.89,10.83,2.66,42.89,9.34,0.58,42.22,1.9,1.15,0.03,19.76,8.95,Low,Low,High,Black,100-300
2005,Aurangabad,8.6,1198.0,94.59,26.03,10.91,2.62,43.39,9.1,0.57,45.14,2.84,1.12,0.03,19.24,8.7,Low,Low,High,Black,100-300
2006,Aurangabad,10.0,1560.0,94.61,26.13,11.59,2.49,43.03,8.5,0.56,45.71,3.33,1.1,0.03,19.0,8.59,Low,Low,High,Black,100-300
2007,Aurangabad,8.6,1605.0,94.56,26.51,11.17,2.48,43.41,10.22,0.58,43.5,2.26,1.13,0.03,19.6,8.85,Low,Low,High,Black,100-300
2008,Aurangabad,6.2,823.0,94.56,26.9,10.66,2.62,43.07,8.36,0.57,43.59,1.73,1.1,0.03,19.23,8.66,Low,Low,High,Black,100-300
2009,Aurangabad,5.1,1114.0,94.58,27.28,10.94,2.6,43.55,9.68,0.57,42.54,2.16,1.12,0.03,19.47,8.75,Low,Low,High,Black,100-300
2010,Aurangabad,7.7,2125.0,94.55,26.84,12.11,2.47,44.87,7.47,0.55,50.29,2.58,1.1,0.03,18.85,8.56,Low,Low,High,Black,100-300
2011,Aurangabad,7.8,1421.0,94.54,26.54,11.0,2.52,42.83,6.81,0.56,42.92,2.01,1.1,0.03,19.12,8.6,Low,Low,High,Black,100-300
2012,Aurangabad,7.8,742.0,94.55,27.12,10.43,2.75,41.98,8.29,0.56,44.8,1.67,1.1,0.03,19.12,8.58,Low,Low,High,Black,100-300
2013,Aurangabad,11.5,1087.0,94.55,26.36,11.6,2.79,43.37,8.22,0.54,47.49,2.38,1.05,0.03,18.26,8.23,Low,Low,High,Black,100-300
2014,Aurangabad,18.7,455.0,94.66,27.02,11.31,2.61,42.84,7.5,0.56,45.58,1.86,1.09,0.03,18.97,8.55,Low,Low,High,Black,100-300
2015,Aurangabad,20.9,455.0,94.7,27.38,11.15,2.51,43.67,8.33,0.56,44.57,2.2,1.09,0.03,19.06,8.58,Low,Low,High,Black,100-300
2016,Aurangabad,29.3,1061.0,94.63,26.86,10.76,2.56,44.36,8.46,0.55,47.22,2.2,1.08,0.03,18.88,8.48,Low,Low,High,Black,100-300
2017,Aurangabad,26.2,439.0,94.62,26.82,10.74,2.51,42.78,8.75,0.57,46.89,2.33,1.1,0.03,19.33,8.65,Low,Low,High,Black,100-300
2001,Parbhani,16.1,1236.0,95.85,27.48,11.02,2.43,45.68,10.34,0.56,49.76,2.19,1.1,0.03,18.91,8.59,Low,Low,High,Black,100-300
2002,Parbhani,26.9,1736.0,95.89,28.25,10.62,2.57,45.32,8.78,0.57,45.01,2.07,1.12,0.03,19.26,8.75,Low,Low,High,Black,100-300
2003,Parbhani,41.9,1525.0,95.89,28.28,11.11,2.59,45.12,9.47,0.57,49.38,2.0,1.13,0.03,19.42,8.81,Low,Low,High,Black,100-300
2004,Parbhani,48.5,625.0,95.9,27.73,11.13,2.47,44.22,9.2,0.58,44.63,1.99,1.15,0.03,19.71,8.95,Low,Low,High,Black,100-300
2005,Parbhani,68.6,1017.0,95.88,27.01,11.39,2.47,45.01,9.24,0.56,46.92,2.92,1.11,0.03,19.08,8.66,Low,Low,High,Black,100-300
2006,Parbhani,78.4,1172.0,95.9,26.72,12.14,2.33,44.35,8.39,0.55,49.04,3.64,1.1,0.03,18.86,8.56,Low,Low,High,Black,100-300
2007,Parbhani,79.6,1401.0,95.85,27.41,11.3,2.35,44.39,10.44,0.57,47.34,2.36,1.13,0.03,19.45,8.81,Low,Low,High,Black,100-300
2008,Parbhani,74.0,873.0,95.85,27.49,11.08,2.41,44.39,9.45,0.56,47.39,2.08,1.09,0.03,18.93,8.55,Low,Low,High,Black,100-300
2009,Parbhani,103.5,792.0,95.86,28.16,11.18,2.44,44.49,10.55,0.57,45.81,2.3,1.11,0.03,19.34,8.72,Low,Low,High,Black,100-300
2010,Parbhani,107.9,1531.0,95.84,27.79,12.34,2.39,45.72,7.86,0.55,53.27,3.0,1.09,0.03,18.7,8.51,Low,Low,High,Black,100-300
2011,Parbhani,129.8,1191.0,95.83,27.37,11.47,2.41,43.81,7.2,0.56,47.16,2.18,1.09,0.03,18.99,8.57,Low,Low,High,Black,100-300
2012,Parbhani,135.3,1382.0,95.84,27.82,10.89,2.55,43.86,8.97,0.55,50.2,2.11,1.09,0.03,18.86,8.49,Low,Low,High,Black,100-300
2013,Parbhani,139.0,1255.0,95.84,27.24,12.09,2.59,44.69,9.87,0.53,51.71,2.94,1.04,0.03,17.98,8.13,Low,Low,High,Black,100-300
2014,Parbhani,154.6,318.0,95.95,28.08,11.53,2.45,44.48,8.38,0.55,49.39,2.04,1.08,0.03,18.79,8.49,Low,Low,High,Black,100-300
2015,Parbhani,155.7,231.0,95.99,28.37,11.42,2.44,45.65,8.41,0.56,47.61,2.15,1.09,0.03,18.96,8.55,Low,Low,High,Black,100-300
2016,Parbhani,237.23,1012.0,95.91,28.0,11.05,2.42,45.25,9.01,0.55,50.11,2.23,1.08,0.03,18.77,8.45,Low,Low,High,Black,100-300
2017,Parbhani,229.67,878.0,95.9,28.39,10.64,2.39,44.48,9.37,0.57,49.19,1.82,1.11,0.03,19.36,8.68,Low,Low,High,Black,100-300
2001,Beed,6.9,1072.0,94.46,27.22,10.69,2.77,44.32,9.71,0.56,43.75,1.63,1.13,0.03,19.33,8.8,Low,Medium,High,Black,100-300
2002,Beed,16.5,1364.0,94.51,28.03,10.33,2.79,43.43,8.86,0.57,40.74,1.51,1.14,0.03,19.52,8.89,Low,Medium,High,Black,100-300
2003,Beed,25.5,1016.0,94.5,28.32,10.65,2.83,43.67,9.67,0.57,42.73,1.31,1.15,0.03,19.64,8.95,Low,Medium,High,Black,100-300
2004,Beed,27.9,875.0,94.52,27.06,11.01,2.73,42.98,9.53,0.58,40.13,1.92,1.16,0.03,19.82,9.04,Low,Medium,High,Black,100-300
2005,Beed,36.1,1100.0,94.5,26.42,11.19,2.71,43.5,9.41,0.56,43.83,2.61,1.12,0.03,19.2,8.75,Low,Medium,High,Black,100-300
2006,Beed,42.1,819.0,94.51,26.52,11.66,2.63,42.87,8.71,0.56,43.7,2.8,1.11,0.03,19.1,8.7,Low,Medium,High,Black,100-300
2007,Beed,46.5,452.0,94.46,27.03,11.19,2.6,43.51,10.18,0.57,44.17,1.97,1.13,0.03,19.49,8.87,Low,Medium,High,Black,100-300
2008,Beed,71.4,203.0,94.46,27.08,10.95,2.69,43.01,8.91,0.57,43.95,1.76,1.11,0.03,19.34,8.77,Low,Medium,High,Black,100-300
2009,Beed,68.8,515.0,94.48,27.52,11.11,2.68,43.15,10.07,0.57,43.95,2.06,1.12,0.03,19.44,8.8,Low,Medium,High,Black,100-300
2010,Beed,70.4,1372.0,94.45,27.23,12.22,2.57,44.91,7.68,0.55,50.61,2.41,1.1,0.03,18.83,8.61,Low,Medium,High,Black,100-300
2011,Beed,76.4,1546.0,94.44,26.99,11.12,2.71,42.81,7.33,0.56,43.06,1.79,1.09,0.03,19.0,8.59,Low,Medium,High,Black,100-300
2012,Beed,76.4,1662.0,94.45,27.71,10.45,2.83,42.37,9.41,0.56,44.18,1.46,1.11,0.03,19.23,8.69,Low,Medium,High,Black,100-300
2013,Beed,93.5,1863.0,94.45,27.04,11.61,2.86,43.02,8.99,0.54,47.35,2.11,1.07,0.03,18.52,8.41,Low,Medium,High,Black,100-300
2014,Beed,113.4,352.0,94.55,27.53,11.42,2.69,42.7,8.39,0.55,46.87,1.8,1.09,0.03,18.88,8.56,Low,Medium,High,Black,100-300
2015,Beed,145.1,164.0,94.6,28.02,11.2,2.65,43.64,8.75,0.56,45.4,1.8,1.1,0.03,19.11,8.66,Low,Medium,High,Black,100-300
2016,Beed,169.2,782.0,94.53,27.38,10.8,2.65,43.39,9.21,0.55,46.0,1.98,1.08,0.03,18.73,8.47,Low,Medium,High,Black,100-300
2017,Beed,181.3,708.0,94.52,27.48,10.71,2.6,43.2,8.72,0.56,48.8,1.96,1.1,0.03,19.29,8.68,Low,Medium,High,Black,100-300
2001,Nanded,21.3,1610.0,96.23,27.66,11.36,2.41,45.86,10.37,0.55,52.77,2.24,1.09,0.03,18.58,8.47,Low,Low,High,Black,100-300
2002,Nanded,39.7,1378.0,96.27,28.42,11.02,2.48,45.29,8.9,0.56,47.29,2.19,1.11,0.03,19.14,8.72,Low,Low,High,Black,100-300
2003,Nanded,68.5,1274.0,96.27,28.37,11.54,2.5,45.47,9.53,0.56,52.22,2.27,1.12,0.03,19.15,8.71,Low,Low,High,Black,100-300
2004,Nanded,110.3,938.0,96.29,27.89,11.53,2.46,44.47,8.68,0.58,46.54,2.01,1.15,0.03,19.57,8.91,Low,Low,High,Black,100-300
2005,Nanded,156.4,923.0,96.26,27.12,11.86,2.38,45.22,8.75,0.56,49.71,3.21,1.11,0.03,18.93,8.61,Low,Low,High,Black,100-300
2006,Nanded,169.1,702.0,96.29,26.82,12.52,2.29,44.6,7.85,0.55,51.08,3.37,1.09,0.03,18.71,8.51,Low,Low,High,Black,100-300
2007,Nanded,159.1,1083.0,96.23,27.64,11.58,2.28,44.57,10.43,0.57,50.96,2.37,1.12,0.03,19.33,8.77,Low,Low,High,Black,100-300
2008,Nanded,163.2,796.0,96.23,27.23,11.64,2.3,44.68,9.65,0.55,50.85,2.68,1.08,0.03,18.77,8.5,Low,Low,High,Black,100-300
2009,Nanded,188.3,457.0,96.24,28.4,11.41,2.36,44.85,10.92,0.57,49.44,2.26,1.11,0.03,19.23,8.68,Low,Low,High,Black,100-300
2010,Nanded,181.2,1481.0,96.22,28.12,12.5,2.32,46.13,8.46,0.54,55.39,3.01,1.08,0.03,18.43,8.4,Low,Low,High,Black,100-300
2011,Nanded,183.0,1277.0,96.22,27.71,11.63,2.42,44.39,7.81,0.55,49.62,2.15,1.09,0.03,18.88,8.54,Low,Low,High,Black,100-300
2012,Nanded,185.0,1532.0,96.22,28.2,11.05,2.47,44.43,9.16,0.55,52.92,2.02,1.08,0.03,18.74,8.46,Low,Low,High,Black,100-300
2013,Nanded,213.2,1287.0,96.22,27.49,12.45,2.5,45.57,10.35,0.52,53.66,3.15,1.03,0.03,17.74,8.04,Low,Low,High,Black,100-300
2014,Nanded,218.9,295.0,96.33,28.37,11.77,2.38,44.2,8.6,0.55,52.74,1.98,1.07,0.03,18.66,8.45,Low,Low,High,Black,100-300
2015,Nanded,276.1,316.0,96.37,28.99,11.5,2.43,46.18,8.7,0.55,50.41,1.78,1.08,0.03,18.82,8.51,Low,Low,High,Black,100-300
2016,Nanded,304.3,334.0,96.29,28.26,11.36,2.37,45.26,9.75,0.55,52.33,2.23,1.07,0.03,18.68,8.43,Low,Low,High,Black,100-300
2017,Nanded,273.5,696.0,96.28,28.77,10.78,2.31,45.2,9.65,0.57,49.62,1.69,1.1,0.03,19.25,8.65,Low,Low,High,Black,100-300
2001,Buldhana,70.5,1447.0,95.58,27.18,10.62,2.52,45.14,8.43,0.56,45.16,1.92,1.11,0.03,18.99,8.62,Low,Low,High,Black,100-300
2002,Buldhana,78.6,1252.0,95.63,27.93,10.21,2.72,45.61,8.4,0.57,42.02,1.82,1.11,0.03,19.14,8.69,Low,Low,High,Black,100-300
2003,Buldhana,87.9,1705.0,95.63,27.7,10.96,2.68,44.67,8.13,0.57,45.13,1.98,1.12,0.03,19.24,8.73,Low,Low,High,Black,100-300
2004,Buldhana,141.2,936.0,95.64,27.4,10.82,2.58,44.12,8.59,0.58,41.83,1.78,1.15,0.03,19.71,8.95,Low,Low,High,Black,100-300
2005,Buldhana,162.5,526.0,95.62,26.57,10.91,2.56,44.36,8.34,0.57,43.92,2.63,1.12,0.03,19.18,8.69,Low,Low,High,Black,100-300
2006,Buldhana,172.7,1256.0,95.63,26.58,11.77,2.41,44.22,8.18,0.56,46.4,3.53,1.1,0.03,18.8,8.55,Low,Low,High,Black,100-300
2007,Buldhana,190.5,2007.0,95.59,27.06,11.1,2.39,44.57,10.07,0.57,44.28,2.23,1.12,0.03,19.38,8.77,Low,Low,High,Black,100-300
2008,Buldhana,240.0,286.0,95.58,27.46,10.58,2.54,44.05,7.17,0.56,44.49,1.66,1.09,0.03,18.9,8.54,Low,Low,High,Black,100-300
2009,Buldhana,212.8,735.0,95.6,27.72,11.01,2.51,44.79,9.73,0.57,42.11,2.25,1.11,0.03,19.3,8.69,Low,Low,High,Black,100-300
2010,Buldhana,225.5,1845.0,95.58,27.28,12.17,2.43,45.99,7.68,0.56,49.45,2.79,1.1,0.03,18.79,8.55,Low,Low,High,Black,100-300
2011,Buldhana,258.8,1446.0,95.57,26.88,11.16,2.42,43.44,6.77,0.56,44.46,2.13,1.09,0.03,18.9,8.54,Low,Low,High,Black,100-300
2012,Buldhana,279.5,1540.0,95.58,27.14,10.68,2.62,43.24,7.21,0.55,47.62,2.04,1.08,0.03,18.76,8.46,Low,Low,High,Black,100-300
2013,Buldhana,323.2,1482.0,95.58,26.56,11.81,2.7,44.64,7.98,0.53,48.17,2.72,1.03,0.03,17.93,8.11,Low,Low,High,Black,100-300
2014,Buldhana,352.5,536.0,95.69,27.55,11.28,2.57,44.41,7.06,0.55,45.96,1.92,1.08,0.03,18.77,8.48,Low,Low,High,Black,100-300
2015,Buldhana,352.4,455.0,95.73,27.51,11.32,2.46,44.92,7.55,0.56,45.79,2.45,1.08,0.03,18.93,8.54,Low,Low,High,Black,100-300
2016,Buldhana,365.01,1928.0,95.66,27.15,10.86,2.47,46.39,7.32,0.55,48.08,2.54,1.07,0.03,18.7,8.42,Low,Low,High,Black,100-300
2017,Buldhana,370.29,1187.0,95.65,27.18,10.79,2.42,44.1,7.8,0.57,45.94,2.31,1.1,0.03,19.23,8.64,Low,Low,High,Black,100-300
2001,Akola,31.3,978.0,96.28,27.52,10.86,2.45,45.93,9.28,0.55,49.17,2.12,1.09,0.03,18.73,8.53,Low,Low,Medium,Black,100-300
2002,Akola,27.2,1504.0,96.33,28.28,10.35,2.65,46.1,8.05,0.56,45.16,1.96,1.11,0.03,19.04,8.67,Low,Low,Medium,Black,100-300
2003,Akola,30.8,1218.0,96.33,27.8,11.25,2.6,45.49,7.97,0.56,49.22,2.26,1.11,0.03,18.93,8.62,Low,Low,Medium,Black,100-300
2004,Akola,50.3,616.0,96.34,27.93,10.86,2.51,44.6,8.68,0.58,43.54,1.7,1.14,0.03,19.6,8.92,Low,Low,Medium,Black,100-300
2005,Akola,54.1,719.0,96.32,27.13,11.03,2.52,45.12,8.78,0.56,46.6,2.54,1.1,0.03,18.9,8.6,Low,Low,Medium,Black,100-300
2006,Akola,59.8,1645.0,96.33,27.03,11.96,2.35,44.87,8.14,0.55,48.99,3.69,1.09,0.03,18.73,8.53,Low,Low,Medium,Black,100-300
2007,Akola,82.6,1995.0,96.28,27.7,11.04,2.35,45.24,10.21,0.57,47.66,2.21,1.11,0.03,19.22,8.72,Low,Low,Medium,Black,100-300
2008,Akola,137.5,206.0,96.28,27.86,10.7,2.45,44.42,7.67,0.56,47.92,1.76,1.08,0.03,18.79,8.51,Low,Low,Medium,Black,100-300
2009,Akola,151.5,971.0,96.29,28.29,11.05,2.48,45.38,9.84,0.57,46.27,2.25,1.1,0.03,19.13,8.64,Low,Low,Medium,Black,100-300
2010,Akola,126.6,1883.0,96.28,27.78,12.22,2.41,46.69,7.42,0.55,50.64,3.02,1.09,0.03,18.63,8.49,Low,Low,Medium,Black,100-300
2011,Akola,140.6,1193.0,96.27,27.41,11.3,2.36,44.2,5.95,0.55,47.61,2.15,1.08,0.03,18.76,8.51,Low,Low,Medium,Black,100-300
2012,Akola,151.0,1923.0,96.28,27.44,10.9,2.55,44.23,7.55,0.55,49.79,2.31,1.08,0.03,18.67,8.44,Low,Low,Medium,Black,100-300
2013,Akola,187.1,1026.0,96.27,27.03,11.97,2.63,46.0,8.28,0.52,50.48,2.96,1.02,0.03,17.73,8.04,Low,Low,Medium,Black,100-300
2014,Akola,233.1,299.0,96.38,28.25,11.26,2.55,45.27,7.58,0.55,50.33,2.01,1.07,0.03,18.55,8.41,Low,Low,Medium,Black,100-300
2015,Akola,227.2,449.0,96.43,27.95,11.47,2.45,45.89,7.7,0.56,48.2,2.59,1.08,0.03,18.79,8.5,Low,Low,Medium,Black,100-300
2016,Akola,216.6,1411.0,96.35,27.56,11.06,2.43,46.56,7.6,0.55,50.45,2.78,1.08,0.03,18.76,8.47,Low,Low,Medium,Black,100-300
2017,Akola,204.7,703.0,96.34,27.96,10.77,2.41,45.16,8.13,0.56,48.49,2.0,1.09,0.03,19.06,8.58,Low,Low,Medium,Black,100-300
2001,Wardha,128.6,1297.0,96.94,27.18,11.4,2.18,47.17,7.89,0.54,53.26,2.72,1.08,0.03,18.43,8.41,Low,Low,High,Black,100-300
2002,Wardha,159.8,1059.0,96.97,28.05,10.78,2.4,46.55,7.7,0.56,47.48,2.45,1.1,0.03,18.95,8.65,Low,Low,High,Black,100-300
2003,Wardha,173.8,1461.0,96.99,27.46,11.74,2.31,47.05,7.54,0.55,52.87,3.11,1.1,0.03,18.77,8.57,Low,Low,High,Black,100-300
2004,Wardha,195.5,1033.0,97.0,27.82,11.21,2.24,46.91,8.03,0.58,45.91,1.97,1.13,0.03,19.45,8.86,Low,Low,High,Black,100-300
2005,Wardha,214.7,1089.0,96.98,27.05,11.32,2.26,46.69,7.81,0.55,49.71,3.08,1.09,0.03,18.77,8.54,Low,Low,High,Black,100-300
2006,Wardha,230.5,1205.0,96.99,27.02,12.25,2.14,46.59,7.68,0.55,50.45,3.53,1.09,0.03,18.65,8.52,Low,Low,High,Black,100-300
2007,Wardha,229.2,1332.0,96.96,27.41,11.37,2.15,45.64,9.67,0.56,50.02,2.57,1.11,0.03,19.07,8.66,Low,Low,High,Black,100-300
2008,Wardha,249.9,585.0,96.95,27.24,11.2,2.15,45.61,8.04,0.55,50.69,2.34,1.07,0.03,18.6,8.45,Low,Low,High,Black,100-300
2009,Wardha,178.9,581.0,96.95,28.31,11.21,2.19,46.65,9.79,0.56,49.12,2.55,1.1,0.03,19.1,8.64,Low,Low,High,Black,100-300
2010,Wardha,137.8,1100.0,96.94,27.98,12.12,2.16,47.32,6.91,0.54,51.99,3.56,1.08,0.03,18.43,8.4,Low,Low,High,Black,100-300
2011,Wardha,173.0,871.0,96.94,26.89,11.84,2.07,45.81,5.34,0.55,48.87,2.5,1.08,0.03,18.76,8.53,Low,Low,High,Black,100-300
2012,Wardha,176.7,1068.0,96.93,27.27,11.18,2.34,46.23,6.2,0.54,50.8,2.96,1.06,0.03,18.39,8.32,Low,Low,High,Black,100-300
2013,Wardha,185.6,656.0,96.93,26.88,12.31,2.29,48.0,7.52,0.52,52.71,3.89,1.01,0.03,17.49,7.95,Low,Low,High,Black,100-300
2014,Wardha,154.2,435.0,97.05,27.82,11.68,2.3,47.81,8.08,0.54,52.83,2.33,1.06,0.03,18.43,8.37,Low,Low,High,Black,100-300
2015,Wardha,139.8,440.0,97.1,27.27,12.18,2.2,46.87,7.71,0.55,49.37,3.35,1.07,0.03,18.64,8.44,Low,Low,High,Black,100-300
2016,Wardha,127.2,1182.0,97.0,27.6,11.58,2.2,46.17,7.27,0.55,52.6,3.12,1.07,0.03,18.62,8.43,Low,Low,High,Black,100-300
2017,Wardha,116.1,1528.0,97.0,27.78,11.31,2.13,46.79,6.96,0.56,48.8,2.5,1.08,0.03,18.97,8.54,Low,Low,High,Black,100-300
2001,Nagpur,193.3,1000.0,97.53,27.19,11.74,2.03,47.85,7.79,0.54,56.2,3.23,1.08,0.03,18.22,8.32,Low,Low,High,Black,100-300
2002,Nagpur,206.9,1077.0,97.56,28.0,11.12,2.24,47.13,7.82,0.55,51.79,2.84,1.09,0.03,18.63,8.5,Low,Low,High,Black,100-300
2003,Nagpur,218.5,1270.0,97.58,27.54,12.03,2.18,47.94,7.61,0.54,55.47,3.67,1.08,0.03,18.25,8.35,Low,Low,High,Black,100-300
2004,Nagpur,234.8,733.0,97.59,27.75,11.62,2.08,46.9,7.45,0.57,49.53,2.36,1.12,0.03,19.02,8.67,Low,Low,High,Black,100-300
2005,Nagpur,244.8,1052.0,97.57,27.13,11.68,2.07,46.96,7.84,0.55,53.26,3.71,1.08,0.03,18.36,8.35,Low,Low,High,Black,100-300
2006,Nagpur,263.5,1315.0,97.58,27.36,12.37,2.01,46.42,7.86,0.54,52.41,3.65,1.08,0.03,18.26,8.34,Low,Low,High,Black,100-300
2007,Nagpur,277.5,1366.0,97.55,27.69,11.54,2.04,46.37,9.84,0.56,51.46,3.06,1.09,0.03,18.72,8.51,Low,Low,High,Black,100-300
2008,Nagpur,303.2,848.0,97.54,27.2,11.59,2.0,46.05,7.76,0.55,51.79,2.84,1.07,0.03,18.32,8.33,Low,Low,High,Black,100-300
2009,Nagpur,285.1,771.0,97.54,28.32,11.5,2.0,47.21,9.77,0.56,50.17,2.94,1.1,0.03,18.86,8.54,Low,Low,High,Black,100-300
2010,Nagpur,242.4,1184.0,97.53,28.16,12.26,2.0,47.67,6.79,0.55,54.17,4.15,1.09,0.03,18.43,8.41,Low,Low,High,Black,100-300
2011,Nagpur,241.2,652.0,97.53,27.09,12.08,1.93,46.21,5.42,0.55,49.26,2.99,1.07,0.03,18.39,8.36,Low,Low,High,Black,100-300
2012,Nagpur,237.1,1006.0,97.52,27.45,11.38,2.14,47.15,5.39,0.54,52.71,3.61,1.05,0.03,17.99,8.15,Low,Low,High,Black,100-300
2013,Nagpur,232.8,429.0,97.52,27.21,12.48,2.17,48.42,7.96,0.51,54.68,4.71,1.01,0.03,17.3,7.88,Low,Low,High,Black,100-300
2014,Nagpur,220.4,361.0,97.64,27.8,12.01,2.17,47.96,7.6,0.54,54.51,2.78,1.07,0.03,18.26,8.31,Low,Low,High,Black,100-300
2015,Nagpur,199.7,387.0,97.7,27.44,12.48,2.04,47.49,7.18,0.54,52.46,3.77,1.05,0.03,18.27,8.28,Low,Low,High,Black,100-300
2016,Nagpur,172.4,1183.0,97.59,27.69,11.92,2.05,46.92,7.13,0.54,53.99,3.45,1.06,0.03,18.26,8.28,Low,Low,High,Black,100-300
2017,Nagpur,151.1,1141.0,97.59,27.9,11.63,1.98,46.99,6.69,0.56,47.77,3.05,1.09,0.03,18.87,8.52,Low,Low,High,Black,100-300
2001,Bhandara,7.2,1139.0,97.53,27.19,11.74,2.03,47.85,7.79,0.54,56.2,3.23,1.08,0.03,18.22,8.32,Low,Low,High,Black,100-300
2002,Bhandara,9.3,1043.0,97.56,28.0,11.12,2.24,47.13,7.82,0.55,51.79,2.84,1.09,0.03,18.63,8.5,Low,Low,High,Black,100-300
2003,Bhandara,8.2,1683.0,97.58,27.54,12.03,2.18,47.94,7.61,0.54,55.47,3.67,1.08,0.03,18.25,8.35,Low,Low,High,Black,100-300
2004,Bhandara,9.5,937.0,97.59,27.75,11.62,2.08,46.9,7.45,0.57,49.53,2.36,1.12,0.03,19.02,8.67,Low,Low,High,Black,100-300
2005,Bhandara,8.5,894.0,97.57,27.13,11.68,2.07,46.96,7.84,0.55,53.26,3.71,1.08,0.03,18.36,8.35,Low,Low,High,Black,100-300
2006,Bhandara,8.6,837.0,97.58,27.36,12.37,2.01,46.42,7.86,0.54,52.41,3.65,1.08,0.03,18.26,8.34,Low,Low,High,Black,100-300
2007,Bhandara,9.0,1144.0,97.55,27.69,11.54,2.04,46.37,9.84,0.56,51.46,3.06,1.09,0.03,18.72,8.51,Low,Low,High,Black,100-300
2008,Bhandara,8.4,1190.0,97.54,27.2,11.59,2.0,46.05,7.76,0.55,51.79,2.84,1.07,0.03,18.32,8.33,Low,Low,High,Black,100-300
2009,Bhandara,7.9,814.0,97.54,28.32,11.5,2.0,47.21,9.77,0.56,50.17,2.94,1.1,0.03,18.86,8.54,Low,Low,High,Black,100-300
2010,Bhandara,7.0,1723.0,97.53,28.16,12.26,2.0,47.67,6.79,0.55,54.17,4.15,1.09,0.03,18.43,8.41,Low,Low,High,Black,100-300
2011,Bhandara,6.9,687.0,97.53,27.09,12.08,1.93,46.21,5.42,0.55,49.26,2.99,1.07,0.03,18.39,8.36,Low,Low,High,Black,100-300
2012,Bhandara,7.1,807.0,97.52,27.45,11.38,2.14,47.15,5.39,0.54,52.71,3.61,1.05,0.03,17.99,8.15,Low,Low,High,Black,100-300
2013,Bhandara,7.0,400.0,97.52,27.21,12.48,2.17,48.42,7.96,0.51,54.68,4.71,1.01,0.03,17.3,7.88,Low,Low,High,Black,100-300
2014,Bhandara,8.1,457.0,97.64,27.8,12.01,2.17,47.96,7.6,0.54,54.51,2.78,1.07,0.03,18.26,8.31,Low,Low,High,Black,100-300
2015,Bhandara,6.6,136.0,97.7,27.44,12.48,2.04,47.49,7.18,0.54,52.46,3.77,1.05,0.03,18.27,8.28,Low,Low,High,Black,100-300
2016,Bhandara,11.8,1127.0,97.59,27.69,11.92,2.05,46.92,7.13,0.54,53.99,3.45,1.06,0.03,18.26,8.28,Low,Low,High,Black,100-300
2017,Bhandara,5.3,1208.0,97.59,27.9,11.63,1.98,46.99,6.69,0.56,47.77,3.05,1.09,0.03,18.87,8.52,Low,Low,High,Black,100-300
2001,Chandrapur,113.8,1331.0,98.15,27.82,12.18,2.11,47.64,8.57,0.53,58.48,2.75,1.05,0.03,17.93,8.2,Low,Low,High,Mixed Red & Black,50-100
2002,Chandrapur,123.0,1166.0,98.19,28.57,11.63,2.25,47.26,9.26,0.56,52.17,2.81,1.11,0.03,18.99,8.69,Low,Low,High,Mixed Red & Black,50-100
2003,Chandrapur,136.7,1188.0,98.2,28.29,12.39,2.24,48.19,8.29,0.55,57.8,3.44,1.1,0.03,18.6,8.52,Low,Low,High,Mixed Red & Black,50-100
2004,Chandrapur,164.6,981.0,98.22,28.16,12.17,2.18,46.51,7.89,0.56,51.56,2.24,1.12,0.03,19.01,8.7,Low,Low,High,Mixed Red & Black,50-100
2005,Chandrapur,161.7,1074.0,98.19,27.64,12.28,2.06,47.32,7.91,0.54,56.8,3.75,1.09,0.03,18.51,8.46,Low,Low,High,Mixed Red & Black,50-100
2006,Chandrapur,172.5,1225.0,98.21,27.71,12.88,2.02,46.02,7.99,0.55,53.12,3.79,1.09,0.03,18.61,8.51,Low,Low,High,Mixed Red & Black,50-100
2007,Chandrapur,162.1,1384.0,98.16,28.09,12.14,2.04,46.42,10.81,0.55,51.93,2.9,1.1,0.03,18.88,8.61,Low,Low,High,Mixed Red & Black,50-100
2008,Chandrapur,181.9,658.0,98.16,27.56,12.17,1.99,46.36,9.11,0.54,52.67,3.03,1.06,0.03,18.29,8.34,Low,Low,High,Mixed Red & Black,50-100
2009,Chandrapur,179.8,345.0,98.15,28.77,11.91,1.98,46.98,10.57,0.56,50.62,2.81,1.11,0.03,19.16,8.69,Low,Low,High,Mixed Red & Black,50-100
2010,Chandrapur,148.3,1002.0,98.14,28.64,12.78,2.07,47.53,8.01,0.53,56.98,4.37,1.06,0.03,18.06,8.26,Low,Low,High,Mixed Red & Black,50-100
2011,Chandrapur,146.8,884.0,98.15,27.83,12.41,1.99,46.07,6.36,0.55,49.02,2.71,1.09,0.03,18.87,8.58,Low,Low,High,Mixed Red & Black,50-100
2012,Chandrapur,142.1,1021.0,98.14,28.07,11.83,2.12,47.44,6.22,0.54,53.28,3.53,1.05,0.03,18.24,8.27,Low,Low,High,Mixed Red & Black,50-100
2013,Chandrapur,142.1,622.0,98.15,27.63,13.02,2.22,48.67,9.85,0.51,56.18,4.55,1.0,0.03,17.2,7.84,Low,Low,High,Mixed Red & Black,50-100
2014,Chandrapur,126.2,510.0,98.26,28.27,12.48,2.15,47.38,8.32,0.53,54.13,2.71,1.05,0.03,18.18,8.27,Low,Low,High,Mixed Red & Black,50-100
2015,Chandrapur,117.1,507.0,98.31,28.23,12.76,2.08,47.37,7.56,0.54,51.78,3.2,1.06,0.03,18.54,8.42,Low,Low,High,Mixed Red & Black,50-100
2016,Chandrapur,108.5,998.0,98.21,28.01,12.49,2.17,46.7,7.9,0.54,55.2,3.72,1.06,0.03,18.37,8.34,Low,Low,High,Mixed Red & Black,50-100
2017,Chandrapur,65.9,941.0,98.21,28.27,11.96,2.01,47.12,8.74,0.55,49.95,2.93,1.08,0.03,18.82,8.5,Low,Low,High,Mixed Red & Black,50-100
2001,Bhopal,84.0,986.0,95.44,25.64,10.21,2.27,45.51,6.02,0.56,45.82,2.66,1.09,0.03,18.73,8.48,Medium ,Medium,High,Black,100-300
2002,Bhopal,84.7,916.0,95.47,26.58,9.74,2.48,45.7,5.58,0.58,41.86,2.44,1.1,0.03,19.15,8.64,Medium ,Medium,High,Black,100-300
2003,Bhopal,86.4,1065.0,95.49,25.6,10.87,2.4,45.55,5.62,0.56,45.56,3.39,1.08,0.03,18.54,8.39,Medium ,Medium,High,Black,100-300
2004,Bhopal,89.66,988.0,95.49,26.3,10.36,2.33,45.21,4.85,0.57,40.98,2.47,1.1,0.03,19.01,8.59,Medium ,Medium,High,Black,100-300
2005,Bhopal,90.62,1159.0,95.47,25.81,10.16,2.34,44.42,5.93,0.57,43.49,3.29,1.1,0.03,19.05,8.57,Medium ,Medium,High,Black,100-300
2006,Bhopal,92.32,1033.0,95.47,25.9,11.13,2.22,45.04,6.67,0.56,44.68,4.92,1.08,0.03,18.57,8.42,Medium ,Medium,High,Black,100-300
2007,Bhopal,96.1,1246.0,95.45,25.8,10.62,2.21,44.19,7.37,0.57,42.9,2.97,1.1,0.03,18.98,8.57,Medium ,Medium,High,Black,100-300
2008,Bhopal,104.0,1327.0,95.45,25.57,10.55,2.23,43.31,4.57,0.56,46.3,2.53,1.07,0.03,18.67,8.42,Medium ,Medium,High,Black,100-300
2009,Bhopal,103.3,1334.0,95.46,26.41,10.74,2.33,44.92,7.85,0.57,42.41,3.07,1.09,0.03,19.02,8.57,Medium ,Medium,High,Black,100-300
2010,Bhopal,106.8,1410.0,95.44,26.36,11.25,2.23,45.81,5.54,0.57,47.22,2.53,1.1,0.03,18.98,8.59,Medium ,Medium,High,Black,100-300
2011,Bhopal,107.3,1151.0,95.43,25.55,10.99,2.22,45.45,3.14,0.55,43.6,4.14,1.06,0.03,18.36,8.31,Medium ,Medium,High,Black,100-300
2012,Bhopal,110.46,1453.0,95.43,25.62,10.24,2.45,44.71,3.99,0.55,46.56,3.11,1.05,0.03,18.32,8.26,Medium ,Medium,High,Black,100-300
2013,Bhopal,114.25,635.0,95.44,25.22,11.47,2.41,45.85,3.47,0.53,48.62,4.43,1.01,0.03,17.47,7.9,Medium ,Medium,High,Black,100-300
2014,Bhopal,110.0,1036.0,95.54,25.92,10.87,2.49,46.79,4.2,0.56,46.68,2.8,1.07,0.03,18.63,8.41,Medium ,Medium,High,Black,100-300
2015,Bhopal,97.0,629.0,95.59,25.75,10.98,2.42,45.79,4.74,0.54,46.2,3.56,1.04,0.03,18.08,8.17,Medium ,Medium,High,Black,100-300
2016,Bhopal,88.0,1023.0,95.5,25.88,10.72,2.31,47.18,4.4,0.55,47.94,4.22,1.05,0.03,18.3,8.24,Medium ,Medium,High,Black,100-300
2017,Bhopal,95.2,982.0,95.49,26.35,10.33,2.32,45.93,3.06,0.56,44.23,2.37,1.06,0.03,18.57,8.35,Medium ,Medium,High,Black,100-300
2001,Jalna,5.1,765.0,94.56,26.9,10.47,2.63,44.31,9.85,0.57,44.74,1.73,1.12,0.03,19.33,8.75,Low,Low,High,Black,100-300
2002,Jalna,6.2,1645.0,94.61,27.62,10.19,2.77,44.75,8.85,0.57,41.71,1.68,1.12,0.03,19.36,8.77,Low,Low,High,Black,100-300
2003,Jalna,11.7,1265.0,94.6,27.62,10.72,2.75,43.89,8.46,0.58,43.96,1.68,1.15,0.03,19.71,8.91,Low,Low,High,Black,100-300
2004,Jalna,15.9,943.0,94.62,26.89,10.83,2.66,42.89,9.34,0.58,42.22,1.9,1.15,0.03,19.76,8.95,Low,Low,High,Black,100-300
2005,Jalna,30.2,1182.0,94.59,26.03,10.91,2.62,43.39,9.1,0.57,45.14,2.84,1.12,0.03,19.24,8.7,Low,Low,High,Black,100-300
2006,Jalna,30.6,1203.0,94.61,26.13,11.59,2.49,43.03,8.5,0.56,45.71,3.33,1.1,0.03,19.0,8.59,Low,Low,High,Black,100-300
2007,Jalna,34.7,1303.0,94.56,26.51,11.17,2.48,43.41,10.22,0.58,43.5,2.26,1.13,0.03,19.6,8.85,Low,Low,High,Black,100-300
2008,Jalna,37.4,615.0,94.56,26.9,10.66,2.62,43.07,8.36,0.57,43.59,1.73,1.1,0.03,19.23,8.66,Low,Low,High,Black,100-300
2009,Jalna,39.3,1161.0,94.58,27.28,10.94,2.6,43.55,9.68,0.57,42.54,2.16,1.12,0.03,19.47,8.75,Low,Low,High,Black,100-300
2010,Jalna,49.3,1622.0,94.55,26.84,12.11,2.47,44.87,7.47,0.55,50.29,2.58,1.1,0.03,18.85,8.56,Low,Low,High,Black,100-300
2011,Jalna,60.3,1493.0,94.54,26.54,11.0,2.52,42.83,6.81,0.56,42.92,2.01,1.1,0.03,19.12,8.6,Low,Low,High,Black,100-300
2012,Jalna,62.4,699.0,94.55,27.12,10.43,2.75,41.98,8.29,0.56,44.8,1.67,1.1,0.03,19.12,8.58,Low,Low,High,Black,100-300
2013,Jalna,74.6,1657.0,94.55,26.36,11.6,2.79,43.37,8.22,0.54,47.49,2.38,1.05,0.03,18.26,8.23,Low,Low,High,Black,100-300
2014,Jalna,109.3,369.0,94.66,27.02,11.31,2.61,42.84,7.5,0.56,45.58,1.86,1.09,0.03,18.97,8.55,Low,Low,High,Black,100-300
2015,Jalna,120.2,478.0,94.7,27.38,11.15,2.51,43.67,8.33,0.56,44.57,2.2,1.09,0.03,19.06,8.58,Low,Low,High,Black,100-300
2016,Jalna,112.8,1520.0,94.63,26.86,10.76,2.56,44.36,8.46,0.55,47.22,2.2,1.08,0.03,18.88,8.48,Low,Low,High,Black,100-300
2017,Jalna,115.4,698.0,94.62,26.82,10.74,2.51,42.78,8.75,0.57,46.89,2.33,1.1,0.03,19.33,8.65,Low,Low,High,Black,100-300
2001,Latur,14.1,730.0,94.67,26.96,11.16,2.62,44.31,9.56,0.55,51.92,2.17,1.11,0.03,18.86,8.57,Low,Low,High,Black,100-300
2002,Latur,21.6,1153.0,94.72,27.8,10.87,2.65,43.57,8.75,0.57,47.19,2.02,1.14,0.03,19.39,8.81,Low,Low,High,Black,100-300
2003,Latur,112.2,1081.0,94.71,28.18,11.09,2.71,43.94,9.77,0.57,51.74,1.67,1.15,0.03,19.48,8.85,Low,Low,High,Black,100-300
2004,Latur,152.8,582.0,94.73,26.89,11.49,2.62,43.22,9.3,0.58,46.33,2.2,1.16,0.03,19.75,8.97,Low,Low,High,Black,100-300
2005,Latur,173.1,1443.0,94.7,26.45,11.68,2.6,43.59,9.2,0.56,49.54,2.94,1.12,0.03,19.1,8.67,Low,Low,High,Black,100-300
2006,Latur,155.4,279.0,94.72,26.33,12.11,2.53,43.0,8.29,0.56,49.71,2.84,1.12,0.03,19.01,8.62,Low,Low,High,Black,100-300
2007,Latur,183.0,1167.0,94.67,27.13,11.36,2.5,43.56,10.28,0.57,49.03,2.18,1.14,0.03,19.49,8.83,Low,Low,High,Black,100-300
2008,Latur,211.1,431.0,94.67,26.77,11.43,2.59,43.32,8.9,0.56,48.99,2.49,1.11,0.03,19.23,8.69,Low,Low,High,Black,100-300
2009,Latur,217.7,655.0,94.68,27.54,11.34,2.59,43.67,9.94,0.57,48.02,2.19,1.13,0.03,19.51,8.8,Low,Low,High,Black,100-300
2010,Latur,194.5,2220.0,94.66,27.39,12.38,2.47,44.58,8.2,0.55,55.85,2.86,1.1,0.03,18.65,8.49,Low,Low,High,Black,100-300
2011,Latur,265.4,1648.0,94.65,27.16,11.34,2.66,42.95,7.78,0.56,47.26,1.85,1.11,0.03,19.13,8.62,Low,Low,High,Black,100-300
2012,Latur,265.4,2356.0,94.65,27.62,10.83,2.66,43.29,9.73,0.56,51.23,1.83,1.11,0.03,19.06,8.58,Low,Low,High,Black,100-300
2013,Latur,308.4,2174.0,94.66,26.91,12.13,2.72,43.55,9.95,0.53,52.96,2.64,1.06,0.03,18.29,8.27,Low,Low,High,Black,100-300
2014,Latur,336.8,624.0,94.76,27.54,11.7,2.54,42.97,8.38,0.55,51.85,2.06,1.09,0.03,18.82,8.49,Low,Low,High,Black,100-300
2015,Latur,340.8,320.0,94.8,28.32,11.29,2.57,44.54,8.91,0.56,49.74,1.61,1.1,0.03,19.09,8.6,Low,Low,High,Black,100-300
2016,Latur,370.3,804.0,94.73,27.6,11.07,2.53,43.55,9.76,0.54,51.3,2.09,1.07,0.03,18.62,8.37,Low,Low,High,Black,100-300
2017,Latur,392.8,1184.0,94.72,27.94,10.67,2.47,43.68,9.27,0.57,50.54,1.74,1.12,0.03,19.41,8.7,Low,Low,High,Black,100-300
2001,Gadchiroli,2.2,1182.0,98.03,27.29,12.47,1.66,47.19,9.22,0.52,58.83,3.09,1.05,0.03,17.61,8.1,Low,Low,High,Mixed Red & Black,50-100
2002,Gadchiroli,2.8,893.0,98.07,27.92,11.93,1.78,47.56,9.38,0.55,53.03,3.0,1.11,0.03,18.78,8.63,Low,Low,High,Mixed Red & Black,50-100
2003,Gadchiroli,2.7,1333.0,98.08,27.78,12.6,1.76,48.53,9.01,0.53,58.82,3.97,1.09,0.03,18.16,8.37,Low,Low,High,Mixed Red & Black,50-100
2004,Gadchiroli,3.1,1000.0,98.11,27.36,12.6,1.72,46.14,8.31,0.55,52.03,2.72,1.11,0.03,18.68,8.58,Low,Low,High,Mixed Red & Black,50-100
2005,Gadchiroli,3.1,581.0,98.07,27.2,12.6,1.63,47.04,8.5,0.53,57.72,4.27,1.08,0.03,18.16,8.34,Low,Low,High,Mixed Red & Black,50-100
2006,Gadchiroli,3.4,1235.0,98.1,27.25,13.11,1.61,45.5,8.39,0.54,53.67,4.07,1.09,0.03,18.36,8.44,Low,Low,High,Mixed Red & Black,50-100
2007,Gadchiroli,3.9,1077.0,98.05,27.54,12.45,1.64,46.53,10.45,0.55,53.09,3.41,1.1,0.03,18.68,8.57,Low,Low,High,Mixed Red & Black,50-100
2008,Gadchiroli,8.2,744.0,98.05,27.06,12.46,1.6,45.99,9.89,0.53,54.71,3.43,1.05,0.03,17.93,8.21,Low,Low,High,Mixed Red & Black,50-100
2009,Gadchiroli,8.7,360.0,98.04,28.25,12.17,1.58,46.81,10.78,0.56,51.73,3.17,1.11,0.03,19.07,8.7,Low,Low,High,Mixed Red & Black,50-100
2010,Gadchiroli,7.5,920.0,98.03,28.16,12.99,1.64,47.48,8.12,0.52,59.55,4.92,1.06,0.03,17.85,8.23,Low,Low,High,Mixed Red & Black,50-100
2011,Gadchiroli,5.9,1222.0,98.04,27.27,12.71,1.59,45.39,6.94,0.55,50.55,3.19,1.09,0.03,18.65,8.51,Low,Low,High,Mixed Red & Black,50-100
2012,Gadchiroli,5.2,1219.0,98.02,27.58,12.16,1.69,47.32,6.65,0.53,55.11,4.27,1.05,0.03,17.95,8.19,Low,Low,High,Mixed Red & Black,50-100
2013,Gadchiroli,5.2,731.0,98.03,27.13,13.28,1.74,48.27,9.75,0.5,57.97,5.04,1.0,0.03,16.99,7.79,Low,Low,High,Mixed Red & Black,50-100
2014,Gadchiroli,4.4,682.0,98.15,27.47,12.84,1.69,47.42,8.7,0.52,56.35,3.26,1.04,0.03,17.79,8.13,Low,Low,High,Mixed Red & Black,50-100
2015,Gadchiroli,3.5,429.0,98.2,27.56,13.07,1.64,47.12,8.23,0.53,54.93,3.53,1.05,0.03,18.1,8.26,Low,Low,High,Mixed Red & Black,50-100
2016,Gadchiroli,2.1,857.0,98.1,27.52,12.8,1.74,46.61,8.83,0.53,56.45,4.04,1.06,0.03,18.13,8.28,Low,Low,High,Mixed Red & Black,50-100
2017,Gadchiroli,0.2,1500.0,98.1,27.63,12.28,1.6,46.39,9.05,0.55,50.2,3.34,1.08,0.03,18.65,8.47,Low,Low,High,Mixed Red & Black,50-100
2001,Sindhudurg,0.0,0.0,98.77,27.38,15.15,3.01,39.25,17.18,0.54,54.47,4.48,1.11,0.03,18.65,8.59,Medium,Low,Low,Alluvial,300
2002,Sindhudurg,0.0,0.0,98.82,27.79,15.53,2.84,40.28,16.34,0.55,53.27,4.84,1.12,0.03,18.91,8.7,Medium,Low,Low,Alluvial,300
2003,Sindhudurg,0.0,0.0,98.81,28.11,15.5,2.83,39.99,17.09,0.55,54.08,4.44,1.12,0.03,18.96,8.72,Medium,Low,Low,Alluvial,300
2004,Sindhudurg,0.0,0.0,98.81,27.49,15.34,2.9,40.59,16.92,0.55,53.0,5.26,1.12,0.03,18.84,8.67,Medium,Low,Low,Alluvial,300
2005,Sindhudurg,0.0,0.0,98.8,27.18,15.42,2.95,40.1,16.2,0.54,53.32,7.42,1.11,0.03,18.76,8.62,Medium,Low,Low,Alluvial,300
2006,Sindhudurg,0.0,0.0,98.8,27.23,15.62,2.98,40.07,16.05,0.54,53.96,7.69,1.11,0.03,18.76,8.63,Medium,Low,Low,Alluvial,300
2007,Sindhudurg,0.0,0.0,98.75,27.35,15.85,2.9,39.65,15.37,0.53,55.34,8.34,1.09,0.03,18.36,8.46,Medium,Low,Low,Alluvial,300
2008,Sindhudurg,0.0,0.0,98.75,27.18,15.4,2.85,38.52,14.81,0.55,53.34,5.82,1.11,0.03,19.01,8.72,Medium,Low,Low,Alluvial,300
2009,Sindhudurg,0.0,0.0,98.77,27.69,15.92,2.87,41.46,17.19,0.54,53.18,6.58,1.09,0.03,18.55,8.51,Medium,Low,Low,Alluvial,300
2010,Sindhudurg,0.0,0.0,98.74,27.57,16.49,2.72,41.07,15.3,0.52,58.13,7.82,1.07,0.03,17.97,8.3,Medium,Low,Low,Alluvial,300
2011,Sindhudurg,0.0,0.0,98.74,27.2,15.48,2.93,40.07,15.65,0.53,52.89,6.66,1.07,0.03,18.39,8.4,Medium,Low,Low,Alluvial,300
2012,Sindhudurg,0.0,0.0,98.77,27.45,15.23,2.88,40.45,15.99,0.55,52.29,5.61,1.1,0.03,18.89,8.63,Medium,Low,Low,Alluvial,300
2013,Sindhudurg,0.0,0.0,98.78,27.33,15.54,3.05,39.54,16.13,0.53,53.47,6.4,1.08,0.03,18.44,8.46,Medium,Low,Low,Alluvial,300
2014,Sindhudurg,0.0,0.0,98.83,27.57,15.65,2.81,41.12,16.47,0.54,53.49,6.25,1.09,0.03,18.64,8.54,Medium,Low,Low,Alluvial,300
2015,Sindhudurg,0.0,0.0,98.88,27.74,15.81,2.64,39.16,15.29,0.55,53.37,4.73,1.11,0.03,19.03,8.73,Medium,Low,Low,Alluvial,300
2016,Sindhudurg,-1.0,-1.0,98.85,27.43,15.26,2.91,40.37,15.58,0.52,54.66,7.55,1.06,0.03,18.12,8.29,Medium,Low,Low,Alluvial,300
2017,Sindhudurg,-1.0,-1.0,98.81,27.57,15.58,2.75,40.67,16.24,0.55,46.84,5.71,1.11,0.03,19.03,8.69,Medium,Low,Low,Alluvial,300
2001,Dindori,3.5,771.0,92.89,23.73,10.65,2.21,43.55,4.18,0.53,54.4,3.95,1.03,0.03,17.59,7.96,Medium ,High,Medium,Red,25-50
2002,Dindori,3.7,649.0,92.93,24.19,10.14,2.24,44.08,4.86,0.55,50.17,2.77,1.07,0.03,18.36,8.29,Medium ,High,Medium,Red,25-50
2003,Dindori,4.2,762.0,92.95,23.85,10.91,2.18,44.75,3.64,0.53,54.78,3.81,1.05,0.03,17.74,8.04,Medium ,High,Medium,Red,25-50
2004,Dindori,4.46,780.0,92.96,23.24,10.97,2.03,42.51,3.45,0.55,48.1,3.4,1.08,0.03,18.5,8.34,Medium ,High,Medium,Red,25-50
2005,Dindori,4.91,517.0,92.94,23.5,10.66,2.05,43.79,5.4,0.54,52.58,3.9,1.04,0.03,17.9,8.06,Medium ,High,Medium,Red,25-50
2006,Dindori,5.13,595.0,92.94,24.22,10.95,2.12,42.47,4.74,0.54,50.93,2.77,1.05,0.03,17.89,8.1,Medium ,High,Medium,Red,25-50
2007,Dindori,5.4,630.0,92.92,23.66,10.78,2.06,43.43,6.67,0.54,49.33,3.27,1.05,0.03,18.05,8.14,Medium ,High,Medium,Red,25-50
2008,Dindori,5.5,636.0,92.9,23.51,10.74,2.02,42.61,2.89,0.54,50.58,3.29,1.04,0.03,17.94,8.07,Medium ,High,Medium,Red,25-50
2009,Dindori,5.8,655.0,92.92,24.85,10.33,2.05,43.65,7.41,0.56,47.52,2.49,1.07,0.03,18.56,8.33,Medium ,High,Medium,Red,25-50
2010,Dindori,6.4,859.0,92.92,24.86,10.91,1.97,44.11,5.31,0.55,52.05,2.81,1.07,0.03,18.35,8.28,Medium ,High,Medium,Red,25-50
2011,Dindori,9.5,537.0,92.89,23.43,11.19,1.95,42.51,1.59,0.53,48.02,3.89,1.02,0.03,17.6,7.94,Medium ,High,Medium,Red,25-50
2012,Dindori,6.73,600.0,92.88,23.51,10.48,2.12,44.39,2.72,0.53,50.84,3.31,1.03,0.03,17.77,7.97,Medium ,High,Medium,Red,25-50
2013,Dindori,7.22,801.0,92.89,23.37,11.55,2.04,44.61,1.61,0.51,53.26,4.63,1.0,0.03,17.16,7.73,Medium ,High,Medium,Red,25-50
2014,Dindori,10.0,1100.0,92.99,23.22,11.43,2.09,45.51,2.98,0.53,53.29,3.52,1.02,0.03,17.67,7.96,Medium ,High,Medium,Red,25-50
2015,Dindori,10.0,1100.0,93.05,23.75,11.41,2.02,44.17,3.47,0.53,52.21,2.94,1.01,0.03,17.63,7.92,Medium ,High,Medium,Red,25-50
2016,Dindori,10.0,1300.0,92.95,24.12,11.09,1.98,43.39,3.96,0.53,53.92,3.45,1.01,0.03,17.58,7.9,Medium ,High,Medium,Red,25-50
2017,Dindori,9.5,1151.0,92.95,24.58,10.62,1.98,43.82,2.56,0.55,47.07,2.79,1.05,0.03,18.31,8.21,Medium ,High,Medium,Red,25-50
2001,Harda,146.6,1194.0,97.1,27.33,10.38,2.25,46.58,7.06,0.56,48.66,2.21,1.09,0.03,18.58,8.46,Medium ,Medium,High,Black,100-300
2002,Harda,150.5,832.0,97.14,27.89,10.07,2.45,47.46,7.33,0.57,43.3,2.29,1.1,0.03,18.95,8.59,Medium ,Medium,High,Black,100-300
2003,Harda,152.3,1326.0,97.16,27.02,11.28,2.38,46.7,7.24,0.55,47.08,3.57,1.09,0.03,18.53,8.43,Medium ,Medium,High,Black,100-300
2004,Harda,152.98,408.0,97.15,27.72,10.65,2.33,46.51,7.19,0.57,42.74,2.36,1.11,0.03,19.13,8.68,Medium ,Medium,High,Black,100-300
2005,Harda,162.18,1809.0,97.13,27.26,10.36,2.31,46.06,7.7,0.57,45.69,2.94,1.1,0.03,18.91,8.55,Medium ,Medium,High,Black,100-300
2006,Harda,160.55,1663.0,97.14,27.16,11.52,2.19,46.52,7.94,0.55,47.88,4.63,1.07,0.03,18.39,8.38,Medium ,Medium,High,Black,100-300
2007,Harda,167.9,1395.0,97.11,27.34,10.89,2.16,45.89,9.69,0.57,48.56,2.85,1.11,0.03,19.06,8.64,Medium ,Medium,High,Black,100-300
2008,Harda,168.9,1256.0,97.1,27.41,10.44,2.24,45.1,6.0,0.56,50.18,2.03,1.07,0.03,18.61,8.42,Medium ,Medium,High,Black,100-300
2009,Harda,172.8,1686.0,97.12,27.81,11.06,2.27,46.29,9.27,0.57,46.76,3.14,1.09,0.03,18.96,8.56,Medium ,Medium,High,Black,100-300
2010,Harda,171.5,1836.0,97.1,27.72,11.81,2.19,47.21,7.4,0.56,51.64,2.67,1.1,0.03,18.8,8.55,Medium ,Medium,High,Black,100-300
2011,Harda,171.7,1383.0,97.08,27.16,11.04,2.21,46.78,4.39,0.55,49.09,3.3,1.06,0.03,18.32,8.31,Medium ,Medium,High,Black,100-300
2012,Harda,178.83,1208.0,97.09,27.14,10.56,2.46,45.94,6.25,0.55,51.51,3.03,1.05,0.03,18.25,8.25,Medium ,Medium,High,Black,100-300
2013,Harda,177.47,267.0,97.1,26.67,11.78,2.41,47.32,5.18,0.51,53.54,4.23,1.0,0.03,17.18,7.79,Medium ,Medium,High,Black,100-300
2014,Harda,176.0,1347.0,97.21,27.69,11.06,2.45,47.28,6.13,0.55,51.17,2.62,1.07,0.03,18.45,8.35,Medium ,Medium,High,Black,100-300
2015,Harda,149.0,544.0,97.26,27.32,11.23,2.34,47.64,6.69,0.54,50.26,3.67,1.04,0.03,18.09,8.19,Medium ,Medium,High,Black,100-300
2016,Harda,141.0,1518.0,97.17,27.23,10.86,2.3,48.88,6.01,0.55,54.23,4.01,1.05,0.03,18.27,8.25,Medium ,Medium,High,Black,100-300
2017,Harda,96.41,752.0,97.16,27.43,10.71,2.23,47.22,5.23,0.56,45.86,2.71,1.08,0.03,18.77,8.45,Medium ,Medium,High,Black,100-300
2001,Barwani,27.8,482.0,96.98,27.83,10.19,2.59,45.51,7.19,0.57,38.83,1.37,1.11,0.03,19.16,8.68,Medium ,Medium,High,Black,100-300
2002,Barwani,20.9,569.0,97.04,27.89,10.22,2.75,47.21,7.69,0.57,35.56,1.65,1.11,0.03,19.21,8.71,Medium ,Medium,High,Black,100-300
2003,Barwani,25.5,753.0,97.04,26.96,11.45,2.61,44.99,7.45,0.57,38.52,2.84,1.11,0.03,19.11,8.67,Medium ,Medium,High,Black,100-300
2004,Barwani,26.88,528.0,97.04,27.32,11.02,2.59,44.51,8.46,0.57,40.31,2.11,1.12,0.03,19.21,8.72,Medium ,Medium,High,Black,100-300
2005,Barwani,30.99,356.0,97.02,26.94,10.63,2.49,45.05,8.32,0.58,38.36,2.4,1.12,0.03,19.38,8.75,Medium ,Medium,High,Black,100-300
2006,Barwani,29.57,355.0,97.03,27.09,11.6,2.46,45.26,8.52,0.56,39.62,2.94,1.09,0.03,18.74,8.51,Medium ,Medium,High,Black,100-300
2007,Barwani,29.7,414.0,96.99,27.23,11.23,2.38,45.46,10.17,0.57,38.64,2.44,1.11,0.03,19.25,8.73,Medium ,Medium,High,Black,100-300
2008,Barwani,31.2,442.0,96.99,27.45,10.51,2.55,44.77,7.01,0.56,39.67,1.59,1.08,0.03,18.89,8.52,Medium ,Medium,High,Black,100-300
2009,Barwani,31.4,465.0,97.01,27.98,11.2,2.57,46.05,9.24,0.58,36.29,2.32,1.11,0.03,19.4,8.74,Medium ,Medium,High,Black,100-300
2010,Barwani,33.1,502.0,96.98,27.55,12.18,2.43,46.4,7.51,0.56,43.83,2.43,1.1,0.03,18.89,8.59,Medium ,Medium,High,Black,100-300
2011,Barwani,28.4,335.0,96.97,27.18,11.04,2.48,44.31,5.81,0.56,37.19,2.25,1.08,0.03,18.82,8.5,Medium ,Medium,High,Black,100-300
2012,Barwani,37.51,2051.0,96.99,27.03,10.74,2.72,43.67,5.79,0.56,40.62,2.04,1.07,0.03,18.79,8.46,Medium ,Medium,High,Black,100-300
2013,Barwani,37.89,1046.0,96.99,26.29,11.82,2.66,44.83,6.47,0.53,44.57,3.35,1.03,0.03,17.82,8.06,Medium ,Medium,High,Black,100-300
2014,Barwani,180.0,1333.0,97.1,27.54,11.18,2.6,45.81,6.82,0.56,39.26,2.05,1.08,0.03,18.87,8.53,Medium ,Medium,High,Black,100-300
2015,Barwani,34.0,1088.0,97.14,27.37,11.33,2.5,45.35,7.08,0.56,40.17,2.65,1.06,0.03,18.69,8.43,Medium ,Medium,High,Black,100-300
2016,Barwani,36.0,1417.0,97.07,27.37,10.75,2.52,47.24,6.84,0.55,43.55,2.01,1.07,0.03,18.64,8.42,Medium ,Medium,High,Black,100-300
2017,Barwani,35.6,1400.0,97.05,27.52,10.77,2.49,44.51,6.76,0.56,40.81,1.98,1.07,0.03,18.8,8.46,Medium ,Medium,High,Black,100-300
2001,Katni,0.1,1000.0,96.24,25.18,10.9,2.04,45.74,5.67,0.55,48.94,3.59,1.05,0.03,18.19,8.2,Medium ,Low,High,Black,100-300
2002,Katni,0.1,1000.0,96.26,25.83,10.33,2.14,46.45,5.81,0.56,45.61,2.95,1.06,0.03,18.5,8.32,Medium ,Low,High,Black,100-300
2003,Katni,0.1,1000.0,96.29,25.29,11.17,2.05,47.02,4.72,0.54,50.32,4.01,1.04,0.03,17.88,8.07,Medium ,Low,High,Black,100-300
2004,Katni,0.11,909.0,96.29,25.23,11.0,1.98,45.63,5.46,0.56,44.69,2.93,1.08,0.03,18.72,8.42,Medium ,Low,High,Black,100-300
2005,Katni,0.04,750.0,96.28,25.2,10.81,2.01,45.85,6.43,0.56,47.52,4.1,1.06,0.03,18.48,8.28,Medium ,Low,High,Black,100-300
2006,Katni,0.29,345.0,96.27,26.26,10.93,2.04,45.38,6.32,0.55,47.72,2.33,1.06,0.03,18.18,8.21,Medium ,Low,High,Black,100-300
2007,Katni,0.7,286.0,96.26,25.76,10.74,1.99,45.44,7.5,0.56,46.49,2.3,1.06,0.03,18.46,8.3,Medium ,Low,High,Black,100-300
2008,Katni,0.5,600.0,96.25,25.26,11.01,1.91,44.22,4.63,0.55,47.33,2.76,1.04,0.03,18.26,8.18,Medium ,Low,High,Black,100-300
2009,Katni,0.3,667.0,96.25,26.46,10.57,2.01,45.32,7.06,0.57,43.81,2.41,1.07,0.03,18.76,8.4,Medium ,Low,High,Black,100-300
2010,Katni,0.4,750.0,96.25,26.47,11.08,1.85,46.23,5.65,0.56,49.05,2.66,1.08,0.03,18.66,8.39,Medium ,Low,High,Black,100-300
2011,Katni,0.4,500.0,96.23,25.24,11.28,1.84,45.45,2.58,0.54,45.76,3.35,1.04,0.03,18.08,8.14,Medium ,Low,High,Black,100-300
2012,Katni,0.78,769.0,96.22,25.25,10.63,2.03,46.73,3.84,0.55,47.95,3.19,1.04,0.03,18.19,8.14,Medium ,Low,High,Black,100-300
2013,Katni,0.98,1337.0,96.24,24.84,11.82,1.92,47.09,4.04,0.53,50.97,4.49,1.01,0.03,17.55,7.89,Medium ,Low,High,Black,100-300
2014,Katni,11.0,1000.0,96.33,25.34,11.28,1.99,47.75,3.91,0.55,48.95,2.65,1.05,0.03,18.19,8.18,Medium ,Low,High,Black,100-300
2015,Katni,2.0,1000.0,96.39,25.48,11.52,1.92,45.64,4.02,0.54,48.34,2.83,1.03,0.03,18.09,8.11,Medium ,Low,High,Black,100-300
2016,Katni,0.0,0.0,96.29,25.77,11.23,1.93,46.19,4.58,0.54,51.29,3.91,1.02,0.03,17.86,8.0,Medium ,Low,High,Black,100-300
2017,Katni,1.7,1435.0,96.28,26.56,10.59,1.98,46.77,3.57,0.56,44.85,2.13,1.06,0.03,18.59,8.32,Medium ,Low,High,Black,100-300
2001,Neemuch,104.6,845.0,95.69,26.29,9.23,2.46,44.44,5.67,0.59,39.31,1.68,1.11,0.03,19.54,8.71,Medium ,Medium,High,Mixed Red & Black,50-100
2002,Neemuch,95.0,465.0,95.72,27.27,8.64,2.69,45.31,4.93,0.6,37.16,1.13,1.11,0.03,19.75,8.8,Medium ,Medium,High,Mixed Red & Black,50-100
2003,Neemuch,95.0,1291.0,95.73,26.41,9.79,2.59,44.46,5.27,0.59,39.14,1.54,1.1,0.03,19.3,8.61,Medium ,Medium,High,Mixed Red & Black,50-100
2004,Neemuch,115.07,862.0,95.74,26.52,9.83,2.48,44.3,5.01,0.6,37.48,1.87,1.12,0.03,19.74,8.81,Medium ,Medium,High,Mixed Red & Black,50-100
2005,Neemuch,122.54,591.0,95.73,25.83,9.52,2.39,44.14,4.56,0.6,37.3,1.81,1.12,0.03,19.71,8.77,Medium ,Medium,High,Mixed Red & Black,50-100
2006,Neemuch,123.12,711.0,95.71,26.33,10.51,2.39,45.18,6.51,0.58,37.39,2.58,1.09,0.03,19.14,8.56,Medium ,Medium,High,Mixed Red & Black,50-100
2007,Neemuch,120.3,760.0,95.69,26.3,10.06,2.37,44.07,6.17,0.59,36.76,1.94,1.11,0.03,19.58,8.75,Medium ,Medium,High,Mixed Red & Black,50-100
2008,Neemuch,122.3,1052.0,95.69,25.93,9.97,2.47,42.51,4.21,0.58,39.78,1.71,1.08,0.03,19.11,8.52,Medium ,Medium,High,Mixed Red & Black,50-100
2009,Neemuch,120.0,959.0,95.71,27.06,9.95,2.5,45.04,8.11,0.6,36.43,1.65,1.11,0.03,19.67,8.76,Medium ,Medium,High,Mixed Red & Black,50-100
2010,Neemuch,119.8,1250.0,95.68,26.67,10.77,2.41,46.01,6.82,0.59,38.93,2.22,1.11,0.03,19.43,8.68,Medium ,Medium,High,Mixed Red & Black,50-100
2011,Neemuch,120.2,800.0,95.67,25.57,10.71,2.36,44.66,3.28,0.58,36.52,2.56,1.08,0.03,19.13,8.55,Medium ,Medium,High,Mixed Red & Black,50-100
2012,Neemuch,126.24,1572.0,95.69,25.23,10.02,2.48,44.05,3.0,0.58,39.05,2.26,1.07,0.03,18.95,8.44,Medium ,Medium,High,Mixed Red & Black,50-100
2013,Neemuch,129.87,1067.0,95.71,24.96,10.88,2.34,44.8,2.83,0.55,42.82,2.64,1.04,0.03,18.28,8.17,Medium ,Medium,High,Mixed Red & Black,50-100
2014,Neemuch,138.0,812.0,95.8,25.92,10.29,2.45,45.06,4.77,0.58,36.1,2.02,1.09,0.03,19.25,8.59,Medium ,Medium,High,Mixed Red & Black,50-100
2015,Neemuch,144.0,722.0,95.83,25.97,10.21,2.5,45.81,5.03,0.57,37.68,2.18,1.06,0.03,18.92,8.43,Medium ,Medium,High,Mixed Red & Black,50-100
2016,Neemuch,141.0,1525.0,95.76,25.95,10.36,2.37,47.1,6.12,0.57,39.48,3.23,1.07,0.03,18.94,8.44,Medium ,Medium,High,Mixed Red & Black,50-100
2017,Neemuch,134.0,1336.0,95.75,26.17,9.99,2.44,44.83,3.34,0.58,46.15,1.98,1.08,0.03,19.05,8.48,Medium ,Medium,High,Mixed Red & Black,50-100
2001,Umaria,0.1,0.0,95.57,25.56,10.3,2.17,46.28,5.56,0.56,45.82,3.01,1.09,0.03,18.73,8.48,Medium ,Low,Medium,Black,100-300
2002,Umaria,0.1,0.0,95.59,26.52,9.79,2.35,45.98,5.46,0.58,41.86,2.67,1.1,0.03,19.15,8.64,Medium ,Low,Medium,Black,100-300
2003,Umaria,0.1,0.0,95.62,25.64,10.89,2.26,46.31,4.99,0.56,45.56,3.78,1.08,0.03,18.54,8.39,Medium ,Low,Medium,Black,100-300
2004,Umaria,0.04,500.0,95.61,26.1,10.43,2.2,46.01,4.8,0.57,40.98,2.72,1.1,0.03,19.01,8.59,Medium ,Low,Medium,Black,100-300
2005,Umaria,0.05,400.0,95.6,25.63,10.28,2.23,45.11,5.69,0.57,43.49,3.75,1.1,0.03,19.05,8.57,Medium ,Low,Medium,Black,100-300
2006,Umaria,0.09,333.0,95.6,26.01,11.04,2.13,45.55,6.34,0.56,44.68,4.31,1.08,0.03,18.57,8.42,Medium ,Low,Medium,Black,100-300
2007,Umaria,0.2,500.0,95.58,25.76,10.57,2.12,44.9,6.7,0.57,42.9,3.02,1.1,0.03,18.98,8.57,Medium ,Low,Medium,Black,100-300
2008,Umaria,2.1,524.0,95.57,25.61,10.58,2.11,43.92,4.29,0.56,46.3,2.87,1.07,0.03,18.67,8.42,Medium ,Low,Medium,Black,100-300
2009,Umaria,2.5,360.0,95.58,26.41,10.68,2.19,45.22,7.5,0.57,42.41,3.21,1.09,0.03,19.02,8.57,Medium ,Low,Medium,Black,100-300
2010,Umaria,3.0,567.0,95.57,26.33,11.21,2.09,46.23,4.92,0.57,47.22,3.02,1.1,0.03,18.98,8.59,Medium ,Low,Medium,Black,100-300
2011,Umaria,3.1,387.0,95.55,25.53,10.99,2.1,45.7,2.33,0.55,43.6,4.32,1.06,0.03,18.36,8.31,Medium ,Low,Medium,Black,100-300
2012,Umaria,2.87,338.0,95.55,25.63,10.27,2.33,45.25,4.03,0.55,46.56,3.32,1.05,0.03,18.32,8.26,Medium ,Low,Medium,Black,100-300
2013,Umaria,9.47,167.0,95.56,25.21,11.54,2.3,46.51,3.24,0.53,48.62,4.88,1.01,0.03,17.47,7.9,Medium ,Low,Medium,Black,100-300
2014,Umaria,14.0,1143.0,95.66,25.8,10.94,2.36,47.19,3.69,0.56,46.68,2.92,1.07,0.03,18.63,8.41,Medium ,Low,Medium,Black,100-300
2015,Umaria,5.0,400.0,95.72,26.0,10.93,2.27,46.43,4.27,0.54,46.2,3.45,1.04,0.03,18.08,8.17,Medium ,Low,Medium,Black,100-300
2016,Umaria,4.0,1000.0,95.62,26.07,10.66,2.17,46.92,3.97,0.55,47.94,4.17,1.05,0.03,18.3,8.24,Medium ,Low,Medium,Black,100-300
2017,Umaria,2.1,729.0,95.61,26.73,10.19,2.21,46.13,2.91,0.56,44.23,2.21,1.06,0.03,18.57,8.35,Medium ,Low,Medium,Black,100-300
2003,Anuppur,1.4,500.0,94.0,24.39,11.06,1.98,45.27,4.52,0.53,52.87,3.79,1.03,0.03,17.75,7.99,Medium ,Medium,Medium,Red,25-50
2004,Anuppur,1.2,450.0,94.0,23.88,11.13,1.87,43.16,4.01,0.57,46.68,3.35,1.08,0.03,18.78,8.42,Medium ,Medium,Medium,Red,25-50
2005,Anuppur,1.27,504.0,93.99,24.12,10.81,1.89,44.41,5.41,0.55,50.02,3.9,1.06,0.03,18.38,8.22,Medium ,Medium,Medium,Red,25-50
2006,Anuppur,1.32,485.0,93.99,24.92,11.05,1.94,43.03,5.03,0.55,49.64,2.73,1.05,0.03,18.12,8.16,Medium ,Medium,Medium,Red,25-50
2007,Anuppur,1.8,333.0,93.97,24.29,11.02,1.9,44.02,6.72,0.55,50.4,3.2,1.05,0.03,18.32,8.22,Medium ,Medium,Medium,Red,25-50
2008,Anuppur,0.4,500.0,93.95,24.12,10.93,1.85,43.06,3.64,0.55,51.53,3.22,1.04,0.03,18.24,8.15,Medium ,Medium,Medium,Red,25-50
2009,Anuppur,0.7,429.0,93.97,25.52,10.43,1.91,44.21,7.47,0.57,46.97,2.47,1.07,0.03,18.8,8.4,Medium ,Medium,Medium,Red,25-50
2010,Anuppur,1.2,583.0,93.97,25.53,11.0,1.85,44.4,5.42,0.56,52.36,2.78,1.08,0.03,18.71,8.39,Medium ,Medium,Medium,Red,25-50
2011,Anuppur,2.5,320.0,93.94,24.06,11.34,1.77,43.51,2.3,0.54,51.43,3.83,1.03,0.03,18.0,8.08,Medium ,Medium,Medium,Red,25-50
2012,Anuppur,4.66,933.0,93.93,24.15,10.6,1.94,45.39,2.96,0.55,52.12,3.26,1.04,0.03,18.24,8.13,Medium ,Medium,Medium,Red,25-50
2013,Anuppur,5.84,786.0,93.95,23.86,11.73,1.86,45.11,2.63,0.53,55.78,4.58,1.02,0.03,17.71,7.94,Medium ,Medium,Medium,Red,25-50
2014,Anuppur,13.0,1231.0,94.04,23.89,11.55,1.91,45.86,3.39,0.55,52.97,3.45,1.04,0.03,18.16,8.15,Medium ,Medium,Medium,Red,25-50
2015,Anuppur,6.0,500.0,94.1,24.42,11.53,1.84,44.67,3.97,0.54,51.03,3.23,1.03,0.03,18.08,8.08,Medium ,Medium,Medium,Red,25-50
2016,Anuppur,6.0,1333.0,94.0,24.71,11.28,1.8,44.0,4.53,0.54,56.7,3.71,1.01,0.03,17.78,7.95,Medium ,Medium,Medium,Red,25-50
2017,Anuppur,5.7,774.0,94.0,25.06,10.87,1.78,44.33,3.66,0.56,44.75,3.38,1.06,0.03,18.61,8.31,Medium ,Medium,Medium,Red,25-50
2001,Gondia,0.0,0.0,96.87,26.64,11.55,1.96,47.42,7.9,0.53,56.46,3.58,1.05,0.03,17.93,8.15,Low,Low,High,Black,100-300
2002,Gondia,0.1,1000.0,96.9,27.45,10.89,2.12,46.9,8.1,0.56,51.66,2.88,1.09,0.03,18.68,8.47,Low,Low,High,Black,100-300
2003,Gondia,0.1,1000.0,96.92,26.97,11.83,2.07,47.78,7.14,0.54,57.15,4.2,1.07,0.03,18.02,8.21,Low,Low,High,Black,100-300
2004,Gondia,0.1,1000.0,96.93,27.05,11.52,1.95,46.17,7.35,0.56,49.57,2.8,1.1,0.03,18.87,8.55,Low,Low,High,Black,100-300
2005,Gondia,0.0,0.0,96.91,26.64,11.45,1.96,46.62,8.24,0.54,54.29,4.29,1.06,0.03,18.16,8.21,Low,Low,High,Black,100-300
2006,Gondia,0.0,0.0,96.92,27.13,12.02,1.94,46.32,8.06,0.54,52.09,3.56,1.07,0.03,18.21,8.27,Low,Low,High,Black,100-300
2007,Gondia,0.0,0.0,96.89,27.15,11.36,1.97,46.15,9.56,0.55,52.24,3.57,1.07,0.03,18.48,8.36,Low,Low,High,Black,100-300
2008,Gondia,0.0,0.0,96.88,26.73,11.37,1.92,45.73,7.2,0.55,52.93,3.14,1.06,0.03,18.33,8.28,Low,Low,High,Black,100-300
2009,Gondia,0.0,0.0,96.88,27.92,11.29,1.93,46.62,9.77,0.56,50.12,3.27,1.09,0.03,18.85,8.48,Low,Low,High,Black,100-300
2010,Gondia,0.0,0.0,96.87,27.73,11.94,1.92,47.42,6.68,0.54,54.92,4.21,1.07,0.03,18.26,8.28,Low,Low,High,Black,100-300
2011,Gondia,0.0,0.0,96.87,26.68,11.86,1.84,45.64,5.33,0.54,49.4,3.79,1.05,0.03,18.23,8.24,Low,Low,High,Black,100-300
2012,Gondia,0.0,0.0,96.85,26.91,11.19,2.02,47.14,5.33,0.53,53.06,4.11,1.03,0.03,17.86,8.05,Low,Low,High,Black,100-300
2013,Gondia,0.0,0.0,96.86,26.71,12.33,2.0,47.91,7.77,0.51,55.83,5.22,1.0,0.03,17.17,7.78,Low,Low,High,Black,100-300
2014,Gondia,0.0,0.0,96.97,27.03,11.92,2.05,48.12,7.24,0.54,55.2,3.24,1.04,0.03,18.0,8.14,Low,Low,High,Black,100-300
2015,Gondia,0.0,0.0,97.04,26.89,12.3,1.92,47.04,7.1,0.54,53.33,3.63,1.03,0.03,18.03,8.12,Low,Low,High,Black,100-300
2016,Gondia,-1.0,-1.0,96.93,27.36,11.72,1.92,46.96,6.69,0.53,55.55,3.12,1.03,0.03,17.9,8.06,Low,Low,High,Black,100-300
2017,Gondia,-1.0,-1.0,96.92,27.75,11.31,1.88,46.81,6.89,0.56,46.19,2.86,1.07,0.03,18.76,8.42,Low,Low,High,Black,100-300
2001,Hingoli,25.2,1393.0,95.85,27.48,11.02,2.43,45.68,10.34,0.55,52.77,2.19,1.09,0.03,18.58,8.47,Low,Low,High,Black,100-300
2002,Hingoli,32.0,1519.0,95.89,28.25,10.62,2.57,45.32,8.78,0.56,47.29,2.07,1.11,0.03,19.14,8.72,Low,Low,High,Black,100-300
2003,Hingoli,117.7,1576.0,95.89,28.28,11.11,2.59,45.12,9.47,0.56,52.22,2.0,1.12,0.03,19.15,8.71,Low,Low,High,Black,100-300
2004,Hingoli,129.3,800.0,95.9,27.73,11.13,2.47,44.22,9.2,0.58,46.54,1.99,1.15,0.03,19.57,8.91,Low,Low,High,Black,100-300
2005,Hingoli,139.5,1296.0,95.88,27.01,11.39,2.47,45.01,9.24,0.56,49.71,2.92,1.11,0.03,18.93,8.61,Low,Low,High,Black,100-300
2006,Hingoli,131.1,867.0,95.9,26.72,12.14,2.33,44.35,8.39,0.55,51.08,3.64,1.09,0.03,18.71,8.51,Low,Low,High,Black,100-300
2007,Hingoli,114.0,1780.0,95.85,27.41,11.3,2.35,44.39,10.44,0.57,50.96,2.36,1.12,0.03,19.33,8.77,Low,Low,High,Black,100-300
2008,Hingoli,129.9,587.0,95.85,27.49,11.08,2.41,44.39,9.45,0.55,50.85,2.08,1.08,0.03,18.77,8.5,Low,Low,High,Black,100-300
2009,Hingoli,137.4,902.0,95.86,28.16,11.18,2.44,44.49,10.55,0.57,49.44,2.3,1.11,0.03,19.23,8.68,Low,Low,High,Black,100-300
2010,Hingoli,148.3,1601.0,95.84,27.79,12.34,2.39,45.72,7.86,0.54,55.39,3.0,1.08,0.03,18.43,8.4,Low,Low,High,Black,100-300
2011,Hingoli,146.7,1392.0,95.83,27.37,11.47,2.41,43.81,7.2,0.55,49.62,2.18,1.09,0.03,18.88,8.54,Low,Low,High,Black,100-300
2012,Hingoli,150.5,1905.0,95.84,27.82,10.89,2.55,43.86,8.97,0.55,52.92,2.11,1.08,0.03,18.74,8.46,Low,Low,High,Black,100-300
2013,Hingoli,170.0,1094.0,95.84,27.24,12.09,2.59,44.69,9.87,0.52,53.66,2.94,1.03,0.03,17.74,8.04,Low,Low,High,Black,100-300
2014,Hingoli,137.7,279.0,95.95,28.08,11.53,2.45,44.48,8.38,0.55,52.74,2.04,1.07,0.03,18.66,8.45,Low,Low,High,Black,100-300
2015,Hingoli,165.1,478.0,95.99,28.37,11.42,2.44,45.65,8.41,0.55,50.41,2.15,1.08,0.03,18.82,8.51,Low,Low,High,Black,100-300
2016,Hingoli,171.6,1072.0,95.91,28.0,11.05,2.42,45.25,9.01,0.55,52.33,2.23,1.07,0.03,18.68,8.43,Low,Low,High,Black,100-300
2017,Hingoli,175.8,1134.0,95.9,28.39,10.64,2.39,44.48,9.37,0.57,49.62,1.82,1.1,0.03,19.25,8.65,Low,Low,High,Black,100-300
2001,Nandurbar,2.1,905.0,97.22,27.56,10.82,2.71,45.11,7.91,0.57,38.83,1.67,1.11,0.03,19.16,8.68,Medium,Low,High,Black,100-300
2002,Nandurbar,1.6,1563.0,97.28,27.9,10.71,2.86,47.02,7.37,0.57,35.56,1.84,1.11,0.03,19.21,8.71,Medium,Low,High,Black,100-300
2003,Nandurbar,1.4,1500.0,97.28,27.11,11.88,2.71,45.18,7.55,0.57,38.52,2.91,1.11,0.03,19.11,8.67,Medium,Low,High,Black,100-300
2004,Nandurbar,4.0,1275.0,97.28,27.36,11.46,2.71,44.58,8.85,0.57,40.31,2.58,1.12,0.03,19.21,8.72,Medium,Low,High,Black,100-300
2005,Nandurbar,6.3,1397.0,97.26,26.75,11.23,2.61,44.56,8.27,0.58,38.36,3.26,1.12,0.03,19.38,8.75,Medium,Low,High,Black,100-300
2006,Nandurbar,9.3,925.0,97.26,27.13,12.01,2.61,44.87,8.42,0.56,39.62,3.33,1.09,0.03,18.74,8.51,Medium,Low,High,Black,100-300
2007,Nandurbar,16.2,1383.0,97.22,27.28,11.74,2.5,45.29,10.38,0.57,38.64,2.82,1.11,0.03,19.25,8.73,Medium,Low,High,Black,100-300
2008,Nandurbar,27.1,1273.0,97.22,27.04,11.16,2.64,44.32,7.09,0.56,39.67,2.2,1.08,0.03,18.89,8.52,Medium,Low,High,Black,100-300
2009,Nandurbar,30.0,1326.0,97.24,27.91,11.58,2.65,45.63,10.26,0.58,36.29,2.37,1.11,0.03,19.4,8.74,Medium,Low,High,Black,100-300
2010,Nandurbar,33.1,1618.0,97.21,27.45,12.73,2.53,45.85,7.93,0.56,43.83,2.85,1.1,0.03,18.89,8.59,Medium,Low,High,Black,100-300
2011,Nandurbar,32.3,1781.0,97.2,27.28,11.36,2.63,44.3,6.58,0.56,37.19,2.25,1.08,0.03,18.82,8.5,Medium,Low,High,Black,100-300
2012,Nandurbar,24.4,2017.0,97.22,27.16,11.13,2.83,43.13,6.0,0.56,40.62,1.91,1.07,0.03,18.79,8.46,Medium,Low,High,Black,100-300
2013,Nandurbar,28.0,1189.0,97.23,26.45,12.17,2.77,44.48,6.68,0.53,44.57,3.29,1.03,0.03,17.82,8.06,Medium,Low,High,Black,100-300
2014,Nandurbar,27.5,971.0,97.33,27.56,11.63,2.66,44.81,7.06,0.56,39.26,2.18,1.08,0.03,18.87,8.53,Medium,Low,High,Black,100-300
2015,Nandurbar,27.6,949.0,97.37,27.45,11.78,2.61,44.62,7.84,0.56,40.17,2.6,1.06,0.03,18.69,8.43,Medium,Low,High,Black,100-300
2016,Nandurbar,28.0,1639.0,97.31,27.47,11.13,2.64,46.2,7.28,0.55,43.55,2.05,1.07,0.03,18.64,8.42,Medium,Low,High,Black,100-300
2017,Nandurbar,27.17,1439.0,97.28,27.7,11.11,2.59,44.28,7.7,0.56,40.81,1.93,1.07,0.03,18.8,8.46,Medium,Low,High,Black,100-300
2001,Washim,83.3,1491.0,95.41,27.08,10.87,2.49,45.28,10.08,0.55,49.17,2.17,1.09,0.03,18.73,8.53,Low,Low,High,Black,100-300
2002,Washim,91.1,1292.0,95.46,27.87,10.41,2.66,45.27,8.27,0.56,45.16,2.04,1.11,0.03,19.04,8.67,Low,Low,High,Black,100-300
2003,Washim,113.3,1358.0,95.46,27.62,11.09,2.65,44.79,8.41,0.56,49.22,2.13,1.11,0.03,18.93,8.62,Low,Low,High,Black,100-300
2004,Washim,185.1,890.0,95.47,27.45,10.9,2.53,43.72,8.66,0.58,43.54,1.83,1.14,0.03,19.6,8.92,Low,Low,High,Black,100-300
2005,Washim,196.6,950.0,95.44,26.66,11.13,2.56,44.55,8.88,0.56,46.6,2.74,1.1,0.03,18.9,8.6,Low,Low,High,Black,100-300
2006,Washim,204.8,1235.0,95.46,26.4,11.98,2.39,44.1,7.94,0.55,48.99,3.76,1.09,0.03,18.73,8.53,Low,Low,High,Black,100-300
2007,Washim,206.9,1606.0,95.41,27.07,11.12,2.41,44.33,10.11,0.57,47.66,2.32,1.11,0.03,19.22,8.72,Low,Low,High,Black,100-300
2008,Washim,226.4,341.0,95.41,27.29,10.8,2.48,43.83,8.32,0.56,47.92,1.89,1.08,0.03,18.79,8.51,Low,Low,High,Black,100-300
2009,Washim,222.6,360.0,95.42,27.79,11.03,2.51,44.26,9.99,0.57,46.27,2.29,1.1,0.03,19.13,8.64,Low,Low,High,Black,100-300
2010,Washim,209.2,1428.0,95.4,27.35,12.21,2.45,45.46,7.54,0.55,50.64,3.05,1.09,0.03,18.63,8.49,Low,Low,High,Black,100-300
2011,Washim,219.1,1326.0,95.4,26.86,11.38,2.42,43.7,6.48,0.55,47.61,2.21,1.08,0.03,18.76,8.51,Low,Low,High,Black,100-300
2012,Washim,200.3,1688.0,95.4,27.17,10.85,2.6,43.31,7.9,0.55,49.79,2.25,1.08,0.03,18.67,8.44,Low,Low,High,Black,100-300
2013,Washim,276.3,841.0,95.4,26.69,11.94,2.66,44.65,9.16,0.52,50.48,2.98,1.02,0.03,17.73,8.04,Low,Low,High,Black,100-300
2014,Washim,296.5,409.0,95.51,27.67,11.35,2.53,44.29,7.68,0.55,50.33,2.04,1.07,0.03,18.55,8.41,Low,Low,High,Black,100-300
2015,Washim,302.3,556.0,95.56,27.65,11.41,2.48,45.15,7.78,0.56,48.2,2.44,1.08,0.03,18.79,8.5,Low,Low,High,Black,100-300
2016,Washim,300.8,1483.0,95.48,27.3,11.02,2.48,45.06,8.03,0.55,50.45,2.57,1.08,0.03,18.76,8.47,Low,Low,High,Black,100-300
2017,Washim,299.8,758.0,95.47,27.72,10.65,2.45,44.06,8.44,0.56,48.49,1.94,1.09,0.03,19.06,8.58,Low,Low,High,Black,100-300
2003,Ashoknagar,46.3,959.0,95.34,25.46,10.29,2.34,45.81,4.79,0.56,44.38,2.39,1.08,0.03,18.61,8.42,High,Low,High,Black,100-300
2004,Ashoknagar,58.36,874.0,95.34,25.99,9.92,2.28,44.93,4.1,0.58,40.2,2.19,1.11,0.03,19.15,8.65,High,Low,High,Black,100-300
2005,Ashoknagar,42.29,1031.0,95.32,25.51,9.72,2.29,44.79,6.22,0.58,40.98,2.31,1.1,0.03,19.2,8.63,High,Low,High,Black,100-300
2006,Ashoknagar,45.76,989.0,95.32,26.02,10.45,2.26,44.99,6.48,0.57,43.11,2.87,1.08,0.03,18.72,8.47,High,Low,High,Black,100-300
2007,Ashoknagar,48.5,1074.0,95.3,25.48,10.19,2.21,44.04,6.93,0.58,40.1,2.57,1.1,0.03,19.09,8.61,High,Low,High,Black,100-300
2008,Ashoknagar,53.3,1114.0,95.3,25.04,10.43,2.17,43.13,4.25,0.56,44.67,2.75,1.07,0.03,18.61,8.39,High,Low,High,Black,100-300
2009,Ashoknagar,65.2,1118.0,95.31,26.67,10.13,2.33,44.94,7.11,0.58,41.5,1.95,1.1,0.03,19.1,8.61,High,Low,High,Black,100-300
2010,Ashoknagar,65.8,1249.0,95.3,26.24,10.64,2.19,45.92,5.59,0.58,44.54,2.39,1.1,0.03,19.02,8.6,High,Low,High,Black,100-300
2011,Ashoknagar,74.2,1135.0,95.28,25.18,10.72,2.16,45.94,2.01,0.56,39.91,4.4,1.07,0.03,18.59,8.41,High,Low,High,Black,100-300
2012,Ashoknagar,118.84,2085.0,95.28,25.29,9.79,2.38,45.2,3.08,0.56,43.51,2.14,1.06,0.03,18.53,8.34,High,Low,High,Black,100-300
2013,Ashoknagar,162.86,936.0,95.3,24.56,11.09,2.26,45.6,2.43,0.54,46.13,4.16,1.02,0.03,17.69,7.98,High,Low,High,Black,100-300
2014,Ashoknagar,165.0,727.0,95.39,25.54,10.41,2.45,46.73,3.14,0.57,43.92,2.6,1.08,0.03,18.72,8.45,High,Low,High,Black,100-300
2015,Ashoknagar,145.0,1324.0,95.44,25.14,10.68,2.33,45.52,4.07,0.56,42.83,2.88,1.05,0.03,18.33,8.27,High,Low,High,Black,100-300
2016,Ashoknagar,137.0,650.0,95.35,25.6,10.43,2.22,47.35,4.73,0.56,45.1,3.23,1.06,0.03,18.46,8.31,High,Low,High,Black,100-300
2017,Ashoknagar,140.8,1030.0,95.34,26.39,9.79,2.31,46.04,3.16,0.57,43.25,1.79,1.07,0.03,18.67,8.4,High,Low,High,Black,100-300
2003,Burhanpur,10.4,731.0,96.75,27.09,11.37,2.49,45.79,7.03,0.56,43.34,2.8,1.11,0.03,18.97,8.61,Medium ,Medium,High,Black,100-300
2004,Burhanpur,14.21,487.0,96.75,27.5,10.9,2.45,45.26,8.23,0.58,42.08,1.91,1.13,0.03,19.43,8.82,Medium ,Medium,High,Black,100-300
2005,Burhanpur,13.08,649.0,96.73,27.0,10.68,2.39,45.33,8.17,0.57,42.43,2.41,1.11,0.03,19.15,8.66,Medium ,Medium,High,Black,100-300
2006,Burhanpur,13.13,734.0,96.74,26.93,11.78,2.23,46.02,8.28,0.55,45.27,3.5,1.09,0.03,18.65,8.48,Medium ,Medium,High,Black,100-300
2007,Burhanpur,14.3,594.0,96.7,27.19,11.16,2.23,45.6,9.8,0.57,44.44,2.38,1.12,0.03,19.22,8.71,Medium ,Medium,High,Black,100-300
2008,Burhanpur,14.3,657.0,96.7,27.6,10.52,2.37,44.94,6.61,0.56,45.14,1.65,1.08,0.03,18.75,8.47,Medium ,Medium,High,Black,100-300
2009,Burhanpur,15.1,695.0,96.71,27.93,11.14,2.39,45.76,9.45,0.57,41.7,2.48,1.1,0.03,19.2,8.65,Medium ,Medium,High,Black,100-300
2010,Burhanpur,15.1,715.0,96.69,27.57,12.15,2.28,46.59,7.55,0.56,46.73,2.72,1.11,0.03,18.95,8.62,Medium ,Medium,High,Black,100-300
2011,Burhanpur,14.9,530.0,96.68,27.02,11.2,2.27,44.97,5.71,0.55,42.99,2.36,1.07,0.03,18.6,8.41,Medium ,Medium,High,Black,100-300
2012,Burhanpur,17.18,969.0,96.69,26.96,10.87,2.51,44.79,7.27,0.55,46.32,2.33,1.07,0.03,18.58,8.39,Medium ,Medium,High,Black,100-300
2013,Burhanpur,18.3,1431.0,96.69,26.58,11.93,2.54,46.44,7.06,0.52,48.74,3.32,1.02,0.03,17.58,7.96,Medium ,Medium,High,Black,100-300
2014,Burhanpur,27.0,630.0,96.8,27.72,11.23,2.47,46.09,6.61,0.56,45.02,2.13,1.08,0.03,18.73,8.47,Medium ,Medium,High,Black,100-300
2015,Burhanpur,19.0,526.0,96.85,27.17,11.54,2.33,46.41,7.22,0.55,44.85,3.04,1.06,0.03,18.49,8.35,Medium ,Medium,High,Black,100-300
2016,Burhanpur,14.0,1500.0,96.77,27.16,10.9,2.35,47.64,7.32,0.55,48.48,3.01,1.07,0.03,18.6,8.39,Medium ,Medium,High,Black,100-300
2017,Burhanpur,15.0,1672.0,96.76,27.1,10.98,2.28,45.4,6.58,0.56,44.11,2.84,1.09,0.03,19.0,8.54,Medium ,Medium,High,Black,100-300
2008,Alirajpur,11.2,759.0,97.43,27.16,10.65,2.65,44.41,6.75,0.56,39.94,1.8,1.07,0.03,18.76,8.43,Medium ,Low,High,Black,100-300
2009,Alirajpur,14.4,681.0,97.46,27.71,11.31,2.61,45.62,10.65,0.58,35.81,2.45,1.1,0.03,19.41,8.71,Medium ,Low,High,Black,100-300
2010,Alirajpur,15.6,821.0,97.42,27.51,12.15,2.49,46.47,8.59,0.57,40.51,2.8,1.09,0.03,18.99,8.58,Medium ,Low,High,Black,100-300
2011,Alirajpur,17.1,702.0,97.41,27.27,11.05,2.61,44.22,7.44,0.56,37.0,2.47,1.06,0.03,18.69,8.41,Medium ,Low,High,Black,100-300
2012,Alirajpur,16.21,974.0,97.43,26.85,10.78,2.79,43.01,6.25,0.56,40.13,2.21,1.06,0.03,18.71,8.39,Medium ,Low,High,Black,100-300
2013,Alirajpur,16.99,517.0,97.44,26.16,11.83,2.66,44.64,6.93,0.53,43.73,3.67,1.02,0.03,17.75,7.99,Medium ,Low,High,Black,100-300
2014,Alirajpur,55.0,1818.0,97.55,27.39,11.17,2.62,45.42,6.91,0.57,37.08,2.27,1.08,0.03,18.93,8.51,Medium ,Low,High,Black,100-300
2015,Alirajpur,23.0,913.0,97.58,27.28,11.26,2.6,44.68,8.68,0.55,39.04,2.61,1.05,0.03,18.54,8.32,Medium ,Low,High,Black,100-300
2016,Alirajpur,20.0,1300.0,97.52,27.23,10.92,2.57,47.21,8.3,0.55,42.55,2.28,1.05,0.03,18.47,8.3,Medium ,Low,High,Black,100-300
2017,Alirajpur,16.5,1231.0,97.5,27.26,10.89,2.56,44.73,7.56,0.56,39.97,2.27,1.06,0.03,18.7,8.38,Medium ,Low,High,Black,100-300
2008,Singrauli,0.0,0.0,96.39,25.28,10.91,2.0,43.88,4.76,0.56,46.28,2.85,1.05,0.03,18.39,8.3,Medium ,Medium,Medium,Red,25-50
2009,Singrauli,0.0,0.0,96.39,26.85,10.44,2.14,44.89,6.91,0.58,43.4,2.13,1.09,0.03,18.96,8.55,Medium ,Medium,Medium,Red,25-50
2010,Singrauli,0.0,0.0,96.38,26.5,10.95,1.99,46.42,6.15,0.57,47.27,2.56,1.09,0.03,18.88,8.55,Medium ,Medium,Medium,Red,25-50
2011,Singrauli,0.0,0.0,96.37,25.33,11.15,1.98,45.72,2.73,0.56,43.46,4.3,1.06,0.03,18.43,8.35,Medium ,Medium,Medium,Red,25-50
2012,Singrauli,0.0,0.0,96.36,25.59,10.23,2.19,46.5,4.15,0.56,47.54,2.34,1.06,0.03,18.49,8.33,Medium ,Medium,Medium,Red,25-50
2013,Singrauli,0.0,0.0,96.38,24.98,11.54,2.09,46.62,3.01,0.54,49.23,4.26,1.02,0.03,17.71,8.0,Medium ,Medium,Medium,Red,25-50
2014,Singrauli,0.0,0.0,96.47,25.76,10.84,2.2,47.48,3.74,0.57,45.06,2.64,1.08,0.03,18.7,8.46,Medium ,Medium,Medium,Red,25-50
2015,Singrauli,0.0,0.0,96.53,25.48,11.13,2.09,45.85,4.47,0.55,45.1,2.86,1.04,0.03,18.27,8.24,Medium ,Medium,Medium,Red,25-50
2016,Singrauli,0.0,0.0,96.43,26.03,10.85,2.04,46.61,4.88,0.55,48.93,3.3,1.04,0.03,18.13,8.17,Medium ,Medium,Medium,Red,25-50
2017,Singrauli,0.0,0.0,96.42,26.82,10.16,2.13,46.49,4.64,0.57,43.27,1.86,1.07,0.03,18.63,8.39,Medium ,Medium,Medium,Red,25-50
2008,Mumbai City,0.0,0.0,99.73,27.41,14.11,2.56,43.2,10.42,0.56,43.86,7.1,1.12,0.03,19.15,8.83,,Low,High,Red,25-50
2009,Mumbai City,0.0,0.0,99.75,28.19,14.46,2.56,44.18,12.89,0.56,44.69,6.18,1.12,0.03,18.99,8.77,,Low,High,Red,25-50
2013,Agar Malwa,137.32,588.0,95.64,25.22,11.27,2.41,45.24,3.43,0.53,47.29,3.93,1.01,0.03,17.48,7.89,Medium ,Medium,High,Black,100-300
2014,Agar Malwa,0.0,0.0,95.74,26.28,10.61,2.56,45.76,4.42,0.56,43.99,2.39,1.07,0.03,18.64,8.41,Medium ,Medium,High,Black,100-300
2015,Agar Malwa,129.0,760.0,95.79,26.11,10.64,2.51,46.15,5.3,0.55,44.0,3.17,1.04,0.03,18.19,8.2,Medium ,Medium,High,Black,100-300
2016,Agar Malwa,133.0,1286.0,95.71,26.12,10.45,2.42,47.65,5.15,0.56,45.58,3.39,1.05,0.03,18.42,8.28,Medium ,Medium,High,Black,100-300
2017,Agar Malwa,113.39,1300.0,95.69,26.88,9.95,2.47,46.27,3.26,0.56,45.09,1.81,1.06,0.03,18.58,8.34,Medium ,Medium,High,Black,100-300
2014,Palghar,0.0,0.0,100.93,28.15,16.61,4.28,33.01,18.74,0.56,45.78,4.43,1.11,0.03,19.05,8.75,Medium ,Medium,High,Red,25-50
2015,Palghar,0.0,0.0,100.96,28.26,16.88,4.23,33.37,18.35,0.56,48.95,3.58,1.1,0.03,18.96,8.7,Medium ,Medium,High,Red,25-50
2016,Palghar,-1.0,-1.0,100.93,27.69,16.71,4.26,32.27,19.04,0.55,47.21,6.18,1.08,0.03,18.54,8.52,Medium ,Medium,High,Red,25-50
2017,Palghar,-1.0,-1.0,100.89,27.89,16.86,4.16,32.9,18.95,0.56,47.12,6.01,1.11,0.03,19.19,8.78,Medium ,Medium,High,Red,25-50
