PS,TS,QV2M,WS2M,T2M_MAX,T2M_MIN,ALLSKY_KT,CLOUD_AMT,PRECTOTCORR,ALLSKY_SFC_UVA,ALLSKY_SFC_UVB,ALLSKY_SFC_SW_DWN,ALLSKY_SFC_PAR_TOT,YEAR,DISTRICT
95.63,26.59,9.6,2.39,45.12,5.74,0.57,44.77,1.82,1.09,0.03,18.77,8.48,2001.0,Agar Malwa
95.67,27.09,9.37,2.66,46.21,5.4,0.58,40.52,1.81,1.1,0.03,19.22,8.66,2002.0,Agar Malwa
95.69,25.93,10.65,2.52,45.08,5.55,0.56,43.03,2.91,1.08,0.03,18.57,8.39,2003.0,Agar Malwa
95.68,26.57,10.17,2.44,45.06,5.1,0.58,41.19,2.18,1.1,0.03,19.08,8.62,2004.0,Agar Malwa
95.67,26.29,9.74,2.41,44.78,5.92,0.58,42.67,2.28,1.1,0.03,19.1,8.58,2005.0,Agar Malwa
95.66,26.44,10.84,2.35,45.27,7.43,0.56,43.71,3.5,1.08,0.03,18.65,8.44,2006.0,Agar Malwa
95.64,26.22,10.47,2.28,44.57,8.7,0.57,41.71,2.55,1.1,0.03,19.07,8.6,2007.0,Agar Malwa
95.64,26.34,10.01,2.41,43.74,4.17,0.56,44.94,1.84,1.07,0.03,18.7,8.41,2008.0,Agar Malwa
95.65,27.1,10.47,2.47,45.3,8.55,0.58,39.44,2.53,1.1,0.03,19.19,8.63,2009.0,Agar Malwa
95.63,26.88,11.11,2.33,46.45,6.1,0.57,44.75,2.26,1.1,0.03,19.0,8.58,2010.0,Agar Malwa
95.62,25.97,10.73,2.3,45.67,3.26,0.56,40.77,3.14,1.06,0.03,18.5,8.35,2011.0,Agar Malwa
95.63,25.81,10.11,2.55,44.69,4.16,0.55,46.02,2.49,1.05,0.03,18.33,8.25,2012.0,Agar Malwa
95.64,25.22,11.27,2.41,45.24,3.43,0.53,47.29,3.93,1.01,0.03,17.48,7.89,2013.0,Agar Malwa
95.74,26.28,10.61,2.56,45.76,4.42,0.56,43.99,2.39,1.07,0.03,18.64,8.41,2014.0,Agar Malwa
95.79,26.11,10.64,2.51,46.15,5.3,0.55,44.0,3.17,1.04,0.03,18.19,8.2,2015.0,Agar Malwa
95.71,26.12,10.45,2.42,47.65,5.15,0.56,45.58,3.39,1.05,0.03,18.42,8.28,2016.0,Agar Malwa
95.69,26.88,9.95,2.47,46.27,3.26,0.56,45.09,1.81,1.06,0.03,18.58,8.34,2017.0,Agar Malwa
95.68,26.96,9.53,2.47,46.22,3.52,0.55,42.76,1.75,1.03,0.03,18.17,8.15,2018.0,Agar Malwa
97.43,27.68,10.11,2.66,44.9,8.16,0.57,39.71,1.47,1.1,0.03,19.12,8.63,2001.0,Alirajpur
97.49,27.74,10.17,2.75,46.74,7.91,0.57,37.16,1.69,1.1,0.03,19.21,8.67,2002.0,Alirajpur
97.49,26.83,11.49,2.67,44.87,8.42,0.57,39.93,3.03,1.1,0.03,19.07,8.62,2003.0,Alirajpur
97.49,27.3,11.05,2.63,44.69,9.3,0.57,40.3,2.43,1.1,0.03,19.12,8.64,2004.0,Alirajpur
97.47,26.83,10.64,2.53,44.39,8.16,0.58,37.89,2.69,1.12,0.03,19.5,8.76,2005.0,Alirajpur
97.47,27.17,11.56,2.55,45.26,8.89,0.56,40.39,3.13,1.07,0.03,18.61,8.41,2006.0,Alirajpur
97.43,27.24,11.29,2.44,45.37,10.74,0.58,37.51,2.77,1.11,0.03,19.24,8.68,2007.0,Alirajpur
97.43,27.16,10.65,2.65,44.41,6.75,0.56,39.94,1.8,1.07,0.03,18.76,8.43,2008.0,Alirajpur
97.46,27.71,11.31,2.61,45.62,10.65,0.58,35.81,2.45,1.1,0.03,19.41,8.71,2009.0,Alirajpur
97.42,27.51,12.15,2.49,46.47,8.59,0.57,40.51,2.8,1.09,0.03,18.99,8.58,2010.0,Alirajpur
97.41,27.27,11.05,2.61,44.22,7.44,0.56,37.0,2.47,1.06,0.03,18.69,8.41,2011.0,Alirajpur
97.43,26.85,10.78,2.79,43.01,6.25,0.56,40.13,2.21,1.06,0.03,18.71,8.39,2012.0,Alirajpur
97.44,26.16,11.83,2.66,44.64,6.93,0.53,43.73,3.67,1.02,0.03,17.75,7.99,2013.0,Alirajpur
97.55,27.39,11.17,2.62,45.42,6.91,0.57,37.08,2.27,1.08,0.03,18.93,8.51,2014.0,Alirajpur
97.58,27.28,11.26,2.6,44.68,8.68,0.55,39.04,2.61,1.05,0.03,18.54,8.32,2015.0,Alirajpur
97.52,27.23,10.92,2.57,47.21,8.3,0.55,42.55,2.28,1.05,0.03,18.47,8.3,2016.0,Alirajpur
97.5,27.26,10.89,2.56,44.73,7.56,0.56,39.97,2.27,1.06,0.03,18.7,8.38,2017.0,Alirajpur
97.49,27.77,10.15,2.61,45.05,7.63,0.55,38.15,1.77,1.03,0.03,18.47,8.26,2018.0,Alirajpur
93.93,24.31,10.87,2.04,44.1,5.16,0.54,51.05,3.9,1.05,0.03,18.07,8.14,2001.0,Anuppur
93.98,24.84,10.24,2.04,44.77,5.38,0.56,48.01,2.74,1.07,0.03,18.56,8.34,2002.0,Anuppur
94.0,24.39,11.06,1.98,45.27,4.52,0.53,52.87,3.79,1.03,0.03,17.75,7.99,2003.0,Anuppur
94.0,23.88,11.13,1.87,43.16,4.01,0.57,46.68,3.35,1.08,0.03,18.78,8.42,2004.0,Anuppur
93.99,24.12,10.81,1.89,44.41,5.41,0.55,50.02,3.9,1.06,0.03,18.38,8.22,2005.0,Anuppur
93.99,24.92,11.05,1.94,43.03,5.03,0.55,49.64,2.73,1.05,0.03,18.12,8.16,2006.0,Anuppur
93.97,24.29,11.02,1.9,44.02,6.72,0.55,50.4,3.2,1.05,0.03,18.32,8.22,2007.0,Anuppur
93.95,24.12,10.93,1.85,43.06,3.64,0.55,51.53,3.22,1.04,0.03,18.24,8.15,2008.0,Anuppur
93.97,25.52,10.43,1.91,44.21,7.47,0.57,46.97,2.47,1.07,0.03,18.8,8.4,2009.0,Anuppur
93.97,25.53,11.0,1.85,44.4,5.42,0.56,52.36,2.78,1.08,0.03,18.71,8.39,2010.0,Anuppur
93.94,24.06,11.34,1.77,43.51,2.3,0.54,51.43,3.83,1.03,0.03,18.0,8.08,2011.0,Anuppur
93.93,24.15,10.6,1.94,45.39,2.96,0.55,52.12,3.26,1.04,0.03,18.24,8.13,2012.0,Anuppur
93.95,23.86,11.73,1.86,45.11,2.63,0.53,55.78,4.58,1.02,0.03,17.71,7.94,2013.0,Anuppur
94.04,23.89,11.55,1.91,45.86,3.39,0.55,52.97,3.45,1.04,0.03,18.16,8.15,2014.0,Anuppur
94.1,24.42,11.53,1.84,44.67,3.97,0.54,51.03,3.23,1.03,0.03,18.08,8.08,2015.0,Anuppur
94.0,24.71,11.28,1.8,44.0,4.53,0.54,56.7,3.71,1.01,0.03,17.78,7.95,2016.0,Anuppur
94.0,25.06,10.87,1.78,44.33,3.66,0.56,44.75,3.38,1.06,0.03,18.61,8.31,2017.0,Anuppur
93.99,24.84,10.65,1.88,43.94,4.13,0.54,44.87,2.94,1.01,0.03,17.9,8.02,2018.0,Anuppur
95.29,25.33,9.79,2.23,45.71,5.39,0.57,43.86,2.52,1.09,0.03,18.83,8.51,2001.0,Ashoknagar
95.31,26.73,8.99,2.45,45.57,5.35,0.59,39.57,1.82,1.11,0.03,19.36,8.73,2002.0,Ashoknagar
95.34,25.46,10.29,2.34,45.81,4.79,0.56,44.38,2.39,1.08,0.03,18.61,8.42,2003.0,Ashoknagar
95.34,25.99,9.92,2.28,44.93,4.1,0.58,40.2,2.19,1.11,0.03,19.15,8.65,2004.0,Ashoknagar
95.32,25.51,9.72,2.29,44.79,6.22,0.58,40.98,2.31,1.1,0.03,19.2,8.63,2005.0,Ashoknagar
95.32,26.02,10.45,2.26,44.99,6.48,0.57,43.11,2.87,1.08,0.03,18.72,8.47,2006.0,Ashoknagar
95.3,25.48,10.19,2.21,44.04,6.93,0.58,40.1,2.57,1.1,0.03,19.09,8.61,2007.0,Ashoknagar
95.3,25.04,10.43,2.17,43.13,4.25,0.56,44.67,2.75,1.07,0.03,18.61,8.39,2008.0,Ashoknagar
95.31,26.67,10.13,2.33,44.94,7.11,0.58,41.5,1.95,1.1,0.03,19.1,8.61,2009.0,Ashoknagar
95.3,26.24,10.64,2.19,45.92,5.59,0.58,44.54,2.39,1.1,0.03,19.02,8.6,2010.0,Ashoknagar
95.28,25.18,10.72,2.16,45.94,2.01,0.56,39.91,4.4,1.07,0.03,18.59,8.41,2011.0,Ashoknagar
95.28,25.29,9.79,2.38,45.2,3.08,0.56,43.51,2.14,1.06,0.03,18.53,8.34,2012.0,Ashoknagar
95.3,24.56,11.09,2.26,45.6,2.43,0.54,46.13,4.16,1.02,0.03,17.69,7.98,2013.0,Ashoknagar
95.39,25.54,10.41,2.45,46.73,3.14,0.57,43.92,2.6,1.08,0.03,18.72,8.45,2014.0,Ashoknagar
95.44,25.14,10.68,2.33,45.52,4.07,0.56,42.83,2.88,1.05,0.03,18.33,8.27,2015.0,Ashoknagar
95.35,25.6,10.43,2.22,47.35,4.73,0.56,45.1,3.23,1.06,0.03,18.46,8.31,2016.0,Ashoknagar
95.34,26.39,9.79,2.31,46.04,3.16,0.57,43.25,1.79,1.07,0.03,18.67,8.4,2017.0,Ashoknagar
95.32,25.86,9.8,2.31,45.72,3.38,0.55,43.13,2.54,1.03,0.03,18.08,8.13,2018.0,Ashoknagar
95.48,25.81,11.14,2.04,46.39,7.36,0.53,56.46,3.69,1.05,0.03,17.93,8.15,2001.0,Balaghat
95.51,26.57,10.53,2.2,45.63,7.43,0.56,51.66,2.93,1.09,0.03,18.68,8.47,2002.0,Balaghat
95.53,26.13,11.46,2.14,47.03,6.26,0.54,57.15,4.38,1.07,0.03,18.02,8.21,2003.0,Balaghat
95.54,26.09,11.16,2.0,45.16,6.6,0.56,49.57,2.97,1.1,0.03,18.87,8.55,2004.0,Balaghat
95.52,25.75,11.04,2.03,45.48,7.21,0.54,54.29,4.46,1.06,0.03,18.16,8.21,2005.0,Balaghat
95.52,26.37,11.54,2.02,45.36,7.23,0.54,52.09,3.3,1.07,0.03,18.21,8.27,2006.0,Balaghat
95.5,26.17,11.06,2.01,44.87,8.6,0.55,52.24,3.45,1.07,0.03,18.48,8.36,2007.0,Balaghat
95.49,25.93,10.99,1.96,44.59,6.07,0.55,52.93,3.26,1.06,0.03,18.33,8.28,2008.0,Balaghat
95.49,27.03,10.95,2.0,45.73,8.55,0.56,50.12,3.35,1.09,0.03,18.85,8.48,2009.0,Balaghat
95.49,26.9,11.58,1.96,46.19,6.22,0.54,54.92,4.13,1.07,0.03,18.26,8.28,2010.0,Balaghat
95.48,25.78,11.48,1.93,44.37,4.37,0.54,49.4,4.04,1.05,0.03,18.23,8.24,2011.0,Balaghat
95.46,25.97,10.84,2.08,46.06,4.94,0.53,53.06,4.0,1.03,0.03,17.86,8.05,2012.0,Balaghat
95.47,25.81,12.0,2.02,46.89,6.24,0.51,55.83,5.34,1.0,0.03,17.17,7.78,2013.0,Balaghat
95.58,26.01,11.63,2.12,47.2,5.87,0.54,55.2,3.25,1.04,0.03,18.0,8.14,2014.0,Balaghat
95.64,25.92,11.92,1.99,46.02,6.3,0.54,53.33,3.39,1.03,0.03,18.03,8.12,2015.0,Balaghat
95.54,26.59,11.28,2.0,45.99,5.67,0.53,55.55,3.06,1.03,0.03,17.9,8.06,2016.0,Balaghat
95.53,26.97,10.92,1.92,45.75,5.6,0.56,46.19,2.74,1.07,0.03,18.76,8.42,2017.0,Balaghat
95.54,26.47,10.78,1.98,45.52,4.89,0.53,45.32,2.74,1.02,0.03,17.95,8.07,2018.0,Balaghat
96.98,27.83,10.19,2.59,45.51,7.19,0.57,38.83,1.37,1.11,0.03,19.16,8.68,2001.0,Barwani
97.04,27.89,10.22,2.75,47.21,7.69,0.57,35.56,1.65,1.11,0.03,19.21,8.71,2002.0,Barwani
97.04,26.96,11.45,2.61,44.99,7.45,0.57,38.52,2.84,1.11,0.03,19.11,8.67,2003.0,Barwani
97.04,27.32,11.02,2.59,44.51,8.46,0.57,40.31,2.11,1.12,0.03,19.21,8.72,2004.0,Barwani
97.02,26.94,10.63,2.49,45.05,8.32,0.58,38.36,2.4,1.12,0.03,19.38,8.75,2005.0,Barwani
97.03,27.09,11.6,2.46,45.26,8.52,0.56,39.62,2.94,1.09,0.03,18.74,8.51,2006.0,Barwani
96.99,27.23,11.23,2.38,45.46,10.17,0.57,38.64,2.44,1.11,0.03,19.25,8.73,2007.0,Barwani
96.99,27.45,10.51,2.55,44.77,7.01,0.56,39.67,1.59,1.08,0.03,18.89,8.52,2008.0,Barwani
97.01,27.98,11.2,2.57,46.05,9.24,0.58,36.29,2.32,1.11,0.03,19.4,8.74,2009.0,Barwani
96.98,27.55,12.18,2.43,46.4,7.51,0.56,43.83,2.43,1.1,0.03,18.89,8.59,2010.0,Barwani
96.97,27.18,11.04,2.48,44.31,5.81,0.56,37.19,2.25,1.08,0.03,18.82,8.5,2011.0,Barwani
96.99,27.03,10.74,2.72,43.67,5.79,0.56,40.62,2.04,1.07,0.03,18.79,8.46,2012.0,Barwani
96.99,26.29,11.82,2.66,44.83,6.47,0.53,44.57,3.35,1.03,0.03,17.82,8.06,2013.0,Barwani
97.1,27.54,11.18,2.6,45.81,6.82,0.56,39.26,2.05,1.08,0.03,18.87,8.53,2014.0,Barwani
97.14,27.37,11.33,2.5,45.35,7.08,0.56,40.17,2.65,1.06,0.03,18.69,8.43,2015.0,Barwani
97.07,27.37,10.75,2.52,47.24,6.84,0.55,43.55,2.01,1.07,0.03,18.64,8.42,2016.0,Barwani
97.05,27.52,10.77,2.49,44.51,6.76,0.56,40.81,1.98,1.07,0.03,18.8,8.46,2017.0,Barwani
97.05,28.1,9.92,2.54,45.47,6.03,0.55,38.17,1.42,1.04,0.03,18.51,8.31,2018.0,Barwani
93.94,24.97,10.65,2.32,44.23,7.07,0.55,48.09,3.13,1.08,0.03,18.45,8.38,2001.0,Betul
93.98,25.85,10.18,2.46,44.96,7.24,0.56,43.57,2.79,1.09,0.03,18.73,8.49,2002.0,Betul
93.99,25.38,11.08,2.41,44.63,6.21,0.55,47.41,3.82,1.09,0.03,18.54,8.41,2003.0,Betul
94.0,25.82,10.46,2.38,43.74,6.66,0.57,42.65,2.46,1.12,0.03,19.18,8.69,2004.0,Betul
93.98,25.11,10.51,2.35,43.49,7.6,0.56,45.05,3.7,1.1,0.03,18.76,8.48,2005.0,Betul
93.99,25.47,11.35,2.23,43.45,7.26,0.54,48.42,4.16,1.07,0.03,18.29,8.32,2006.0,Betul
93.95,25.66,10.58,2.24,43.35,9.36,0.56,47.04,3.01,1.1,0.03,18.93,8.56,2007.0,Betul
93.95,25.36,10.46,2.24,42.5,5.56,0.55,46.57,2.75,1.07,0.03,18.55,8.37,2008.0,Betul
93.96,25.97,10.8,2.3,43.68,8.92,0.56,44.75,3.2,1.09,0.03,18.94,8.53,2009.0,Betul
93.95,25.96,11.51,2.2,44.57,7.36,0.55,49.45,3.8,1.09,0.03,18.57,8.43,2010.0,Betul
93.93,25.29,10.89,2.22,43.15,5.3,0.55,44.76,3.35,1.07,0.03,18.39,8.32,2011.0,Betul
93.93,25.27,10.43,2.47,43.23,6.28,0.55,46.34,3.51,1.07,0.03,18.41,8.3,2012.0,Betul
93.93,25.12,11.61,2.39,44.85,6.7,0.51,50.9,4.68,1.0,0.03,17.25,7.81,2013.0,Betul
94.04,25.77,10.97,2.44,45.2,6.2,0.54,48.94,2.8,1.06,0.03,18.28,8.26,2014.0,Betul
94.1,25.46,11.25,2.4,44.45,6.43,0.54,48.22,3.58,1.05,0.03,18.31,8.26,2015.0,Betul
94.0,25.83,10.64,2.36,44.92,6.04,0.55,50.4,3.53,1.06,0.03,18.44,8.31,2016.0,Betul
94.0,25.89,10.51,2.24,44.62,5.39,0.56,45.53,2.51,1.08,0.03,18.77,8.43,2017.0,Betul
93.99,26.05,9.97,2.36,44.18,5.44,0.54,43.17,2.12,1.03,0.03,18.11,8.12,2018.0,Betul
98.97,27.28,9.31,1.91,48.05,3.73,0.57,38.73,1.67,1.04,0.03,18.45,8.3,2001.0,Bhind
98.98,28.07,8.61,2.05,48.4,4.34,0.57,38.04,1.29,1.03,0.03,18.66,8.36,2002.0,Bhind
99.04,27.05,9.72,1.87,48.13,3.76,0.54,45.54,1.53,0.99,0.03,17.65,7.96,2003.0,Bhind
99.01,27.42,9.74,2.11,47.31,4.65,0.57,40.46,1.58,1.03,0.03,18.37,8.25,2004.0,Bhind
99.01,27.18,9.52,2.07,47.9,4.92,0.57,39.28,1.45,1.02,0.03,18.43,8.23,2005.0,Bhind
99.0,28.28,9.73,2.16,47.31,4.23,0.56,40.24,1.32,1.03,0.03,18.3,8.22,2006.0,Bhind
98.99,27.76,9.72,2.14,47.85,4.48,0.56,38.3,1.32,1.01,0.03,18.18,8.16,2007.0,Bhind
98.99,26.07,10.89,1.8,45.27,3.71,0.54,40.88,2.31,0.97,0.02,17.54,7.88,2008.0,Bhind
98.99,27.95,9.73,2.04,47.15,5.44,0.57,36.93,1.51,1.03,0.03,18.52,8.3,2009.0,Bhind
98.99,27.26,10.45,1.87,48.32,4.33,0.55,42.53,1.95,1.0,0.03,17.92,8.05,2010.0,Bhind
98.97,26.16,10.85,1.8,47.41,1.78,0.55,36.33,2.13,1.0,0.03,17.94,8.08,2011.0,Bhind
98.96,26.1,9.66,2.1,48.93,1.7,0.56,38.93,2.13,1.0,0.03,18.1,8.09,2012.0,Bhind
99.01,25.63,11.05,1.97,48.09,0.69,0.54,39.86,2.77,0.98,0.02,17.61,7.91,2013.0,Bhind
99.08,26.72,9.83,2.0,49.39,3.44,0.56,40.14,1.87,1.02,0.03,18.14,8.16,2014.0,Bhind
99.14,26.68,10.09,1.88,46.97,3.62,0.56,38.33,2.06,1.01,0.02,18.18,8.14,2015.0,Bhind
99.02,27.31,10.1,1.8,47.59,4.03,0.55,40.71,1.97,0.98,0.03,17.8,7.97,2016.0,Bhind
99.01,27.76,9.68,1.92,47.43,2.66,0.55,45.78,1.58,0.99,0.03,17.83,7.99,2017.0,Bhind
99.0,26.62,10.4,1.94,47.34,2.58,0.54,46.72,2.55,0.96,0.02,17.43,7.83,2018.0,Bhind
95.44,25.64,10.21,2.27,45.51,6.02,0.56,45.82,2.66,1.09,0.03,18.73,8.48,2001.0,Bhopal
95.47,26.58,9.74,2.48,45.7,5.58,0.58,41.86,2.44,1.1,0.03,19.15,8.64,2002.0,Bhopal
95.49,25.6,10.87,2.4,45.55,5.62,0.56,45.56,3.39,1.08,0.03,18.54,8.39,2003.0,Bhopal
95.49,26.3,10.36,2.33,45.21,4.85,0.57,40.98,2.47,1.1,0.03,19.01,8.59,2004.0,Bhopal
95.47,25.81,10.16,2.34,44.42,5.93,0.57,43.49,3.29,1.1,0.03,19.05,8.57,2005.0,Bhopal
95.47,25.9,11.13,2.22,45.04,6.67,0.56,44.68,4.92,1.08,0.03,18.57,8.42,2006.0,Bhopal
95.45,25.8,10.62,2.21,44.19,7.37,0.57,42.9,2.97,1.1,0.03,18.98,8.57,2007.0,Bhopal
95.45,25.57,10.55,2.23,43.31,4.57,0.56,46.3,2.53,1.07,0.03,18.67,8.42,2008.0,Bhopal
95.46,26.41,10.74,2.33,44.92,7.85,0.57,42.41,3.07,1.09,0.03,19.02,8.57,2009.0,Bhopal
95.44,26.36,11.25,2.23,45.81,5.54,0.57,47.22,2.53,1.1,0.03,18.98,8.59,2010.0,Bhopal
95.43,25.55,10.99,2.22,45.45,3.14,0.55,43.6,4.14,1.06,0.03,18.36,8.31,2011.0,Bhopal
95.43,25.62,10.24,2.45,44.71,3.99,0.55,46.56,3.11,1.05,0.03,18.32,8.26,2012.0,Bhopal
95.44,25.22,11.47,2.41,45.85,3.47,0.53,48.62,4.43,1.01,0.03,17.47,7.9,2013.0,Bhopal
95.54,25.92,10.87,2.49,46.79,4.2,0.56,46.68,2.8,1.07,0.03,18.63,8.41,2014.0,Bhopal
95.59,25.75,10.98,2.42,45.79,4.74,0.54,46.2,3.56,1.04,0.03,18.08,8.17,2015.0,Bhopal
95.5,25.88,10.72,2.31,47.18,4.4,0.55,47.94,4.22,1.05,0.03,18.3,8.24,2016.0,Bhopal
95.49,26.35,10.33,2.32,45.93,3.06,0.56,44.23,2.37,1.06,0.03,18.57,8.35,2017.0,Bhopal
95.48,26.1,10.12,2.34,45.77,4.13,0.54,43.01,2.84,1.02,0.03,18.06,8.11,2018.0,Bhopal
96.69,27.53,10.52,2.38,46.28,7.42,0.56,43.9,1.79,1.1,0.03,18.96,8.61,2001.0,Burhanpur
96.74,27.94,10.25,2.6,46.94,8.07,0.57,39.93,1.83,1.11,0.03,19.09,8.66,2002.0,Burhanpur
96.75,27.09,11.37,2.49,45.79,7.03,0.56,43.34,2.8,1.11,0.03,18.97,8.61,2003.0,Burhanpur
96.75,27.5,10.9,2.45,45.26,8.23,0.58,42.08,1.91,1.13,0.03,19.43,8.82,2004.0,Burhanpur
96.73,27.0,10.68,2.39,45.33,8.17,0.57,42.43,2.41,1.11,0.03,19.15,8.66,2005.0,Burhanpur
96.74,26.93,11.78,2.23,46.02,8.28,0.55,45.27,3.5,1.09,0.03,18.65,8.48,2006.0,Burhanpur
96.7,27.19,11.16,2.23,45.6,9.8,0.57,44.44,2.38,1.12,0.03,19.22,8.71,2007.0,Burhanpur
96.7,27.6,10.52,2.37,44.94,6.61,0.56,45.14,1.65,1.08,0.03,18.75,8.47,2008.0,Burhanpur
96.71,27.93,11.14,2.39,45.76,9.45,0.57,41.7,2.48,1.1,0.03,19.2,8.65,2009.0,Burhanpur
96.69,27.57,12.15,2.28,46.59,7.55,0.56,46.73,2.72,1.11,0.03,18.95,8.62,2010.0,Burhanpur
96.68,27.02,11.2,2.27,44.97,5.71,0.55,42.99,2.36,1.07,0.03,18.6,8.41,2011.0,Burhanpur
96.69,26.96,10.87,2.51,44.79,7.27,0.55,46.32,2.33,1.07,0.03,18.58,8.39,2012.0,Burhanpur
96.69,26.58,11.93,2.54,46.44,7.06,0.52,48.74,3.32,1.02,0.03,17.58,7.96,2013.0,Burhanpur
96.8,27.72,11.23,2.47,46.09,6.61,0.56,45.02,2.13,1.08,0.03,18.73,8.47,2014.0,Burhanpur
96.85,27.17,11.54,2.33,46.41,7.22,0.55,44.85,3.04,1.06,0.03,18.49,8.35,2015.0,Burhanpur
96.77,27.16,10.9,2.35,47.64,7.32,0.55,48.48,3.01,1.07,0.03,18.6,8.39,2016.0,Burhanpur
96.76,27.1,10.98,2.28,45.4,6.58,0.56,44.11,2.84,1.09,0.03,19.0,8.54,2017.0,Burhanpur
96.76,27.65,10.16,2.32,46.26,5.69,0.55,41.61,2.13,1.04,0.03,18.45,8.28,2018.0,Burhanpur
97.83,25.95,10.51,1.97,46.9,5.22,0.57,45.26,2.7,1.09,0.03,18.82,8.54,2001.0,Chhatarpur
97.84,27.17,9.66,2.14,47.77,6.18,0.58,42.78,2.07,1.1,0.03,18.97,8.6,2002.0,Chhatarpur
97.89,26.09,10.84,2.0,47.55,4.84,0.55,47.92,2.73,1.07,0.03,18.27,8.3,2003.0,Chhatarpur
97.87,26.37,10.6,2.04,46.59,4.47,0.58,42.32,2.19,1.1,0.03,19.02,8.62,2004.0,Chhatarpur
97.86,26.08,10.49,2.05,46.85,6.18,0.57,43.93,2.67,1.1,0.03,18.95,8.55,2005.0,Chhatarpur
97.86,27.19,10.59,2.04,47.28,6.76,0.56,45.28,2.07,1.08,0.03,18.53,8.42,2006.0,Chhatarpur
97.84,26.77,10.38,2.04,46.5,6.96,0.57,43.38,1.96,1.08,0.03,18.72,8.48,2007.0,Chhatarpur
97.84,25.7,11.16,1.9,44.71,4.45,0.56,45.89,2.66,1.06,0.03,18.47,8.35,2008.0,Chhatarpur
97.84,27.33,10.44,2.05,46.04,6.83,0.58,42.11,1.94,1.1,0.03,19.03,8.6,2009.0,Chhatarpur
97.84,26.96,10.93,1.87,46.95,5.75,0.57,45.72,2.33,1.09,0.03,18.85,8.54,2010.0,Chhatarpur
97.82,25.75,11.26,1.84,46.42,2.86,0.56,41.19,3.06,1.07,0.03,18.51,8.41,2011.0,Chhatarpur
97.81,26.0,10.27,2.05,47.9,4.38,0.56,44.96,2.27,1.07,0.03,18.55,8.37,2012.0,Chhatarpur
97.84,25.4,11.6,1.92,47.78,2.15,0.54,46.52,3.49,1.03,0.03,17.85,8.07,2013.0,Chhatarpur
97.92,26.21,10.76,2.0,48.42,4.34,0.57,44.8,2.21,1.08,0.03,18.73,8.48,2014.0,Chhatarpur
97.99,26.26,11.04,1.96,46.61,4.64,0.56,44.69,2.4,1.05,0.03,18.46,8.33,2015.0,Chhatarpur
97.87,26.6,10.96,1.92,47.22,5.12,0.55,46.65,3.04,1.04,0.03,18.09,8.17,2016.0,Chhatarpur
97.86,27.51,10.15,1.98,47.74,3.84,0.57,42.89,1.7,1.07,0.03,18.77,8.46,2017.0,Chhatarpur
97.85,26.84,10.49,1.99,47.61,3.68,0.55,42.52,2.77,1.03,0.03,18.21,8.21,2018.0,Chhatarpur
93.68,24.9,10.6,2.27,44.57,6.85,0.55,50.33,3.03,1.08,0.03,18.33,8.33,2001.0,Chhindwara
93.72,25.77,10.1,2.42,44.51,7.34,0.56,45.98,2.73,1.09,0.03,18.71,8.48,2002.0,Chhindwara
93.73,25.29,10.98,2.35,45.02,5.84,0.54,49.48,3.77,1.07,0.03,18.2,8.27,2003.0,Chhindwara
93.74,25.68,10.43,2.27,44.27,6.64,0.57,44.71,2.43,1.11,0.03,18.99,8.6,2004.0,Chhindwara
93.72,25.05,10.43,2.28,43.94,7.41,0.56,48.05,3.62,1.09,0.03,18.67,8.43,2005.0,Chhindwara
93.73,25.25,11.29,2.18,44.04,6.9,0.55,49.42,4.3,1.07,0.03,18.25,8.31,2006.0,Chhindwara
93.7,25.51,10.49,2.18,42.99,8.96,0.56,47.47,2.99,1.1,0.03,18.84,8.52,2007.0,Chhindwara
93.69,25.17,10.44,2.18,42.7,5.46,0.55,47.52,2.66,1.07,0.03,18.51,8.36,2008.0,Chhindwara
93.7,25.95,10.66,2.25,44.1,7.86,0.56,45.15,3.17,1.09,0.03,18.87,8.51,2009.0,Chhindwara
93.69,25.85,11.38,2.15,44.92,6.57,0.56,49.7,3.64,1.09,0.03,18.68,8.47,2010.0,Chhindwara
93.67,25.11,10.88,2.14,43.45,4.19,0.55,45.48,3.33,1.06,0.03,18.29,8.28,2011.0,Chhindwara
93.67,25.18,10.36,2.4,43.57,6.08,0.55,48.18,3.46,1.05,0.03,18.21,8.21,2012.0,Chhindwara
93.67,25.03,11.53,2.31,45.13,6.39,0.51,50.85,4.58,1.0,0.03,17.21,7.79,2013.0,Chhindwara
93.78,25.6,10.93,2.4,45.7,5.93,0.55,49.01,2.75,1.07,0.03,18.5,8.37,2014.0,Chhindwara
93.84,25.11,11.38,2.3,44.06,6.03,0.54,48.96,3.68,1.04,0.03,18.06,8.15,2015.0,Chhindwara
93.74,25.79,10.65,2.27,44.42,5.38,0.55,50.02,3.42,1.05,0.03,18.22,8.21,2016.0,Chhindwara
93.74,25.86,10.47,2.15,44.54,5.3,0.57,42.66,2.56,1.08,0.03,18.88,8.49,2017.0,Chhindwara
93.73,25.9,10.05,2.23,44.38,4.98,0.54,42.37,2.32,1.02,0.03,17.96,8.05,2018.0,Chhindwara
96.25,25.49,10.55,2.06,46.37,5.88,0.56,47.73,3.2,1.08,0.03,18.48,8.4,2001.0,Damoh
96.27,26.4,9.97,2.22,46.94,5.87,0.56,44.36,2.68,1.08,0.03,18.68,8.47,2002.0,Damoh
96.31,25.62,11.0,2.11,47.1,4.95,0.55,48.43,3.84,1.06,0.03,18.19,8.27,2003.0,Damoh
96.3,25.72,10.73,2.05,46.14,4.96,0.57,43.18,2.79,1.1,0.03,18.94,8.58,2004.0,Damoh
96.29,25.49,10.57,2.1,45.55,6.49,0.56,46.17,3.86,1.08,0.03,18.69,8.44,2005.0,Damoh
96.28,26.25,10.96,2.06,45.61,7.18,0.55,47.13,2.98,1.07,0.03,18.31,8.33,2006.0,Damoh
96.27,25.74,10.63,2.02,45.59,7.23,0.56,45.13,2.69,1.08,0.03,18.66,8.44,2007.0,Damoh
96.26,25.47,10.89,1.96,44.14,4.31,0.56,46.29,2.98,1.06,0.03,18.48,8.35,2008.0,Damoh
96.27,26.56,10.62,2.05,45.27,7.16,0.57,43.44,2.88,1.09,0.03,18.9,8.53,2009.0,Damoh
96.26,26.43,11.13,1.94,46.43,5.51,0.57,47.54,3.13,1.09,0.03,18.81,8.53,2010.0,Damoh
96.24,25.44,11.17,1.93,45.48,2.38,0.55,44.54,4.1,1.06,0.03,18.33,8.32,2011.0,Damoh
96.23,25.58,10.43,2.13,46.68,4.43,0.55,46.65,3.11,1.05,0.03,18.26,8.25,2012.0,Damoh
96.25,25.08,11.72,2.06,46.94,3.6,0.53,49.45,4.83,1.02,0.03,17.52,7.93,2013.0,Damoh
96.34,25.69,11.08,2.11,47.7,3.56,0.56,47.0,2.76,1.07,0.03,18.53,8.4,2014.0,Damoh
96.41,25.58,11.34,2.01,45.77,3.97,0.55,47.9,2.89,1.04,0.03,18.16,8.21,2015.0,Damoh
96.3,26.0,11.01,1.99,46.67,4.65,0.55,49.28,4.05,1.04,0.03,18.1,8.17,2016.0,Damoh
96.29,26.81,10.35,2.06,46.35,4.32,0.56,44.3,2.16,1.07,0.03,18.6,8.38,2017.0,Damoh
96.28,26.42,10.35,2.06,47.14,4.48,0.54,44.59,3.16,1.02,0.03,17.9,8.07,2018.0,Damoh
98.19,26.62,9.96,1.97,47.34,5.06,0.56,42.21,2.25,1.04,0.03,18.32,8.25,2001.0,Datia
98.2,28.03,8.95,2.19,47.82,5.7,0.57,39.92,1.49,1.03,0.03,18.52,8.32,2002.0,Datia
98.25,26.9,10.19,1.99,47.94,4.59,0.54,46.23,1.88,1.0,0.03,17.69,7.97,2003.0,Datia
98.23,27.33,9.95,2.1,46.87,4.89,0.56,41.48,1.77,1.03,0.03,18.36,8.25,2004.0,Datia
98.22,26.96,9.83,2.12,47.08,5.56,0.56,40.91,1.8,1.02,0.03,18.29,8.18,2005.0,Datia
98.21,27.98,10.07,2.1,47.53,6.18,0.56,43.17,1.7,1.03,0.03,18.2,8.19,2006.0,Datia
98.2,27.42,9.94,2.08,46.88,6.43,0.56,39.4,1.71,1.02,0.03,18.23,8.18,2007.0,Datia
98.21,25.9,11.01,1.88,44.83,3.96,0.54,44.17,2.62,0.98,0.03,17.61,7.91,2008.0,Datia
98.2,27.93,10.02,2.09,46.62,6.72,0.57,39.25,1.6,1.04,0.03,18.53,8.31,2009.0,Datia
98.2,27.18,10.75,1.89,47.57,5.54,0.56,42.74,2.29,1.02,0.03,18.24,8.2,2010.0,Datia
98.19,25.81,11.19,1.84,47.17,3.08,0.55,37.73,2.93,1.02,0.03,18.13,8.17,2011.0,Datia
98.17,26.2,9.96,2.08,48.17,3.64,0.55,42.16,2.04,1.0,0.03,17.92,8.02,2012.0,Datia
98.21,25.59,11.32,1.96,47.75,1.91,0.53,43.13,3.08,0.98,0.03,17.41,7.82,2013.0,Datia
98.29,26.39,10.46,2.02,48.87,4.8,0.56,41.48,2.22,1.03,0.03,18.2,8.2,2014.0,Datia
98.35,26.51,10.65,1.96,46.69,4.78,0.56,39.56,2.38,1.02,0.03,18.23,8.17,2015.0,Datia
98.24,27.11,10.52,1.88,47.84,5.0,0.54,43.4,2.22,0.98,0.03,17.67,7.91,2016.0,Datia
98.22,27.97,9.75,2.0,47.9,3.66,0.55,43.98,1.48,1.01,0.03,18.06,8.09,2017.0,Datia
98.21,27.02,10.33,1.99,47.58,3.34,0.54,42.31,2.48,0.98,0.02,17.67,7.92,2018.0,Datia
95.14,26.6,9.64,2.47,44.73,6.16,0.56,46.52,1.66,1.09,0.03,18.82,8.53,2001.0,Dewas
95.18,26.78,9.56,2.7,46.09,6.15,0.57,41.39,1.92,1.1,0.03,19.11,8.65,2002.0,Dewas
95.2,25.79,10.72,2.57,44.64,5.94,0.56,44.29,3.27,1.1,0.03,18.85,8.55,2003.0,Dewas
95.19,26.32,10.29,2.48,44.66,5.97,0.58,42.67,2.24,1.12,0.03,19.29,8.74,2004.0,Dewas
95.17,26.23,9.76,2.48,44.45,6.86,0.57,46.61,2.3,1.11,0.03,19.07,8.61,2005.0,Dewas
95.18,26.12,10.9,2.4,44.9,7.53,0.55,47.38,3.58,1.08,0.03,18.52,8.41,2006.0,Dewas
95.15,26.06,10.52,2.31,44.27,8.82,0.57,44.84,2.63,1.11,0.03,19.2,8.69,2007.0,Dewas
95.15,26.38,9.94,2.49,43.52,5.05,0.56,46.53,1.69,1.07,0.03,18.73,8.45,2008.0,Dewas
95.16,26.81,10.55,2.51,44.74,8.18,0.58,41.92,2.79,1.1,0.03,19.22,8.65,2009.0,Dewas
95.14,26.6,11.23,2.37,45.86,6.06,0.57,47.64,2.36,1.11,0.03,19.08,8.65,2010.0,Dewas
95.13,25.94,10.65,2.38,45.03,4.41,0.55,45.27,2.95,1.07,0.03,18.5,8.37,2011.0,Dewas
95.13,25.83,10.11,2.65,43.99,5.16,0.55,48.11,2.57,1.06,0.03,18.45,8.32,2012.0,Dewas
95.15,25.24,11.28,2.54,45.33,4.22,0.52,50.56,4.08,1.0,0.03,17.3,7.82,2013.0,Dewas
95.25,26.28,10.64,2.63,45.18,4.73,0.56,46.81,2.39,1.07,0.03,18.62,8.4,2014.0,Dewas
95.29,26.05,10.69,2.55,45.82,5.36,0.54,46.72,3.37,1.04,0.03,18.15,8.19,2015.0,Dewas
95.22,25.94,10.48,2.47,47.16,5.1,0.55,51.18,3.4,1.06,0.03,18.51,8.33,2016.0,Dewas
95.2,26.28,10.23,2.47,45.44,3.73,0.56,43.92,2.26,1.08,0.03,18.8,8.46,2017.0,Dewas
95.19,26.57,9.68,2.48,45.84,4.3,0.55,41.12,2.05,1.03,0.03,18.26,8.18,2018.0,Dewas
96.74,27.72,9.87,2.65,45.06,7.49,0.57,42.26,1.33,1.1,0.03,19.08,8.6,2001.0,Dhar
96.8,27.65,9.99,2.81,46.91,7.88,0.57,38.08,1.66,1.1,0.03,19.22,8.65,2002.0,Dhar
96.8,26.7,11.26,2.69,44.73,7.84,0.57,41.55,2.99,1.09,0.03,18.97,8.55,2003.0,Dhar
96.8,27.14,10.8,2.63,44.21,8.85,0.57,42.08,2.17,1.1,0.03,19.15,8.63,2004.0,Dhar
96.78,26.93,10.29,2.58,44.67,8.37,0.58,41.73,2.23,1.11,0.03,19.29,8.66,2005.0,Dhar
96.78,27.01,11.34,2.54,45.25,8.8,0.56,42.95,2.94,1.07,0.03,18.56,8.38,2006.0,Dhar
96.75,27.1,11.0,2.44,45.31,10.9,0.57,43.95,2.49,1.1,0.03,19.09,8.6,2007.0,Dhar
96.74,27.33,10.29,2.65,44.52,7.14,0.56,46.44,1.52,1.06,0.03,18.6,8.34,2008.0,Dhar
96.77,27.72,11.06,2.64,45.88,9.38,0.58,40.13,2.42,1.09,0.03,19.22,8.61,2009.0,Dhar
96.74,27.41,11.88,2.5,46.56,8.02,0.57,45.86,2.42,1.09,0.03,18.88,8.51,2010.0,Dhar
96.72,27.04,10.89,2.56,44.2,6.5,0.55,43.35,2.41,1.05,0.03,18.46,8.3,2011.0,Dhar
96.74,26.78,10.54,2.81,43.42,6.23,0.55,46.68,2.21,1.05,0.03,18.44,8.27,2012.0,Dhar
96.75,26.03,11.64,2.7,44.65,7.06,0.52,49.01,3.62,0.99,0.03,17.29,7.78,2013.0,Dhar
96.86,27.27,10.97,2.68,45.6,7.19,0.56,44.71,2.14,1.06,0.03,18.63,8.37,2014.0,Dhar
96.9,27.13,11.04,2.61,45.14,7.76,0.54,45.24,2.83,1.03,0.03,18.13,8.14,2015.0,Dhar
96.83,26.94,10.75,2.58,47.39,7.19,0.55,48.25,2.44,1.05,0.03,18.49,8.28,2016.0,Dhar
96.81,27.07,10.7,2.55,44.35,6.76,0.56,42.16,2.17,1.06,0.03,18.75,8.39,2017.0,Dhar
96.81,27.57,9.95,2.59,45.44,6.87,0.55,39.01,1.77,1.03,0.03,18.36,8.19,2018.0,Dhar
92.89,23.73,10.65,2.21,43.55,4.18,0.53,54.4,3.95,1.03,0.03,17.59,7.96,2001.0,Dindori
92.93,24.19,10.14,2.24,44.08,4.86,0.55,50.17,2.77,1.07,0.03,18.36,8.29,2002.0,Dindori
92.95,23.85,10.91,2.18,44.75,3.64,0.53,54.78,3.81,1.05,0.03,17.74,8.04,2003.0,Dindori
92.96,23.24,10.97,2.03,42.51,3.45,0.55,48.1,3.4,1.08,0.03,18.5,8.34,2004.0,Dindori
92.94,23.5,10.66,2.05,43.79,5.4,0.54,52.58,3.9,1.04,0.03,17.9,8.06,2005.0,Dindori
92.94,24.22,10.95,2.12,42.47,4.74,0.54,50.93,2.77,1.05,0.03,17.89,8.1,2006.0,Dindori
92.92,23.66,10.78,2.06,43.43,6.67,0.54,49.33,3.27,1.05,0.03,18.05,8.14,2007.0,Dindori
92.9,23.51,10.74,2.02,42.61,2.89,0.54,50.58,3.29,1.04,0.03,17.94,8.07,2008.0,Dindori
92.92,24.85,10.33,2.05,43.65,7.41,0.56,47.52,2.49,1.07,0.03,18.56,8.33,2009.0,Dindori
92.92,24.86,10.91,1.97,44.11,5.31,0.55,52.05,2.81,1.07,0.03,18.35,8.28,2010.0,Dindori
92.89,23.43,11.19,1.95,42.51,1.59,0.53,48.02,3.89,1.02,0.03,17.6,7.94,2011.0,Dindori
92.88,23.51,10.48,2.12,44.39,2.72,0.53,50.84,3.31,1.03,0.03,17.77,7.97,2012.0,Dindori
92.89,23.37,11.55,2.04,44.61,1.61,0.51,53.26,4.63,1.0,0.03,17.16,7.73,2013.0,Dindori
92.99,23.22,11.43,2.09,45.51,2.98,0.53,53.29,3.52,1.02,0.03,17.67,7.96,2014.0,Dindori
93.05,23.75,11.41,2.02,44.17,3.47,0.53,52.21,2.94,1.01,0.03,17.63,7.92,2015.0,Dindori
92.95,24.12,11.09,1.98,43.39,3.96,0.53,53.92,3.45,1.01,0.03,17.58,7.9,2016.0,Dindori
92.95,24.58,10.62,1.98,43.82,2.56,0.55,47.07,2.79,1.05,0.03,18.31,8.21,2017.0,Dindori
92.94,24.29,10.42,2.11,43.37,3.59,0.53,47.5,2.86,1.0,0.03,17.61,7.91,2018.0,Dindori
95.29,25.33,9.79,2.23,45.71,5.39,0.57,43.86,2.52,1.09,0.03,18.83,8.51,2001.0,Guna
95.31,26.73,8.99,2.45,45.57,5.35,0.59,39.57,1.82,1.11,0.03,19.36,8.73,2002.0,Guna
95.34,25.46,10.29,2.34,45.81,4.79,0.56,44.38,2.39,1.08,0.03,18.61,8.42,2003.0,Guna
95.34,25.99,9.92,2.28,44.93,4.1,0.58,40.2,2.19,1.11,0.03,19.15,8.65,2004.0,Guna
95.32,25.51,9.72,2.29,44.79,6.22,0.58,40.98,2.31,1.1,0.03,19.2,8.63,2005.0,Guna
95.32,26.02,10.45,2.26,44.99,6.48,0.57,43.11,2.87,1.08,0.03,18.72,8.47,2006.0,Guna
95.3,25.48,10.19,2.21,44.04,6.93,0.58,40.1,2.57,1.1,0.03,19.09,8.61,2007.0,Guna
95.3,25.04,10.43,2.17,43.13,4.25,0.56,44.67,2.75,1.07,0.03,18.61,8.39,2008.0,Guna
95.31,26.67,10.13,2.33,44.94,7.11,0.58,41.5,1.95,1.1,0.03,19.1,8.61,2009.0,Guna
95.3,26.24,10.64,2.19,45.92,5.59,0.58,44.54,2.39,1.1,0.03,19.02,8.6,2010.0,Guna
95.28,25.18,10.72,2.16,45.94,2.01,0.56,39.91,4.4,1.07,0.03,18.59,8.41,2011.0,Guna
95.28,25.29,9.79,2.38,45.2,3.08,0.56,43.51,2.14,1.06,0.03,18.53,8.34,2012.0,Guna
95.3,24.56,11.09,2.26,45.6,2.43,0.54,46.13,4.16,1.02,0.03,17.69,7.98,2013.0,Guna
95.39,25.54,10.41,2.45,46.73,3.14,0.57,43.92,2.6,1.08,0.03,18.72,8.45,2014.0,Guna
95.44,25.14,10.68,2.33,45.52,4.07,0.56,42.83,2.88,1.05,0.03,18.33,8.27,2015.0,Guna
95.35,25.6,10.43,2.22,47.35,4.73,0.56,45.1,3.23,1.06,0.03,18.46,8.31,2016.0,Guna
95.34,26.39,9.79,2.31,46.04,3.16,0.57,43.25,1.79,1.07,0.03,18.67,8.4,2017.0,Guna
95.32,25.86,9.8,2.31,45.72,3.38,0.55,43.13,2.54,1.03,0.03,18.08,8.13,2018.0,Guna
97.81,26.5,9.51,1.99,47.3,4.99,0.57,38.73,2.11,1.04,0.03,18.45,8.3,2001.0,Gwalior
97.82,27.76,8.6,2.22,47.39,4.19,0.57,38.04,1.42,1.03,0.03,18.66,8.36,2002.0,Gwalior
97.87,26.7,9.74,1.99,47.42,3.95,0.54,45.54,1.73,0.99,0.03,17.65,7.96,2003.0,Gwalior
97.85,27.19,9.63,2.16,46.72,4.52,0.57,40.46,1.65,1.03,0.03,18.37,8.25,2004.0,Gwalior
97.85,26.66,9.46,2.14,46.94,4.93,0.57,39.28,1.65,1.02,0.03,18.43,8.23,2005.0,Gwalior
97.84,27.89,9.74,2.17,47.01,4.88,0.56,40.24,1.45,1.03,0.03,18.3,8.22,2006.0,Gwalior
97.82,27.32,9.55,2.17,46.57,5.79,0.56,38.3,1.45,1.01,0.03,18.18,8.16,2007.0,Gwalior
97.83,25.61,10.78,1.9,44.42,3.13,0.54,40.88,2.66,0.97,0.02,17.54,7.88,2008.0,Gwalior
97.83,27.61,9.76,2.12,46.48,6.18,0.57,36.93,1.61,1.03,0.03,18.52,8.3,2009.0,Gwalior
97.82,26.78,10.57,1.94,47.23,5.03,0.55,42.53,2.33,1.0,0.03,17.92,8.05,2010.0,Gwalior
97.81,25.68,10.85,1.9,46.89,2.73,0.55,36.33,2.49,1.0,0.03,17.94,8.08,2011.0,Gwalior
97.8,25.75,9.63,2.11,47.75,3.06,0.56,38.93,2.17,1.0,0.03,18.1,8.09,2012.0,Gwalior
97.85,25.37,10.94,1.98,47.12,1.4,0.54,39.86,2.81,0.98,0.02,17.61,7.91,2013.0,Gwalior
97.92,26.18,10.11,2.05,48.42,4.38,0.56,40.14,2.14,1.02,0.03,18.14,8.16,2014.0,Gwalior
97.97,26.32,10.21,1.98,46.25,4.22,0.56,38.33,2.17,1.01,0.02,18.18,8.14,2015.0,Gwalior
97.86,27.05,10.09,1.89,47.56,4.9,0.55,40.71,2.04,0.98,0.03,17.8,7.97,2016.0,Gwalior
97.85,27.66,9.43,2.04,46.9,4.09,0.55,45.78,1.4,0.99,0.03,17.83,7.99,2017.0,Gwalior
97.84,26.86,9.96,2.05,46.91,3.45,0.54,46.72,2.06,0.96,0.02,17.43,7.83,2018.0,Gwalior
97.1,27.33,10.38,2.25,46.58,7.06,0.56,48.66,2.21,1.09,0.03,18.58,8.46,2001.0,Harda
97.14,27.89,10.07,2.45,47.46,7.33,0.57,43.3,2.29,1.1,0.03,18.95,8.59,2002.0,Harda
97.16,27.02,11.28,2.38,46.7,7.24,0.55,47.08,3.57,1.09,0.03,18.53,8.43,2003.0,Harda
97.15,27.72,10.65,2.33,46.51,7.19,0.57,42.74,2.36,1.11,0.03,19.13,8.68,2004.0,Harda
97.13,27.26,10.36,2.31,46.06,7.7,0.57,45.69,2.94,1.1,0.03,18.91,8.55,2005.0,Harda
97.14,27.16,11.52,2.19,46.52,7.94,0.55,47.88,4.63,1.07,0.03,18.39,8.38,2006.0,Harda
97.11,27.34,10.89,2.16,45.89,9.69,0.57,48.56,2.85,1.11,0.03,19.06,8.64,2007.0,Harda
97.1,27.41,10.44,2.24,45.1,6.0,0.56,50.18,2.03,1.07,0.03,18.61,8.42,2008.0,Harda
97.12,27.81,11.06,2.27,46.29,9.27,0.57,46.76,3.14,1.09,0.03,18.96,8.56,2009.0,Harda
97.1,27.72,11.81,2.19,47.21,7.4,0.56,51.64,2.67,1.1,0.03,18.8,8.55,2010.0,Harda
97.08,27.16,11.04,2.21,46.78,4.39,0.55,49.09,3.3,1.06,0.03,18.32,8.31,2011.0,Harda
97.09,27.14,10.56,2.46,45.94,6.25,0.55,51.51,3.03,1.05,0.03,18.25,8.25,2012.0,Harda
97.1,26.67,11.78,2.41,47.32,5.18,0.51,53.54,4.23,1.0,0.03,17.18,7.79,2013.0,Harda
97.21,27.69,11.06,2.45,47.28,6.13,0.55,51.17,2.62,1.07,0.03,18.45,8.35,2014.0,Harda
97.26,27.32,11.23,2.34,47.64,6.69,0.54,50.26,3.67,1.04,0.03,18.09,8.19,2015.0,Harda
97.17,27.23,10.86,2.3,48.88,6.01,0.55,54.23,4.01,1.05,0.03,18.27,8.25,2016.0,Harda
97.16,27.43,10.71,2.23,47.22,5.23,0.56,45.86,2.71,1.08,0.03,18.77,8.45,2017.0,Harda
97.15,27.71,10.09,2.28,47.14,5.27,0.54,43.52,2.32,1.02,0.03,18.03,8.1,2018.0,Harda
96.37,26.54,10.49,2.16,46.51,6.46,0.56,48.66,2.86,1.09,0.03,18.58,8.46,2001.0,Hoshangabad
96.41,27.44,10.01,2.34,46.95,6.59,0.57,43.3,2.74,1.1,0.03,18.95,8.59,2002.0,Hoshangabad
96.43,26.66,11.18,2.29,46.78,6.74,0.55,47.08,3.91,1.09,0.03,18.53,8.43,2003.0,Hoshangabad
96.42,27.37,10.48,2.25,46.25,6.07,0.57,42.74,2.59,1.11,0.03,19.13,8.68,2004.0,Hoshangabad
96.41,26.73,10.35,2.22,45.67,7.17,0.57,45.69,3.68,1.1,0.03,18.91,8.55,2005.0,Hoshangabad
96.41,26.79,11.44,2.12,45.74,7.71,0.55,47.88,5.34,1.07,0.03,18.39,8.38,2006.0,Hoshangabad
96.38,27.03,10.69,2.11,45.21,9.76,0.57,48.56,3.15,1.11,0.03,19.06,8.64,2007.0,Hoshangabad
96.38,26.73,10.49,2.1,44.56,5.57,0.56,50.18,2.56,1.07,0.03,18.61,8.42,2008.0,Hoshangabad
96.39,27.21,10.98,2.14,46.08,9.37,0.57,46.76,3.45,1.09,0.03,18.96,8.56,2009.0,Hoshangabad
96.37,27.23,11.65,2.09,47.0,7.36,0.56,51.64,3.11,1.1,0.03,18.8,8.55,2010.0,Hoshangabad
96.36,26.75,10.91,2.12,46.08,4.47,0.55,49.09,3.82,1.06,0.03,18.32,8.31,2011.0,Hoshangabad
96.36,26.7,10.41,2.34,45.76,5.5,0.55,51.51,3.57,1.05,0.03,18.25,8.25,2012.0,Hoshangabad
96.37,26.37,11.69,2.28,47.13,4.86,0.51,53.54,4.65,1.0,0.03,17.18,7.79,2013.0,Hoshangabad
96.48,27.19,10.99,2.33,47.34,5.92,0.55,51.17,2.9,1.07,0.03,18.45,8.35,2014.0,Hoshangabad
96.53,26.79,11.27,2.25,47.12,6.57,0.54,50.26,3.98,1.04,0.03,18.09,8.19,2015.0,Hoshangabad
96.44,27.05,10.68,2.23,47.69,5.79,0.55,54.23,4.26,1.05,0.03,18.27,8.25,2016.0,Hoshangabad
96.43,27.17,10.56,2.15,47.37,4.84,0.56,45.86,2.57,1.08,0.03,18.77,8.45,2017.0,Hoshangabad
96.42,27.21,10.08,2.24,46.63,5.0,0.54,43.52,2.6,1.02,0.03,18.03,8.1,2018.0,Hoshangabad
96.26,27.57,9.79,2.61,45.48,7.02,0.57,42.26,1.35,1.1,0.03,19.08,8.6,2001.0,Indore
96.31,27.55,9.83,2.81,46.9,7.85,0.57,38.08,1.71,1.1,0.03,19.22,8.65,2002.0,Indore
96.32,26.51,11.08,2.67,44.76,7.24,0.57,41.55,3.09,1.09,0.03,18.97,8.55,2003.0,Indore
96.32,26.97,10.64,2.6,44.69,8.57,0.57,42.08,2.15,1.1,0.03,19.15,8.63,2004.0,Indore
96.29,26.93,10.07,2.58,44.8,8.36,0.58,41.73,2.14,1.11,0.03,19.29,8.66,2005.0,Indore
96.3,26.75,11.21,2.5,45.41,8.75,0.56,42.95,3.01,1.07,0.03,18.56,8.38,2006.0,Indore
96.27,26.85,10.83,2.41,45.24,10.22,0.57,43.95,2.48,1.1,0.03,19.09,8.6,2007.0,Indore
96.26,27.24,10.11,2.62,44.57,6.73,0.56,46.44,1.49,1.06,0.03,18.6,8.34,2008.0,Indore
96.28,27.59,10.89,2.63,45.82,8.71,0.58,40.13,2.53,1.09,0.03,19.22,8.61,2009.0,Indore
96.26,27.28,11.67,2.47,46.25,7.62,0.57,45.86,2.39,1.09,0.03,18.88,8.51,2010.0,Indore
96.25,26.75,10.83,2.52,44.37,5.54,0.55,43.35,2.48,1.05,0.03,18.46,8.3,2011.0,Indore
96.26,26.62,10.4,2.79,43.93,6.08,0.55,46.68,2.29,1.05,0.03,18.44,8.27,2012.0,Indore
96.27,25.92,11.53,2.7,45.41,6.41,0.52,49.01,3.74,0.99,0.03,17.29,7.78,2013.0,Indore
96.37,27.12,10.87,2.71,45.56,6.52,0.56,44.71,2.2,1.06,0.03,18.63,8.37,2014.0,Indore
96.42,26.87,10.97,2.6,45.94,6.65,0.54,45.24,3.13,1.03,0.03,18.13,8.14,2015.0,Indore
96.34,26.67,10.66,2.57,47.76,6.32,0.55,48.25,2.63,1.05,0.03,18.49,8.28,2016.0,Indore
96.33,26.72,10.65,2.51,44.68,5.83,0.56,42.16,2.4,1.06,0.03,18.75,8.39,2017.0,Indore
96.32,27.27,9.87,2.55,45.83,6.02,0.55,39.01,1.95,1.03,0.03,18.36,8.19,2018.0,Indore
95.32,25.4,10.81,2.13,46.28,5.87,0.56,47.73,3.74,1.08,0.03,18.48,8.4,2001.0,Jabalpur
95.35,26.19,10.22,2.29,45.91,6.11,0.56,44.36,3.03,1.08,0.03,18.68,8.47,2002.0,Jabalpur
95.38,25.64,11.14,2.21,46.7,5.21,0.55,48.43,4.63,1.06,0.03,18.19,8.27,2003.0,Jabalpur
95.38,25.53,10.9,2.08,45.31,5.88,0.57,43.18,3.18,1.1,0.03,18.94,8.58,2004.0,Jabalpur
95.36,25.33,10.74,2.06,45.2,6.25,0.56,46.17,4.72,1.08,0.03,18.69,8.44,2005.0,Jabalpur
95.36,26.16,11.1,2.1,45.24,6.45,0.55,47.13,2.77,1.07,0.03,18.31,8.33,2006.0,Jabalpur
95.35,25.6,10.81,2.06,45.57,7.7,0.56,45.13,3.06,1.08,0.03,18.66,8.44,2007.0,Jabalpur
95.33,25.47,10.79,2.0,43.98,4.33,0.56,46.29,3.4,1.06,0.03,18.48,8.35,2008.0,Jabalpur
95.34,26.53,10.66,2.04,45.51,8.28,0.57,43.44,3.48,1.09,0.03,18.9,8.53,2009.0,Jabalpur
95.33,26.42,11.26,1.95,46.53,5.54,0.57,47.54,3.96,1.09,0.03,18.81,8.53,2010.0,Jabalpur
95.32,25.45,11.2,2.0,44.83,2.45,0.55,44.54,4.32,1.06,0.03,18.33,8.32,2011.0,Jabalpur
95.31,25.4,10.58,2.13,46.31,4.04,0.55,46.65,3.74,1.05,0.03,18.26,8.25,2012.0,Jabalpur
95.32,25.07,11.84,2.09,46.59,3.27,0.53,49.45,5.54,1.02,0.03,17.52,7.93,2013.0,Jabalpur
95.42,25.48,11.41,2.16,47.36,4.5,0.56,47.0,3.08,1.07,0.03,18.53,8.4,2014.0,Jabalpur
95.48,25.6,11.55,2.06,45.52,4.95,0.55,47.9,2.95,1.04,0.03,18.16,8.21,2015.0,Jabalpur
95.38,26.0,11.09,2.03,46.06,4.4,0.55,49.28,3.67,1.04,0.03,18.1,8.17,2016.0,Jabalpur
95.37,26.46,10.69,1.99,45.96,3.75,0.56,44.3,2.48,1.07,0.03,18.6,8.38,2017.0,Jabalpur
95.37,26.17,10.47,2.11,45.63,4.57,0.54,44.59,2.86,1.02,0.03,17.9,8.07,2018.0,Jabalpur
97.17,27.55,9.77,2.66,44.75,8.43,0.57,39.71,1.43,1.1,0.03,19.12,8.63,2001.0,Jhabua
97.23,27.65,9.77,2.73,46.63,7.43,0.57,37.16,1.53,1.1,0.03,19.21,8.67,2002.0,Jhabua
97.24,26.63,11.12,2.64,44.61,8.01,0.57,39.93,2.76,1.1,0.03,19.07,8.62,2003.0,Jhabua
97.24,27.06,10.78,2.57,44.45,8.35,0.57,40.3,2.25,1.1,0.03,19.12,8.64,2004.0,Jhabua
97.22,26.57,10.34,2.52,44.2,7.03,0.58,37.89,2.4,1.12,0.03,19.5,8.76,2005.0,Jhabua
97.21,26.91,11.33,2.51,45.29,8.46,0.56,40.39,2.98,1.07,0.03,18.61,8.41,2006.0,Jhabua
97.18,26.98,11.01,2.42,45.38,10.05,0.58,37.51,2.54,1.11,0.03,19.24,8.68,2007.0,Jhabua
97.18,27.03,10.38,2.65,44.17,5.91,0.56,39.94,1.67,1.07,0.03,18.76,8.43,2008.0,Jhabua
97.2,27.52,11.05,2.57,45.57,10.49,0.58,35.81,2.29,1.1,0.03,19.41,8.71,2009.0,Jhabua
97.17,27.33,11.79,2.48,46.91,8.23,0.57,40.51,2.68,1.09,0.03,18.99,8.58,2010.0,Jhabua
97.16,26.93,10.96,2.57,44.2,6.73,0.56,37.0,2.43,1.06,0.03,18.69,8.41,2011.0,Jhabua
97.18,26.49,10.58,2.76,42.88,5.73,0.56,40.13,2.26,1.06,0.03,18.71,8.39,2012.0,Jhabua
97.19,25.89,11.59,2.62,44.75,7.06,0.53,43.73,3.44,1.02,0.03,17.75,7.99,2013.0,Jhabua
97.29,27.02,10.94,2.59,45.14,6.48,0.57,37.08,2.21,1.08,0.03,18.93,8.51,2014.0,Jhabua
97.33,27.12,10.88,2.64,44.84,8.23,0.55,39.04,2.38,1.05,0.03,18.54,8.32,2015.0,Jhabua
97.26,26.97,10.75,2.52,47.58,8.47,0.55,42.55,2.42,1.05,0.03,18.47,8.3,2016.0,Jhabua
97.25,26.91,10.72,2.56,44.95,7.15,0.56,39.97,2.26,1.06,0.03,18.7,8.38,2017.0,Jhabua
97.24,27.42,9.98,2.57,45.46,7.43,0.55,38.15,1.84,1.03,0.03,18.47,8.26,2018.0,Jhabua
96.24,25.18,10.9,2.04,45.74,5.67,0.55,48.94,3.59,1.05,0.03,18.19,8.2,2001.0,Katni
96.26,25.83,10.33,2.14,46.45,5.81,0.56,45.61,2.95,1.06,0.03,18.5,8.32,2002.0,Katni
96.29,25.29,11.17,2.05,47.02,4.72,0.54,50.32,4.01,1.04,0.03,17.88,8.07,2003.0,Katni
96.29,25.23,11.0,1.98,45.63,5.46,0.56,44.69,2.93,1.08,0.03,18.72,8.42,2004.0,Katni
96.28,25.2,10.81,2.01,45.85,6.43,0.56,47.52,4.1,1.06,0.03,18.48,8.28,2005.0,Katni
96.27,26.26,10.93,2.04,45.38,6.32,0.55,47.72,2.33,1.06,0.03,18.18,8.21,2006.0,Katni
96.26,25.76,10.74,1.99,45.44,7.5,0.56,46.49,2.3,1.06,0.03,18.46,8.3,2007.0,Katni
96.25,25.26,11.01,1.91,44.22,4.63,0.55,47.33,2.76,1.04,0.03,18.26,8.18,2008.0,Katni
96.25,26.46,10.57,2.01,45.32,7.06,0.57,43.81,2.41,1.07,0.03,18.76,8.4,2009.0,Katni
96.25,26.47,11.08,1.85,46.23,5.65,0.56,49.05,2.66,1.08,0.03,18.66,8.39,2010.0,Katni
96.23,25.24,11.28,1.84,45.45,2.58,0.54,45.76,3.35,1.04,0.03,18.08,8.14,2011.0,Katni
96.22,25.25,10.63,2.03,46.73,3.84,0.55,47.95,3.19,1.04,0.03,18.19,8.14,2012.0,Katni
96.24,24.84,11.82,1.92,47.09,4.04,0.53,50.97,4.49,1.01,0.03,17.55,7.89,2013.0,Katni
96.33,25.34,11.28,1.99,47.75,3.91,0.55,48.95,2.65,1.05,0.03,18.19,8.18,2014.0,Katni
96.39,25.48,11.52,1.92,45.64,4.02,0.54,48.34,2.83,1.03,0.03,18.09,8.11,2015.0,Katni
96.29,25.77,11.23,1.93,46.19,4.58,0.54,51.29,3.91,1.02,0.03,17.86,8.0,2016.0,Katni
96.28,26.56,10.59,1.98,46.77,3.57,0.56,44.85,2.13,1.06,0.03,18.59,8.32,2017.0,Katni
96.27,26.13,10.58,2.04,46.17,4.58,0.54,44.63,2.91,1.01,0.03,17.83,7.99,2018.0,Katni
97.29,27.96,10.31,2.35,46.75,7.14,0.56,43.9,1.67,1.1,0.03,18.96,8.61,2001.0,Khandwa
97.34,28.18,10.14,2.56,47.52,7.43,0.57,39.93,1.89,1.11,0.03,19.09,8.66,2002.0,Khandwa
97.36,27.22,11.35,2.46,46.33,7.02,0.56,43.34,3.2,1.11,0.03,18.97,8.61,2003.0,Khandwa
97.35,27.69,10.88,2.4,45.82,8.08,0.58,42.08,2.1,1.13,0.03,19.43,8.82,2004.0,Khandwa
97.33,27.51,10.44,2.37,45.81,8.26,0.57,42.43,2.34,1.11,0.03,19.15,8.66,2005.0,Khandwa
97.34,27.32,11.64,2.24,46.69,8.13,0.55,45.27,3.51,1.09,0.03,18.65,8.48,2006.0,Khandwa
97.3,27.45,11.1,2.19,46.22,9.43,0.57,44.44,2.53,1.12,0.03,19.22,8.71,2007.0,Khandwa
97.3,27.89,10.38,2.34,45.38,6.26,0.56,45.14,1.63,1.08,0.03,18.75,8.47,2008.0,Khandwa
97.31,28.21,11.11,2.36,46.35,9.07,0.57,41.7,2.69,1.1,0.03,19.2,8.65,2009.0,Khandwa
97.29,27.92,12.03,2.26,46.69,7.35,0.56,46.73,2.6,1.11,0.03,18.95,8.62,2010.0,Khandwa
97.28,27.32,11.14,2.27,45.87,5.39,0.55,42.99,2.6,1.07,0.03,18.6,8.41,2011.0,Khandwa
97.29,27.21,10.76,2.5,45.46,6.43,0.55,46.32,2.49,1.07,0.03,18.58,8.39,2012.0,Khandwa
97.3,26.72,11.89,2.47,47.02,5.82,0.52,48.74,3.77,1.02,0.03,17.58,7.96,2013.0,Khandwa
97.41,27.94,11.15,2.47,46.69,6.02,0.56,45.02,2.28,1.08,0.03,18.73,8.47,2014.0,Khandwa
97.46,27.41,11.41,2.33,47.12,6.91,0.55,44.85,3.32,1.06,0.03,18.49,8.35,2015.0,Khandwa
97.38,27.34,10.89,2.32,48.38,6.65,0.55,48.48,3.22,1.07,0.03,18.6,8.39,2016.0,Khandwa
97.36,27.35,10.93,2.25,45.94,5.49,0.56,44.11,2.96,1.09,0.03,19.0,8.54,2017.0,Khandwa
97.36,27.93,10.1,2.32,46.9,5.37,0.55,41.61,2.13,1.04,0.03,18.45,8.28,2018.0,Khandwa
97.15,28.06,10.15,2.51,46.37,7.33,0.57,40.27,1.4,1.11,0.03,19.15,8.67,2001.0,Khargone
97.2,28.13,10.11,2.7,47.6,7.92,0.57,36.67,1.69,1.1,0.03,19.2,8.69,2002.0,Khargone
97.21,27.15,11.34,2.57,45.64,7.16,0.57,40.24,2.9,1.1,0.03,19.06,8.62,2003.0,Khargone
97.21,27.56,10.9,2.53,45.39,8.32,0.57,41.09,2.05,1.11,0.03,19.26,8.73,2004.0,Khargone
97.19,27.32,10.45,2.46,45.51,8.48,0.57,39.59,2.27,1.11,0.03,19.3,8.7,2005.0,Khargone
97.19,27.23,11.56,2.38,46.15,8.23,0.56,41.2,3.01,1.08,0.03,18.71,8.48,2006.0,Khargone
97.16,27.38,11.12,2.31,45.99,9.72,0.58,40.39,2.41,1.11,0.03,19.34,8.74,2007.0,Khargone
97.15,27.79,10.36,2.49,45.32,6.68,0.56,40.87,1.53,1.07,0.03,18.82,8.47,2008.0,Khargone
97.17,28.21,11.1,2.52,46.52,9.06,0.58,37.33,2.4,1.11,0.03,19.37,8.71,2009.0,Khargone
97.15,27.82,12.04,2.38,46.56,7.56,0.56,44.36,2.41,1.1,0.03,18.99,8.61,2010.0,Khargone
97.14,27.27,11.06,2.4,44.92,5.5,0.56,38.64,2.32,1.07,0.03,18.78,8.46,2011.0,Khargone
97.15,27.21,10.68,2.65,44.68,5.91,0.55,42.24,2.14,1.06,0.03,18.65,8.38,2012.0,Khargone
97.16,26.53,11.81,2.62,45.97,6.63,0.53,45.32,3.44,1.02,0.03,17.72,8.0,2013.0,Khargone
97.26,27.79,11.11,2.58,46.37,6.56,0.56,41.08,2.09,1.08,0.03,18.86,8.5,2014.0,Khargone
97.31,27.51,11.3,2.44,46.42,6.77,0.55,41.95,2.91,1.06,0.03,18.58,8.36,2015.0,Khargone
97.24,27.41,10.75,2.47,48.28,6.63,0.56,44.09,2.33,1.07,0.03,18.67,8.39,2016.0,Khargone
97.22,27.45,10.83,2.41,45.35,6.24,0.56,42.78,2.43,1.08,0.03,18.91,8.48,2017.0,Khargone
97.21,28.08,9.94,2.46,46.26,5.69,0.55,41.37,1.72,1.04,0.03,18.52,8.29,2018.0,Khargone
94.04,24.93,10.8,2.18,45.04,5.89,0.53,54.04,3.92,1.04,0.03,17.77,8.03,2001.0,Mandla
94.08,25.52,10.24,2.27,44.75,6.71,0.55,50.06,2.88,1.07,0.03,18.37,8.3,2002.0,Mandla
94.09,25.02,11.14,2.22,45.88,5.51,0.53,54.27,4.33,1.05,0.03,17.8,8.07,2003.0,Mandla
94.1,24.76,11.0,2.05,43.94,5.04,0.56,47.88,3.32,1.08,0.03,18.58,8.38,2004.0,Mandla
94.08,24.71,10.8,2.06,44.69,5.93,0.54,52.77,4.48,1.05,0.03,18.01,8.1,2005.0,Mandla
94.09,25.45,11.13,2.09,43.86,6.01,0.54,50.7,2.95,1.06,0.03,17.99,8.14,2006.0,Mandla
94.07,24.97,10.87,2.07,43.69,8.48,0.55,48.35,3.47,1.06,0.03,18.32,8.25,2007.0,Mandla
94.05,24.97,10.72,2.02,43.7,4.55,0.54,49.53,3.39,1.04,0.03,18.12,8.15,2008.0,Mandla
94.06,25.94,10.62,2.03,44.73,7.91,0.56,46.71,3.09,1.08,0.03,18.68,8.38,2009.0,Mandla
94.06,25.9,11.2,1.99,45.0,6.09,0.55,51.3,3.57,1.08,0.03,18.48,8.34,2010.0,Mandla
94.04,24.75,11.25,1.99,43.74,3.41,0.53,47.8,4.26,1.03,0.03,17.87,8.04,2011.0,Mandla
94.03,24.77,10.64,2.11,45.15,3.86,0.53,50.56,3.8,1.03,0.03,17.82,7.99,2012.0,Mandla
94.04,24.59,11.75,2.06,45.55,4.37,0.51,52.83,5.2,0.99,0.03,17.15,7.73,2013.0,Mandla
94.14,24.7,11.49,2.13,46.36,4.85,0.54,52.25,3.47,1.03,0.03,17.9,8.06,2014.0,Mandla
94.2,25.0,11.54,2.03,44.69,5.1,0.53,52.25,3.05,1.02,0.03,17.83,8.01,2015.0,Mandla
94.1,25.45,11.12,2.01,44.35,4.47,0.53,53.35,3.25,1.02,0.03,17.68,7.94,2016.0,Mandla
94.1,25.95,10.67,1.96,44.73,4.77,0.55,46.42,2.66,1.06,0.03,18.52,8.29,2017.0,Mandla
94.1,25.47,10.53,2.07,44.52,3.83,0.53,46.5,2.8,1.01,0.03,17.73,7.94,2018.0,Mandla
95.86,26.67,9.29,2.56,44.59,6.51,0.59,39.31,1.6,1.11,0.03,19.54,8.71,2001.0,Mandsaur
95.9,27.31,8.92,2.76,46.07,5.17,0.6,37.16,1.29,1.11,0.03,19.75,8.8,2002.0,Mandsaur
95.91,26.29,10.22,2.65,44.16,6.26,0.59,39.14,1.93,1.1,0.03,19.3,8.61,2003.0,Mandsaur
95.91,26.62,10.02,2.55,44.2,5.99,0.6,37.48,1.97,1.12,0.03,19.74,8.81,2004.0,Mandsaur
95.9,26.01,9.67,2.45,44.15,4.99,0.6,37.3,1.96,1.12,0.03,19.71,8.77,2005.0,Mandsaur
95.89,26.41,10.71,2.45,44.81,7.02,0.58,37.39,2.76,1.09,0.03,19.14,8.56,2006.0,Mandsaur
95.86,26.44,10.23,2.43,44.82,7.55,0.59,36.76,2.08,1.11,0.03,19.58,8.75,2007.0,Mandsaur
95.86,26.25,9.97,2.59,43.31,4.69,0.58,39.78,1.69,1.08,0.03,19.11,8.52,2008.0,Mandsaur
95.88,27.06,10.32,2.56,45.12,9.05,0.6,36.43,1.92,1.11,0.03,19.67,8.76,2009.0,Mandsaur
95.85,26.78,11.0,2.45,46.61,7.07,0.59,38.93,2.33,1.11,0.03,19.43,8.68,2010.0,Mandsaur
95.84,25.93,10.68,2.47,44.81,4.06,0.58,36.52,2.57,1.08,0.03,19.13,8.55,2011.0,Mandsaur
95.86,25.53,10.1,2.63,43.96,4.07,0.58,39.05,2.32,1.07,0.03,18.95,8.44,2012.0,Mandsaur
95.88,25.16,11.04,2.46,45.15,4.13,0.55,42.82,2.91,1.04,0.03,18.28,8.17,2013.0,Mandsaur
95.97,26.17,10.4,2.56,44.86,4.9,0.58,36.1,2.06,1.09,0.03,19.25,8.59,2014.0,Mandsaur
96.0,26.19,10.36,2.61,45.62,5.81,0.57,37.68,2.35,1.06,0.03,18.92,8.43,2015.0,Mandsaur
95.93,26.13,10.36,2.46,47.48,6.19,0.57,39.48,3.14,1.07,0.03,18.94,8.44,2016.0,Mandsaur
95.92,26.27,10.16,2.53,44.48,4.17,0.58,46.15,2.15,1.08,0.03,19.05,8.48,2017.0,Mandsaur
95.91,26.57,9.56,2.5,45.97,5.02,0.57,46.43,1.89,1.04,0.03,18.65,8.29,2018.0,Mandsaur
98.67,27.07,9.22,1.91,48.2,4.43,0.59,37.34,1.75,1.1,0.03,19.23,8.68,2001.0,Morena
98.69,28.0,8.48,2.09,48.04,3.44,0.6,36.09,1.34,1.1,0.03,19.56,8.79,2002.0,Morena
98.74,26.91,9.63,1.88,48.14,3.93,0.57,43.21,1.58,1.06,0.03,18.5,8.36,2003.0,Morena
98.72,27.41,9.61,2.1,47.3,4.43,0.59,38.86,1.6,1.09,0.03,19.24,8.67,2004.0,Morena
98.72,27.0,9.35,2.06,47.41,4.69,0.59,37.41,1.51,1.09,0.03,19.11,8.57,2005.0,Morena
98.71,28.13,9.64,2.14,47.24,3.63,0.58,40.05,1.34,1.08,0.03,18.83,8.5,2006.0,Morena
98.69,27.61,9.53,2.11,47.41,4.0,0.58,37.27,1.35,1.08,0.03,18.89,8.52,2007.0,Morena
98.69,25.99,10.73,1.82,45.02,2.71,0.57,40.61,2.4,1.04,0.03,18.39,8.3,2008.0,Morena
98.69,27.87,9.61,2.05,47.07,5.44,0.6,35.61,1.56,1.1,0.03,19.37,8.72,2009.0,Morena
98.69,27.12,10.42,1.87,48.24,4.14,0.58,40.42,2.04,1.07,0.03,18.73,8.45,2010.0,Morena
98.68,26.0,10.75,1.83,47.67,1.81,0.58,35.21,2.2,1.07,0.03,18.84,8.52,2011.0,Morena
98.67,25.92,9.53,2.06,48.46,1.83,0.57,38.32,2.17,1.05,0.03,18.64,8.37,2012.0,Morena
98.72,25.43,10.93,1.93,47.64,0.74,0.57,38.79,2.8,1.05,0.03,18.49,8.35,2013.0,Morena
98.79,26.51,9.83,1.97,49.28,4.09,0.58,37.39,1.92,1.09,0.03,18.97,8.58,2014.0,Morena
98.85,26.67,9.94,1.89,46.7,3.67,0.58,36.01,1.91,1.07,0.03,18.93,8.52,2015.0,Morena
98.73,27.26,9.98,1.79,47.63,4.53,0.58,38.95,2.02,1.06,0.03,18.69,8.42,2016.0,Morena
98.72,27.85,9.4,1.95,47.33,3.14,0.58,47.71,1.39,1.06,0.03,18.7,8.42,2017.0,Morena
98.71,26.66,10.16,1.95,47.15,2.94,0.56,48.68,2.36,1.03,0.03,18.33,8.27,2018.0,Morena
96.39,26.23,10.59,2.13,47.07,6.53,0.55,50.33,3.06,1.08,0.03,18.33,8.33,2001.0,Narsinghpur
96.41,27.19,10.03,2.28,46.81,5.98,0.56,45.98,2.81,1.09,0.03,18.71,8.48,2002.0,Narsinghpur
96.44,26.37,11.15,2.19,47.25,6.01,0.54,49.48,4.0,1.07,0.03,18.2,8.27,2003.0,Narsinghpur
96.43,26.95,10.52,2.16,46.53,5.8,0.57,44.71,2.74,1.11,0.03,18.99,8.6,2004.0,Narsinghpur
96.42,26.45,10.43,2.13,46.01,6.61,0.56,48.05,3.94,1.09,0.03,18.67,8.43,2005.0,Narsinghpur
96.42,26.66,11.34,2.05,46.18,6.67,0.55,49.42,4.93,1.07,0.03,18.25,8.31,2006.0,Narsinghpur
96.4,26.63,10.68,2.03,45.74,8.62,0.56,47.47,3.15,1.1,0.03,18.84,8.52,2007.0,Narsinghpur
96.4,26.32,10.68,2.0,44.52,4.71,0.55,47.52,2.8,1.07,0.03,18.51,8.36,2008.0,Narsinghpur
96.4,27.02,10.89,2.05,46.27,8.37,0.56,45.15,3.47,1.09,0.03,18.87,8.51,2009.0,Narsinghpur
96.39,26.94,11.45,1.97,47.04,5.9,0.56,49.7,3.14,1.09,0.03,18.68,8.47,2010.0,Narsinghpur
96.38,26.38,11.07,2.04,46.01,2.77,0.55,45.48,4.17,1.06,0.03,18.29,8.28,2011.0,Narsinghpur
96.37,26.37,10.44,2.21,46.2,4.51,0.55,48.18,3.6,1.05,0.03,18.21,8.21,2012.0,Narsinghpur
96.38,26.04,11.78,2.14,47.3,3.58,0.51,50.85,4.9,1.0,0.03,17.21,7.79,2013.0,Narsinghpur
96.48,26.7,11.15,2.24,48.14,4.89,0.55,49.01,2.95,1.07,0.03,18.5,8.37,2014.0,Narsinghpur
96.54,26.52,11.41,2.14,47.26,5.06,0.54,48.96,3.53,1.04,0.03,18.06,8.15,2015.0,Narsinghpur
96.44,26.9,10.83,2.1,47.31,5.14,0.55,50.02,4.12,1.05,0.03,18.22,8.21,2016.0,Narsinghpur
96.43,27.17,10.58,2.07,47.07,3.63,0.57,42.66,2.45,1.08,0.03,18.88,8.49,2017.0,Narsinghpur
96.43,27.01,10.27,2.17,47.18,4.77,0.54,42.37,2.8,1.02,0.03,17.96,8.05,2018.0,Narsinghpur
95.69,26.29,9.23,2.46,44.44,5.67,0.59,39.31,1.68,1.11,0.03,19.54,8.71,2001.0,Neemuch
95.72,27.27,8.64,2.69,45.31,4.93,0.6,37.16,1.13,1.11,0.03,19.75,8.8,2002.0,Neemuch
95.73,26.41,9.79,2.59,44.46,5.27,0.59,39.14,1.54,1.1,0.03,19.3,8.61,2003.0,Neemuch
95.74,26.52,9.83,2.48,44.3,5.01,0.6,37.48,1.87,1.12,0.03,19.74,8.81,2004.0,Neemuch
95.73,25.83,9.52,2.39,44.14,4.56,0.6,37.3,1.81,1.12,0.03,19.71,8.77,2005.0,Neemuch
95.71,26.33,10.51,2.39,45.18,6.51,0.58,37.39,2.58,1.09,0.03,19.14,8.56,2006.0,Neemuch
95.69,26.3,10.06,2.37,44.07,6.17,0.59,36.76,1.94,1.11,0.03,19.58,8.75,2007.0,Neemuch
95.69,25.93,9.97,2.47,42.51,4.21,0.58,39.78,1.71,1.08,0.03,19.11,8.52,2008.0,Neemuch
95.71,27.06,9.95,2.5,45.04,8.11,0.6,36.43,1.65,1.11,0.03,19.67,8.76,2009.0,Neemuch
95.68,26.67,10.77,2.41,46.01,6.82,0.59,38.93,2.22,1.11,0.03,19.43,8.68,2010.0,Neemuch
95.67,25.57,10.71,2.36,44.66,3.28,0.58,36.52,2.56,1.08,0.03,19.13,8.55,2011.0,Neemuch
95.69,25.23,10.02,2.48,44.05,3.0,0.58,39.05,2.26,1.07,0.03,18.95,8.44,2012.0,Neemuch
95.71,24.96,10.88,2.34,44.8,2.83,0.55,42.82,2.64,1.04,0.03,18.28,8.17,2013.0,Neemuch
95.8,25.92,10.29,2.45,45.06,4.77,0.58,36.1,2.02,1.09,0.03,19.25,8.59,2014.0,Neemuch
95.83,25.97,10.21,2.5,45.81,5.03,0.57,37.68,2.18,1.06,0.03,18.92,8.43,2015.0,Neemuch
95.76,25.95,10.36,2.37,47.1,6.12,0.57,39.48,3.23,1.07,0.03,18.94,8.44,2016.0,Neemuch
95.75,26.17,9.99,2.44,44.83,3.34,0.58,46.15,1.98,1.08,0.03,19.05,8.48,2017.0,Neemuch
95.74,26.34,9.51,2.41,45.09,4.97,0.57,46.43,1.83,1.04,0.03,18.65,8.29,2018.0,Neemuch
96.66,25.21,10.81,2.01,45.9,5.62,0.57,43.7,3.34,1.07,0.03,18.69,8.41,2001.0,Panna
96.68,26.05,10.16,2.16,46.44,5.7,0.57,41.58,2.8,1.07,0.03,18.7,8.4,2002.0,Panna
96.71,25.32,11.13,2.06,47.1,4.45,0.55,47.73,3.81,1.04,0.03,18.11,8.16,2003.0,Panna
96.71,25.31,10.94,2.01,46.21,4.93,0.57,42.48,2.73,1.08,0.03,18.89,8.49,2004.0,Panna
96.7,25.2,10.79,2.07,45.63,6.21,0.57,43.11,3.85,1.07,0.03,18.68,8.36,2005.0,Panna
96.69,26.33,10.87,2.06,46.06,6.09,0.56,44.14,2.26,1.06,0.03,18.49,8.33,2006.0,Panna
96.68,26.1,10.52,2.06,45.96,7.38,0.56,42.87,2.09,1.06,0.03,18.54,8.31,2007.0,Panna
96.67,25.33,11.07,1.93,44.08,5.29,0.55,44.05,2.6,1.03,0.03,18.19,8.15,2008.0,Panna
96.67,26.58,10.55,2.06,45.21,6.49,0.57,40.82,2.29,1.07,0.03,18.82,8.43,2009.0,Panna
96.67,26.51,11.01,1.9,46.12,5.92,0.57,45.59,2.54,1.07,0.03,18.8,8.44,2010.0,Panna
96.65,25.29,11.26,1.87,45.62,3.51,0.56,40.21,3.15,1.04,0.03,18.33,8.25,2011.0,Panna
96.63,25.33,10.54,2.06,46.9,4.11,0.56,43.51,2.9,1.05,0.03,18.46,8.25,2012.0,Panna
96.66,24.81,11.79,1.96,47.05,3.84,0.54,45.31,4.17,1.02,0.03,17.92,8.03,2013.0,Panna
96.75,25.57,11.0,2.03,47.84,4.32,0.56,44.75,2.37,1.05,0.03,18.35,8.24,2014.0,Panna
96.81,25.64,11.3,1.96,45.59,4.47,0.55,44.01,2.7,1.03,0.03,18.22,8.16,2015.0,Panna
96.71,25.89,11.13,1.96,45.92,4.67,0.54,46.69,4.02,1.01,0.03,17.81,7.97,2016.0,Panna
96.69,26.54,10.55,1.99,47.13,4.08,0.56,42.14,2.09,1.05,0.03,18.55,8.3,2017.0,Panna
96.68,26.26,10.54,2.04,46.6,3.65,0.55,42.99,2.82,1.02,0.03,18.11,8.11,2018.0,Panna
95.44,25.64,10.21,2.27,45.51,6.02,0.56,45.82,2.66,1.09,0.03,18.73,8.48,2001.0,Raisen
95.47,26.58,9.74,2.48,45.7,5.58,0.58,41.86,2.44,1.1,0.03,19.15,8.64,2002.0,Raisen
95.49,25.6,10.87,2.4,45.55,5.62,0.56,45.56,3.39,1.08,0.03,18.54,8.39,2003.0,Raisen
95.49,26.3,10.36,2.33,45.21,4.85,0.57,40.98,2.47,1.1,0.03,19.01,8.59,2004.0,Raisen
95.47,25.81,10.16,2.34,44.42,5.93,0.57,43.49,3.29,1.1,0.03,19.05,8.57,2005.0,Raisen
95.47,25.9,11.13,2.22,45.04,6.67,0.56,44.68,4.92,1.08,0.03,18.57,8.42,2006.0,Raisen
95.45,25.8,10.62,2.21,44.19,7.37,0.57,42.9,2.97,1.1,0.03,18.98,8.57,2007.0,Raisen
95.45,25.57,10.55,2.23,43.31,4.57,0.56,46.3,2.53,1.07,0.03,18.67,8.42,2008.0,Raisen
95.46,26.41,10.74,2.33,44.92,7.85,0.57,42.41,3.07,1.09,0.03,19.02,8.57,2009.0,Raisen
95.44,26.36,11.25,2.23,45.81,5.54,0.57,47.22,2.53,1.1,0.03,18.98,8.59,2010.0,Raisen
95.43,25.55,10.99,2.22,45.45,3.14,0.55,43.6,4.14,1.06,0.03,18.36,8.31,2011.0,Raisen
95.43,25.62,10.24,2.45,44.71,3.99,0.55,46.56,3.11,1.05,0.03,18.32,8.26,2012.0,Raisen
95.44,25.22,11.47,2.41,45.85,3.47,0.53,48.62,4.43,1.01,0.03,17.47,7.9,2013.0,Raisen
95.54,25.92,10.87,2.49,46.79,4.2,0.56,46.68,2.8,1.07,0.03,18.63,8.41,2014.0,Raisen
95.59,25.75,10.98,2.42,45.79,4.74,0.54,46.2,3.56,1.04,0.03,18.08,8.17,2015.0,Raisen
95.5,25.88,10.72,2.31,47.18,4.4,0.55,47.94,4.22,1.05,0.03,18.3,8.24,2016.0,Raisen
95.49,26.35,10.33,2.32,45.93,3.06,0.56,44.23,2.37,1.06,0.03,18.57,8.35,2017.0,Raisen
95.48,26.1,10.12,2.34,45.77,4.13,0.54,43.01,2.84,1.02,0.03,18.06,8.11,2018.0,Raisen
96.06,26.23,9.82,2.24,46.01,5.78,0.57,44.77,2.31,1.09,0.03,18.77,8.48,2001.0,Rajgarh
96.08,27.31,9.24,2.47,46.38,5.64,0.58,40.52,1.86,1.1,0.03,19.22,8.66,2002.0,Rajgarh
96.11,26.07,10.57,2.36,46.09,5.53,0.56,43.03,2.59,1.08,0.03,18.57,8.39,2003.0,Rajgarh
96.1,26.76,10.09,2.3,45.51,5.04,0.58,41.19,2.17,1.1,0.03,19.08,8.62,2004.0,Rajgarh
96.08,26.29,9.81,2.25,45.0,5.95,0.58,42.67,2.43,1.1,0.03,19.1,8.58,2005.0,Rajgarh
96.08,26.59,10.79,2.2,45.66,7.3,0.56,43.71,3.56,1.08,0.03,18.65,8.44,2006.0,Rajgarh
96.06,26.24,10.41,2.18,44.71,7.61,0.57,41.71,2.61,1.1,0.03,19.07,8.6,2007.0,Rajgarh
96.06,25.93,10.37,2.18,43.8,4.38,0.56,44.94,2.35,1.07,0.03,18.7,8.41,2008.0,Rajgarh
96.07,27.2,10.4,2.32,45.72,8.15,0.58,39.44,2.25,1.1,0.03,19.19,8.63,2009.0,Rajgarh
96.05,26.99,10.93,2.2,46.68,6.11,0.57,44.75,2.25,1.1,0.03,19.0,8.58,2010.0,Rajgarh
96.04,25.94,10.84,2.17,46.58,2.57,0.56,40.77,3.93,1.06,0.03,18.5,8.35,2011.0,Rajgarh
96.04,25.93,10.01,2.37,45.57,3.84,0.55,46.02,2.38,1.05,0.03,18.33,8.25,2012.0,Rajgarh
96.07,25.28,11.25,2.28,46.33,3.49,0.53,47.29,4.02,1.01,0.03,17.48,7.89,2013.0,Rajgarh
96.16,26.31,10.57,2.43,47.65,4.22,0.56,43.99,2.54,1.07,0.03,18.64,8.41,2014.0,Rajgarh
96.21,26.11,10.68,2.36,46.48,4.69,0.55,44.0,2.98,1.04,0.03,18.19,8.2,2015.0,Rajgarh
96.12,26.27,10.47,2.27,48.22,4.91,0.56,45.58,3.62,1.05,0.03,18.42,8.28,2016.0,Rajgarh
96.1,27.2,9.83,2.32,47.15,3.06,0.56,45.09,1.72,1.06,0.03,18.58,8.34,2017.0,Rajgarh
96.09,26.93,9.64,2.32,46.37,3.74,0.55,42.76,1.93,1.03,0.03,18.17,8.15,2018.0,Rajgarh
95.84,26.92,9.38,2.62,44.4,7.1,0.57,40.14,1.47,1.09,0.03,18.98,8.54,2001.0,Ratlam
95.89,27.19,9.26,2.79,46.13,5.79,0.58,35.9,1.46,1.11,0.03,19.39,8.71,2002.0,Ratlam
95.9,26.09,10.6,2.69,44.05,6.59,0.57,39.03,2.46,1.08,0.03,18.85,8.48,2003.0,Ratlam
95.9,26.56,10.25,2.59,44.07,7.11,0.58,38.95,2.08,1.1,0.03,19.21,8.65,2004.0,Ratlam
95.88,26.15,9.8,2.51,43.93,5.47,0.58,39.61,2.06,1.11,0.03,19.3,8.64,2005.0,Ratlam
95.88,26.42,10.86,2.51,44.9,7.51,0.57,39.77,2.86,1.08,0.03,18.75,8.45,2006.0,Ratlam
95.85,26.46,10.45,2.45,44.84,8.95,0.58,40.03,2.27,1.11,0.03,19.21,8.65,2007.0,Ratlam
95.85,26.53,9.97,2.65,43.6,5.13,0.57,43.22,1.6,1.07,0.03,18.81,8.43,2008.0,Ratlam
95.87,27.05,10.59,2.6,45.24,9.13,0.58,36.61,2.2,1.1,0.03,19.32,8.66,2009.0,Ratlam
95.84,26.83,11.22,2.48,46.56,7.4,0.58,41.08,2.38,1.1,0.03,19.09,8.59,2010.0,Ratlam
95.83,26.17,10.67,2.53,44.53,4.91,0.56,38.26,2.52,1.07,0.03,18.64,8.39,2011.0,Ratlam
95.85,25.74,10.18,2.74,43.01,4.67,0.56,43.47,2.33,1.06,0.03,18.53,8.31,2012.0,Ratlam
95.86,25.23,11.2,2.57,44.6,5.34,0.53,46.58,3.3,1.01,0.03,17.53,7.9,2013.0,Ratlam
95.96,26.29,10.56,2.63,44.71,5.25,0.57,41.42,2.11,1.07,0.03,18.76,8.43,2014.0,Ratlam
95.99,26.29,10.51,2.68,45.17,6.59,0.56,40.76,2.59,1.05,0.03,18.43,8.28,2015.0,Ratlam
95.93,26.17,10.45,2.52,47.48,6.68,0.56,44.09,3.0,1.06,0.03,18.52,8.31,2016.0,Ratlam
95.91,26.24,10.33,2.57,44.71,5.18,0.56,42.15,2.28,1.07,0.03,18.74,8.39,2017.0,Ratlam
95.9,26.65,9.66,2.55,46.03,5.31,0.55,40.25,1.99,1.04,0.03,18.39,8.23,2018.0,Ratlam
96.99,25.48,10.94,2.02,45.47,5.12,0.56,43.33,3.03,1.07,0.03,18.58,8.4,2001.0,Rewa
97.01,26.15,10.33,2.09,46.8,5.42,0.57,42.22,2.58,1.07,0.03,18.76,8.47,2002.0,Rewa
97.05,25.57,11.07,1.99,47.24,4.69,0.55,47.77,3.14,1.05,0.03,18.11,8.18,2003.0,Rewa
97.04,25.74,10.85,2.04,46.29,4.77,0.58,42.64,2.32,1.09,0.03,18.99,8.55,2004.0,Rewa
97.03,25.69,10.71,2.03,46.07,6.29,0.57,43.79,3.12,1.07,0.03,18.7,8.39,2005.0,Rewa
97.03,26.85,10.79,2.06,45.61,5.33,0.56,46.45,1.9,1.07,0.03,18.52,8.37,2006.0,Rewa
97.01,26.28,10.77,2.04,46.21,7.26,0.57,42.89,2.06,1.07,0.03,18.68,8.4,2007.0,Rewa
97.0,25.44,11.19,1.9,44.56,4.9,0.55,43.29,2.72,1.03,0.03,18.12,8.13,2008.0,Rewa
97.0,27.12,10.39,2.1,45.62,6.47,0.57,40.86,1.8,1.07,0.03,18.84,8.45,2009.0,Rewa
97.0,27.28,10.74,1.88,46.44,6.32,0.57,44.67,1.86,1.08,0.03,18.87,8.49,2010.0,Rewa
96.98,25.66,11.24,1.84,45.73,4.62,0.56,40.21,2.96,1.05,0.03,18.36,8.28,2011.0,Rewa
96.97,25.5,10.65,2.05,47.31,3.84,0.56,43.34,2.94,1.05,0.03,18.51,8.29,2012.0,Rewa
97.0,25.05,11.78,1.93,47.3,2.41,0.55,45.48,3.67,1.03,0.03,18.09,8.12,2013.0,Rewa
97.08,25.54,11.15,1.99,47.97,4.95,0.55,45.47,2.39,1.04,0.03,18.27,8.23,2014.0,Rewa
97.14,26.02,11.35,1.92,46.4,4.36,0.55,43.73,2.59,1.03,0.03,18.26,8.19,2015.0,Rewa
97.03,26.07,11.23,1.94,46.09,4.55,0.54,46.92,3.72,1.01,0.03,17.87,8.03,2016.0,Rewa
97.03,26.64,10.75,1.95,47.32,3.35,0.56,42.85,2.08,1.05,0.03,18.58,8.33,2017.0,Rewa
97.02,26.38,10.69,2.02,46.23,4.67,0.55,43.52,2.52,1.02,0.03,18.13,8.15,2018.0,Rewa
95.56,25.38,10.23,2.14,46.04,5.76,0.56,46.37,2.8,1.08,0.03,18.53,8.41,2001.0,Sagar
95.58,26.46,9.61,2.31,46.13,5.09,0.57,43.23,2.33,1.09,0.03,18.84,8.53,2002.0,Sagar
95.61,25.45,10.77,2.21,46.36,4.83,0.55,46.67,3.21,1.07,0.03,18.26,8.28,2003.0,Sagar
95.6,25.77,10.38,2.16,45.68,4.53,0.57,41.65,2.52,1.09,0.03,18.88,8.54,2004.0,Sagar
95.59,25.47,10.21,2.21,45.06,6.41,0.57,45.73,3.16,1.09,0.03,18.77,8.46,2005.0,Sagar
95.58,25.91,10.86,2.11,45.32,7.24,0.55,47.6,3.7,1.07,0.03,18.23,8.29,2006.0,Sagar
95.57,25.44,10.47,2.1,44.87,6.85,0.56,43.94,2.84,1.08,0.03,18.6,8.4,2007.0,Sagar
95.56,25.24,10.69,2.04,43.75,4.23,0.56,45.74,2.85,1.06,0.03,18.45,8.32,2008.0,Sagar
95.57,26.38,10.49,2.14,45.1,7.49,0.56,42.88,2.66,1.08,0.03,18.75,8.45,2009.0,Sagar
95.56,26.21,10.98,2.03,46.15,5.44,0.57,46.88,2.73,1.09,0.03,18.78,8.51,2010.0,Sagar
95.54,25.28,10.97,2.04,45.45,2.34,0.55,42.99,4.41,1.05,0.03,18.19,8.24,2011.0,Sagar
95.53,25.44,10.16,2.26,45.89,4.2,0.55,46.26,2.8,1.05,0.03,18.22,8.22,2012.0,Sagar
95.55,24.92,11.46,2.18,46.4,3.13,0.52,48.81,4.59,1.01,0.03,17.42,7.89,2013.0,Sagar
95.65,25.58,10.82,2.26,47.21,3.44,0.56,46.74,2.79,1.07,0.03,18.49,8.37,2014.0,Sagar
95.71,25.4,11.06,2.14,46.06,4.19,0.54,47.2,3.13,1.03,0.03,17.93,8.1,2015.0,Sagar
95.61,25.78,10.74,2.09,46.54,4.29,0.54,47.85,3.92,1.03,0.03,18.02,8.12,2016.0,Sagar
95.6,26.49,10.18,2.16,45.68,4.01,0.55,45.57,2.15,1.05,0.03,18.34,8.26,2017.0,Sagar
95.58,26.07,10.15,2.16,46.39,4.05,0.54,44.91,3.08,1.01,0.03,17.78,7.99,2018.0,Sagar
96.67,25.19,10.89,2.02,45.45,5.2,0.57,43.7,3.39,1.07,0.03,18.69,8.41,2001.0,Satna
96.69,25.9,10.26,2.12,46.51,5.39,0.57,41.58,2.87,1.07,0.03,18.7,8.4,2002.0,Satna
96.72,25.27,11.13,2.03,47.11,4.58,0.55,47.73,3.74,1.04,0.03,18.11,8.16,2003.0,Satna
96.72,25.28,10.95,2.02,46.19,4.65,0.57,42.48,2.68,1.08,0.03,18.89,8.49,2004.0,Satna
96.71,25.26,10.78,2.04,45.85,6.02,0.57,43.11,3.79,1.07,0.03,18.68,8.36,2005.0,Satna
96.7,26.45,10.8,2.07,46.06,5.48,0.56,44.14,2.11,1.06,0.03,18.49,8.33,2006.0,Satna
96.68,26.2,10.55,2.06,46.1,7.86,0.56,42.87,2.0,1.06,0.03,18.54,8.31,2007.0,Satna
96.67,25.32,11.07,1.92,44.27,5.0,0.55,44.05,2.56,1.03,0.03,18.19,8.15,2008.0,Satna
96.68,26.75,10.45,2.09,45.37,6.15,0.57,40.82,2.05,1.07,0.03,18.82,8.43,2009.0,Satna
96.68,26.77,10.86,1.89,46.32,6.07,0.57,45.59,2.21,1.07,0.03,18.8,8.44,2010.0,Satna
96.66,25.45,11.17,1.86,45.64,3.8,0.56,40.21,2.97,1.04,0.03,18.33,8.25,2011.0,Satna
96.64,25.35,10.58,2.06,46.96,3.96,0.56,43.51,3.01,1.05,0.03,18.46,8.25,2012.0,Satna
96.67,24.79,11.78,1.94,47.08,3.14,0.54,45.31,4.08,1.02,0.03,17.92,8.03,2013.0,Satna
96.76,25.43,11.05,2.0,47.86,4.3,0.56,44.75,2.36,1.05,0.03,18.35,8.24,2014.0,Satna
96.82,25.67,11.35,1.93,45.61,4.28,0.55,44.01,2.72,1.03,0.03,18.22,8.16,2015.0,Satna
96.71,25.85,11.18,1.96,45.84,4.35,0.54,46.69,4.06,1.01,0.03,17.81,7.97,2016.0,Satna
96.7,26.43,10.66,1.96,47.01,3.35,0.56,42.14,2.12,1.05,0.03,18.55,8.3,2017.0,Satna
96.69,26.19,10.6,2.03,46.36,4.09,0.55,42.99,2.67,1.02,0.03,18.11,8.11,2018.0,Satna
95.65,26.39,9.98,2.3,45.49,6.5,0.56,45.82,2.2,1.09,0.03,18.73,8.48,2001.0,Sehore
95.69,26.98,9.68,2.52,46.41,6.17,0.58,41.86,2.24,1.1,0.03,19.15,8.64,2002.0,Sehore
95.71,26.05,10.86,2.43,45.81,6.02,0.56,45.56,3.41,1.08,0.03,18.54,8.39,2003.0,Sehore
95.71,26.78,10.3,2.37,45.31,5.27,0.57,40.98,2.32,1.1,0.03,19.01,8.59,2004.0,Sehore
95.69,26.34,9.99,2.35,44.97,6.51,0.57,43.49,2.9,1.1,0.03,19.05,8.57,2005.0,Sehore
95.69,26.25,11.1,2.24,45.49,6.88,0.56,44.68,4.67,1.08,0.03,18.57,8.42,2006.0,Sehore
95.67,26.34,10.55,2.2,44.75,8.41,0.57,42.9,2.79,1.1,0.03,18.98,8.57,2007.0,Sehore
95.66,26.39,10.2,2.3,43.95,4.91,0.56,46.3,2.04,1.07,0.03,18.67,8.42,2008.0,Sehore
95.68,26.9,10.68,2.34,45.49,8.13,0.57,42.41,3.08,1.09,0.03,19.02,8.57,2009.0,Sehore
95.66,26.8,11.32,2.24,46.3,5.73,0.57,47.22,2.41,1.1,0.03,18.98,8.59,2010.0,Sehore
95.64,26.12,10.8,2.25,45.78,3.42,0.55,43.6,3.45,1.06,0.03,18.36,8.31,2011.0,Sehore
95.64,26.17,10.19,2.49,45.04,5.15,0.55,46.56,2.95,1.05,0.03,18.32,8.26,2012.0,Sehore
95.65,25.71,11.4,2.46,46.18,3.87,0.53,48.62,4.16,1.01,0.03,17.47,7.9,2013.0,Sehore
95.76,26.56,10.73,2.52,46.22,5.02,0.56,46.68,2.58,1.07,0.03,18.63,8.41,2014.0,Sehore
95.81,26.38,10.8,2.43,46.49,5.14,0.54,46.2,3.58,1.04,0.03,18.08,8.17,2015.0,Sehore
95.72,26.25,10.57,2.36,47.93,4.77,0.55,47.94,4.14,1.05,0.03,18.3,8.24,2016.0,Sehore
95.71,26.71,10.26,2.33,46.65,3.7,0.56,44.23,2.42,1.06,0.03,18.57,8.35,2017.0,Sehore
95.7,26.77,9.84,2.34,46.3,4.0,0.54,43.01,2.33,1.02,0.03,18.06,8.11,2018.0,Sehore
94.53,25.34,10.88,2.19,45.6,6.97,0.55,50.8,3.38,1.08,0.03,18.3,8.3,2001.0,Seoni
94.57,26.13,10.34,2.34,45.19,6.74,0.56,47.25,2.87,1.09,0.03,18.64,8.44,2002.0,Seoni
94.58,25.71,11.23,2.29,46.17,5.56,0.54,50.61,4.04,1.07,0.03,18.16,8.25,2003.0,Seoni
94.59,25.9,10.78,2.15,44.97,5.99,0.57,45.01,2.63,1.11,0.03,19.04,8.61,2004.0,Seoni
94.57,25.36,10.74,2.18,44.83,6.88,0.55,49.24,4.0,1.08,0.03,18.43,8.32,2005.0,Seoni
94.58,25.79,11.39,2.14,44.76,6.78,0.54,50.07,3.61,1.07,0.03,18.19,8.26,2006.0,Seoni
94.55,25.84,10.76,2.12,43.81,8.53,0.56,48.05,3.1,1.09,0.03,18.7,8.44,2007.0,Seoni
94.54,25.5,10.72,2.09,43.53,5.53,0.55,49.47,2.98,1.07,0.03,18.47,8.33,2008.0,Seoni
94.55,26.5,10.81,2.16,44.82,7.89,0.57,46.59,3.24,1.1,0.03,18.9,8.51,2009.0,Seoni
94.54,26.4,11.48,2.1,45.56,5.98,0.56,49.83,4.04,1.09,0.03,18.67,8.45,2010.0,Seoni
94.53,25.38,11.21,2.06,44.34,3.93,0.54,47.61,3.53,1.06,0.03,18.19,8.22,2011.0,Seoni
94.51,25.59,10.59,2.28,44.86,5.66,0.54,49.65,3.67,1.05,0.03,18.09,8.14,2012.0,Seoni
94.52,25.43,11.76,2.2,46.09,5.9,0.52,52.32,4.97,1.01,0.03,17.35,7.85,2013.0,Seoni
94.63,25.81,11.28,2.31,46.31,5.72,0.55,51.05,2.9,1.06,0.03,18.25,8.25,2014.0,Seoni
94.69,25.46,11.68,2.18,45.21,6.03,0.54,51.29,3.48,1.04,0.03,18.07,8.15,2015.0,Seoni
94.59,26.17,10.98,2.16,45.38,5.14,0.54,52.19,3.09,1.05,0.03,18.15,8.18,2016.0,Seoni
94.59,26.41,10.7,2.07,44.97,5.04,0.56,45.56,2.71,1.08,0.03,18.74,8.42,2017.0,Seoni
94.58,26.2,10.44,2.1,44.89,4.81,0.54,46.6,2.47,1.02,0.03,17.9,8.03,2018.0,Seoni
95.36,24.94,10.92,2.1,44.78,5.81,0.54,51.05,3.77,1.05,0.03,18.07,8.14,2001.0,Shahdol
95.39,25.51,10.38,2.15,45.78,6.02,0.56,48.01,2.76,1.07,0.03,18.56,8.34,2002.0,Shahdol
95.42,25.04,11.15,2.07,46.42,4.58,0.53,52.87,3.69,1.03,0.03,17.75,7.99,2003.0,Shahdol
95.42,24.72,11.14,1.97,44.68,5.73,0.57,46.68,3.16,1.08,0.03,18.78,8.42,2004.0,Shahdol
95.41,24.83,10.86,1.96,44.98,6.78,0.55,50.02,3.74,1.06,0.03,18.38,8.22,2005.0,Shahdol
95.41,25.66,11.11,2.03,44.39,6.92,0.55,49.64,2.56,1.05,0.03,18.12,8.16,2006.0,Shahdol
95.39,25.06,10.98,1.98,45.05,7.0,0.55,50.4,2.87,1.05,0.03,18.32,8.22,2007.0,Shahdol
95.37,24.79,11.05,1.94,43.98,4.78,0.55,51.53,3.1,1.04,0.03,18.24,8.15,2008.0,Shahdol
95.38,26.15,10.54,1.98,44.85,7.87,0.57,46.97,2.33,1.07,0.03,18.8,8.4,2009.0,Shahdol
95.38,26.2,11.08,1.86,45.47,6.04,0.56,52.36,2.58,1.08,0.03,18.71,8.39,2010.0,Shahdol
95.36,24.79,11.41,1.87,44.6,2.8,0.54,51.43,3.63,1.03,0.03,18.0,8.08,2011.0,Shahdol
95.35,24.79,10.69,2.03,46.18,3.52,0.55,52.12,3.17,1.04,0.03,18.24,8.13,2012.0,Shahdol
95.37,24.59,11.8,1.91,46.36,4.69,0.53,55.78,4.41,1.02,0.03,17.71,7.94,2013.0,Shahdol
95.46,24.65,11.56,2.0,47.04,3.73,0.55,52.97,3.19,1.04,0.03,18.16,8.15,2014.0,Shahdol
95.52,25.1,11.63,1.93,45.41,4.37,0.54,51.03,2.91,1.03,0.03,18.08,8.08,2015.0,Shahdol
95.42,25.43,11.3,1.92,45.3,5.5,0.54,56.7,3.56,1.01,0.03,17.78,7.95,2016.0,Shahdol
95.41,26.02,10.77,1.95,45.74,4.18,0.56,44.75,2.47,1.06,0.03,18.61,8.31,2017.0,Shahdol
95.4,25.69,10.63,2.07,45.33,6.05,0.54,44.87,2.89,1.01,0.03,17.9,8.02,2018.0,Shahdol
95.63,26.59,9.6,2.39,45.12,5.74,0.57,44.77,1.82,1.09,0.03,18.77,8.48,2001.0,Shajapur
95.67,27.09,9.37,2.66,46.21,5.4,0.58,40.52,1.81,1.1,0.03,19.22,8.66,2002.0,Shajapur
95.69,25.93,10.65,2.52,45.08,5.55,0.56,43.03,2.91,1.08,0.03,18.57,8.39,2003.0,Shajapur
95.68,26.57,10.17,2.44,45.06,5.1,0.58,41.19,2.18,1.1,0.03,19.08,8.62,2004.0,Shajapur
95.67,26.29,9.74,2.41,44.78,5.92,0.58,42.67,2.28,1.1,0.03,19.1,8.58,2005.0,Shajapur
95.66,26.44,10.84,2.35,45.27,7.43,0.56,43.71,3.5,1.08,0.03,18.65,8.44,2006.0,Shajapur
95.64,26.22,10.47,2.28,44.57,8.7,0.57,41.71,2.55,1.1,0.03,19.07,8.6,2007.0,Shajapur
95.64,26.34,10.01,2.41,43.74,4.17,0.56,44.94,1.84,1.07,0.03,18.7,8.41,2008.0,Shajapur
95.65,27.1,10.47,2.47,45.3,8.55,0.58,39.44,2.53,1.1,0.03,19.19,8.63,2009.0,Shajapur
95.63,26.88,11.11,2.33,46.45,6.1,0.57,44.75,2.26,1.1,0.03,19.0,8.58,2010.0,Shajapur
95.62,25.97,10.73,2.3,45.67,3.26,0.56,40.77,3.14,1.06,0.03,18.5,8.35,2011.0,Shajapur
95.63,25.81,10.11,2.55,44.69,4.16,0.55,46.02,2.49,1.05,0.03,18.33,8.25,2012.0,Shajapur
95.64,25.22,11.27,2.41,45.24,3.43,0.53,47.29,3.93,1.01,0.03,17.48,7.89,2013.0,Shajapur
95.74,26.28,10.61,2.56,45.76,4.42,0.56,43.99,2.39,1.07,0.03,18.64,8.41,2014.0,Shajapur
95.79,26.11,10.64,2.51,46.15,5.3,0.55,44.0,3.17,1.04,0.03,18.19,8.2,2015.0,Shajapur
95.71,26.12,10.45,2.42,47.65,5.15,0.56,45.58,3.39,1.05,0.03,18.42,8.28,2016.0,Shajapur
95.69,26.88,9.95,2.47,46.27,3.26,0.56,45.09,1.81,1.06,0.03,18.58,8.34,2017.0,Shajapur
95.68,26.96,9.53,2.47,46.22,3.52,0.55,42.76,1.75,1.03,0.03,18.17,8.15,2018.0,Shajapur
97.0,26.22,9.42,2.02,46.89,4.82,0.58,39.86,2.09,1.09,0.03,19.07,8.61,2001.0,Sheopur
97.01,27.77,8.38,2.24,46.62,4.29,0.59,37.56,1.23,1.1,0.03,19.47,8.76,2002.0,Sheopur
97.05,26.5,9.72,2.11,47.39,4.91,0.57,43.41,1.69,1.07,0.03,18.65,8.43,2003.0,Sheopur
97.04,26.76,9.63,2.11,45.98,4.85,0.59,39.85,1.88,1.1,0.03,19.26,8.68,2004.0,Sheopur
97.04,26.24,9.31,2.13,45.68,4.52,0.58,39.37,1.67,1.09,0.03,19.14,8.59,2005.0,Sheopur
97.02,26.98,10.09,2.11,46.9,6.33,0.57,40.17,2.01,1.08,0.03,18.79,8.49,2006.0,Sheopur
97.01,26.34,9.88,2.09,45.74,6.18,0.58,38.35,2.0,1.09,0.03,19.03,8.58,2007.0,Sheopur
97.01,25.59,10.39,1.96,43.78,3.93,0.56,43.81,2.18,1.05,0.03,18.45,8.33,2008.0,Sheopur
97.01,27.75,9.59,2.2,45.8,7.75,0.59,39.8,1.37,1.1,0.03,19.28,8.68,2009.0,Sheopur
97.0,26.98,10.42,2.03,46.68,6.04,0.58,41.78,2.04,1.08,0.03,18.86,8.51,2010.0,Sheopur
96.99,25.39,10.81,1.97,46.51,1.57,0.57,37.74,3.15,1.07,0.03,18.81,8.51,2011.0,Sheopur
97.0,25.3,9.69,2.08,46.53,2.56,0.57,41.26,2.0,1.05,0.03,18.53,8.33,2012.0,Sheopur
97.03,24.8,10.97,1.99,46.43,1.71,0.56,42.79,3.26,1.04,0.03,18.22,8.23,2013.0,Sheopur
97.11,25.8,10.34,2.15,47.57,3.91,0.58,39.37,2.25,1.09,0.03,18.97,8.58,2014.0,Sheopur
97.16,25.84,10.4,2.05,46.29,4.28,0.57,39.19,2.3,1.07,0.03,18.81,8.47,2015.0,Sheopur
97.05,26.28,10.31,1.94,48.01,4.79,0.57,42.07,2.47,1.06,0.03,18.64,8.39,2016.0,Sheopur
97.04,27.31,9.35,2.13,47.07,3.84,0.58,44.04,1.26,1.07,0.03,18.88,8.49,2017.0,Sheopur
97.03,26.82,9.54,2.14,46.34,4.5,0.56,44.61,1.62,1.04,0.03,18.41,8.28,2018.0,Sheopur
97.08,25.38,11.09,2.04,45.35,5.17,0.56,43.33,3.23,1.07,0.03,18.58,8.4,2001.0,Shivpuri
97.11,26.03,10.51,2.07,46.61,6.2,0.57,42.22,2.73,1.07,0.03,18.76,8.47,2002.0,Shivpuri
97.15,25.46,11.16,1.96,47.04,4.87,0.55,47.77,3.4,1.05,0.03,18.11,8.18,2003.0,Shivpuri
97.14,25.55,10.97,2.05,45.87,4.74,0.58,42.64,2.5,1.09,0.03,18.99,8.55,2004.0,Shivpuri
97.13,25.64,10.82,2.02,46.08,5.78,0.57,43.79,3.41,1.07,0.03,18.7,8.39,2005.0,Shivpuri
97.12,26.69,10.99,2.05,45.18,5.25,0.56,46.45,2.0,1.07,0.03,18.52,8.37,2006.0,Shivpuri
97.11,26.23,10.92,2.06,46.24,7.19,0.57,42.89,2.07,1.07,0.03,18.68,8.4,2007.0,Shivpuri
97.09,25.43,11.3,1.92,44.48,4.76,0.55,43.29,2.7,1.03,0.03,18.12,8.13,2008.0,Shivpuri
97.1,26.95,10.5,2.1,45.45,6.98,0.57,40.86,1.88,1.07,0.03,18.84,8.45,2009.0,Shivpuri
97.1,27.15,10.86,1.88,46.0,6.35,0.57,44.67,1.96,1.08,0.03,18.87,8.49,2010.0,Shivpuri
97.08,25.58,11.35,1.86,45.65,4.82,0.56,40.21,3.0,1.05,0.03,18.36,8.28,2011.0,Shivpuri
97.07,25.47,10.69,2.05,47.37,3.74,0.56,43.34,3.05,1.05,0.03,18.51,8.29,2012.0,Shivpuri
97.1,24.99,11.86,1.95,46.86,1.92,0.55,45.48,3.9,1.03,0.03,18.09,8.12,2013.0,Shivpuri
97.18,25.46,11.25,1.99,47.64,5.38,0.55,45.47,2.41,1.04,0.03,18.27,8.23,2014.0,Shivpuri
97.24,26.19,11.31,1.94,46.68,4.58,0.55,43.73,2.52,1.03,0.03,18.26,8.19,2015.0,Shivpuri
97.13,26.13,11.27,1.93,45.91,5.67,0.54,46.92,3.33,1.01,0.03,17.87,8.03,2016.0,Shivpuri
97.12,26.57,10.92,1.95,47.33,3.91,0.56,42.85,2.08,1.05,0.03,18.58,8.33,2017.0,Shivpuri
97.12,26.45,10.72,2.04,46.14,4.55,0.55,43.52,2.32,1.02,0.03,18.13,8.15,2018.0,Shivpuri
95.99,25.15,11.16,2.09,44.46,5.2,0.55,49.4,3.26,1.06,0.03,18.22,8.28,2001.0,Sidhi
96.02,25.77,10.55,2.09,45.8,7.32,0.57,46.55,2.56,1.08,0.03,18.66,8.48,2002.0,Sidhi
96.05,25.26,11.21,1.97,45.97,5.51,0.55,52.19,3.18,1.06,0.03,18.02,8.21,2003.0,Sidhi
96.05,25.36,11.02,2.06,44.54,5.32,0.57,46.7,2.64,1.1,0.03,18.87,8.56,2004.0,Sidhi
96.04,25.42,10.82,2.04,44.87,7.15,0.56,49.32,3.06,1.08,0.03,18.52,8.38,2005.0,Sidhi
96.03,26.17,11.15,2.08,44.79,6.03,0.55,48.78,2.25,1.07,0.03,18.16,8.28,2006.0,Sidhi
96.02,25.59,11.2,2.06,45.03,8.01,0.55,45.2,2.46,1.06,0.03,18.23,8.28,2007.0,Sidhi
96.0,25.13,11.27,1.96,43.8,5.4,0.54,44.06,2.92,1.03,0.03,17.84,8.09,2008.0,Sidhi
96.01,26.65,10.48,2.08,44.85,8.12,0.56,42.23,1.95,1.07,0.03,18.57,8.39,2009.0,Sidhi
96.01,26.86,10.91,1.93,44.94,7.01,0.56,45.61,2.05,1.07,0.03,18.46,8.39,2010.0,Sidhi
95.99,25.21,11.49,1.9,44.65,4.89,0.54,41.84,3.24,1.04,0.03,17.93,8.16,2011.0,Sidhi
95.97,25.13,10.75,2.03,46.5,4.05,0.55,44.49,2.98,1.04,0.03,18.14,8.19,2012.0,Sidhi
96.01,24.77,11.86,1.96,45.74,3.26,0.54,46.16,3.77,1.04,0.03,17.94,8.13,2013.0,Sidhi
96.09,25.09,11.42,2.02,46.76,5.76,0.55,46.13,2.77,1.05,0.03,18.06,8.2,2014.0,Sidhi
96.15,25.57,11.57,1.94,45.63,5.02,0.54,44.64,2.86,1.02,0.03,17.89,8.07,2015.0,Sidhi
96.04,25.79,11.39,1.93,45.01,6.26,0.53,48.89,3.61,1.01,0.03,17.46,7.91,2016.0,Sidhi
96.03,26.31,10.98,1.96,46.54,6.22,0.56,42.51,2.36,1.06,0.03,18.41,8.33,2017.0,Sidhi
96.03,26.01,10.83,2.08,45.22,5.22,0.55,42.45,2.66,1.04,0.03,18.05,8.19,2018.0,Sidhi
96.38,25.59,10.3,2.1,46.2,5.72,0.57,45.35,2.67,1.09,0.03,18.79,8.5,2001.0,Singrauli
96.4,26.88,9.51,2.27,46.4,5.83,0.58,41.39,2.01,1.1,0.03,19.15,8.65,2002.0,Singrauli
96.43,25.74,10.75,2.16,46.58,5.28,0.56,47.11,2.68,1.07,0.03,18.37,8.33,2003.0,Singrauli
96.42,25.95,10.46,2.13,45.7,4.98,0.58,42.38,2.31,1.1,0.03,19.04,8.61,2004.0,Singrauli
96.41,25.68,10.3,2.18,45.37,6.53,0.58,44.29,2.62,1.1,0.03,19.1,8.6,2005.0,Singrauli
96.41,26.28,10.8,2.12,45.97,7.51,0.56,44.5,2.83,1.08,0.03,18.6,8.43,2006.0,Singrauli
96.39,25.7,10.54,2.07,45.15,7.21,0.57,42.1,2.56,1.09,0.03,18.87,8.52,2007.0,Singrauli
96.39,25.28,10.91,2.0,43.88,4.76,0.56,46.28,2.85,1.05,0.03,18.39,8.3,2008.0,Singrauli
96.39,26.85,10.44,2.14,44.89,6.91,0.58,43.4,2.13,1.09,0.03,18.96,8.55,2009.0,Singrauli
96.38,26.5,10.95,1.99,46.42,6.15,0.57,47.27,2.56,1.09,0.03,18.88,8.55,2010.0,Singrauli
96.37,25.33,11.15,1.98,45.72,2.73,0.56,43.46,4.3,1.06,0.03,18.43,8.35,2011.0,Singrauli
96.36,25.59,10.23,2.19,46.5,4.15,0.56,47.54,2.34,1.06,0.03,18.49,8.33,2012.0,Singrauli
96.38,24.98,11.54,2.09,46.62,3.01,0.54,49.23,4.26,1.02,0.03,17.71,8.0,2013.0,Singrauli
96.47,25.76,10.84,2.2,47.48,3.74,0.57,45.06,2.64,1.08,0.03,18.7,8.46,2014.0,Singrauli
96.53,25.48,11.13,2.09,45.85,4.47,0.55,45.1,2.86,1.04,0.03,18.27,8.24,2015.0,Singrauli
96.43,26.03,10.85,2.04,46.61,4.88,0.55,48.93,3.3,1.04,0.03,18.13,8.17,2016.0,Singrauli
96.42,26.82,10.16,2.13,46.49,4.64,0.57,43.27,1.86,1.07,0.03,18.63,8.39,2017.0,Singrauli
96.4,26.28,10.31,2.13,46.75,3.38,0.55,43.17,2.85,1.02,0.03,18.03,8.11,2018.0,Singrauli
95.03,26.71,9.47,2.62,44.51,6.52,0.57,40.14,1.4,1.09,0.03,18.98,8.54,2001.0,Tikamgarh
95.07,26.75,9.48,2.82,45.85,6.32,0.58,35.9,1.68,1.11,0.03,19.39,8.71,2002.0,Tikamgarh
95.09,25.7,10.71,2.69,43.75,6.23,0.57,39.03,3.01,1.08,0.03,18.85,8.48,2003.0,Tikamgarh
95.08,26.18,10.31,2.6,44.03,7.18,0.58,38.95,2.17,1.1,0.03,19.21,8.65,2004.0,Tikamgarh
95.06,26.12,9.73,2.58,43.93,7.03,0.58,39.61,2.1,1.11,0.03,19.3,8.64,2005.0,Tikamgarh
95.06,26.07,10.84,2.53,44.43,8.16,0.57,39.77,3.02,1.08,0.03,18.75,8.45,2006.0,Tikamgarh
95.03,26.04,10.5,2.43,44.23,9.25,0.58,40.03,2.47,1.11,0.03,19.21,8.65,2007.0,Tikamgarh
95.03,26.37,9.87,2.63,43.42,5.52,0.57,43.22,1.53,1.07,0.03,18.81,8.43,2008.0,Tikamgarh
95.06,26.75,10.59,2.64,44.69,8.65,0.58,36.61,2.51,1.1,0.03,19.32,8.66,2009.0,Tikamgarh
95.03,26.5,11.25,2.48,45.72,6.96,0.58,41.08,2.37,1.1,0.03,19.09,8.59,2010.0,Tikamgarh
95.01,25.93,10.59,2.51,43.86,5.12,0.56,38.26,2.58,1.07,0.03,18.64,8.39,2011.0,Tikamgarh
95.03,25.67,10.12,2.77,42.99,5.14,0.56,43.47,2.37,1.06,0.03,18.53,8.31,2012.0,Tikamgarh
95.04,25.05,11.23,2.64,44.44,5.12,0.53,46.58,3.77,1.01,0.03,17.53,7.9,2013.0,Tikamgarh
95.14,26.13,10.61,2.71,44.54,5.02,0.57,41.42,2.23,1.07,0.03,18.76,8.43,2014.0,Tikamgarh
95.18,25.96,10.63,2.67,45.16,6.27,0.56,40.76,3.16,1.05,0.03,18.43,8.28,2015.0,Tikamgarh
95.11,25.81,10.45,2.57,46.9,5.91,0.56,44.09,2.89,1.06,0.03,18.52,8.31,2016.0,Tikamgarh
95.09,25.92,10.33,2.55,43.96,4.53,0.56,42.15,2.27,1.07,0.03,18.74,8.39,2017.0,Tikamgarh
95.09,26.36,9.67,2.57,45.51,4.85,0.55,40.25,2.04,1.04,0.03,18.39,8.23,2018.0,Tikamgarh
95.24,24.98,10.81,2.11,45.54,5.81,0.55,48.94,3.76,1.05,0.03,18.19,8.2,2001.0,Ujjain
95.27,25.63,10.26,2.21,45.75,5.99,0.56,45.61,2.95,1.06,0.03,18.5,8.32,2002.0,Ujjain
95.3,25.12,11.11,2.13,46.38,4.76,0.54,50.32,4.2,1.04,0.03,17.88,8.07,2003.0,Ujjain
95.3,24.95,10.97,2.02,44.81,5.66,0.56,44.69,3.15,1.08,0.03,18.72,8.42,2004.0,Ujjain
95.29,24.91,10.75,2.02,45.07,6.48,0.56,47.52,4.31,1.06,0.03,18.48,8.28,2005.0,Ujjain
95.28,25.82,10.98,2.07,44.65,7.04,0.55,47.72,2.55,1.06,0.03,18.18,8.21,2006.0,Ujjain
95.27,25.21,10.79,2.02,45.21,7.51,0.56,46.49,2.77,1.06,0.03,18.46,8.3,2007.0,Ujjain
95.25,24.99,10.87,1.97,43.85,4.13,0.55,47.33,3.11,1.04,0.03,18.26,8.18,2008.0,Ujjain
95.26,26.12,10.55,2.0,44.87,8.15,0.57,43.81,2.8,1.07,0.03,18.76,8.4,2009.0,Ujjain
95.26,26.11,11.12,1.88,45.67,5.41,0.56,49.05,3.14,1.08,0.03,18.66,8.39,2010.0,Ujjain
95.24,24.95,11.25,1.91,44.68,2.05,0.54,45.76,3.82,1.04,0.03,18.08,8.14,2011.0,Ujjain
95.22,24.94,10.58,2.08,46.15,3.43,0.55,47.95,3.4,1.04,0.03,18.19,8.14,2012.0,Ujjain
95.24,24.62,11.76,1.98,46.61,4.08,0.53,50.97,4.91,1.01,0.03,17.55,7.89,2013.0,Ujjain
95.34,24.95,11.39,2.06,47.36,3.83,0.55,48.95,3.01,1.05,0.03,18.19,8.18,2014.0,Ujjain
95.4,25.22,11.5,1.98,45.42,4.3,0.54,48.34,2.89,1.03,0.03,18.09,8.11,2015.0,Ujjain
95.3,25.52,11.17,1.98,45.38,4.63,0.54,51.29,3.68,1.02,0.03,17.86,8.0,2016.0,Ujjain
95.29,26.26,10.56,2.01,45.92,3.3,0.56,44.85,2.23,1.06,0.03,18.59,8.32,2017.0,Ujjain
95.28,25.81,10.49,2.11,45.42,5.8,0.54,44.63,3.06,1.01,0.03,17.83,7.99,2018.0,Ujjain
95.57,25.56,10.3,2.17,46.28,5.56,0.56,45.82,3.01,1.09,0.03,18.73,8.48,2001.0,Umaria
95.59,26.52,9.79,2.35,45.98,5.46,0.58,41.86,2.67,1.1,0.03,19.15,8.64,2002.0,Umaria
95.62,25.64,10.89,2.26,46.31,4.99,0.56,45.56,3.78,1.08,0.03,18.54,8.39,2003.0,Umaria
95.61,26.1,10.43,2.2,46.01,4.8,0.57,40.98,2.72,1.1,0.03,19.01,8.59,2004.0,Umaria
95.6,25.63,10.28,2.23,45.11,5.69,0.57,43.49,3.75,1.1,0.03,19.05,8.57,2005.0,Umaria
95.6,26.01,11.04,2.13,45.55,6.34,0.56,44.68,4.31,1.08,0.03,18.57,8.42,2006.0,Umaria
95.58,25.76,10.57,2.12,44.9,6.7,0.57,42.9,3.02,1.1,0.03,18.98,8.57,2007.0,Umaria
95.57,25.61,10.58,2.11,43.92,4.29,0.56,46.3,2.87,1.07,0.03,18.67,8.42,2008.0,Umaria
95.58,26.41,10.68,2.19,45.22,7.5,0.57,42.41,3.21,1.09,0.03,19.02,8.57,2009.0,Umaria
95.57,26.33,11.21,2.09,46.23,4.92,0.57,47.22,3.02,1.1,0.03,18.98,8.59,2010.0,Umaria
95.55,25.53,10.99,2.1,45.7,2.33,0.55,43.6,4.32,1.06,0.03,18.36,8.31,2011.0,Umaria
95.55,25.63,10.27,2.33,45.25,4.03,0.55,46.56,3.32,1.05,0.03,18.32,8.26,2012.0,Umaria
95.56,25.21,11.54,2.3,46.51,3.24,0.53,48.62,4.88,1.01,0.03,17.47,7.9,2013.0,Umaria
95.66,25.8,10.94,2.36,47.19,3.69,0.56,46.68,2.92,1.07,0.03,18.63,8.41,2014.0,Umaria
95.72,26.0,10.93,2.27,46.43,4.27,0.54,46.2,3.45,1.04,0.03,18.08,8.17,2015.0,Umaria
95.62,26.07,10.66,2.17,46.92,3.97,0.55,47.94,4.17,1.05,0.03,18.3,8.24,2016.0,Umaria
95.61,26.73,10.19,2.21,46.13,2.91,0.56,44.23,2.21,1.06,0.03,18.57,8.35,2017.0,Umaria
95.6,26.39,10.02,2.23,46.16,3.9,0.54,43.01,2.49,1.02,0.03,18.06,8.11,2018.0,Umaria
94.16,26.99,10.74,2.88,43.68,9.77,0.57,43.36,1.43,1.13,0.03,19.31,8.75,2001.0,Ahmednagar
94.22,27.81,10.36,2.91,43.21,8.74,0.57,41.69,1.28,1.13,0.03,19.32,8.75,2002.0,Ahmednagar
94.21,28.03,10.65,2.88,42.94,9.48,0.58,41.96,1.2,1.15,0.03,19.66,8.89,2003.0,Ahmednagar
94.22,26.75,11.04,2.84,42.48,10.24,0.57,41.73,1.8,1.14,0.03,19.53,8.85,2004.0,Ahmednagar
94.2,26.04,11.22,2.8,43.03,9.1,0.56,43.95,2.54,1.13,0.03,19.16,8.68,2005.0,Ahmednagar
94.21,26.17,11.7,2.73,42.33,8.32,0.56,44.3,2.69,1.11,0.03,18.95,8.57,2006.0,Ahmednagar
94.16,26.68,11.32,2.69,43.13,9.61,0.57,42.65,1.87,1.13,0.03,19.33,8.75,2007.0,Ahmednagar
94.16,26.73,11.01,2.79,42.46,8.56,0.57,41.76,1.66,1.11,0.03,19.27,8.68,2008.0,Ahmednagar
94.18,27.27,11.19,2.78,42.84,9.75,0.57,41.96,1.93,1.13,0.03,19.48,8.77,2009.0,Ahmednagar
94.15,26.95,12.3,2.67,44.15,7.78,0.55,49.18,2.26,1.11,0.03,18.85,8.58,2010.0,Ahmednagar
94.14,26.58,11.19,2.78,42.2,7.55,0.56,42.35,1.74,1.1,0.03,18.98,8.55,2011.0,Ahmednagar
94.15,27.42,10.5,2.93,42.02,8.98,0.57,41.74,1.29,1.11,0.03,19.23,8.63,2012.0,Ahmednagar
94.15,26.81,11.59,2.95,42.65,8.49,0.54,46.12,1.91,1.06,0.03,18.26,8.23,2013.0,Ahmednagar
94.25,27.17,11.46,2.77,42.18,8.04,0.56,43.34,1.73,1.1,0.03,18.97,8.55,2014.0,Ahmednagar
94.3,27.59,11.32,2.72,42.35,8.44,0.56,43.66,1.72,1.09,0.03,18.97,8.53,2015.0,Ahmednagar
94.24,27.11,10.82,2.78,42.66,9.47,0.55,44.54,1.71,1.08,0.03,18.76,8.43,2016.0,Ahmednagar
94.22,27.09,10.88,2.7,42.76,8.75,0.57,43.96,1.94,1.11,0.03,19.23,8.62,2017.0,Ahmednagar
94.22,28.17,9.97,2.81,42.64,7.07,0.55,44.2,0.8,1.06,0.03,18.7,8.37,2018.0,Ahmednagar
96.28,27.52,10.86,2.45,45.93,9.28,0.55,49.17,2.12,1.09,0.03,18.73,8.53,2001.0,Akola
96.33,28.28,10.35,2.65,46.1,8.05,0.56,45.16,1.96,1.11,0.03,19.04,8.67,2002.0,Akola
96.33,27.8,11.25,2.6,45.49,7.97,0.56,49.22,2.26,1.11,0.03,18.93,8.62,2003.0,Akola
96.34,27.93,10.86,2.51,44.6,8.68,0.58,43.54,1.7,1.14,0.03,19.6,8.92,2004.0,Akola
96.32,27.13,11.03,2.52,45.12,8.78,0.56,46.6,2.54,1.1,0.03,18.9,8.6,2005.0,Akola
96.33,27.03,11.96,2.35,44.87,8.14,0.55,48.99,3.69,1.09,0.03,18.73,8.53,2006.0,Akola
96.28,27.7,11.04,2.35,45.24,10.21,0.57,47.66,2.21,1.11,0.03,19.22,8.72,2007.0,Akola
96.28,27.86,10.7,2.45,44.42,7.67,0.56,47.92,1.76,1.08,0.03,18.79,8.51,2008.0,Akola
96.29,28.29,11.05,2.48,45.38,9.84,0.57,46.27,2.25,1.1,0.03,19.13,8.64,2009.0,Akola
96.28,27.78,12.22,2.41,46.69,7.42,0.55,50.64,3.02,1.09,0.03,18.63,8.49,2010.0,Akola
96.27,27.41,11.3,2.36,44.2,5.95,0.55,47.61,2.15,1.08,0.03,18.76,8.51,2011.0,Akola
96.28,27.44,10.9,2.55,44.23,7.55,0.55,49.79,2.31,1.08,0.03,18.67,8.44,2012.0,Akola
96.27,27.03,11.97,2.63,46.0,8.28,0.52,50.48,2.96,1.02,0.03,17.73,8.04,2013.0,Akola
96.38,28.25,11.26,2.55,45.27,7.58,0.55,50.33,2.01,1.07,0.03,18.55,8.41,2014.0,Akola
96.43,27.95,11.47,2.45,45.89,7.7,0.56,48.2,2.59,1.08,0.03,18.79,8.5,2015.0,Akola
96.35,27.56,11.06,2.43,46.56,7.6,0.55,50.45,2.78,1.08,0.03,18.76,8.47,2016.0,Akola
96.34,27.96,10.77,2.41,45.16,8.13,0.56,48.49,2.0,1.09,0.03,19.06,8.58,2017.0,Akola
96.35,27.88,10.36,2.35,45.37,5.72,0.54,47.26,2.31,1.03,0.03,18.22,8.19,2018.0,Akola
96.44,27.26,10.98,2.38,46.26,8.71,0.55,49.17,2.39,1.09,0.03,18.73,8.53,2001.0,Amravati
96.48,28.1,10.39,2.58,46.79,8.64,0.56,45.16,2.18,1.11,0.03,19.04,8.67,2002.0,Amravati
96.49,27.43,11.43,2.51,46.22,8.14,0.56,49.22,2.8,1.11,0.03,18.93,8.62,2003.0,Amravati
96.49,27.98,10.78,2.45,45.51,9.33,0.58,43.54,1.78,1.14,0.03,19.6,8.92,2004.0,Amravati
96.47,27.1,10.94,2.46,45.87,8.55,0.56,46.6,2.71,1.1,0.03,18.9,8.6,2005.0,Amravati
96.49,27.11,11.96,2.3,45.77,8.82,0.55,48.99,3.66,1.09,0.03,18.73,8.53,2006.0,Amravati
96.45,27.67,10.96,2.3,45.8,10.23,0.57,47.66,2.34,1.11,0.03,19.22,8.72,2007.0,Amravati
96.44,27.62,10.72,2.34,44.92,8.39,0.56,47.92,2.0,1.08,0.03,18.79,8.51,2008.0,Amravati
96.45,28.3,11.01,2.41,45.79,10.07,0.57,46.27,2.38,1.1,0.03,19.13,8.64,2009.0,Amravati
96.44,27.86,12.04,2.35,46.31,7.89,0.55,50.64,3.24,1.09,0.03,18.63,8.49,2010.0,Amravati
96.43,27.34,11.3,2.27,45.15,5.9,0.55,47.61,2.3,1.08,0.03,18.76,8.51,2011.0,Amravati
96.43,27.29,10.93,2.54,45.25,7.71,0.55,49.79,2.63,1.08,0.03,18.67,8.44,2012.0,Amravati
96.43,27.04,11.96,2.55,47.23,8.9,0.52,50.48,3.39,1.02,0.03,17.73,8.04,2013.0,Amravati
96.54,28.26,11.14,2.52,46.57,8.62,0.55,50.33,2.15,1.07,0.03,18.55,8.41,2014.0,Amravati
96.6,27.59,11.62,2.4,46.55,7.93,0.56,48.2,2.96,1.08,0.03,18.79,8.5,2015.0,Amravati
96.5,27.67,11.06,2.4,46.37,8.21,0.55,50.45,2.85,1.08,0.03,18.76,8.47,2016.0,Amravati
96.5,27.98,10.78,2.36,45.96,8.37,0.56,48.49,2.03,1.09,0.03,19.06,8.58,2017.0,Amravati
96.5,27.97,10.34,2.32,45.87,6.47,0.54,47.26,2.15,1.03,0.03,18.22,8.19,2018.0,Amravati
94.56,26.9,10.47,2.63,44.31,9.85,0.57,44.74,1.73,1.12,0.03,19.33,8.75,2001.0,Aurangabad
94.61,27.62,10.19,2.77,44.75,8.85,0.57,41.71,1.68,1.12,0.03,19.36,8.77,2002.0,Aurangabad
94.6,27.62,10.72,2.75,43.89,8.46,0.58,43.96,1.68,1.15,0.03,19.71,8.91,2003.0,Aurangabad
94.62,26.89,10.83,2.66,42.89,9.34,0.58,42.22,1.9,1.15,0.03,19.76,8.95,2004.0,Aurangabad
94.59,26.03,10.91,2.62,43.39,9.1,0.57,45.14,2.84,1.12,0.03,19.24,8.7,2005.0,Aurangabad
94.61,26.13,11.59,2.49,43.03,8.5,0.56,45.71,3.33,1.1,0.03,19.0,8.59,2006.0,Aurangabad
94.56,26.51,11.17,2.48,43.41,10.22,0.58,43.5,2.26,1.13,0.03,19.6,8.85,2007.0,Aurangabad
94.56,26.9,10.66,2.62,43.07,8.36,0.57,43.59,1.73,1.1,0.03,19.23,8.66,2008.0,Aurangabad
94.58,27.28,10.94,2.6,43.55,9.68,0.57,42.54,2.16,1.12,0.03,19.47,8.75,2009.0,Aurangabad
94.55,26.84,12.11,2.47,44.87,7.47,0.55,50.29,2.58,1.1,0.03,18.85,8.56,2010.0,Aurangabad
94.54,26.54,11.0,2.52,42.83,6.81,0.56,42.92,2.01,1.1,0.03,19.12,8.6,2011.0,Aurangabad
94.55,27.12,10.43,2.75,41.98,8.29,0.56,44.8,1.67,1.1,0.03,19.12,8.58,2012.0,Aurangabad
94.55,26.36,11.6,2.79,43.37,8.22,0.54,47.49,2.38,1.05,0.03,18.26,8.23,2013.0,Aurangabad
94.66,27.02,11.31,2.61,42.84,7.5,0.56,45.58,1.86,1.09,0.03,18.97,8.55,2014.0,Aurangabad
94.7,27.38,11.15,2.51,43.67,8.33,0.56,44.57,2.2,1.09,0.03,19.06,8.58,2015.0,Aurangabad
94.63,26.86,10.76,2.56,44.36,8.46,0.55,47.22,2.2,1.08,0.03,18.88,8.48,2016.0,Aurangabad
94.62,26.82,10.74,2.51,42.78,8.75,0.57,46.89,2.33,1.1,0.03,19.33,8.65,2017.0,Aurangabad
94.62,27.67,9.86,2.58,43.75,6.5,0.55,45.62,1.51,1.05,0.03,18.61,8.32,2018.0,Aurangabad
94.46,27.22,10.69,2.77,44.32,9.71,0.56,43.75,1.63,1.13,0.03,19.33,8.8,2001.0,Beed
94.51,28.03,10.33,2.79,43.43,8.86,0.57,40.74,1.51,1.14,0.03,19.52,8.89,2002.0,Beed
94.5,28.32,10.65,2.83,43.67,9.67,0.57,42.73,1.31,1.15,0.03,19.64,8.95,2003.0,Beed
94.52,27.06,11.01,2.73,42.98,9.53,0.58,40.13,1.92,1.16,0.03,19.82,9.04,2004.0,Beed
94.5,26.42,11.19,2.71,43.5,9.41,0.56,43.83,2.61,1.12,0.03,19.2,8.75,2005.0,Beed
94.51,26.52,11.66,2.63,42.87,8.71,0.56,43.7,2.8,1.11,0.03,19.1,8.7,2006.0,Beed
94.46,27.03,11.19,2.6,43.51,10.18,0.57,44.17,1.97,1.13,0.03,19.49,8.87,2007.0,Beed
94.46,27.08,10.95,2.69,43.01,8.91,0.57,43.95,1.76,1.11,0.03,19.34,8.77,2008.0,Beed
94.48,27.52,11.11,2.68,43.15,10.07,0.57,43.95,2.06,1.12,0.03,19.44,8.8,2009.0,Beed
94.45,27.23,12.22,2.57,44.91,7.68,0.55,50.61,2.41,1.1,0.03,18.83,8.61,2010.0,Beed
94.44,26.99,11.12,2.71,42.81,7.33,0.56,43.06,1.79,1.09,0.03,19.0,8.59,2011.0,Beed
94.45,27.71,10.45,2.83,42.37,9.41,0.56,44.18,1.46,1.11,0.03,19.23,8.69,2012.0,Beed
94.45,27.04,11.61,2.86,43.02,8.99,0.54,47.35,2.11,1.07,0.03,18.52,8.41,2013.0,Beed
94.55,27.53,11.42,2.69,42.7,8.39,0.55,46.87,1.8,1.09,0.03,18.88,8.56,2014.0,Beed
94.6,28.02,11.2,2.65,43.64,8.75,0.56,45.4,1.8,1.1,0.03,19.11,8.66,2015.0,Beed
94.53,27.38,10.8,2.65,43.39,9.21,0.55,46.0,1.98,1.08,0.03,18.73,8.47,2016.0,Beed
94.52,27.48,10.71,2.6,43.2,8.72,0.56,48.8,1.96,1.1,0.03,19.29,8.68,2017.0,Beed
94.52,28.48,9.84,2.7,43.09,7.01,0.54,48.63,1.05,1.04,0.03,18.47,8.32,2018.0,Beed
97.53,27.19,11.74,2.03,47.85,7.79,0.54,56.2,3.23,1.08,0.03,18.22,8.32,2001.0,Bhandara
97.56,28.0,11.12,2.24,47.13,7.82,0.55,51.79,2.84,1.09,0.03,18.63,8.5,2002.0,Bhandara
97.58,27.54,12.03,2.18,47.94,7.61,0.54,55.47,3.67,1.08,0.03,18.25,8.35,2003.0,Bhandara
97.59,27.75,11.62,2.08,46.9,7.45,0.57,49.53,2.36,1.12,0.03,19.02,8.67,2004.0,Bhandara
97.57,27.13,11.68,2.07,46.96,7.84,0.55,53.26,3.71,1.08,0.03,18.36,8.35,2005.0,Bhandara
97.58,27.36,12.37,2.01,46.42,7.86,0.54,52.41,3.65,1.08,0.03,18.26,8.34,2006.0,Bhandara
97.55,27.69,11.54,2.04,46.37,9.84,0.56,51.46,3.06,1.09,0.03,18.72,8.51,2007.0,Bhandara
97.54,27.2,11.59,2.0,46.05,7.76,0.55,51.79,2.84,1.07,0.03,18.32,8.33,2008.0,Bhandara
97.54,28.32,11.5,2.0,47.21,9.77,0.56,50.17,2.94,1.1,0.03,18.86,8.54,2009.0,Bhandara
97.53,28.16,12.26,2.0,47.67,6.79,0.55,54.17,4.15,1.09,0.03,18.43,8.41,2010.0,Bhandara
97.53,27.09,12.08,1.93,46.21,5.42,0.55,49.26,2.99,1.07,0.03,18.39,8.36,2011.0,Bhandara
97.52,27.45,11.38,2.14,47.15,5.39,0.54,52.71,3.61,1.05,0.03,17.99,8.15,2012.0,Bhandara
97.52,27.21,12.48,2.17,48.42,7.96,0.51,54.68,4.71,1.01,0.03,17.3,7.88,2013.0,Bhandara
97.64,27.8,12.01,2.17,47.96,7.6,0.54,54.51,2.78,1.07,0.03,18.26,8.31,2014.0,Bhandara
97.7,27.44,12.48,2.04,47.49,7.18,0.54,52.46,3.77,1.05,0.03,18.27,8.28,2015.0,Bhandara
97.59,27.69,11.92,2.05,46.92,7.13,0.54,53.99,3.45,1.06,0.03,18.26,8.28,2016.0,Bhandara
97.59,27.9,11.63,1.98,46.99,6.69,0.56,47.77,3.05,1.09,0.03,18.87,8.52,2017.0,Bhandara
97.6,27.7,11.35,2.05,46.18,5.86,0.54,47.46,2.91,1.03,0.03,18.13,8.18,2018.0,Bhandara
95.58,27.18,10.62,2.52,45.14,8.43,0.56,45.16,1.92,1.11,0.03,18.99,8.62,2001.0,Buldhana
95.63,27.93,10.21,2.72,45.61,8.4,0.57,42.02,1.82,1.11,0.03,19.14,8.69,2002.0,Buldhana
95.63,27.7,10.96,2.68,44.67,8.13,0.57,45.13,1.98,1.12,0.03,19.24,8.73,2003.0,Buldhana
95.64,27.4,10.82,2.58,44.12,8.59,0.58,41.83,1.78,1.15,0.03,19.71,8.95,2004.0,Buldhana
95.62,26.57,10.91,2.56,44.36,8.34,0.57,43.92,2.63,1.12,0.03,19.18,8.69,2005.0,Buldhana
95.63,26.58,11.77,2.41,44.22,8.18,0.56,46.4,3.53,1.1,0.03,18.8,8.55,2006.0,Buldhana
95.59,27.06,11.1,2.39,44.57,10.07,0.57,44.28,2.23,1.12,0.03,19.38,8.77,2007.0,Buldhana
95.58,27.46,10.58,2.54,44.05,7.17,0.56,44.49,1.66,1.09,0.03,18.9,8.54,2008.0,Buldhana
95.6,27.72,11.01,2.51,44.79,9.73,0.57,42.11,2.25,1.11,0.03,19.3,8.69,2009.0,Buldhana
95.58,27.28,12.17,2.43,45.99,7.68,0.56,49.45,2.79,1.1,0.03,18.79,8.55,2010.0,Buldhana
95.57,26.88,11.16,2.42,43.44,6.77,0.56,44.46,2.13,1.09,0.03,18.9,8.54,2011.0,Buldhana
95.58,27.14,10.68,2.62,43.24,7.21,0.55,47.62,2.04,1.08,0.03,18.76,8.46,2012.0,Buldhana
95.58,26.56,11.81,2.7,44.64,7.98,0.53,48.17,2.72,1.03,0.03,17.93,8.11,2013.0,Buldhana
95.69,27.55,11.28,2.57,44.41,7.06,0.55,45.96,1.92,1.08,0.03,18.77,8.48,2014.0,Buldhana
95.73,27.51,11.32,2.46,44.92,7.55,0.56,45.79,2.45,1.08,0.03,18.93,8.54,2015.0,Buldhana
95.66,27.15,10.86,2.47,46.39,7.32,0.55,48.08,2.54,1.07,0.03,18.7,8.42,2016.0,Buldhana
95.65,27.18,10.79,2.42,44.1,7.8,0.57,45.94,2.31,1.1,0.03,19.23,8.64,2017.0,Buldhana
95.65,27.58,10.12,2.44,44.92,5.5,0.54,43.98,2.09,1.04,0.03,18.39,8.25,2018.0,Buldhana
98.15,27.82,12.18,2.11,47.64,8.57,0.53,58.48,2.75,1.05,0.03,17.93,8.2,2001.0,Chandrapur
98.19,28.57,11.63,2.25,47.26,9.26,0.56,52.17,2.81,1.11,0.03,18.99,8.69,2002.0,Chandrapur
98.2,28.29,12.39,2.24,48.19,8.29,0.55,57.8,3.44,1.1,0.03,18.6,8.52,2003.0,Chandrapur
98.22,28.16,12.17,2.18,46.51,7.89,0.56,51.56,2.24,1.12,0.03,19.01,8.7,2004.0,Chandrapur
98.19,27.64,12.28,2.06,47.32,7.91,0.54,56.8,3.75,1.09,0.03,18.51,8.46,2005.0,Chandrapur
98.21,27.71,12.88,2.02,46.02,7.99,0.55,53.12,3.79,1.09,0.03,18.61,8.51,2006.0,Chandrapur
98.16,28.09,12.14,2.04,46.42,10.81,0.55,51.93,2.9,1.1,0.03,18.88,8.61,2007.0,Chandrapur
98.16,27.56,12.17,1.99,46.36,9.11,0.54,52.67,3.03,1.06,0.03,18.29,8.34,2008.0,Chandrapur
98.15,28.77,11.91,1.98,46.98,10.57,0.56,50.62,2.81,1.11,0.03,19.16,8.69,2009.0,Chandrapur
98.14,28.64,12.78,2.07,47.53,8.01,0.53,56.98,4.37,1.06,0.03,18.06,8.26,2010.0,Chandrapur
98.15,27.83,12.41,1.99,46.07,6.36,0.55,49.02,2.71,1.09,0.03,18.87,8.58,2011.0,Chandrapur
98.14,28.07,11.83,2.12,47.44,6.22,0.54,53.28,3.53,1.05,0.03,18.24,8.27,2012.0,Chandrapur
98.15,27.63,13.02,2.22,48.67,9.85,0.51,56.18,4.55,1.0,0.03,17.2,7.84,2013.0,Chandrapur
98.26,28.27,12.48,2.15,47.38,8.32,0.53,54.13,2.71,1.05,0.03,18.18,8.27,2014.0,Chandrapur
98.31,28.23,12.76,2.08,47.37,7.56,0.54,51.78,3.2,1.06,0.03,18.54,8.42,2015.0,Chandrapur
98.21,28.01,12.49,2.17,46.7,7.9,0.54,55.2,3.72,1.06,0.03,18.37,8.34,2016.0,Chandrapur
98.21,28.27,11.96,2.01,47.12,8.74,0.55,49.95,2.93,1.08,0.03,18.82,8.5,2017.0,Chandrapur
98.22,28.17,11.81,2.1,46.63,6.69,0.53,48.32,3.0,1.02,0.03,18.06,8.17,2018.0,Chandrapur
97.51,28.29,10.74,2.54,46.09,8.3,0.57,39.35,1.61,1.12,0.03,19.32,8.7,2001.0,Dhule
97.57,28.77,10.49,2.71,47.57,8.13,0.57,36.8,1.65,1.11,0.03,19.34,8.72,2002.0,Dhule
97.57,28.21,11.46,2.58,45.51,7.85,0.57,39.16,2.16,1.12,0.03,19.41,8.75,2003.0,Dhule
97.57,28.11,11.26,2.55,45.01,9.36,0.57,39.99,1.96,1.13,0.03,19.41,8.76,2004.0,Dhule
97.56,27.2,11.21,2.47,45.37,8.36,0.57,39.74,2.81,1.12,0.03,19.26,8.67,2005.0,Dhule
97.56,27.53,12.01,2.4,45.32,8.53,0.56,40.38,3.12,1.09,0.03,18.88,8.51,2006.0,Dhule
97.51,27.81,11.58,2.34,45.98,10.61,0.57,41.32,2.35,1.11,0.03,19.27,8.69,2007.0,Dhule
97.52,27.94,10.99,2.49,45.3,7.23,0.56,40.51,1.83,1.09,0.03,19.06,8.55,2008.0,Dhule
97.53,28.69,11.36,2.53,46.21,10.22,0.57,38.92,2.09,1.11,0.03,19.41,8.7,2009.0,Dhule
97.5,28.16,12.57,2.38,46.69,8.6,0.56,46.92,2.51,1.09,0.03,18.81,8.51,2010.0,Dhule
97.5,27.91,11.22,2.42,44.6,7.39,0.56,40.07,1.97,1.08,0.03,18.89,8.47,2011.0,Dhule
97.51,28.13,10.83,2.65,43.84,6.74,0.56,41.95,1.7,1.08,0.03,18.95,8.48,2012.0,Dhule
97.52,27.26,12.09,2.65,45.42,7.53,0.53,45.53,2.6,1.03,0.03,17.93,8.06,2013.0,Dhule
97.62,28.27,11.56,2.5,45.52,6.96,0.56,41.32,1.92,1.08,0.03,18.84,8.45,2014.0,Dhule
97.67,28.34,11.59,2.39,45.47,7.37,0.56,42.37,2.22,1.08,0.03,18.91,8.48,2015.0,Dhule
97.6,28.41,10.84,2.48,46.72,7.71,0.55,42.88,1.75,1.07,0.03,18.74,8.39,2016.0,Dhule
97.58,28.52,10.9,2.44,44.95,7.82,0.56,42.3,1.72,1.08,0.03,19.02,8.5,2017.0,Dhule
97.57,29.24,9.91,2.55,45.87,6.11,0.55,41.51,1.06,1.04,0.03,18.58,8.28,2018.0,Dhule
98.03,27.29,12.47,1.66,47.19,9.22,0.52,58.83,3.09,1.05,0.03,17.61,8.1,2001.0,Gadchiroli
98.07,27.92,11.93,1.78,47.56,9.38,0.55,53.03,3.0,1.11,0.03,18.78,8.63,2002.0,Gadchiroli
98.08,27.78,12.6,1.76,48.53,9.01,0.53,58.82,3.97,1.09,0.03,18.16,8.37,2003.0,Gadchiroli
98.11,27.36,12.6,1.72,46.14,8.31,0.55,52.03,2.72,1.11,0.03,18.68,8.58,2004.0,Gadchiroli
98.07,27.2,12.6,1.63,47.04,8.5,0.53,57.72,4.27,1.08,0.03,18.16,8.34,2005.0,Gadchiroli
98.1,27.25,13.11,1.61,45.5,8.39,0.54,53.67,4.07,1.09,0.03,18.36,8.44,2006.0,Gadchiroli
98.05,27.54,12.45,1.64,46.53,10.45,0.55,53.09,3.41,1.1,0.03,18.68,8.57,2007.0,Gadchiroli
98.05,27.06,12.46,1.6,45.99,9.89,0.53,54.71,3.43,1.05,0.03,17.93,8.21,2008.0,Gadchiroli
98.04,28.25,12.17,1.58,46.81,10.78,0.56,51.73,3.17,1.11,0.03,19.07,8.7,2009.0,Gadchiroli
98.03,28.16,12.99,1.64,47.48,8.12,0.52,59.55,4.92,1.06,0.03,17.85,8.23,2010.0,Gadchiroli
98.04,27.27,12.71,1.59,45.39,6.94,0.55,50.55,3.19,1.09,0.03,18.65,8.51,2011.0,Gadchiroli
98.02,27.58,12.16,1.69,47.32,6.65,0.53,55.11,4.27,1.05,0.03,17.95,8.19,2012.0,Gadchiroli
98.03,27.13,13.28,1.74,48.27,9.75,0.5,57.97,5.04,1.0,0.03,16.99,7.79,2013.0,Gadchiroli
98.15,27.47,12.84,1.69,47.42,8.7,0.52,56.35,3.26,1.04,0.03,17.79,8.13,2014.0,Gadchiroli
98.2,27.56,13.07,1.64,47.12,8.23,0.53,54.93,3.53,1.05,0.03,18.1,8.26,2015.0,Gadchiroli
98.1,27.52,12.8,1.74,46.61,8.83,0.53,56.45,4.04,1.06,0.03,18.13,8.28,2016.0,Gadchiroli
98.1,27.63,12.28,1.6,46.39,9.05,0.55,50.2,3.34,1.08,0.03,18.65,8.47,2017.0,Gadchiroli
98.11,27.48,12.19,1.71,46.63,7.01,0.52,49.21,3.29,1.02,0.03,17.71,8.06,2018.0,Gadchiroli
96.87,26.64,11.55,1.96,47.42,7.9,0.53,56.46,3.58,1.05,0.03,17.93,8.15,2001.0,Gondia
96.9,27.45,10.89,2.12,46.9,8.1,0.56,51.66,2.88,1.09,0.03,18.68,8.47,2002.0,Gondia
96.92,26.97,11.83,2.07,47.78,7.14,0.54,57.15,4.2,1.07,0.03,18.02,8.21,2003.0,Gondia
96.93,27.05,11.52,1.95,46.17,7.35,0.56,49.57,2.8,1.1,0.03,18.87,8.55,2004.0,Gondia
96.91,26.64,11.45,1.96,46.62,8.24,0.54,54.29,4.29,1.06,0.03,18.16,8.21,2005.0,Gondia
96.92,27.13,12.02,1.94,46.32,8.06,0.54,52.09,3.56,1.07,0.03,18.21,8.27,2006.0,Gondia
96.89,27.15,11.36,1.97,46.15,9.56,0.55,52.24,3.57,1.07,0.03,18.48,8.36,2007.0,Gondia
96.88,26.73,11.37,1.92,45.73,7.2,0.55,52.93,3.14,1.06,0.03,18.33,8.28,2008.0,Gondia
96.88,27.92,11.29,1.93,46.62,9.77,0.56,50.12,3.27,1.09,0.03,18.85,8.48,2009.0,Gondia
96.87,27.73,11.94,1.92,47.42,6.68,0.54,54.92,4.21,1.07,0.03,18.26,8.28,2010.0,Gondia
96.87,26.68,11.86,1.84,45.64,5.33,0.54,49.4,3.79,1.05,0.03,18.23,8.24,2011.0,Gondia
96.85,26.91,11.19,2.02,47.14,5.33,0.53,53.06,4.11,1.03,0.03,17.86,8.05,2012.0,Gondia
96.86,26.71,12.33,2.0,47.91,7.77,0.51,55.83,5.22,1.0,0.03,17.17,7.78,2013.0,Gondia
96.97,27.03,11.92,2.05,48.12,7.24,0.54,55.2,3.24,1.04,0.03,18.0,8.14,2014.0,Gondia
97.04,26.89,12.3,1.92,47.04,7.1,0.54,53.33,3.63,1.03,0.03,18.03,8.12,2015.0,Gondia
96.93,27.36,11.72,1.92,46.96,6.69,0.53,55.55,3.12,1.03,0.03,17.9,8.06,2016.0,Gondia
96.92,27.75,11.31,1.88,46.81,6.89,0.56,46.19,2.86,1.07,0.03,18.76,8.42,2017.0,Gondia
96.93,27.18,11.22,1.95,46.1,5.29,0.53,45.32,2.96,1.02,0.03,17.95,8.07,2018.0,Gondia
95.85,27.48,11.02,2.43,45.68,10.34,0.55,52.77,2.19,1.09,0.03,18.58,8.47,2001.0,Hingoli
95.89,28.25,10.62,2.57,45.32,8.78,0.56,47.29,2.07,1.11,0.03,19.14,8.72,2002.0,Hingoli
95.89,28.28,11.11,2.59,45.12,9.47,0.56,52.22,2.0,1.12,0.03,19.15,8.71,2003.0,Hingoli
95.9,27.73,11.13,2.47,44.22,9.2,0.58,46.54,1.99,1.15,0.03,19.57,8.91,2004.0,Hingoli
95.88,27.01,11.39,2.47,45.01,9.24,0.56,49.71,2.92,1.11,0.03,18.93,8.61,2005.0,Hingoli
95.9,26.72,12.14,2.33,44.35,8.39,0.55,51.08,3.64,1.09,0.03,18.71,8.51,2006.0,Hingoli
95.85,27.41,11.3,2.35,44.39,10.44,0.57,50.96,2.36,1.12,0.03,19.33,8.77,2007.0,Hingoli
95.85,27.49,11.08,2.41,44.39,9.45,0.55,50.85,2.08,1.08,0.03,18.77,8.5,2008.0,Hingoli
95.86,28.16,11.18,2.44,44.49,10.55,0.57,49.44,2.3,1.11,0.03,19.23,8.68,2009.0,Hingoli
95.84,27.79,12.34,2.39,45.72,7.86,0.54,55.39,3.0,1.08,0.03,18.43,8.4,2010.0,Hingoli
95.83,27.37,11.47,2.41,43.81,7.2,0.55,49.62,2.18,1.09,0.03,18.88,8.54,2011.0,Hingoli
95.84,27.82,10.89,2.55,43.86,8.97,0.55,52.92,2.11,1.08,0.03,18.74,8.46,2012.0,Hingoli
95.84,27.24,12.09,2.59,44.69,9.87,0.52,53.66,2.94,1.03,0.03,17.74,8.04,2013.0,Hingoli
95.95,28.08,11.53,2.45,44.48,8.38,0.55,52.74,2.04,1.07,0.03,18.66,8.45,2014.0,Hingoli
95.99,28.37,11.42,2.44,45.65,8.41,0.55,50.41,2.15,1.08,0.03,18.82,8.51,2015.0,Hingoli
95.91,28.0,11.05,2.42,45.25,9.01,0.55,52.33,2.23,1.07,0.03,18.68,8.43,2016.0,Hingoli
95.9,28.39,10.64,2.39,44.48,9.37,0.57,49.62,1.82,1.1,0.03,19.25,8.65,2017.0,Hingoli
95.91,28.44,10.27,2.38,44.43,7.02,0.54,49.36,1.87,1.04,0.03,18.38,8.25,2018.0,Hingoli
97.14,28.08,10.65,2.48,46.39,7.95,0.57,40.27,1.69,1.11,0.03,19.15,8.67,2001.0,Jalgaon
97.19,28.58,10.37,2.67,47.35,8.48,0.57,36.67,1.71,1.1,0.03,19.2,8.69,2002.0,Jalgaon
97.2,28.08,11.3,2.58,45.54,7.63,0.57,40.24,2.18,1.1,0.03,19.06,8.62,2003.0,Jalgaon
97.2,27.98,11.09,2.52,45.37,9.35,0.57,41.09,1.91,1.11,0.03,19.26,8.73,2004.0,Jalgaon
97.18,27.12,11.05,2.44,45.37,8.35,0.57,39.59,2.71,1.11,0.03,19.3,8.7,2005.0,Jalgaon
97.19,27.31,11.94,2.33,45.57,8.64,0.56,41.2,3.24,1.08,0.03,18.71,8.48,2006.0,Jalgaon
97.14,27.63,11.4,2.29,45.75,10.45,0.58,40.39,2.33,1.11,0.03,19.34,8.74,2007.0,Jalgaon
97.14,27.94,10.8,2.46,45.36,7.41,0.56,40.87,1.73,1.07,0.03,18.82,8.47,2008.0,Jalgaon
97.16,28.44,11.25,2.47,46.13,10.42,0.58,37.33,2.2,1.11,0.03,19.37,8.71,2009.0,Jalgaon
97.13,27.96,12.4,2.34,46.96,8.41,0.56,44.36,2.59,1.1,0.03,18.99,8.61,2010.0,Jalgaon
97.12,27.66,11.2,2.36,44.52,6.77,0.56,38.64,2.06,1.07,0.03,18.78,8.46,2011.0,Jalgaon
97.14,27.85,10.79,2.59,44.23,7.5,0.55,42.24,1.84,1.06,0.03,18.65,8.38,2012.0,Jalgaon
97.14,27.12,12.01,2.64,45.66,7.54,0.53,45.32,2.71,1.02,0.03,17.72,8.0,2013.0,Jalgaon
97.25,28.16,11.43,2.49,45.85,7.33,0.56,41.08,1.92,1.08,0.03,18.86,8.5,2014.0,Jalgaon
97.3,28.03,11.56,2.36,45.81,7.58,0.55,41.95,2.42,1.06,0.03,18.58,8.36,2015.0,Jalgaon
97.22,28.05,10.83,2.43,47.53,7.67,0.56,44.09,2.08,1.07,0.03,18.67,8.39,2016.0,Jalgaon
97.21,27.92,10.97,2.36,45.16,7.85,0.56,42.78,2.24,1.08,0.03,18.91,8.48,2017.0,Jalgaon
97.2,28.69,9.99,2.44,45.98,6.24,0.55,41.37,1.52,1.04,0.03,18.52,8.29,2018.0,Jalgaon
94.56,26.9,10.47,2.63,44.31,9.85,0.57,44.74,1.73,1.12,0.03,19.33,8.75,2001.0,Jalna
94.61,27.62,10.19,2.77,44.75,8.85,0.57,41.71,1.68,1.12,0.03,19.36,8.77,2002.0,Jalna
94.6,27.62,10.72,2.75,43.89,8.46,0.58,43.96,1.68,1.15,0.03,19.71,8.91,2003.0,Jalna
94.62,26.89,10.83,2.66,42.89,9.34,0.58,42.22,1.9,1.15,0.03,19.76,8.95,2004.0,Jalna
94.59,26.03,10.91,2.62,43.39,9.1,0.57,45.14,2.84,1.12,0.03,19.24,8.7,2005.0,Jalna
94.61,26.13,11.59,2.49,43.03,8.5,0.56,45.71,3.33,1.1,0.03,19.0,8.59,2006.0,Jalna
94.56,26.51,11.17,2.48,43.41,10.22,0.58,43.5,2.26,1.13,0.03,19.6,8.85,2007.0,Jalna
94.56,26.9,10.66,2.62,43.07,8.36,0.57,43.59,1.73,1.1,0.03,19.23,8.66,2008.0,Jalna
94.58,27.28,10.94,2.6,43.55,9.68,0.57,42.54,2.16,1.12,0.03,19.47,8.75,2009.0,Jalna
94.55,26.84,12.11,2.47,44.87,7.47,0.55,50.29,2.58,1.1,0.03,18.85,8.56,2010.0,Jalna
94.54,26.54,11.0,2.52,42.83,6.81,0.56,42.92,2.01,1.1,0.03,19.12,8.6,2011.0,Jalna
94.55,27.12,10.43,2.75,41.98,8.29,0.56,44.8,1.67,1.1,0.03,19.12,8.58,2012.0,Jalna
94.55,26.36,11.6,2.79,43.37,8.22,0.54,47.49,2.38,1.05,0.03,18.26,8.23,2013.0,Jalna
94.66,27.02,11.31,2.61,42.84,7.5,0.56,45.58,1.86,1.09,0.03,18.97,8.55,2014.0,Jalna
94.7,27.38,11.15,2.51,43.67,8.33,0.56,44.57,2.2,1.09,0.03,19.06,8.58,2015.0,Jalna
94.63,26.86,10.76,2.56,44.36,8.46,0.55,47.22,2.2,1.08,0.03,18.88,8.48,2016.0,Jalna
94.62,26.82,10.74,2.51,42.78,8.75,0.57,46.89,2.33,1.1,0.03,19.33,8.65,2017.0,Jalna
94.62,27.67,9.86,2.58,43.75,6.5,0.55,45.62,1.51,1.05,0.03,18.61,8.32,2018.0,Jalna
94.02,25.8,12.33,3.2,43.07,12.71,0.55,51.86,2.29,1.13,0.03,19.05,8.68,2001.0,Kolhapur
94.07,26.45,12.44,3.02,42.66,10.67,0.56,49.88,2.27,1.14,0.03,19.32,8.81,2002.0,Kolhapur
94.06,26.85,12.42,2.99,41.83,12.35,0.57,51.01,1.97,1.15,0.03,19.55,8.91,2003.0,Kolhapur
94.07,25.77,12.42,3.09,42.28,11.7,0.56,47.43,2.67,1.15,0.03,19.41,8.85,2004.0,Kolhapur
94.04,25.39,12.76,3.01,42.19,11.2,0.55,51.47,3.82,1.12,0.03,18.95,8.63,2005.0,Kolhapur
94.05,25.3,12.92,3.15,41.32,10.66,0.55,51.53,4.09,1.12,0.03,18.94,8.63,2006.0,Kolhapur
94.0,25.65,13.03,2.96,41.86,10.41,0.55,51.6,3.92,1.11,0.03,18.88,8.61,2007.0,Kolhapur
94.01,25.38,12.74,3.01,41.12,10.53,0.56,49.54,2.78,1.12,0.03,19.21,8.73,2008.0,Kolhapur
94.03,26.13,12.96,2.99,42.26,12.42,0.54,50.42,3.15,1.1,0.03,18.83,8.55,2009.0,Kolhapur
94.0,26.05,13.8,2.91,41.41,10.46,0.53,56.96,3.44,1.09,0.03,18.36,8.4,2010.0,Kolhapur
93.99,25.49,12.64,3.2,40.45,10.77,0.55,49.06,3.08,1.09,0.03,18.84,8.51,2011.0,Kolhapur
94.01,26.11,12.24,3.05,41.68,10.98,0.55,49.72,2.35,1.12,0.03,19.12,8.64,2012.0,Kolhapur
94.01,25.76,12.86,3.18,41.08,10.77,0.54,50.68,2.95,1.09,0.03,18.58,8.43,2013.0,Kolhapur
94.09,26.01,12.9,2.93,40.73,11.57,0.54,52.38,2.82,1.08,0.03,18.51,8.39,2014.0,Kolhapur
94.13,26.58,12.72,2.84,41.74,9.82,0.56,50.79,2.01,1.12,0.03,19.19,8.71,2015.0,Kolhapur
94.09,25.82,12.46,2.96,42.77,10.6,0.54,51.53,4.29,1.08,0.03,18.53,8.39,2016.0,Kolhapur
94.06,25.72,12.73,2.84,42.04,11.46,0.56,50.57,3.41,1.12,0.03,19.22,8.68,2017.0,Kolhapur
94.07,25.59,12.47,2.81,41.8,10.65,0.53,51.11,3.58,1.06,0.03,18.45,8.33,2018.0,Kolhapur
94.67,26.96,11.16,2.62,44.31,9.56,0.55,51.92,2.17,1.11,0.03,18.86,8.57,2001.0,Latur
94.72,27.8,10.87,2.65,43.57,8.75,0.57,47.19,2.02,1.14,0.03,19.39,8.81,2002.0,Latur
94.71,28.18,11.09,2.71,43.94,9.77,0.57,51.74,1.67,1.15,0.03,19.48,8.85,2003.0,Latur
94.73,26.89,11.49,2.62,43.22,9.3,0.58,46.33,2.2,1.16,0.03,19.75,8.97,2004.0,Latur
94.7,26.45,11.68,2.6,43.59,9.2,0.56,49.54,2.94,1.12,0.03,19.1,8.67,2005.0,Latur
94.72,26.33,12.11,2.53,43.0,8.29,0.56,49.71,2.84,1.12,0.03,19.01,8.62,2006.0,Latur
94.67,27.13,11.36,2.5,43.56,10.28,0.57,49.03,2.18,1.14,0.03,19.49,8.83,2007.0,Latur
94.67,26.77,11.43,2.59,43.32,8.9,0.56,48.99,2.49,1.11,0.03,19.23,8.69,2008.0,Latur
94.68,27.54,11.34,2.59,43.67,9.94,0.57,48.02,2.19,1.13,0.03,19.51,8.8,2009.0,Latur
94.66,27.39,12.38,2.47,44.58,8.2,0.55,55.85,2.86,1.1,0.03,18.65,8.49,2010.0,Latur
94.65,27.16,11.34,2.66,42.95,7.78,0.56,47.26,1.85,1.11,0.03,19.13,8.62,2011.0,Latur
94.65,27.62,10.83,2.66,43.29,9.73,0.56,51.23,1.83,1.11,0.03,19.06,8.58,2012.0,Latur
94.66,26.91,12.13,2.72,43.55,9.95,0.53,52.96,2.64,1.06,0.03,18.29,8.27,2013.0,Latur
94.76,27.54,11.7,2.54,42.97,8.38,0.55,51.85,2.06,1.09,0.03,18.82,8.49,2014.0,Latur
94.8,28.32,11.29,2.57,44.54,8.91,0.56,49.74,1.61,1.1,0.03,19.09,8.6,2015.0,Latur
94.73,27.6,11.07,2.53,43.55,9.76,0.54,51.3,2.09,1.07,0.03,18.62,8.37,2016.0,Latur
94.72,27.94,10.67,2.47,43.68,9.27,0.57,50.54,1.74,1.12,0.03,19.41,8.7,2017.0,Latur
94.72,28.29,10.25,2.58,43.57,7.24,0.54,49.39,1.35,1.05,0.03,18.55,8.31,2018.0,Latur
99.75,27.5,14.22,2.64,42.66,13.01,0.57,47.1,5.1,1.15,0.03,19.39,8.98,2001.0,Mumbai City
99.8,28.27,13.82,2.65,44.19,11.23,0.57,46.55,3.62,1.15,0.03,19.46,9.02,2002.0,Mumbai City
99.78,28.17,14.36,2.58,43.25,12.91,0.57,47.05,5.38,1.15,0.03,19.46,9.01,2003.0,Mumbai City
99.79,27.7,14.16,2.67,44.85,13.92,0.56,49.51,6.34,1.14,0.03,19.14,8.88,2004.0,Mumbai City
99.78,27.34,14.1,2.59,43.54,12.21,0.56,46.32,8.77,1.14,0.03,19.2,8.87,2005.0,Mumbai City
99.78,27.57,14.66,2.64,42.55,12.53,0.55,47.51,9.13,1.12,0.03,18.95,8.77,2006.0,Mumbai City
99.72,27.82,14.57,2.61,44.89,14.06,0.55,46.18,7.36,1.13,0.03,18.98,8.8,2007.0,Mumbai City
99.73,27.41,14.11,2.56,43.2,10.42,0.56,43.86,7.1,1.12,0.03,19.15,8.83,2008.0,Mumbai City
99.75,28.19,14.46,2.56,44.18,12.89,0.56,44.69,6.18,1.12,0.03,18.99,8.77,2009.0,Mumbai City
99.71,27.77,15.57,2.39,43.04,12.51,0.54,50.46,8.51,1.09,0.03,18.34,8.52,2010.0,Mumbai City
99.7,27.25,14.52,2.6,41.98,11.45,0.55,43.59,7.05,1.09,0.03,18.71,8.61,2011.0,Mumbai City
99.74,27.35,13.99,2.61,42.93,11.18,0.56,43.28,4.96,1.13,0.03,19.32,8.88,2012.0,Mumbai City
99.74,27.32,14.62,2.59,41.53,12.01,0.55,44.38,6.76,1.11,0.03,18.84,8.69,2013.0,Mumbai City
99.82,28.04,14.23,2.57,43.51,11.8,0.55,43.86,6.39,1.11,0.03,18.96,8.73,2014.0,Mumbai City
99.87,27.93,14.57,2.47,43.45,12.72,0.56,44.9,4.69,1.11,0.03,19.09,8.79,2015.0,Mumbai City
99.83,27.51,14.2,2.56,42.68,13.04,0.54,45.2,8.09,1.09,0.03,18.57,8.55,2016.0,Mumbai City
99.79,27.68,14.41,2.44,44.11,12.13,0.56,44.19,8.02,1.11,0.03,19.11,8.77,2017.0,Mumbai City
99.79,27.79,13.96,2.45,42.99,12.27,0.54,44.38,5.64,1.06,0.03,18.49,8.48,2018.0,Mumbai City
99.75,27.5,14.22,2.64,42.66,13.01,0.56,47.55,5.1,1.13,0.03,19.2,8.86,2001.0,Mumbai Suburban
99.8,28.27,13.82,2.65,44.19,11.23,0.57,46.34,3.62,1.14,0.03,19.36,8.93,2002.0,Mumbai Suburban
99.78,28.17,14.36,2.58,43.25,12.91,0.57,46.25,5.38,1.14,0.03,19.39,8.94,2003.0,Mumbai Suburban
99.79,27.7,14.16,2.67,44.85,13.92,0.56,49.54,6.34,1.13,0.03,19.1,8.82,2004.0,Mumbai Suburban
99.78,27.34,14.1,2.59,43.54,12.21,0.56,46.54,8.77,1.13,0.03,19.15,8.81,2005.0,Mumbai Suburban
99.78,27.57,14.66,2.64,42.55,12.53,0.56,46.7,9.13,1.11,0.03,18.9,8.72,2006.0,Mumbai Suburban
99.72,27.82,14.57,2.61,44.89,14.06,0.56,46.81,7.36,1.12,0.03,19.1,8.81,2007.0,Mumbai Suburban
99.73,27.41,14.11,2.56,43.2,10.42,0.55,46.8,7.1,1.09,0.03,18.85,8.65,2008.0,Mumbai Suburban
99.75,28.19,14.46,2.56,44.18,12.89,0.56,47.29,6.18,1.11,0.03,19.07,8.76,2009.0,Mumbai Suburban
99.71,27.77,15.57,2.39,43.04,12.51,0.54,52.39,8.51,1.09,0.03,18.47,8.55,2010.0,Mumbai Suburban
99.7,27.25,14.52,2.6,41.98,11.45,0.55,45.62,7.05,1.08,0.03,18.66,8.56,2011.0,Mumbai Suburban
99.74,27.35,13.99,2.61,42.93,11.18,0.57,47.03,4.96,1.12,0.03,19.24,8.81,2012.0,Mumbai Suburban
99.74,27.32,14.62,2.59,41.53,12.01,0.54,48.0,6.76,1.08,0.03,18.53,8.51,2013.0,Mumbai Suburban
99.82,28.04,14.23,2.57,43.51,11.8,0.56,45.78,6.39,1.11,0.03,19.05,8.75,2014.0,Mumbai Suburban
99.87,27.93,14.57,2.47,43.45,12.72,0.56,48.95,4.69,1.1,0.03,18.96,8.7,2015.0,Mumbai Suburban
99.83,27.51,14.2,2.56,42.68,13.04,0.55,47.21,8.09,1.08,0.03,18.54,8.52,2016.0,Mumbai Suburban
99.79,27.68,14.41,2.44,44.11,12.13,0.56,47.12,8.02,1.11,0.03,19.19,8.78,2017.0,Mumbai Suburban
99.79,27.79,13.96,2.45,42.99,12.27,0.55,47.29,5.64,1.06,0.03,18.59,8.49,2018.0,Mumbai Suburban
97.53,27.19,11.74,2.03,47.85,7.79,0.54,56.2,3.23,1.08,0.03,18.22,8.32,2001.0,Nagpur
97.56,28.0,11.12,2.24,47.13,7.82,0.55,51.79,2.84,1.09,0.03,18.63,8.5,2002.0,Nagpur
97.58,27.54,12.03,2.18,47.94,7.61,0.54,55.47,3.67,1.08,0.03,18.25,8.35,2003.0,Nagpur
97.59,27.75,11.62,2.08,46.9,7.45,0.57,49.53,2.36,1.12,0.03,19.02,8.67,2004.0,Nagpur
97.57,27.13,11.68,2.07,46.96,7.84,0.55,53.26,3.71,1.08,0.03,18.36,8.35,2005.0,Nagpur
97.58,27.36,12.37,2.01,46.42,7.86,0.54,52.41,3.65,1.08,0.03,18.26,8.34,2006.0,Nagpur
97.55,27.69,11.54,2.04,46.37,9.84,0.56,51.46,3.06,1.09,0.03,18.72,8.51,2007.0,Nagpur
97.54,27.2,11.59,2.0,46.05,7.76,0.55,51.79,2.84,1.07,0.03,18.32,8.33,2008.0,Nagpur
97.54,28.32,11.5,2.0,47.21,9.77,0.56,50.17,2.94,1.1,0.03,18.86,8.54,2009.0,Nagpur
97.53,28.16,12.26,2.0,47.67,6.79,0.55,54.17,4.15,1.09,0.03,18.43,8.41,2010.0,Nagpur
97.53,27.09,12.08,1.93,46.21,5.42,0.55,49.26,2.99,1.07,0.03,18.39,8.36,2011.0,Nagpur
97.52,27.45,11.38,2.14,47.15,5.39,0.54,52.71,3.61,1.05,0.03,17.99,8.15,2012.0,Nagpur
97.52,27.21,12.48,2.17,48.42,7.96,0.51,54.68,4.71,1.01,0.03,17.3,7.88,2013.0,Nagpur
97.64,27.8,12.01,2.17,47.96,7.6,0.54,54.51,2.78,1.07,0.03,18.26,8.31,2014.0,Nagpur
97.7,27.44,12.48,2.04,47.49,7.18,0.54,52.46,3.77,1.05,0.03,18.27,8.28,2015.0,Nagpur
97.59,27.69,11.92,2.05,46.92,7.13,0.54,53.99,3.45,1.06,0.03,18.26,8.28,2016.0,Nagpur
97.59,27.9,11.63,1.98,46.99,6.69,0.56,47.77,3.05,1.09,0.03,18.87,8.52,2017.0,Nagpur
97.6,27.7,11.35,2.05,46.18,5.86,0.54,47.46,2.91,1.03,0.03,18.13,8.18,2018.0,Nagpur
96.23,27.66,11.36,2.41,45.86,10.37,0.55,52.77,2.24,1.09,0.03,18.58,8.47,2001.0,Nanded
96.27,28.42,11.02,2.48,45.29,8.9,0.56,47.29,2.19,1.11,0.03,19.14,8.72,2002.0,Nanded
96.27,28.37,11.54,2.5,45.47,9.53,0.56,52.22,2.27,1.12,0.03,19.15,8.71,2003.0,Nanded
96.29,27.89,11.53,2.46,44.47,8.68,0.58,46.54,2.01,1.15,0.03,19.57,8.91,2004.0,Nanded
96.26,27.12,11.86,2.38,45.22,8.75,0.56,49.71,3.21,1.11,0.03,18.93,8.61,2005.0,Nanded
96.29,26.82,12.52,2.29,44.6,7.85,0.55,51.08,3.37,1.09,0.03,18.71,8.51,2006.0,Nanded
96.23,27.64,11.58,2.28,44.57,10.43,0.57,50.96,2.37,1.12,0.03,19.33,8.77,2007.0,Nanded
96.23,27.23,11.64,2.3,44.68,9.65,0.55,50.85,2.68,1.08,0.03,18.77,8.5,2008.0,Nanded
96.24,28.4,11.41,2.36,44.85,10.92,0.57,49.44,2.26,1.11,0.03,19.23,8.68,2009.0,Nanded
96.22,28.12,12.5,2.32,46.13,8.46,0.54,55.39,3.01,1.08,0.03,18.43,8.4,2010.0,Nanded
96.22,27.71,11.63,2.42,44.39,7.81,0.55,49.62,2.15,1.09,0.03,18.88,8.54,2011.0,Nanded
96.22,28.2,11.05,2.47,44.43,9.16,0.55,52.92,2.02,1.08,0.03,18.74,8.46,2012.0,Nanded
96.22,27.49,12.45,2.5,45.57,10.35,0.52,53.66,3.15,1.03,0.03,17.74,8.04,2013.0,Nanded
96.33,28.37,11.77,2.38,44.2,8.6,0.55,52.74,1.98,1.07,0.03,18.66,8.45,2014.0,Nanded
96.37,28.99,11.5,2.43,46.18,8.7,0.55,50.41,1.78,1.08,0.03,18.82,8.51,2015.0,Nanded
96.29,28.26,11.36,2.37,45.26,9.75,0.55,52.33,2.23,1.07,0.03,18.68,8.43,2016.0,Nanded
96.28,28.77,10.78,2.31,45.2,9.65,0.57,49.62,1.69,1.1,0.03,19.25,8.65,2017.0,Nanded
96.29,28.73,10.59,2.35,44.82,7.4,0.54,49.36,1.79,1.04,0.03,18.38,8.25,2018.0,Nanded
97.22,27.56,10.82,2.71,45.11,7.91,0.57,38.83,1.67,1.11,0.03,19.16,8.68,2001.0,Nandurbar
97.28,27.9,10.71,2.86,47.02,7.37,0.57,35.56,1.84,1.11,0.03,19.21,8.71,2002.0,Nandurbar
97.28,27.11,11.88,2.71,45.18,7.55,0.57,38.52,2.91,1.11,0.03,19.11,8.67,2003.0,Nandurbar
97.28,27.36,11.46,2.71,44.58,8.85,0.57,40.31,2.58,1.12,0.03,19.21,8.72,2004.0,Nandurbar
97.26,26.75,11.23,2.61,44.56,8.27,0.58,38.36,3.26,1.12,0.03,19.38,8.75,2005.0,Nandurbar
97.26,27.13,12.01,2.61,44.87,8.42,0.56,39.62,3.33,1.09,0.03,18.74,8.51,2006.0,Nandurbar
97.22,27.28,11.74,2.5,45.29,10.38,0.57,38.64,2.82,1.11,0.03,19.25,8.73,2007.0,Nandurbar
97.22,27.04,11.16,2.64,44.32,7.09,0.56,39.67,2.2,1.08,0.03,18.89,8.52,2008.0,Nandurbar
97.24,27.91,11.58,2.65,45.63,10.26,0.58,36.29,2.37,1.11,0.03,19.4,8.74,2009.0,Nandurbar
97.21,27.45,12.73,2.53,45.85,7.93,0.56,43.83,2.85,1.1,0.03,18.89,8.59,2010.0,Nandurbar
97.2,27.28,11.36,2.63,44.3,6.58,0.56,37.19,2.25,1.08,0.03,18.82,8.5,2011.0,Nandurbar
97.22,27.16,11.13,2.83,43.13,6.0,0.56,40.62,1.91,1.07,0.03,18.79,8.46,2012.0,Nandurbar
97.23,26.45,12.17,2.77,44.48,6.68,0.53,44.57,3.29,1.03,0.03,17.82,8.06,2013.0,Nandurbar
97.33,27.56,11.63,2.66,44.81,7.06,0.56,39.26,2.18,1.08,0.03,18.87,8.53,2014.0,Nandurbar
97.37,27.45,11.78,2.61,44.62,7.84,0.56,40.17,2.6,1.06,0.03,18.69,8.43,2015.0,Nandurbar
97.31,27.47,11.13,2.64,46.2,7.28,0.55,43.55,2.05,1.07,0.03,18.64,8.42,2016.0,Nandurbar
97.28,27.7,11.11,2.59,44.28,7.7,0.56,40.81,1.93,1.07,0.03,18.8,8.46,2017.0,Nandurbar
97.28,28.33,10.27,2.7,44.89,6.06,0.55,38.17,1.31,1.04,0.03,18.51,8.31,2018.0,Nandurbar
94.28,25.24,11.47,2.8,42.3,8.83,0.55,49.39,3.18,1.07,0.03,18.46,8.34,2001.0,Nashik
94.34,25.99,11.07,2.89,43.99,7.43,0.55,47.22,2.69,1.07,0.03,18.6,8.4,2002.0,Nashik
94.33,25.67,11.82,2.84,42.61,8.25,0.55,46.8,3.98,1.08,0.03,18.67,8.44,2003.0,Nashik
94.33,25.28,11.71,2.83,42.45,10.21,0.55,49.06,4.39,1.07,0.03,18.49,8.36,2004.0,Nashik
94.31,24.74,11.57,2.77,41.85,9.19,0.55,46.49,6.16,1.07,0.03,18.74,8.43,2005.0,Nashik
94.32,25.11,12.21,2.78,41.67,8.96,0.54,46.93,5.96,1.05,0.03,18.25,8.25,2006.0,Nashik
94.27,25.28,12.01,2.68,41.89,11.07,0.55,48.23,4.88,1.07,0.03,18.66,8.42,2007.0,Nashik
94.28,25.1,11.55,2.77,42.05,7.01,0.54,49.1,4.84,1.04,0.03,18.31,8.23,2008.0,Nashik
94.3,25.89,11.8,2.71,42.76,9.49,0.55,47.85,3.32,1.07,0.03,18.74,8.42,2009.0,Nashik
94.27,25.39,12.95,2.58,43.23,8.96,0.53,53.6,4.67,1.05,0.03,18.07,8.19,2010.0,Nashik
94.25,25.1,11.75,2.78,41.86,8.51,0.54,48.07,3.55,1.04,0.03,18.2,8.17,2011.0,Nashik
94.28,25.18,11.38,2.86,40.56,8.04,0.55,50.06,2.78,1.05,0.03,18.52,8.31,2012.0,Nashik
94.28,24.88,12.24,2.87,42.54,8.66,0.52,52.42,4.3,1.01,0.03,17.55,7.9,2013.0,Nashik
94.37,25.45,11.94,2.74,40.91,7.56,0.55,46.95,4.2,1.06,0.03,18.5,8.33,2014.0,Nashik
94.42,25.52,12.09,2.69,41.0,10.06,0.54,50.18,3.65,1.04,0.03,18.37,8.26,2015.0,Nashik
94.36,25.34,11.57,2.72,41.6,9.28,0.53,51.81,5.51,1.03,0.03,18.01,8.09,2016.0,Nashik
94.33,25.15,11.75,2.61,41.93,9.05,0.55,44.02,5.16,1.06,0.03,18.66,8.36,2017.0,Nashik
94.34,25.84,10.98,2.72,41.36,8.8,0.55,41.03,3.75,1.03,0.03,18.45,8.25,2018.0,Nashik
94.38,27.36,11.11,2.9,43.79,10.98,0.55,51.92,1.92,1.11,0.03,18.86,8.57,2001.0,Osmanabad
94.43,28.0,10.92,2.82,43.02,9.48,0.57,47.19,1.8,1.14,0.03,19.39,8.81,2002.0,Osmanabad
94.42,28.73,10.93,2.98,43.64,11.13,0.57,51.74,1.23,1.15,0.03,19.48,8.85,2003.0,Osmanabad
94.44,27.05,11.46,2.78,42.78,11.51,0.58,46.33,2.12,1.16,0.03,19.75,8.97,2004.0,Osmanabad
94.41,26.81,11.61,2.81,43.41,9.44,0.56,49.54,2.47,1.12,0.03,19.1,8.67,2005.0,Osmanabad
94.43,27.01,11.78,2.78,42.81,9.92,0.56,49.71,2.21,1.12,0.03,19.01,8.62,2006.0,Osmanabad
94.37,27.6,11.29,2.75,43.18,10.2,0.57,49.03,1.85,1.14,0.03,19.49,8.83,2007.0,Osmanabad
94.38,27.13,11.42,2.82,42.9,10.47,0.56,48.99,2.17,1.11,0.03,19.23,8.69,2008.0,Osmanabad
94.39,27.7,11.41,2.82,43.41,10.94,0.57,48.02,2.08,1.13,0.03,19.51,8.8,2009.0,Osmanabad
94.36,27.64,12.4,2.66,44.22,8.54,0.55,55.85,2.55,1.1,0.03,18.65,8.49,2010.0,Osmanabad
94.36,27.57,11.24,2.95,42.27,8.98,0.56,47.26,1.56,1.11,0.03,19.13,8.62,2011.0,Osmanabad
94.36,28.01,10.77,2.94,43.02,10.67,0.56,51.23,1.54,1.11,0.03,19.06,8.58,2012.0,Osmanabad
94.37,27.32,11.9,2.94,43.06,9.49,0.53,52.96,2.17,1.06,0.03,18.29,8.27,2013.0,Osmanabad
94.47,27.67,11.72,2.78,42.92,10.02,0.55,51.85,1.98,1.09,0.03,18.82,8.49,2014.0,Osmanabad
94.51,28.41,11.34,2.78,43.68,9.71,0.56,49.74,1.44,1.1,0.03,19.09,8.6,2015.0,Osmanabad
94.44,27.62,11.17,2.69,43.4,9.85,0.54,51.3,2.2,1.07,0.03,18.62,8.37,2016.0,Osmanabad
94.43,27.71,10.94,2.6,43.51,10.61,0.57,50.54,2.01,1.12,0.03,19.41,8.7,2017.0,Osmanabad
94.43,28.31,10.42,2.73,43.48,8.98,0.54,49.39,1.33,1.05,0.03,18.55,8.31,2018.0,Osmanabad
100.84,27.76,16.66,4.4,32.4,20.82,0.56,47.55,3.74,1.13,0.03,19.2,8.86,2001.0,Palghar
100.91,28.1,16.56,4.41,34.68,19.93,0.57,46.34,2.8,1.14,0.03,19.36,8.93,2002.0,Palghar
100.88,28.3,16.93,4.49,31.76,20.91,0.57,46.25,4.45,1.14,0.03,19.39,8.94,2003.0,Palghar
100.89,28.16,16.81,4.5,32.97,19.45,0.56,49.54,4.8,1.13,0.03,19.1,8.82,2004.0,Palghar
100.88,27.68,16.52,4.45,32.72,18.6,0.56,46.54,5.9,1.13,0.03,19.15,8.81,2005.0,Palghar
100.88,27.75,16.93,4.48,32.06,18.54,0.56,46.7,6.11,1.11,0.03,18.9,8.72,2006.0,Palghar
100.81,28.04,17.06,4.43,33.27,19.79,0.56,46.81,5.52,1.12,0.03,19.1,8.81,2007.0,Palghar
100.84,27.56,16.61,4.3,31.64,18.79,0.55,46.8,5.28,1.09,0.03,18.85,8.65,2008.0,Palghar
100.85,28.03,17.1,4.26,33.8,21.68,0.56,47.29,4.4,1.11,0.03,19.07,8.76,2009.0,Palghar
100.81,28.21,17.65,4.19,33.24,18.93,0.54,52.39,6.42,1.09,0.03,18.47,8.55,2010.0,Palghar
100.8,27.72,16.86,4.36,34.4,18.42,0.55,45.62,5.02,1.08,0.03,18.66,8.56,2011.0,Palghar
100.84,27.31,16.59,4.4,31.03,17.88,0.57,47.03,3.62,1.12,0.03,19.24,8.81,2012.0,Palghar
100.84,27.62,16.81,4.53,34.29,20.4,0.54,48.0,5.24,1.08,0.03,18.53,8.51,2013.0,Palghar
100.93,28.15,16.61,4.28,33.01,18.74,0.56,45.78,4.43,1.11,0.03,19.05,8.75,2014.0,Palghar
100.96,28.26,16.88,4.23,33.37,18.35,0.56,48.95,3.58,1.1,0.03,18.96,8.7,2015.0,Palghar
100.93,27.69,16.71,4.26,32.27,19.04,0.55,47.21,6.18,1.08,0.03,18.54,8.52,2016.0,Palghar
100.89,27.89,16.86,4.16,32.9,18.95,0.56,47.12,6.01,1.11,0.03,19.19,8.78,2017.0,Palghar
100.89,28.01,16.62,4.18,34.52,18.53,0.55,47.29,4.12,1.06,0.03,18.59,8.49,2018.0,Palghar
95.85,27.48,11.02,2.43,45.68,10.34,0.56,49.76,2.19,1.1,0.03,18.91,8.59,2001.0,Parbhani
95.89,28.25,10.62,2.57,45.32,8.78,0.57,45.01,2.07,1.12,0.03,19.26,8.75,2002.0,Parbhani
95.89,28.28,11.11,2.59,45.12,9.47,0.57,49.38,2.0,1.13,0.03,19.42,8.81,2003.0,Parbhani
95.9,27.73,11.13,2.47,44.22,9.2,0.58,44.63,1.99,1.15,0.03,19.71,8.95,2004.0,Parbhani
95.88,27.01,11.39,2.47,45.01,9.24,0.56,46.92,2.92,1.11,0.03,19.08,8.66,2005.0,Parbhani
95.9,26.72,12.14,2.33,44.35,8.39,0.55,49.04,3.64,1.1,0.03,18.86,8.56,2006.0,Parbhani
95.85,27.41,11.3,2.35,44.39,10.44,0.57,47.34,2.36,1.13,0.03,19.45,8.81,2007.0,Parbhani
95.85,27.49,11.08,2.41,44.39,9.45,0.56,47.39,2.08,1.09,0.03,18.93,8.55,2008.0,Parbhani
95.86,28.16,11.18,2.44,44.49,10.55,0.57,45.81,2.3,1.11,0.03,19.34,8.72,2009.0,Parbhani
95.84,27.79,12.34,2.39,45.72,7.86,0.55,53.27,3.0,1.09,0.03,18.7,8.51,2010.0,Parbhani
95.83,27.37,11.47,2.41,43.81,7.2,0.56,47.16,2.18,1.09,0.03,18.99,8.57,2011.0,Parbhani
95.84,27.82,10.89,2.55,43.86,8.97,0.55,50.2,2.11,1.09,0.03,18.86,8.49,2012.0,Parbhani
95.84,27.24,12.09,2.59,44.69,9.87,0.53,51.71,2.94,1.04,0.03,17.98,8.13,2013.0,Parbhani
95.95,28.08,11.53,2.45,44.48,8.38,0.55,49.39,2.04,1.08,0.03,18.79,8.49,2014.0,Parbhani
95.99,28.37,11.42,2.44,45.65,8.41,0.56,47.61,2.15,1.09,0.03,18.96,8.55,2015.0,Parbhani
95.91,28.0,11.05,2.42,45.25,9.01,0.55,50.11,2.23,1.08,0.03,18.77,8.45,2016.0,Parbhani
95.9,28.39,10.64,2.39,44.48,9.37,0.57,49.19,1.82,1.11,0.03,19.36,8.68,2017.0,Parbhani
95.91,28.44,10.27,2.38,44.43,7.02,0.54,48.26,1.87,1.04,0.03,18.48,8.28,2018.0,Parbhani
93.82,24.7,12.21,2.89,42.37,9.4,0.53,50.35,3.05,1.06,0.03,18.24,8.26,2001.0,Pune
93.88,25.29,11.94,2.85,43.07,6.61,0.54,51.11,2.44,1.07,0.03,18.4,8.34,2002.0,Pune
93.87,25.56,12.11,2.82,42.49,8.71,0.55,49.46,2.87,1.08,0.03,18.7,8.46,2003.0,Pune
93.88,24.52,12.3,2.85,41.27,10.15,0.54,51.01,4.33,1.07,0.03,18.4,8.34,2004.0,Pune
93.86,24.01,12.46,2.81,41.72,8.04,0.54,48.79,6.18,1.06,0.03,18.35,8.3,2005.0,Pune
93.87,24.2,12.86,2.86,41.07,7.68,0.53,50.52,6.38,1.05,0.03,18.04,8.17,2006.0,Pune
93.81,24.59,12.75,2.78,41.16,9.87,0.53,52.52,4.86,1.06,0.03,18.23,8.27,2007.0,Pune
93.82,24.31,12.37,2.78,41.98,6.56,0.54,50.99,4.17,1.05,0.03,18.41,8.3,2008.0,Pune
93.84,25.11,12.58,2.73,42.54,9.47,0.54,51.24,4.46,1.06,0.03,18.36,8.28,2009.0,Pune
93.81,24.54,13.67,2.61,41.92,8.79,0.52,57.26,5.46,1.04,0.03,17.75,8.08,2010.0,Pune
93.8,23.95,12.7,2.85,39.9,8.47,0.52,51.26,4.6,1.02,0.03,17.81,8.02,2011.0,Pune
93.82,24.52,12.07,2.85,40.37,7.69,0.54,50.05,3.04,1.06,0.03,18.48,8.31,2012.0,Pune
93.82,24.39,12.81,2.91,41.71,8.85,0.52,53.02,4.29,1.02,0.03,17.72,8.01,2013.0,Pune
93.9,24.88,12.55,2.77,41.02,9.34,0.53,51.96,4.12,1.04,0.03,18.07,8.15,2014.0,Pune
93.95,24.77,12.8,2.64,40.39,9.13,0.53,51.57,3.57,1.04,0.03,18.29,8.25,2015.0,Pune
93.9,24.47,12.32,2.77,41.5,8.91,0.52,53.59,6.13,1.01,0.03,17.63,7.94,2016.0,Pune
93.87,24.5,12.48,2.61,41.55,8.2,0.54,45.82,6.18,1.05,0.03,18.51,8.31,2017.0,Pune
93.88,24.47,12.19,2.67,41.3,8.98,0.53,44.15,4.35,1.01,0.03,18.02,8.07,2018.0,Pune
99.48,27.06,14.61,2.74,41.46,13.5,0.53,50.35,4.78,1.06,0.03,18.24,8.26,2001.0,Raigad
99.54,27.75,14.35,2.68,42.72,11.82,0.54,51.11,3.71,1.07,0.03,18.4,8.34,2002.0,Raigad
99.52,27.79,14.75,2.64,42.24,13.52,0.55,49.46,4.82,1.08,0.03,18.7,8.46,2003.0,Raigad
99.52,27.3,14.58,2.76,44.04,14.56,0.54,51.01,6.29,1.07,0.03,18.4,8.34,2004.0,Raigad
99.51,26.91,14.57,2.66,41.94,12.71,0.54,48.79,8.66,1.06,0.03,18.35,8.3,2005.0,Raigad
99.51,27.18,14.98,2.73,41.67,13.0,0.53,50.52,9.12,1.05,0.03,18.04,8.17,2006.0,Raigad
99.45,27.48,14.95,2.71,44.0,15.09,0.53,52.52,7.32,1.06,0.03,18.23,8.27,2007.0,Raigad
99.47,27.08,14.49,2.65,41.97,10.78,0.54,50.99,6.51,1.05,0.03,18.41,8.3,2008.0,Raigad
99.48,27.73,14.93,2.61,42.62,13.88,0.54,51.24,6.46,1.06,0.03,18.36,8.28,2009.0,Raigad
99.45,27.38,15.88,2.45,41.29,13.21,0.52,57.26,8.37,1.04,0.03,17.75,8.08,2010.0,Raigad
99.43,26.89,14.88,2.7,40.88,12.75,0.52,51.26,7.07,1.02,0.03,17.81,8.02,2011.0,Raigad
99.48,26.97,14.33,2.67,41.93,12.24,0.54,50.05,4.87,1.06,0.03,18.48,8.31,2012.0,Raigad
99.48,27.01,14.97,2.67,40.17,13.16,0.52,53.02,6.56,1.02,0.03,17.72,8.01,2013.0,Raigad
99.55,27.62,14.63,2.63,42.58,12.97,0.53,51.96,6.12,1.04,0.03,18.07,8.15,2014.0,Raigad
99.6,27.59,14.94,2.53,42.37,13.44,0.53,51.57,4.42,1.04,0.03,18.29,8.25,2015.0,Raigad
99.56,27.15,14.53,2.65,41.79,13.55,0.52,53.59,8.56,1.01,0.03,17.63,7.94,2016.0,Raigad
99.52,27.34,14.78,2.51,43.01,12.95,0.54,45.82,8.22,1.05,0.03,18.51,8.31,2017.0,Raigad
99.53,27.36,14.42,2.53,41.97,13.52,0.53,44.15,5.61,1.01,0.03,18.02,8.07,2018.0,Raigad
100.47,27.75,16.82,4.29,34.99,21.34,0.54,54.47,4.41,1.11,0.03,18.65,8.59,2001.0,Ratnagiri
100.53,28.32,16.97,4.1,35.2,20.83,0.55,53.27,5.02,1.12,0.03,18.91,8.7,2002.0,Ratnagiri
100.5,28.44,17.08,4.17,35.3,21.62,0.55,54.08,4.37,1.12,0.03,18.96,8.72,2003.0,Ratnagiri
100.51,28.11,17.0,4.21,37.88,20.65,0.55,53.0,5.68,1.12,0.03,18.84,8.67,2004.0,Ratnagiri
100.5,27.87,16.91,4.31,33.6,19.74,0.54,53.32,6.61,1.11,0.03,18.76,8.62,2005.0,Ratnagiri
100.5,27.86,17.15,4.22,34.03,19.49,0.54,53.96,7.86,1.11,0.03,18.76,8.63,2006.0,Ratnagiri
100.44,28.09,17.28,4.18,34.84,19.69,0.53,55.34,7.81,1.09,0.03,18.36,8.46,2007.0,Ratnagiri
100.45,27.95,16.82,4.14,35.11,19.56,0.55,53.34,5.43,1.11,0.03,19.01,8.72,2008.0,Ratnagiri
100.47,28.08,17.37,4.04,36.97,20.96,0.54,53.18,6.49,1.09,0.03,18.55,8.51,2009.0,Ratnagiri
100.43,28.26,17.86,3.92,35.35,18.86,0.52,58.13,7.93,1.07,0.03,17.97,8.3,2010.0,Ratnagiri
100.43,27.89,17.09,4.15,37.33,19.38,0.53,52.89,7.39,1.07,0.03,18.39,8.4,2011.0,Ratnagiri
100.47,27.68,16.72,4.16,35.67,20.39,0.55,52.29,5.84,1.1,0.03,18.89,8.63,2012.0,Ratnagiri
100.47,27.9,16.99,4.28,36.31,19.86,0.53,53.47,6.28,1.08,0.03,18.44,8.46,2013.0,Ratnagiri
100.54,28.27,16.99,4.04,35.27,21.05,0.54,53.49,5.44,1.09,0.03,18.64,8.54,2014.0,Ratnagiri
100.58,28.55,17.04,3.84,34.23,19.29,0.55,53.37,2.92,1.11,0.03,19.03,8.73,2015.0,Ratnagiri
100.55,27.9,16.89,4.2,34.84,20.17,0.52,54.66,5.73,1.06,0.03,18.12,8.29,2016.0,Ratnagiri
100.51,28.13,17.17,3.98,36.77,20.53,0.55,46.84,4.43,1.11,0.03,19.03,8.69,2017.0,Ratnagiri
100.51,28.12,16.94,3.94,35.5,19.81,0.53,45.23,4.48,1.06,0.03,18.38,8.39,2018.0,Ratnagiri
93.84,25.94,11.96,3.3,42.95,12.47,0.55,51.86,2.03,1.13,0.03,19.05,8.68,2001.0,Sangli
93.89,26.6,11.94,3.14,43.1,10.25,0.56,49.88,1.96,1.14,0.03,19.32,8.81,2002.0,Sangli
93.88,27.09,11.89,3.11,42.02,12.12,0.57,51.01,1.63,1.15,0.03,19.55,8.91,2003.0,Sangli
93.89,25.92,12.01,3.18,42.15,11.21,0.56,47.43,2.38,1.15,0.03,19.41,8.85,2004.0,Sangli
93.86,25.56,12.32,3.13,42.24,10.49,0.55,51.47,3.14,1.12,0.03,18.95,8.63,2005.0,Sangli
93.88,25.47,12.52,3.23,41.75,10.61,0.55,51.53,3.59,1.12,0.03,18.94,8.63,2006.0,Sangli
93.82,25.93,12.53,3.07,42.12,10.21,0.55,51.6,3.09,1.11,0.03,18.88,8.61,2007.0,Sangli
93.83,25.63,12.28,3.13,41.52,10.52,0.56,49.54,2.26,1.12,0.03,19.21,8.73,2008.0,Sangli
93.85,26.37,12.44,3.1,42.51,11.93,0.54,50.42,2.55,1.1,0.03,18.83,8.55,2009.0,Sangli
93.82,26.34,13.33,3.02,41.91,10.3,0.53,56.96,2.81,1.09,0.03,18.36,8.4,2010.0,Sangli
93.81,25.7,12.24,3.28,40.91,10.57,0.55,49.06,2.63,1.09,0.03,18.84,8.51,2011.0,Sangli
93.83,26.34,11.75,3.18,42.01,10.81,0.55,49.72,1.94,1.12,0.03,19.12,8.64,2012.0,Sangli
93.83,26.04,12.49,3.28,41.68,10.35,0.54,50.68,2.45,1.09,0.03,18.58,8.43,2013.0,Sangli
93.91,26.39,12.41,3.05,40.75,11.35,0.54,52.38,2.18,1.08,0.03,18.51,8.39,2014.0,Sangli
93.96,26.91,12.24,2.98,41.94,9.95,0.56,50.79,1.68,1.12,0.03,19.19,8.71,2015.0,Sangli
93.91,25.93,12.08,3.07,42.89,10.07,0.54,51.53,3.81,1.08,0.03,18.53,8.39,2016.0,Sangli
93.89,25.79,12.32,2.92,42.17,10.8,0.56,50.57,3.19,1.12,0.03,19.22,8.68,2017.0,Sangli
93.89,25.77,12.09,2.91,42.13,10.13,0.53,51.11,3.07,1.06,0.03,18.45,8.33,2018.0,Sangli
95.1,25.42,12.84,2.79,43.26,11.78,0.56,48.39,3.83,1.12,0.03,19.11,8.71,2001.0,Satara
95.16,25.95,12.83,2.66,43.3,9.09,0.56,46.1,3.93,1.14,0.03,19.42,8.86,2002.0,Satara
95.14,26.51,12.77,2.65,43.05,11.24,0.57,46.33,3.56,1.15,0.03,19.59,8.93,2003.0,Satara
95.15,25.62,12.86,2.75,41.85,12.13,0.57,43.74,5.08,1.15,0.03,19.55,8.91,2004.0,Satara
95.13,25.32,12.96,2.76,42.22,10.74,0.55,48.52,6.35,1.12,0.03,19.03,8.67,2005.0,Satara
95.14,25.31,13.28,2.81,41.61,10.66,0.55,48.24,7.44,1.11,0.03,18.94,8.63,2006.0,Satara
95.08,25.77,13.33,2.71,42.61,11.06,0.56,47.55,6.32,1.12,0.03,19.22,8.76,2007.0,Satara
95.09,25.36,12.96,2.68,42.51,9.07,0.56,45.3,4.58,1.12,0.03,19.31,8.76,2008.0,Satara
95.11,26.04,13.25,2.65,43.27,12.14,0.56,45.25,5.37,1.11,0.03,19.17,8.7,2009.0,Satara
95.08,25.8,14.18,2.54,42.27,10.11,0.54,51.95,6.43,1.1,0.03,18.6,8.51,2010.0,Satara
95.07,25.22,13.15,2.81,40.75,10.78,0.55,44.91,6.0,1.09,0.03,18.86,8.53,2011.0,Satara
95.1,25.66,12.63,2.73,41.22,10.06,0.56,44.58,4.47,1.11,0.03,19.22,8.68,2012.0,Satara
95.1,25.5,13.35,2.82,41.7,11.09,0.54,46.83,5.25,1.08,0.03,18.63,8.46,2013.0,Satara
95.17,25.97,13.13,2.66,42.01,11.52,0.54,47.08,4.59,1.08,0.03,18.69,8.48,2014.0,Satara
95.22,26.02,13.27,2.53,41.0,11.01,0.56,45.77,3.27,1.11,0.03,19.27,8.74,2015.0,Satara
95.18,25.55,12.83,2.69,42.33,10.52,0.54,47.79,7.27,1.08,0.03,18.62,8.43,2016.0,Satara
95.15,25.55,13.11,2.53,42.81,10.56,0.56,48.17,6.32,1.11,0.03,19.29,8.7,2017.0,Satara
95.15,25.6,12.84,2.56,41.78,11.26,0.53,48.32,5.55,1.04,0.03,18.33,8.27,2018.0,Satara
98.77,27.38,15.15,3.01,39.25,17.18,0.54,54.47,4.48,1.11,0.03,18.65,8.59,2001.0,Sindhudurg
98.82,27.79,15.53,2.84,40.28,16.34,0.55,53.27,4.84,1.12,0.03,18.91,8.7,2002.0,Sindhudurg
98.81,28.11,15.5,2.83,39.99,17.09,0.55,54.08,4.44,1.12,0.03,18.96,8.72,2003.0,Sindhudurg
98.81,27.49,15.34,2.9,40.59,16.92,0.55,53.0,5.26,1.12,0.03,18.84,8.67,2004.0,Sindhudurg
98.8,27.18,15.42,2.95,40.1,16.2,0.54,53.32,7.42,1.11,0.03,18.76,8.62,2005.0,Sindhudurg
98.8,27.23,15.62,2.98,40.07,16.05,0.54,53.96,7.69,1.11,0.03,18.76,8.63,2006.0,Sindhudurg
98.75,27.35,15.85,2.9,39.65,15.37,0.53,55.34,8.34,1.09,0.03,18.36,8.46,2007.0,Sindhudurg
98.75,27.18,15.4,2.85,38.52,14.81,0.55,53.34,5.82,1.11,0.03,19.01,8.72,2008.0,Sindhudurg
98.77,27.69,15.92,2.87,41.46,17.19,0.54,53.18,6.58,1.09,0.03,18.55,8.51,2009.0,Sindhudurg
98.74,27.57,16.49,2.72,41.07,15.3,0.52,58.13,7.82,1.07,0.03,17.97,8.3,2010.0,Sindhudurg
98.74,27.2,15.48,2.93,40.07,15.65,0.53,52.89,6.66,1.07,0.03,18.39,8.4,2011.0,Sindhudurg
98.77,27.45,15.23,2.88,40.45,15.99,0.55,52.29,5.61,1.1,0.03,18.89,8.63,2012.0,Sindhudurg
98.78,27.33,15.54,3.05,39.54,16.13,0.53,53.47,6.4,1.08,0.03,18.44,8.46,2013.0,Sindhudurg
98.83,27.57,15.65,2.81,41.12,16.47,0.54,53.49,6.25,1.09,0.03,18.64,8.54,2014.0,Sindhudurg
98.88,27.74,15.81,2.64,39.16,15.29,0.55,53.37,4.73,1.11,0.03,19.03,8.73,2015.0,Sindhudurg
98.85,27.43,15.26,2.91,40.37,15.58,0.52,54.66,7.55,1.06,0.03,18.12,8.29,2016.0,Sindhudurg
98.81,27.57,15.58,2.75,40.67,16.24,0.55,46.84,5.71,1.11,0.03,19.03,8.69,2017.0,Sindhudurg
98.81,27.5,15.26,2.75,40.87,16.74,0.53,45.23,6.14,1.06,0.03,18.38,8.39,2018.0,Sindhudurg
95.27,28.24,11.29,3.01,44.04,11.33,0.57,43.56,1.5,1.15,0.03,19.63,8.99,2001.0,Solapur
95.32,28.85,11.11,2.95,43.6,9.83,0.58,40.6,1.4,1.16,0.03,19.87,9.1,2002.0,Solapur
95.3,29.51,11.05,3.04,44.24,10.66,0.58,43.6,0.97,1.17,0.03,19.87,9.11,2003.0,Solapur
95.33,27.88,11.45,2.9,42.92,11.18,0.58,39.47,1.71,1.18,0.03,20.1,9.21,2004.0,Solapur
95.3,27.61,11.76,2.88,43.73,9.44,0.57,44.99,2.06,1.15,0.03,19.5,8.94,2005.0,Solapur
95.31,27.79,11.83,2.91,43.1,9.52,0.57,42.51,1.88,1.14,0.03,19.52,8.93,2006.0,Solapur
95.26,28.28,11.52,2.88,43.92,10.09,0.58,44.0,1.58,1.16,0.03,19.81,9.07,2007.0,Solapur
95.26,27.88,11.65,2.93,43.29,10.89,0.57,42.99,1.75,1.14,0.03,19.68,8.98,2008.0,Solapur
95.28,28.45,11.66,2.91,43.59,11.08,0.57,43.29,1.79,1.14,0.03,19.62,8.95,2009.0,Solapur
95.25,28.59,12.55,2.79,44.8,8.71,0.56,49.99,1.89,1.12,0.03,19.1,8.78,2010.0,Solapur
95.24,28.3,11.38,3.06,42.64,9.44,0.57,42.1,1.33,1.12,0.03,19.52,8.86,2011.0,Solapur
95.25,29.04,10.8,3.1,43.49,10.15,0.57,42.38,1.06,1.14,0.03,19.63,8.91,2012.0,Solapur
95.25,28.39,11.79,3.1,43.16,9.75,0.55,44.92,1.6,1.11,0.03,19.08,8.7,2013.0,Solapur
95.35,28.6,11.83,2.94,42.93,10.42,0.56,45.57,1.53,1.11,0.03,19.21,8.76,2014.0,Solapur
95.39,29.28,11.49,2.9,43.09,9.22,0.57,43.55,1.1,1.13,0.03,19.63,8.93,2015.0,Solapur
95.33,28.46,11.3,2.81,43.83,10.0,0.55,45.81,1.73,1.1,0.03,19.02,8.65,2016.0,Solapur
95.32,28.3,11.29,2.65,43.81,10.04,0.57,48.06,1.86,1.13,0.03,19.68,8.91,2017.0,Solapur
95.32,28.69,10.87,2.77,43.73,8.6,0.54,50.04,1.24,1.06,0.03,18.73,8.49,2018.0,Solapur
99.75,27.5,14.22,2.64,42.66,13.01,0.54,48.36,5.1,1.06,0.03,18.28,8.28,2001.0,Thane
99.8,28.27,13.82,2.65,44.19,11.23,0.54,47.47,3.62,1.07,0.03,18.48,8.37,2002.0,Thane
99.78,28.17,14.36,2.58,43.25,12.91,0.55,46.83,5.38,1.08,0.03,18.63,8.43,2003.0,Thane
99.79,27.7,14.16,2.67,44.85,13.92,0.54,48.43,6.34,1.07,0.03,18.41,8.34,2004.0,Thane
99.78,27.34,14.1,2.59,43.54,12.21,0.54,46.49,8.77,1.07,0.03,18.46,8.33,2005.0,Thane
99.78,27.57,14.66,2.64,42.55,12.53,0.53,47.22,9.13,1.04,0.03,18.05,8.17,2006.0,Thane
99.72,27.82,14.57,2.61,44.89,14.06,0.54,49.62,7.36,1.06,0.03,18.34,8.3,2007.0,Thane
99.73,27.41,14.11,2.56,43.2,10.42,0.54,49.76,7.1,1.04,0.03,18.25,8.22,2008.0,Thane
99.75,28.19,14.46,2.56,44.18,12.89,0.54,49.98,6.18,1.06,0.03,18.45,8.32,2009.0,Thane
99.71,27.77,15.57,2.39,43.04,12.51,0.53,54.23,8.51,1.04,0.03,17.89,8.14,2010.0,Thane
99.7,27.25,14.52,2.6,41.98,11.45,0.53,48.73,7.05,1.03,0.03,17.94,8.08,2011.0,Thane
99.74,27.35,13.99,2.61,42.93,11.18,0.54,49.56,4.96,1.05,0.03,18.42,8.27,2012.0,Thane
99.74,27.32,14.62,2.59,41.53,12.01,0.51,52.37,6.76,1.0,0.03,17.46,7.88,2013.0,Thane
99.82,28.04,14.23,2.57,43.51,11.8,0.54,48.39,6.39,1.05,0.03,18.3,8.26,2014.0,Thane
99.87,27.93,14.57,2.47,43.45,12.72,0.54,50.08,4.69,1.04,0.03,18.26,8.23,2015.0,Thane
99.83,27.51,14.2,2.56,42.68,13.04,0.53,51.38,8.09,1.02,0.03,17.88,8.05,2016.0,Thane
99.79,27.68,14.41,2.44,44.11,12.13,0.55,44.74,8.02,1.06,0.03,18.55,8.33,2017.0,Thane
99.79,27.79,13.96,2.45,42.99,12.27,0.54,42.69,5.64,1.03,0.03,18.29,8.2,2018.0,Thane
96.94,27.18,11.4,2.18,47.17,7.89,0.54,53.26,2.72,1.08,0.03,18.43,8.41,2001.0,Wardha
96.97,28.05,10.78,2.4,46.55,7.7,0.56,47.48,2.45,1.1,0.03,18.95,8.65,2002.0,Wardha
96.99,27.46,11.74,2.31,47.05,7.54,0.55,52.87,3.11,1.1,0.03,18.77,8.57,2003.0,Wardha
97.0,27.82,11.21,2.24,46.91,8.03,0.58,45.91,1.97,1.13,0.03,19.45,8.86,2004.0,Wardha
96.98,27.05,11.32,2.26,46.69,7.81,0.55,49.71,3.08,1.09,0.03,18.77,8.54,2005.0,Wardha
96.99,27.02,12.25,2.14,46.59,7.68,0.55,50.45,3.53,1.09,0.03,18.65,8.52,2006.0,Wardha
96.96,27.41,11.37,2.15,45.64,9.67,0.56,50.02,2.57,1.11,0.03,19.07,8.66,2007.0,Wardha
96.95,27.24,11.2,2.15,45.61,8.04,0.55,50.69,2.34,1.07,0.03,18.6,8.45,2008.0,Wardha
96.95,28.31,11.21,2.19,46.65,9.79,0.56,49.12,2.55,1.1,0.03,19.1,8.64,2009.0,Wardha
96.94,27.98,12.12,2.16,47.32,6.91,0.54,51.99,3.56,1.08,0.03,18.43,8.4,2010.0,Wardha
96.94,26.89,11.84,2.07,45.81,5.34,0.55,48.87,2.5,1.08,0.03,18.76,8.53,2011.0,Wardha
96.93,27.27,11.18,2.34,46.23,6.2,0.54,50.8,2.96,1.06,0.03,18.39,8.32,2012.0,Wardha
96.93,26.88,12.31,2.29,48.0,7.52,0.52,52.71,3.89,1.01,0.03,17.49,7.95,2013.0,Wardha
97.05,27.82,11.68,2.3,47.81,8.08,0.54,52.83,2.33,1.06,0.03,18.43,8.37,2014.0,Wardha
97.1,27.27,12.18,2.2,46.87,7.71,0.55,49.37,3.35,1.07,0.03,18.64,8.44,2015.0,Wardha
97.0,27.6,11.58,2.2,46.17,7.27,0.55,52.6,3.12,1.07,0.03,18.62,8.43,2016.0,Wardha
97.0,27.78,11.31,2.13,46.79,6.96,0.56,48.8,2.5,1.08,0.03,18.97,8.54,2017.0,Wardha
97.0,27.82,10.89,2.14,46.72,6.2,0.54,48.71,2.44,1.03,0.03,18.18,8.19,2018.0,Wardha
95.41,27.08,10.87,2.49,45.28,10.08,0.55,49.17,2.17,1.09,0.03,18.73,8.53,2001.0,Washim
95.46,27.87,10.41,2.66,45.27,8.27,0.56,45.16,2.04,1.11,0.03,19.04,8.67,2002.0,Washim
95.46,27.62,11.09,2.65,44.79,8.41,0.56,49.22,2.13,1.11,0.03,18.93,8.62,2003.0,Washim
95.47,27.45,10.9,2.53,43.72,8.66,0.58,43.54,1.83,1.14,0.03,19.6,8.92,2004.0,Washim
95.44,26.66,11.13,2.56,44.55,8.88,0.56,46.6,2.74,1.1,0.03,18.9,8.6,2005.0,Washim
95.46,26.4,11.98,2.39,44.1,7.94,0.55,48.99,3.76,1.09,0.03,18.73,8.53,2006.0,Washim
95.41,27.07,11.12,2.41,44.33,10.11,0.57,47.66,2.32,1.11,0.03,19.22,8.72,2007.0,Washim
95.41,27.29,10.8,2.48,43.83,8.32,0.56,47.92,1.89,1.08,0.03,18.79,8.51,2008.0,Washim
95.42,27.79,11.03,2.51,44.26,9.99,0.57,46.27,2.29,1.1,0.03,19.13,8.64,2009.0,Washim
95.4,27.35,12.21,2.45,45.46,7.54,0.55,50.64,3.05,1.09,0.03,18.63,8.49,2010.0,Washim
95.4,26.86,11.38,2.42,43.7,6.48,0.55,47.61,2.21,1.08,0.03,18.76,8.51,2011.0,Washim
95.4,27.17,10.85,2.6,43.31,7.9,0.55,49.79,2.25,1.08,0.03,18.67,8.44,2012.0,Washim
95.4,26.69,11.94,2.66,44.65,9.16,0.52,50.48,2.98,1.02,0.03,17.73,8.04,2013.0,Washim
95.51,27.67,11.35,2.53,44.29,7.68,0.55,50.33,2.04,1.07,0.03,18.55,8.41,2014.0,Washim
95.56,27.65,11.41,2.48,45.15,7.78,0.56,48.2,2.44,1.08,0.03,18.79,8.5,2015.0,Washim
95.48,27.3,11.02,2.48,45.06,8.03,0.55,50.45,2.57,1.08,0.03,18.76,8.47,2016.0,Washim
95.47,27.72,10.65,2.45,44.06,8.44,0.56,48.49,1.94,1.09,0.03,19.06,8.58,2017.0,Washim
95.47,27.63,10.32,2.4,44.28,6.09,0.54,47.26,2.19,1.03,0.03,18.22,8.19,2018.0,Washim
97.13,27.46,11.46,2.28,47.14,7.77,0.54,53.26,2.71,1.08,0.03,18.43,8.41,2001.0,Yavatmal
97.17,28.29,10.86,2.5,46.74,7.6,0.56,47.48,2.5,1.1,0.03,18.95,8.65,2002.0,Yavatmal
97.19,27.76,11.74,2.42,46.71,7.45,0.55,52.87,3.06,1.1,0.03,18.77,8.57,2003.0,Yavatmal
97.19,28.05,11.25,2.34,46.15,7.94,0.58,45.91,1.99,1.13,0.03,19.45,8.86,2004.0,Yavatmal
97.17,27.23,11.44,2.35,46.62,7.73,0.55,49.71,3.16,1.09,0.03,18.77,8.54,2005.0,Yavatmal
97.19,27.22,12.35,2.24,46.24,7.48,0.55,50.45,3.58,1.09,0.03,18.65,8.52,2006.0,Yavatmal
97.15,27.78,11.38,2.2,45.82,9.91,0.56,50.02,2.6,1.11,0.03,19.07,8.66,2007.0,Yavatmal
97.14,27.44,11.29,2.21,45.75,8.25,0.55,50.69,2.44,1.07,0.03,18.6,8.45,2008.0,Yavatmal
97.14,28.45,11.31,2.28,46.38,9.49,0.56,49.12,2.54,1.1,0.03,19.1,8.64,2009.0,Yavatmal
97.13,28.16,12.29,2.28,47.31,7.24,0.54,51.99,3.63,1.08,0.03,18.43,8.4,2010.0,Yavatmal
97.13,27.34,11.82,2.2,45.75,5.28,0.55,48.87,2.48,1.08,0.03,18.76,8.53,2011.0,Yavatmal
97.12,27.57,11.25,2.41,45.87,6.35,0.54,50.8,2.94,1.06,0.03,18.39,8.32,2012.0,Yavatmal
97.13,27.17,12.33,2.45,48.05,7.8,0.52,52.71,3.91,1.01,0.03,17.49,7.95,2013.0,Yavatmal
97.24,28.26,11.7,2.37,47.14,7.84,0.54,52.83,2.36,1.06,0.03,18.43,8.37,2014.0,Yavatmal
97.29,28.13,11.9,2.34,47.3,7.19,0.55,49.37,2.74,1.07,0.03,18.64,8.44,2015.0,Yavatmal
97.2,27.94,11.53,2.31,46.71,7.52,0.55,52.6,2.87,1.07,0.03,18.62,8.43,2016.0,Yavatmal
97.19,28.45,11.01,2.29,46.43,7.95,0.56,48.8,1.93,1.08,0.03,18.97,8.54,2017.0,Yavatmal
97.2,28.22,10.78,2.23,46.52,6.07,0.54,48.71,2.38,1.03,0.03,18.18,8.19,2018.0,Yavatmal
