"Dist Code","Year","State Code","State Name","Dist Name","SOYABEAN AREA (1000 ha)","SOYABEAN YIELD (Kg per ha)"
"7","1990","6","Madhya Pradesh","Jabalpur","11.27","865.0"
"7","1991","6","Madhya Pradesh","Jabalpur","14.95","453.0"
"7","1992","6","Madhya Pradesh","Jabalpur","23.82","937.0"
"7","1993","6","Madhya Pradesh","Jabalpur","38.7","946.0"
"7","1994","6","Madhya Pradesh","Jabalpur","28.5","695.0"
"7","1995","6","Madhya Pradesh","Jabalpur","39.2","1112.0"
"7","1996","6","Madhya Pradesh","Jabalpur","42.7","977.0"
"7","1997","6","Madhya Pradesh","Jabalpur","40.3","747.0"
"7","1998","6","Madhya Pradesh","Jabalpur","36.3","625.0"
"7","1999","6","Madhya Pradesh","Jabalpur","26.4","955.0"
"7","2000","6","Madhya Pradesh","Jabalpur","21.5","749.0"
"7","2001","6","Madhya Pradesh","Jabalpur","7.2","944.0"
"7","2002","6","Madhya Pradesh","Jabalpur","0.2","1000.0"
"7","2003","6","Madhya Pradesh","Jabalpur","0.7","1286.0"
"7","2004","6","Madhya Pradesh","Jabalpur","0.74","1365.0"
"7","2005","6","Madhya Pradesh","Jabalpur","0.87","885.0"
"7","2006","6","Madhya Pradesh","Jabalpur","2.24","969.0"
"7","2007","6","Madhya Pradesh","Jabalpur","5.6","625.0"
"7","2008","6","Madhya Pradesh","Jabalpur","3.9","1231.0"
"7","2009","6","Madhya Pradesh","Jabalpur","2.8","1143.0"
"7","2010","6","Madhya Pradesh","Jabalpur","4.2","1381.0"
"7","2011","6","Madhya Pradesh","Jabalpur","5.5","927.0"
"7","2012","6","Madhya Pradesh","Jabalpur","15.99","1335.0"
"7","2013","6","Madhya Pradesh","Jabalpur","43.14","276.0"
"7","2014","6","Madhya Pradesh","Jabalpur","43.0","1186.0"
"7","2015","6","Madhya Pradesh","Jabalpur","15.0","667.0"
"7","2016","6","Madhya Pradesh","Jabalpur","3.0","1000.0"
"7","2017","6","Madhya Pradesh","Jabalpur","7.0","477.0"
"8","1990","6","Madhya Pradesh","Balaghat","0.27","889.0"
"8","1991","6","Madhya Pradesh","Balaghat","0.26","846.0"
"8","1992","6","Madhya Pradesh","Balaghat","0.27","1037.0"
"8","1993","6","Madhya Pradesh","Balaghat","0.38","1158.0"
"8","1994","6","Madhya Pradesh","Balaghat","0.3","667.0"
"8","1995","6","Madhya Pradesh","Balaghat","0.3","1333.0"
"8","1996","6","Madhya Pradesh","Balaghat","0.3","1333.0"
"8","1997","6","Madhya Pradesh","Balaghat","0.3","1333.0"
"8","1998","6","Madhya Pradesh","Balaghat","0.3","667.0"
"8","1999","6","Madhya Pradesh","Balaghat","0.3","1000.0"
"8","2000","6","Madhya Pradesh","Balaghat","0.2","1000.0"
"8","2001","6","Madhya Pradesh","Balaghat","0.2","1000.0"
"8","2002","6","Madhya Pradesh","Balaghat","0.2","1000.0"
"8","2003","6","Madhya Pradesh","Balaghat","0.1","2000.0"
"8","2004","6","Madhya Pradesh","Balaghat","0.13","1231.0"
"8","2005","6","Madhya Pradesh","Balaghat","0.12","1417.0"
"8","2006","6","Madhya Pradesh","Balaghat","0.1","1300.0"
"8","2007","6","Madhya Pradesh","Balaghat","0.1","1000.0"
"8","2008","6","Madhya Pradesh","Balaghat","0.1","1000.0"
"8","2009","6","Madhya Pradesh","Balaghat","0.1","1000.0"
"8","2010","6","Madhya Pradesh","Balaghat","0.1","1000.0"
"8","2011","6","Madhya Pradesh","Balaghat","0.1","2000.0"
"8","2012","6","Madhya Pradesh","Balaghat","0.04","1500.0"
"8","2013","6","Madhya Pradesh","Balaghat","0.05","600.0"
"8","2014","6","Madhya Pradesh","Balaghat","0.0","0.0"
"8","2015","6","Madhya Pradesh","Balaghat","0.0","0.0"
"8","2016","6","Madhya Pradesh","Balaghat","0.0","0.0"
"8","2017","6","Madhya Pradesh","Balaghat","0.01","1000.0"
"9","1990","6","Madhya Pradesh","Chhindwara","89.52","1359.0"
"9","1991","6","Madhya Pradesh","Chhindwara","110.34","787.0"
"9","1992","6","Madhya Pradesh","Chhindwara","119.93","1009.0"
"9","1993","6","Madhya Pradesh","Chhindwara","116.37","1217.0"
"9","1994","6","Madhya Pradesh","Chhindwara","129.9","967.0"
"9","1995","6","Madhya Pradesh","Chhindwara","133.7","826.0"
"9","1996","6","Madhya Pradesh","Chhindwara","130.1","1141.0"
"9","1997","6","Madhya Pradesh","Chhindwara","134.8","1152.0"
"9","1998","6","Madhya Pradesh","Chhindwara","128.1","615.0"
"9","1999","6","Madhya Pradesh","Chhindwara","74.2","916.0"
"9","2000","6","Madhya Pradesh","Chhindwara","87.0","824.0"
"9","2001","6","Madhya Pradesh","Chhindwara","90.3","748.0"
"9","2002","6","Madhya Pradesh","Chhindwara","100.7","741.0"
"9","2003","6","Madhya Pradesh","Chhindwara","109.6","1448.0"
"9","2004","6","Madhya Pradesh","Chhindwara","140.09","836.0"
"9","2005","6","Madhya Pradesh","Chhindwara","128.63","891.0"
"9","2006","6","Madhya Pradesh","Chhindwara","139.8","1365.0"
"9","2007","6","Madhya Pradesh","Chhindwara","144.6","1498.0"
"9","2008","6","Madhya Pradesh","Chhindwara","147.9","1193.0"
"9","2009","6","Madhya Pradesh","Chhindwara","157.2","1692.0"
"9","2010","6","Madhya Pradesh","Chhindwara","161.6","1786.0"
"9","2011","6","Madhya Pradesh","Chhindwara","184.7","1737.0"
"9","2012","6","Madhya Pradesh","Chhindwara","153.73","2488.0"
"9","2013","6","Madhya Pradesh","Chhindwara","150.01","769.0"
"9","2014","6","Madhya Pradesh","Chhindwara","99.0","1172.0"
"9","2015","6","Madhya Pradesh","Chhindwara","96.0","885.0"
"9","2016","6","Madhya Pradesh","Chhindwara","73.0","1315.0"
"9","2017","6","Madhya Pradesh","Chhindwara","28.0","1784.0"
"10","1990","6","Madhya Pradesh","Narsinghpur","49.76","1068.0"
"10","1991","6","Madhya Pradesh","Narsinghpur","63.13","1208.0"
"10","1992","6","Madhya Pradesh","Narsinghpur","76.9","1415.0"
"10","1993","6","Madhya Pradesh","Narsinghpur","92.02","1428.0"
"10","1994","6","Madhya Pradesh","Narsinghpur","78.8","967.0"
"10","1995","6","Madhya Pradesh","Narsinghpur","101.4","1672.0"
"10","1996","6","Madhya Pradesh","Narsinghpur","113.3","1615.0"
"10","1997","6","Madhya Pradesh","Narsinghpur","121.6","1415.0"
"10","1998","6","Madhya Pradesh","Narsinghpur","117.8","1167.0"
"10","1999","6","Madhya Pradesh","Narsinghpur","123.1","1221.0"
"10","2000","6","Madhya Pradesh","Narsinghpur","113.6","1040.0"
"10","2001","6","Madhya Pradesh","Narsinghpur","92.0","1686.0"
"10","2002","6","Madhya Pradesh","Narsinghpur","70.3","957.0"
"10","2003","6","Madhya Pradesh","Narsinghpur","62.2","1891.0"
"10","2004","6","Madhya Pradesh","Narsinghpur","60.19","1720.0"
"10","2005","6","Madhya Pradesh","Narsinghpur","53.15","1722.0"
"10","2006","6","Madhya Pradesh","Narsinghpur","52.65","1583.0"
"10","2007","6","Madhya Pradesh","Narsinghpur","63.0","1294.0"
"10","2008","6","Madhya Pradesh","Narsinghpur","75.0","1552.0"
"10","2009","6","Madhya Pradesh","Narsinghpur","79.7","1868.0"
"10","2010","6","Madhya Pradesh","Narsinghpur","71.0","1948.0"
"10","2011","6","Madhya Pradesh","Narsinghpur","99.2","1571.0"
"10","2012","6","Madhya Pradesh","Narsinghpur","94.14","1789.0"
"10","2013","6","Madhya Pradesh","Narsinghpur","101.85","394.0"
"10","2014","6","Madhya Pradesh","Narsinghpur","85.0","1306.0"
"10","2015","6","Madhya Pradesh","Narsinghpur","68.0","721.0"
"10","2016","6","Madhya Pradesh","Narsinghpur","52.0","1385.0"
"10","2017","6","Madhya Pradesh","Narsinghpur","43.5","313.0"
"11","1990","6","Madhya Pradesh","Seoni","58.85","938.0"
"11","1991","6","Madhya Pradesh","Seoni","83.97","556.0"
"11","1992","6","Madhya Pradesh","Seoni","102.07","861.0"
"11","1993","6","Madhya Pradesh","Seoni","96.95","993.0"
"11","1994","6","Madhya Pradesh","Seoni","71.7","743.0"
"11","1995","6","Madhya Pradesh","Seoni","84.2","1229.0"
"11","1996","6","Madhya Pradesh","Seoni","91.0","1133.0"
"11","1997","6","Madhya Pradesh","Seoni","96.2","898.0"
"11","1998","6","Madhya Pradesh","Seoni","84.8","434.0"
"11","1999","6","Madhya Pradesh","Seoni","74.0","953.0"
"11","2000","6","Madhya Pradesh","Seoni","71.6","525.0"
"11","2001","6","Madhya Pradesh","Seoni","67.5","1110.0"
"11","2002","6","Madhya Pradesh","Seoni","67.6","914.0"
"11","2003","6","Madhya Pradesh","Seoni","72.1","1169.0"
"11","2004","6","Madhya Pradesh","Seoni","95.41","856.0"
"11","2005","6","Madhya Pradesh","Seoni","86.56","827.0"
"11","2006","6","Madhya Pradesh","Seoni","99.85","1108.0"
"11","2007","6","Madhya Pradesh","Seoni","110.1","977.0"
"11","2008","6","Madhya Pradesh","Seoni","113.5","1056.0"
"11","2009","6","Madhya Pradesh","Seoni","113.2","1090.0"
"11","2010","6","Madhya Pradesh","Seoni","120.2","1136.0"
"11","2011","6","Madhya Pradesh","Seoni","117.8","963.0"
"11","2012","6","Madhya Pradesh","Seoni","118.99","1241.0"
"11","2013","6","Madhya Pradesh","Seoni","106.49","258.0"
"11","2014","6","Madhya Pradesh","Seoni","80.0","1288.0"
"11","2015","6","Madhya Pradesh","Seoni","33.0","636.0"
"11","2016","6","Madhya Pradesh","Seoni","26.0","1385.0"
"11","2017","6","Madhya Pradesh","Seoni","31.0","88.0"
"12","1990","6","Madhya Pradesh","Mandla","5.21","1015.0"
"12","1991","6","Madhya Pradesh","Mandla","7.25","654.0"
"12","1992","6","Madhya Pradesh","Mandla","10.1","861.0"
"12","1993","6","Madhya Pradesh","Mandla","11.58","993.0"
"12","1994","6","Madhya Pradesh","Mandla","6.4","672.0"
"12","1995","6","Madhya Pradesh","Mandla","9.9","960.0"
"12","1996","6","Madhya Pradesh","Mandla","12.1","893.0"
"12","1997","6","Madhya Pradesh","Mandla","13.0","938.0"
"12","1998","6","Madhya Pradesh","Mandla","12.9","752.0"
"12","1999","6","Madhya Pradesh","Mandla","1.5","733.0"
"12","2000","6","Madhya Pradesh","Mandla","0.7","429.0"
"12","2001","6","Madhya Pradesh","Mandla","0.4","750.0"
"12","2002","6","Madhya Pradesh","Mandla","0.2","500.0"
"12","2003","6","Madhya Pradesh","Mandla","0.2","1000.0"
"12","2004","6","Madhya Pradesh","Mandla","0.54","741.0"
"12","2005","6","Madhya Pradesh","Mandla","0.55","709.0"
"12","2006","6","Madhya Pradesh","Mandla","1.25","640.0"
"12","2007","6","Madhya Pradesh","Mandla","2.5","720.0"
"12","2008","6","Madhya Pradesh","Mandla","2.4","875.0"
"12","2009","6","Madhya Pradesh","Mandla","2.3","739.0"
"12","2010","6","Madhya Pradesh","Mandla","2.3","913.0"
"12","2011","6","Madhya Pradesh","Mandla","2.4","625.0"
"12","2012","6","Madhya Pradesh","Mandla","3.11","611.0"
"12","2013","6","Madhya Pradesh","Mandla","1.9","68.0"
"12","2014","6","Madhya Pradesh","Mandla","11.0","1273.0"
"12","2015","6","Madhya Pradesh","Mandla","3.0","1333.0"
"12","2016","6","Madhya Pradesh","Mandla","1.0","1000.0"
"12","2017","6","Madhya Pradesh","Mandla","2.7","133.0"
"13","1990","6","Madhya Pradesh","Sagar","66.48","917.0"
"13","1991","6","Madhya Pradesh","Sagar","77.75","724.0"
"13","1992","6","Madhya Pradesh","Sagar","89.24","793.0"
"13","1993","6","Madhya Pradesh","Sagar","110.1","749.0"
"13","1994","6","Madhya Pradesh","Sagar","73.6","719.0"
"13","1995","6","Madhya Pradesh","Sagar","124.9","1055.0"
"13","1996","6","Madhya Pradesh","Sagar","149.2","965.0"
"13","1997","6","Madhya Pradesh","Sagar","181.4","879.0"
"13","1998","6","Madhya Pradesh","Sagar","155.6","508.0"
"13","1999","6","Madhya Pradesh","Sagar","152.6","685.0"
"13","2000","6","Madhya Pradesh","Sagar","147.7","821.0"
"13","2001","6","Madhya Pradesh","Sagar","167.4","681.0"
"13","2002","6","Madhya Pradesh","Sagar","152.6","476.0"
"13","2003","6","Madhya Pradesh","Sagar","162.4","990.0"
"13","2004","6","Madhya Pradesh","Sagar","194.81","833.0"
"13","2005","6","Madhya Pradesh","Sagar","168.77","834.0"
"13","2006","6","Madhya Pradesh","Sagar","202.91","836.0"
"13","2007","6","Madhya Pradesh","Sagar","321.8","576.0"
"13","2008","6","Madhya Pradesh","Sagar","303.0","893.0"
"13","2009","6","Madhya Pradesh","Sagar","308.5","914.0"
"13","2010","6","Madhya Pradesh","Sagar","303.6","1338.0"
"13","2011","6","Madhya Pradesh","Sagar","273.0","994.0"
"13","2012","6","Madhya Pradesh","Sagar","335.22","1308.0"
"13","2013","6","Madhya Pradesh","Sagar","351.74","426.0"
"13","2014","6","Madhya Pradesh","Sagar","149.0","1262.0"
"13","2015","6","Madhya Pradesh","Sagar","314.0","783.0"
"13","2016","6","Madhya Pradesh","Sagar","290.0","534.0"
"13","2017","6","Madhya Pradesh","Sagar","216.2","588.0"
"14","1990","6","Madhya Pradesh","Damoh","9.5","742.0"
"14","1991","6","Madhya Pradesh","Damoh","14.7","548.0"
"14","1992","6","Madhya Pradesh","Damoh","22.09","750.0"
"14","1993","6","Madhya Pradesh","Damoh","41.3","933.0"
"14","1994","6","Madhya Pradesh","Damoh","39.0","821.0"
"14","1995","6","Madhya Pradesh","Damoh","54.6","985.0"
"14","1996","6","Madhya Pradesh","Damoh","67.9","885.0"
"14","1997","6","Madhya Pradesh","Damoh","82.2","889.0"
"14","1998","6","Madhya Pradesh","Damoh","68.9","540.0"
"14","1999","6","Madhya Pradesh","Damoh","56.1","715.0"
"14","2000","6","Madhya Pradesh","Damoh","56.1","519.0"
"14","2001","6","Madhya Pradesh","Damoh","50.0","782.0"
"14","2002","6","Madhya Pradesh","Damoh","26.4","462.0"
"14","2003","6","Madhya Pradesh","Damoh","32.3","1015.0"
"14","2004","6","Madhya Pradesh","Damoh","44.88","952.0"
"14","2005","6","Madhya Pradesh","Damoh","45.3","1031.0"
"14","2006","6","Madhya Pradesh","Damoh","54.56","836.0"
"14","2007","6","Madhya Pradesh","Damoh","108.7","573.0"
"14","2008","6","Madhya Pradesh","Damoh","93.0","1176.0"
"14","2009","6","Madhya Pradesh","Damoh","91.0","1119.0"
"14","2010","6","Madhya Pradesh","Damoh","62.1","1383.0"
"14","2011","6","Madhya Pradesh","Damoh","73.0","1240.0"
"14","2012","6","Madhya Pradesh","Damoh","102.71","1265.0"
"14","2013","6","Madhya Pradesh","Damoh","128.58","504.0"
"14","2014","6","Madhya Pradesh","Damoh","98.0","1184.0"
"14","2015","6","Madhya Pradesh","Damoh","103.0","1311.0"
"14","2016","6","Madhya Pradesh","Damoh","70.0","857.0"
"14","2017","6","Madhya Pradesh","Damoh","66.5","1350.0"
"15","1990","6","Madhya Pradesh","Tikamgarh","17.47","1166.0"
"15","1991","6","Madhya Pradesh","Tikamgarh","21.84","1042.0"
"15","1992","6","Madhya Pradesh","Tikamgarh","34.59","1295.0"
"15","1993","6","Madhya Pradesh","Tikamgarh","43.95","1494.0"
"15","1994","6","Madhya Pradesh","Tikamgarh","50.1","1246.0"
"15","1995","6","Madhya Pradesh","Tikamgarh","59.6","1310.0"
"15","1996","6","Madhya Pradesh","Tikamgarh","64.5","1319.0"
"15","1997","6","Madhya Pradesh","Tikamgarh","72.0","1324.0"
"15","1998","6","Madhya Pradesh","Tikamgarh","68.9","1086.0"
"15","1999","6","Madhya Pradesh","Tikamgarh","56.5","963.0"
"15","2000","6","Madhya Pradesh","Tikamgarh","51.8","745.0"
"15","2001","6","Madhya Pradesh","Tikamgarh","46.9","1145.0"
"15","2002","6","Madhya Pradesh","Tikamgarh","30.2","603.0"
"15","2003","6","Madhya Pradesh","Tikamgarh","29.5","1444.0"
"15","2004","6","Madhya Pradesh","Tikamgarh","30.69","865.0"
"15","2005","6","Madhya Pradesh","Tikamgarh","28.35","923.0"
"15","2006","6","Madhya Pradesh","Tikamgarh","24.87","679.0"
"15","2007","6","Madhya Pradesh","Tikamgarh","32.9","435.0"
"15","2008","6","Madhya Pradesh","Tikamgarh","37.1","1178.0"
"15","2009","6","Madhya Pradesh","Tikamgarh","36.7","1215.0"
"15","2010","6","Madhya Pradesh","Tikamgarh","31.5","1267.0"
"15","2011","6","Madhya Pradesh","Tikamgarh","46.8","769.0"
"15","2012","6","Madhya Pradesh","Tikamgarh","54.17","710.0"
"15","2013","6","Madhya Pradesh","Tikamgarh","60.6","555.0"
"15","2014","6","Madhya Pradesh","Tikamgarh","76.0","1658.0"
"15","2015","6","Madhya Pradesh","Tikamgarh","47.0","617.0"
"15","2016","6","Madhya Pradesh","Tikamgarh","22.0","909.0"
"15","2017","6","Madhya Pradesh","Tikamgarh","23.5","574.0"
"16","1990","6","Madhya Pradesh","Chhatarpur","4.65","774.0"
"16","1991","6","Madhya Pradesh","Chhatarpur","5.94","544.0"
"16","1992","6","Madhya Pradesh","Chhatarpur","10.41","678.0"
"16","1993","6","Madhya Pradesh","Chhatarpur","17.8","825.0"
"16","1994","6","Madhya Pradesh","Chhatarpur","24.8","742.0"
"16","1995","6","Madhya Pradesh","Chhatarpur","30.1","588.0"
"16","1996","6","Madhya Pradesh","Chhatarpur","37.5","701.0"
"16","1997","6","Madhya Pradesh","Chhatarpur","43.9","763.0"
"16","1998","6","Madhya Pradesh","Chhatarpur","40.5","472.0"
"16","1999","6","Madhya Pradesh","Chhatarpur","33.5","531.0"
"16","2000","6","Madhya Pradesh","Chhatarpur","30.5","374.0"
"16","2001","6","Madhya Pradesh","Chhatarpur","23.9","506.0"
"16","2002","6","Madhya Pradesh","Chhatarpur","15.2","296.0"
"16","2003","6","Madhya Pradesh","Chhatarpur","17.6","665.0"
"16","2004","6","Madhya Pradesh","Chhatarpur","22.84","539.0"
"16","2005","6","Madhya Pradesh","Chhatarpur","23.28","489.0"
"16","2006","6","Madhya Pradesh","Chhatarpur","22.07","427.0"
"16","2007","6","Madhya Pradesh","Chhatarpur","31.9","288.0"
"16","2008","6","Madhya Pradesh","Chhatarpur","33.5","636.0"
"16","2009","6","Madhya Pradesh","Chhatarpur","41.6","632.0"
"16","2010","6","Madhya Pradesh","Chhatarpur","47.4","673.0"
"16","2011","6","Madhya Pradesh","Chhatarpur","48.9","401.0"
"16","2012","6","Madhya Pradesh","Chhatarpur","73.21","844.0"
"16","2013","6","Madhya Pradesh","Chhatarpur","88.29","598.0"
"16","2014","6","Madhya Pradesh","Chhatarpur","80.0","1438.0"
"16","2015","6","Madhya Pradesh","Chhatarpur","49.0","1020.0"
"16","2016","6","Madhya Pradesh","Chhatarpur","42.0","1071.0"
"16","2017","6","Madhya Pradesh","Chhatarpur","30.8","847.0"
"17","1990","6","Madhya Pradesh","Panna","0.21","857.0"
"17","1991","6","Madhya Pradesh","Panna","0.32","375.0"
"17","1992","6","Madhya Pradesh","Panna","0.78","667.0"
"17","1993","6","Madhya Pradesh","Panna","2.33","773.0"
"17","1994","6","Madhya Pradesh","Panna","2.7","778.0"
"17","1995","6","Madhya Pradesh","Panna","4.0","750.0"
"17","1996","6","Madhya Pradesh","Panna","5.6","661.0"
"17","1997","6","Madhya Pradesh","Panna","6.8","662.0"
"17","1998","6","Madhya Pradesh","Panna","6.6","500.0"
"17","1999","6","Madhya Pradesh","Panna","5.2","558.0"
"17","2000","6","Madhya Pradesh","Panna","2.9","414.0"
"17","2001","6","Madhya Pradesh","Panna","1.6","500.0"
"17","2002","6","Madhya Pradesh","Panna","0.5","400.0"
"17","2003","6","Madhya Pradesh","Panna","0.2","1000.0"
"17","2004","6","Madhya Pradesh","Panna","0.71","493.0"
"17","2005","6","Madhya Pradesh","Panna","0.77","649.0"
"17","2006","6","Madhya Pradesh","Panna","1.66","452.0"
"17","2007","6","Madhya Pradesh","Panna","4.5","511.0"
"17","2008","6","Madhya Pradesh","Panna","5.3","679.0"
"17","2009","6","Madhya Pradesh","Panna","11.1","703.0"
"17","2010","6","Madhya Pradesh","Panna","8.8","886.0"
"17","2011","6","Madhya Pradesh","Panna","16.3","601.0"
"17","2012","6","Madhya Pradesh","Panna","17.03","857.0"
"17","2013","6","Madhya Pradesh","Panna","26.24","605.0"
"17","2014","6","Madhya Pradesh","Panna","35.0","1171.0"
"17","2015","6","Madhya Pradesh","Panna","29.0","621.0"
"17","2016","6","Madhya Pradesh","Panna","22.0","864.0"
"17","2017","6","Madhya Pradesh","Panna","17.5","1103.0"
"18","1990","6","Madhya Pradesh","Rewa","2.64","742.0"
"18","1991","6","Madhya Pradesh","Rewa","6.04","518.0"
"18","1992","6","Madhya Pradesh","Rewa","13.54","629.0"
"18","1993","6","Madhya Pradesh","Rewa","18.18","726.0"
"18","1994","6","Madhya Pradesh","Rewa","21.8","619.0"
"18","1995","6","Madhya Pradesh","Rewa","26.8","720.0"
"18","1996","6","Madhya Pradesh","Rewa","29.4","585.0"
"18","1997","6","Madhya Pradesh","Rewa","29.4","646.0"
"18","1998","6","Madhya Pradesh","Rewa","29.7","498.0"
"18","1999","6","Madhya Pradesh","Rewa","25.2","567.0"
"18","2000","6","Madhya Pradesh","Rewa","25.0","544.0"
"18","2001","6","Madhya Pradesh","Rewa","16.5","545.0"
"18","2002","6","Madhya Pradesh","Rewa","13.3","398.0"
"18","2003","6","Madhya Pradesh","Rewa","13.8","594.0"
"18","2004","6","Madhya Pradesh","Rewa","15.52","534.0"
"18","2005","6","Madhya Pradesh","Rewa","16.16","682.0"
"18","2006","6","Madhya Pradesh","Rewa","19.4","606.0"
"18","2007","6","Madhya Pradesh","Rewa","22.7","546.0"
"18","2008","6","Madhya Pradesh","Rewa","24.5","649.0"
"18","2009","6","Madhya Pradesh","Rewa","28.5","660.0"
"18","2010","6","Madhya Pradesh","Rewa","29.7","626.0"
"18","2011","6","Madhya Pradesh","Rewa","41.4","495.0"
"18","2012","6","Madhya Pradesh","Rewa","36.01","583.0"
"18","2013","6","Madhya Pradesh","Rewa","49.97","941.0"
"18","2014","6","Madhya Pradesh","Rewa","71.0","1014.0"
"18","2015","6","Madhya Pradesh","Rewa","54.0","704.0"
"18","2016","6","Madhya Pradesh","Rewa","48.0","854.0"
"18","2017","6","Madhya Pradesh","Rewa","42.5","914.0"
"19","1990","6","Madhya Pradesh","Sidhi","0.03","667.0"
"19","1991","6","Madhya Pradesh","Sidhi","0.06","333.0"
"19","1992","6","Madhya Pradesh","Sidhi","0.2","400.0"
"19","1993","6","Madhya Pradesh","Sidhi","0.39","615.0"
"19","1994","6","Madhya Pradesh","Sidhi","0.4","500.0"
"19","1995","6","Madhya Pradesh","Sidhi","0.4","750.0"
"19","1996","6","Madhya Pradesh","Sidhi","0.7","571.0"
"19","1997","6","Madhya Pradesh","Sidhi","0.7","571.0"
"19","1998","6","Madhya Pradesh","Sidhi","0.8","500.0"
"19","1999","6","Madhya Pradesh","Sidhi","0.4","500.0"
"19","2000","6","Madhya Pradesh","Sidhi","0.6","333.0"
"19","2001","6","Madhya Pradesh","Sidhi","0.2","500.0"
"19","2002","6","Madhya Pradesh","Sidhi","0.1","0.0"
"19","2003","6","Madhya Pradesh","Sidhi","0.2","500.0"
"19","2004","6","Madhya Pradesh","Sidhi","0.07","429.0"
"19","2005","6","Madhya Pradesh","Sidhi","0.1","600.0"
"19","2006","6","Madhya Pradesh","Sidhi","0.09","444.0"
"19","2007","6","Madhya Pradesh","Sidhi","0.1","0.0"
"19","2008","6","Madhya Pradesh","Sidhi","0.1","1000.0"
"19","2009","6","Madhya Pradesh","Sidhi","0.1","1000.0"
"19","2010","6","Madhya Pradesh","Sidhi","0.2","500.0"
"19","2011","6","Madhya Pradesh","Sidhi","0.2","500.0"
"19","2012","6","Madhya Pradesh","Sidhi","0.07","571.0"
"19","2013","6","Madhya Pradesh","Sidhi","0.27","481.0"
"19","2014","6","Madhya Pradesh","Sidhi","12.0","1500.0"
"19","2015","6","Madhya Pradesh","Sidhi","3.0","667.0"
"19","2016","6","Madhya Pradesh","Sidhi","0.0","0.0"
"19","2017","6","Madhya Pradesh","Sidhi","2.1","748.0"
"20","1990","6","Madhya Pradesh","Satna","4.34","776.0"
"20","1991","6","Madhya Pradesh","Satna","9.86","559.0"
"20","1992","6","Madhya Pradesh","Satna","19.89","712.0"
"20","1993","6","Madhya Pradesh","Satna","29.51","652.0"
"20","1994","6","Madhya Pradesh","Satna","30.1","668.0"
"20","1995","6","Madhya Pradesh","Satna","38.9","671.0"
"20","1996","6","Madhya Pradesh","Satna","46.0","604.0"
"20","1997","6","Madhya Pradesh","Satna","53.1","659.0"
"20","1998","6","Madhya Pradesh","Satna","50.0","440.0"
"20","1999","6","Madhya Pradesh","Satna","34.7","617.0"
"20","2000","6","Madhya Pradesh","Satna","28.4","415.0"
"20","2001","6","Madhya Pradesh","Satna","12.7","669.0"
"20","2002","6","Madhya Pradesh","Satna","6.0","367.0"
"20","2003","6","Madhya Pradesh","Satna","9.1","626.0"
"20","2004","6","Madhya Pradesh","Satna","16.34","562.0"
"20","2005","6","Madhya Pradesh","Satna","19.06","634.0"
"20","2006","6","Madhya Pradesh","Satna","30.77","499.0"
"20","2007","6","Madhya Pradesh","Satna","46.7","469.0"
"20","2008","6","Madhya Pradesh","Satna","51.4","554.0"
"20","2009","6","Madhya Pradesh","Satna","54.2","548.0"
"20","2010","6","Madhya Pradesh","Satna","46.4","685.0"
"20","2011","6","Madhya Pradesh","Satna","52.1","501.0"
"20","2012","6","Madhya Pradesh","Satna","55.29","509.0"
"20","2013","6","Madhya Pradesh","Satna","81.53","214.0"
"20","2014","6","Madhya Pradesh","Satna","72.0","2042.0"
"20","2015","6","Madhya Pradesh","Satna","81.0","444.0"
"20","2016","6","Madhya Pradesh","Satna","65.0","723.0"
"20","2017","6","Madhya Pradesh","Satna","59.8","582.0"
"21","1990","6","Madhya Pradesh","Shahdol","1.96","719.0"
"21","1991","6","Madhya Pradesh","Shahdol","2.22","347.0"
"21","1992","6","Madhya Pradesh","Shahdol","3.38","512.0"
"21","1993","6","Madhya Pradesh","Shahdol","3.8","616.0"
"21","1994","6","Madhya Pradesh","Shahdol","3.5","514.0"
"21","1995","6","Madhya Pradesh","Shahdol","4.3","558.0"
"21","1996","6","Madhya Pradesh","Shahdol","5.7","561.0"
"21","1997","6","Madhya Pradesh","Shahdol","6.7","582.0"
"21","1998","6","Madhya Pradesh","Shahdol","6.8","412.0"
"21","1999","6","Madhya Pradesh","Shahdol","4.9","551.0"
"21","2000","6","Madhya Pradesh","Shahdol","4.3","395.0"
"21","2001","6","Madhya Pradesh","Shahdol","3.3","485.0"
"21","2002","6","Madhya Pradesh","Shahdol","2.9","379.0"
"21","2003","6","Madhya Pradesh","Shahdol","1.4","500.0"
"21","2004","6","Madhya Pradesh","Shahdol","1.7","418.0"
"21","2005","6","Madhya Pradesh","Shahdol","1.68","452.0"
"21","2006","6","Madhya Pradesh","Shahdol","1.84","489.0"
"21","2007","6","Madhya Pradesh","Shahdol","2.4","542.0"
"21","2008","6","Madhya Pradesh","Shahdol","2.0","600.0"
"21","2009","6","Madhya Pradesh","Shahdol","3.4","618.0"
"21","2010","6","Madhya Pradesh","Shahdol","2.9","724.0"
"21","2011","6","Madhya Pradesh","Shahdol","12.0","433.0"
"21","2012","6","Madhya Pradesh","Shahdol","6.4","958.0"
"21","2013","6","Madhya Pradesh","Shahdol","11.9","1121.0"
"21","2014","6","Madhya Pradesh","Shahdol","16.0","1250.0"
"21","2015","6","Madhya Pradesh","Shahdol","15.0","733.0"
"21","2016","6","Madhya Pradesh","Shahdol","12.0","1000.0"
"21","2017","6","Madhya Pradesh","Shahdol","11.5","219.0"
"22","1990","6","Madhya Pradesh","Gwalior","7.51","1357.0"
"22","1991","6","Madhya Pradesh","Gwalior","0.94","1415.0"
"22","1992","6","Madhya Pradesh","Gwalior","2.93","1778.0"
"22","1993","6","Madhya Pradesh","Gwalior","4.13","1801.0"
"22","1994","6","Madhya Pradesh","Gwalior","2.9","1586.0"
"22","1995","6","Madhya Pradesh","Gwalior","5.6","1732.0"
"22","1996","6","Madhya Pradesh","Gwalior","6.6","1652.0"
"22","1997","6","Madhya Pradesh","Gwalior","7.9","1747.0"
"22","1998","6","Madhya Pradesh","Gwalior","7.5","1253.0"
"22","1999","6","Madhya Pradesh","Gwalior","1.4","2143.0"
"22","2000","6","Madhya Pradesh","Gwalior","0.9","2333.0"
"22","2001","6","Madhya Pradesh","Gwalior","1.4","2000.0"
"22","2002","6","Madhya Pradesh","Gwalior","0.4","1000.0"
"22","2003","6","Madhya Pradesh","Gwalior","3.1","2129.0"
"22","2004","6","Madhya Pradesh","Gwalior","19.94","2087.0"
"22","2005","6","Madhya Pradesh","Gwalior","20.76","2159.0"
"22","2006","6","Madhya Pradesh","Gwalior","15.94","1474.0"
"22","2007","6","Madhya Pradesh","Gwalior","17.0","1700.0"
"22","2008","6","Madhya Pradesh","Gwalior","7.0","1900.0"
"22","2009","6","Madhya Pradesh","Gwalior","4.2","1738.0"
"22","2010","6","Madhya Pradesh","Gwalior","2.2","2091.0"
"22","2011","6","Madhya Pradesh","Gwalior","1.9","1684.0"
"22","2012","6","Madhya Pradesh","Gwalior","8.16","1794.0"
"22","2013","6","Madhya Pradesh","Gwalior","5.6","1380.0"
"22","2014","6","Madhya Pradesh","Gwalior","7.0","714.0"
"22","2015","6","Madhya Pradesh","Gwalior","4.0","1250.0"
"22","2016","6","Madhya Pradesh","Gwalior","4.0","1000.0"
"22","2017","6","Madhya Pradesh","Gwalior","1.7","1541.0"
"23","1990","6","Madhya Pradesh","Shivpuri","11.3","792.0"
"23","1991","6","Madhya Pradesh","Shivpuri","13.28","386.0"
"23","1992","6","Madhya Pradesh","Shivpuri","16.66","775.0"
"23","1993","6","Madhya Pradesh","Shivpuri","26.09","784.0"
"23","1994","6","Madhya Pradesh","Shivpuri","32.9","784.0"
"23","1995","6","Madhya Pradesh","Shivpuri","44.7","770.0"
"23","1996","6","Madhya Pradesh","Shivpuri","49.7","702.0"
"23","1997","6","Madhya Pradesh","Shivpuri","57.2","715.0"
"23","1998","6","Madhya Pradesh","Shivpuri","54.6","544.0"
"23","1999","6","Madhya Pradesh","Shivpuri","63.1","830.0"
"23","2000","6","Madhya Pradesh","Shivpuri","77.4","820.0"
"23","2001","6","Madhya Pradesh","Shivpuri","81.1","988.0"
"23","2002","6","Madhya Pradesh","Shivpuri","62.1","219.0"
"23","2003","6","Madhya Pradesh","Shivpuri","82.6","983.0"
"23","2004","6","Madhya Pradesh","Shivpuri","101.35","821.0"
"23","2005","6","Madhya Pradesh","Shivpuri","102.92","939.0"
"23","2006","6","Madhya Pradesh","Shivpuri","103.71","738.0"
"23","2007","6","Madhya Pradesh","Shivpuri","103.2","502.0"
"23","2008","6","Madhya Pradesh","Shivpuri","115.9","917.0"
"23","2009","6","Madhya Pradesh","Shivpuri","119.0","903.0"
"23","2010","6","Madhya Pradesh","Shivpuri","121.6","1048.0"
"23","2011","6","Madhya Pradesh","Shivpuri","123.7","982.0"
"23","2012","6","Madhya Pradesh","Shivpuri","162.79","911.0"
"23","2013","6","Madhya Pradesh","Shivpuri","186.22","629.0"
"23","2014","6","Madhya Pradesh","Shivpuri","150.0","1627.0"
"23","2015","6","Madhya Pradesh","Shivpuri","157.0","669.0"
"23","2016","6","Madhya Pradesh","Shivpuri","147.0","871.0"
"23","2017","6","Madhya Pradesh","Shivpuri","83.6","782.0"
"24","1990","6","Madhya Pradesh","Guna","59.54","865.0"
"24","1991","6","Madhya Pradesh","Guna","55.32","352.0"
"24","1992","6","Madhya Pradesh","Guna","76.93","679.0"
"24","1993","6","Madhya Pradesh","Guna","97.88","943.0"
"24","1994","6","Madhya Pradesh","Guna","100.9","756.0"
"24","1995","6","Madhya Pradesh","Guna","116.5","860.0"
"24","1996","6","Madhya Pradesh","Guna","126.4","819.0"
"24","1997","6","Madhya Pradesh","Guna","124.7","823.0"
"24","1998","6","Madhya Pradesh","Guna","115.5","653.0"
"24","1999","6","Madhya Pradesh","Guna","120.7","922.0"
"24","2000","6","Madhya Pradesh","Guna","138.7","979.0"
"24","2001","6","Madhya Pradesh","Guna","157.6","948.0"
"24","2002","6","Madhya Pradesh","Guna","149.2","332.0"
"24","2003","6","Madhya Pradesh","Guna","123.0","1063.0"
"24","2004","6","Madhya Pradesh","Guna","141.41","795.0"
"24","2005","6","Madhya Pradesh","Guna","138.37","1076.0"
"24","2006","6","Madhya Pradesh","Guna","140.73","975.0"
"24","2007","6","Madhya Pradesh","Guna","162.4","1161.0"
"24","2008","6","Madhya Pradesh","Guna","177.4","1037.0"
"24","2009","6","Madhya Pradesh","Guna","188.9","1039.0"
"24","2010","6","Madhya Pradesh","Guna","212.0","1083.0"
"24","2011","6","Madhya Pradesh","Guna","187.2","1351.0"
"24","2012","6","Madhya Pradesh","Guna","234.53","1276.0"
"24","2013","6","Madhya Pradesh","Guna","247.13","600.0"
"24","2014","6","Madhya Pradesh","Guna","143.0","1587.0"
"24","2015","6","Madhya Pradesh","Guna","237.0","608.0"
"24","2016","6","Madhya Pradesh","Guna","210.0","819.0"
"24","2017","6","Madhya Pradesh","Guna","182.5","825.0"
"25","1990","6","Madhya Pradesh","Datia","1.56","782.0"
"25","1991","6","Madhya Pradesh","Datia","0.19","789.0"
"25","1992","6","Madhya Pradesh","Datia","0.59","949.0"
"25","1993","6","Madhya Pradesh","Datia","1.19","1067.0"
"25","1994","6","Madhya Pradesh","Datia","1.2","1000.0"
"25","1995","6","Madhya Pradesh","Datia","2.4","958.0"
"25","1996","6","Madhya Pradesh","Datia","3.0","933.0"
"25","1997","6","Madhya Pradesh","Datia","4.6","1000.0"
"25","1998","6","Madhya Pradesh","Datia","6.3","667.0"
"25","1999","6","Madhya Pradesh","Datia","1.3","615.0"
"25","2000","6","Madhya Pradesh","Datia","1.9","737.0"
"25","2001","6","Madhya Pradesh","Datia","1.8","1056.0"
"25","2002","6","Madhya Pradesh","Datia","0.5","600.0"
"25","2003","6","Madhya Pradesh","Datia","0.6","833.0"
"25","2004","6","Madhya Pradesh","Datia","0.76","684.0"
"25","2005","6","Madhya Pradesh","Datia","0.79","886.0"
"25","2006","6","Madhya Pradesh","Datia","0.42","810.0"
"25","2007","6","Madhya Pradesh","Datia","0.4","500.0"
"25","2008","6","Madhya Pradesh","Datia","0.3","667.0"
"25","2009","6","Madhya Pradesh","Datia","0.3","667.0"
"25","2010","6","Madhya Pradesh","Datia","0.3","1000.0"
"25","2011","6","Madhya Pradesh","Datia","0.32","625.0"
"25","2012","6","Madhya Pradesh","Datia","0.8","913.0"
"25","2013","6","Madhya Pradesh","Datia","1.77","819.0"
"25","2014","6","Madhya Pradesh","Datia","11.0","1273.0"
"25","2015","6","Madhya Pradesh","Datia","9.0","778.0"
"25","2016","6","Madhya Pradesh","Datia","7.0","571.0"
"25","2017","6","Madhya Pradesh","Datia","6.7","854.0"
"26","1990","6","Madhya Pradesh","Morena","3.55","1310.0"
"26","1991","6","Madhya Pradesh","Morena","1.73","1416.0"
"26","1992","6","Madhya Pradesh","Morena","1.02","1559.0"
"26","1993","6","Madhya Pradesh","Morena","3.89","1563.0"
"26","1994","6","Madhya Pradesh","Morena","7.1","1338.0"
"26","1995","6","Madhya Pradesh","Morena","11.3","1442.0"
"26","1996","6","Madhya Pradesh","Morena","14.0","1279.0"
"26","1997","6","Madhya Pradesh","Morena","26.5","1426.0"
"26","1998","6","Madhya Pradesh","Morena","28.1","1082.0"
"26","1999","6","Madhya Pradesh","Morena","0.2","1000.0"
"26","2000","6","Madhya Pradesh","Morena","0.2","1500.0"
"26","2001","6","Madhya Pradesh","Morena","0.2","1500.0"
"26","2002","6","Madhya Pradesh","Morena","0.2","500.0"
"26","2003","6","Madhya Pradesh","Morena","0.2","1000.0"
"26","2004","6","Madhya Pradesh","Morena","0.2","1150.0"
"26","2005","6","Madhya Pradesh","Morena","0.35","1486.0"
"26","2006","6","Madhya Pradesh","Morena","0.28","1143.0"
"26","2007","6","Madhya Pradesh","Morena","0.2","1500.0"
"26","2008","6","Madhya Pradesh","Morena","0.2","1500.0"
"26","2009","6","Madhya Pradesh","Morena","0.2","1500.0"
"26","2010","6","Madhya Pradesh","Morena","0.3","1333.0"
"26","2011","6","Madhya Pradesh","Morena","0.4","1000.0"
"26","2012","6","Madhya Pradesh","Morena","0.34","1265.0"
"26","2013","6","Madhya Pradesh","Morena","0.45","1356.0"
"26","2014","6","Madhya Pradesh","Morena","11.0","1000.0"
"26","2015","6","Madhya Pradesh","Morena","3.0","1333.0"
"26","2016","6","Madhya Pradesh","Morena","0.0","0.0"
"26","2017","6","Madhya Pradesh","Morena","1.7","1665.0"
"27","1990","6","Madhya Pradesh","Bhind","0.49","776.0"
"27","1991","6","Madhya Pradesh","Bhind","0.09","667.0"
"27","1992","6","Madhya Pradesh","Bhind","0.11","727.0"
"27","1993","6","Madhya Pradesh","Bhind","0.08","875.0"
"27","1994","6","Madhya Pradesh","Bhind","0.1","1000.0"
"27","1995","6","Madhya Pradesh","Bhind","0.1","1000.0"
"27","1996","6","Madhya Pradesh","Bhind","0.3","667.0"
"27","1997","6","Madhya Pradesh","Bhind","0.6","833.0"
"27","1998","6","Madhya Pradesh","Bhind","0.6","667.0"
"27","1999","6","Madhya Pradesh","Bhind","0.2","500.0"
"27","2000","6","Madhya Pradesh","Bhind","0.2","500.0"
"27","2001","6","Madhya Pradesh","Bhind","0.1","1000.0"
"27","2002","6","Madhya Pradesh","Bhind","0.0","0.0"
"27","2003","6","Madhya Pradesh","Bhind","0.0","0.0"
"27","2004","6","Madhya Pradesh","Bhind","0.17","765.0"
"27","2005","6","Madhya Pradesh","Bhind","0.08","875.0"
"27","2006","6","Madhya Pradesh","Bhind","0.03","667.0"
"27","2007","6","Madhya Pradesh","Bhind","0.0","0.0"
"27","2008","6","Madhya Pradesh","Bhind","0.0","0.0"
"27","2009","6","Madhya Pradesh","Bhind","0.0","0.0"
"27","2010","6","Madhya Pradesh","Bhind","0.0","0.0"
"27","2011","6","Madhya Pradesh","Bhind","0.0","0.0"
"27","2012","6","Madhya Pradesh","Bhind","0.0","0.0"
"27","2013","6","Madhya Pradesh","Bhind","0.12","1167.0"
"27","2014","6","Madhya Pradesh","Bhind","11.0","909.0"
"27","2015","6","Madhya Pradesh","Bhind","1.0","1000.0"
"27","2016","6","Madhya Pradesh","Bhind","0.0","0.0"
"27","2017","6","Madhya Pradesh","Bhind","0.5","2000.0"
"28","1990","6","Madhya Pradesh","Indore","149.52","1254.0"
"28","1991","6","Madhya Pradesh","Indore","176.51","949.0"
"28","1992","6","Madhya Pradesh","Indore","186.05","972.0"
"28","1993","6","Madhya Pradesh","Indore","190.5","1355.0"
"28","1994","6","Madhya Pradesh","Indore","197.0","921.0"
"28","1995","6","Madhya Pradesh","Indore","201.9","1106.0"
"28","1996","6","Madhya Pradesh","Indore","203.3","1072.0"
"28","1997","6","Madhya Pradesh","Indore","210.7","1161.0"
"28","1998","6","Madhya Pradesh","Indore","208.1","1263.0"
"28","1999","6","Madhya Pradesh","Indore","214.5","1486.0"
"28","2000","6","Madhya Pradesh","Indore","209.1","1031.0"
"28","2001","6","Madhya Pradesh","Indore","220.4","979.0"
"28","2002","6","Madhya Pradesh","Indore","219.6","756.0"
"28","2003","6","Madhya Pradesh","Indore","218.5","1078.0"
"28","2004","6","Madhya Pradesh","Indore","220.15","1084.0"
"28","2005","6","Madhya Pradesh","Indore","209.91","1126.0"
"28","2006","6","Madhya Pradesh","Indore","224.19","1231.0"
"28","2007","6","Madhya Pradesh","Indore","226.0","1395.0"
"28","2008","6","Madhya Pradesh","Indore","221.0","1517.0"
"28","2009","6","Madhya Pradesh","Indore","226.8","1770.0"
"28","2010","6","Madhya Pradesh","Indore","223.1","862.0"
"28","2011","6","Madhya Pradesh","Indore","219.6","1161.0"
"28","2012","6","Madhya Pradesh","Indore","228.18","1454.0"
"28","2013","6","Madhya Pradesh","Indore","231.22","1007.0"
"28","2014","6","Madhya Pradesh","Indore","222.0","1059.0"
"28","2015","6","Madhya Pradesh","Indore","223.0","762.0"
"28","2016","6","Madhya Pradesh","Indore","221.0","1588.0"
"28","2017","6","Madhya Pradesh","Indore","216.9","915.0"
"29","1990","6","Madhya Pradesh","Ratlam","75.68","1011.0"
"29","1991","6","Madhya Pradesh","Ratlam","119.87","709.0"
"29","1992","6","Madhya Pradesh","Ratlam","132.51","849.0"
"29","1993","6","Madhya Pradesh","Ratlam","142.23","1119.0"
"29","1994","6","Madhya Pradesh","Ratlam","162.4","1062.0"
"29","1995","6","Madhya Pradesh","Ratlam","166.0","1293.0"
"29","1996","6","Madhya Pradesh","Ratlam","173.5","1017.0"
"29","1997","6","Madhya Pradesh","Ratlam","170.0","961.0"
"29","1998","6","Madhya Pradesh","Ratlam","182.2","1707.0"
"29","1999","6","Madhya Pradesh","Ratlam","184.2","1595.0"
"29","2000","6","Madhya Pradesh","Ratlam","181.5","697.0"
"29","2001","6","Madhya Pradesh","Ratlam","178.4","625.0"
"29","2002","6","Madhya Pradesh","Ratlam","165.0","429.0"
"29","2003","6","Madhya Pradesh","Ratlam","158.4","1148.0"
"29","2004","6","Madhya Pradesh","Ratlam","178.66","647.0"
"29","2005","6","Madhya Pradesh","Ratlam","181.81","966.0"
"29","2006","6","Madhya Pradesh","Ratlam","188.53","1170.0"
"29","2007","6","Madhya Pradesh","Ratlam","197.6","1193.0"
"29","2008","6","Madhya Pradesh","Ratlam","204.7","1102.0"
"29","2009","6","Madhya Pradesh","Ratlam","208.2","922.0"
"29","2010","6","Madhya Pradesh","Ratlam","210.7","895.0"
"29","2011","6","Madhya Pradesh","Ratlam","212.0","1260.0"
"29","2012","6","Madhya Pradesh","Ratlam","224.53","1500.0"
"29","2013","6","Madhya Pradesh","Ratlam","236.41","1104.0"
"29","2014","6","Madhya Pradesh","Ratlam","229.0","882.0"
"29","2015","6","Madhya Pradesh","Ratlam","230.0","896.0"
"29","2016","6","Madhya Pradesh","Ratlam","186.0","1457.0"
"29","2017","6","Madhya Pradesh","Ratlam","205.0","1823.0"
"30","1990","6","Madhya Pradesh","Ujjain","241.86","1168.0"
"30","1991","6","Madhya Pradesh","Ujjain","312.98","1002.0"
"30","1992","6","Madhya Pradesh","Ujjain","335.81","843.0"
"30","1993","6","Madhya Pradesh","Ujjain","343.28","1205.0"
"30","1994","6","Madhya Pradesh","Ujjain","373.2","1167.0"
"30","1995","6","Madhya Pradesh","Ujjain","386.5","1094.0"
"30","1996","6","Madhya Pradesh","Ujjain","401.5","890.0"
"30","1997","6","Madhya Pradesh","Ujjain","407.6","1041.0"
"30","1998","6","Madhya Pradesh","Ujjain","407.6","1370.0"
"30","1999","6","Madhya Pradesh","Ujjain","416.9","1363.0"
"30","2000","6","Madhya Pradesh","Ujjain","421.5","611.0"
"30","2001","6","Madhya Pradesh","Ujjain","416.7","644.0"
"30","2002","6","Madhya Pradesh","Ujjain","414.7","484.0"
"30","2003","6","Madhya Pradesh","Ujjain","364.0","1088.0"
"30","2004","6","Madhya Pradesh","Ujjain","400.12","693.0"
"30","2005","6","Madhya Pradesh","Ujjain","421.67","1052.0"
"30","2006","6","Madhya Pradesh","Ujjain","430.34","1087.0"
"30","2007","6","Madhya Pradesh","Ujjain","431.7","1189.0"
"30","2008","6","Madhya Pradesh","Ujjain","443.7","1416.0"
"30","2009","6","Madhya Pradesh","Ujjain","453.8","1483.0"
"30","2010","6","Madhya Pradesh","Ujjain","451.8","1113.0"
"30","2011","6","Madhya Pradesh","Ujjain","452.3","1386.0"
"30","2012","6","Madhya Pradesh","Ujjain","458.82","1467.0"
"30","2013","6","Madhya Pradesh","Ujjain","464.67","782.0"
"30","2014","6","Madhya Pradesh","Ujjain","433.0","693.0"
"30","2015","6","Madhya Pradesh","Ujjain","455.0","723.0"
"30","2016","6","Madhya Pradesh","Ujjain","459.0","1466.0"
"30","2017","6","Madhya Pradesh","Ujjain","446.9","1047.0"
"31","1990","6","Madhya Pradesh","Mandsaur","59.3","841.0"
"31","1991","6","Madhya Pradesh","Mandsaur","101.33","755.0"
"31","1992","6","Madhya Pradesh","Mandsaur","129.37","878.0"
"31","1993","6","Madhya Pradesh","Mandsaur","166.79","1186.0"
"31","1994","6","Madhya Pradesh","Mandsaur","219.3","1016.0"
"31","1995","6","Madhya Pradesh","Mandsaur","255.0","917.0"
"31","1996","6","Madhya Pradesh","Mandsaur","271.3","836.0"
"31","1997","6","Madhya Pradesh","Mandsaur","282.0","1558.0"
"31","1998","6","Madhya Pradesh","Mandsaur","287.3","1384.0"
"31","1999","6","Madhya Pradesh","Mandsaur","211.5","1691.0"
"31","2000","6","Madhya Pradesh","Mandsaur","218.2","583.0"
"31","2001","6","Madhya Pradesh","Mandsaur","223.4","719.0"
"31","2002","6","Madhya Pradesh","Mandsaur","207.7","537.0"
"31","2003","6","Madhya Pradesh","Mandsaur","200.6","1055.0"
"31","2004","6","Madhya Pradesh","Mandsaur","231.96","882.0"
"31","2005","6","Madhya Pradesh","Mandsaur","245.84","661.0"
"31","2006","6","Madhya Pradesh","Mandsaur","250.88","839.0"
"31","2007","6","Madhya Pradesh","Mandsaur","255.9","845.0"
"31","2008","6","Madhya Pradesh","Mandsaur","259.1","916.0"
"31","2009","6","Madhya Pradesh","Mandsaur","262.6","701.0"
"31","2010","6","Madhya Pradesh","Mandsaur","261.5","974.0"
"31","2011","6","Madhya Pradesh","Mandsaur","256.6","1383.0"
"31","2012","6","Madhya Pradesh","Mandsaur","277.78","1777.0"
"31","2013","6","Madhya Pradesh","Mandsaur","286.4","1106.0"
"31","2014","6","Madhya Pradesh","Mandsaur","271.0","790.0"
"31","2015","6","Madhya Pradesh","Mandsaur","283.0","753.0"
"31","2016","6","Madhya Pradesh","Mandsaur","241.0","1373.0"
"31","2017","6","Madhya Pradesh","Mandsaur","249.5","1128.0"
"32","1990","6","Madhya Pradesh","Dewas","127.42","1156.0"
"32","1991","6","Madhya Pradesh","Dewas","155.35","955.0"
"32","1992","6","Madhya Pradesh","Dewas","176.36","724.0"
"32","1993","6","Madhya Pradesh","Dewas","186.45","1092.0"
"32","1994","6","Madhya Pradesh","Dewas","204.5","899.0"
"32","1995","6","Madhya Pradesh","Dewas","219.3","1018.0"
"32","1996","6","Madhya Pradesh","Dewas","231.1","1008.0"
"32","1997","6","Madhya Pradesh","Dewas","240.4","1443.0"
"32","1998","6","Madhya Pradesh","Dewas","234.1","1262.0"
"32","1999","6","Madhya Pradesh","Dewas","268.0","1147.0"
"32","2000","6","Madhya Pradesh","Dewas","274.2","1010.0"
"32","2001","6","Madhya Pradesh","Dewas","270.4","1160.0"
"32","2002","6","Madhya Pradesh","Dewas","268.7","992.0"
"32","2003","6","Madhya Pradesh","Dewas","271.1","1417.0"
"32","2004","6","Madhya Pradesh","Dewas","274.22","1047.0"
"32","2005","6","Madhya Pradesh","Dewas","280.7","1286.0"
"32","2006","6","Madhya Pradesh","Dewas","282.51","1192.0"
"32","2007","6","Madhya Pradesh","Dewas","296.1","1204.0"
"32","2008","6","Madhya Pradesh","Dewas","303.5","1212.0"
"32","2009","6","Madhya Pradesh","Dewas","306.6","1285.0"
"32","2010","6","Madhya Pradesh","Dewas","321.6","1068.0"
"32","2011","6","Madhya Pradesh","Dewas","323.0","1246.0"
"32","2012","6","Madhya Pradesh","Dewas","340.53","1598.0"
"32","2013","6","Madhya Pradesh","Dewas","350.96","762.0"
"32","2014","6","Madhya Pradesh","Dewas","309.0","676.0"
"32","2015","6","Madhya Pradesh","Dewas","337.0","623.0"
"32","2016","6","Madhya Pradesh","Dewas","319.0","1483.0"
"32","2017","6","Madhya Pradesh","Dewas","321.35","1020.0"
"33","1990","6","Madhya Pradesh","Dhar","135.42","1068.0"
"33","1991","6","Madhya Pradesh","Dhar","165.87","775.0"
"33","1992","6","Madhya Pradesh","Dhar","195.27","1032.0"
"33","1993","6","Madhya Pradesh","Dhar","201.42","1357.0"
"33","1994","6","Madhya Pradesh","Dhar","206.3","643.0"
"33","1995","6","Madhya Pradesh","Dhar","216.2","930.0"
"33","1996","6","Madhya Pradesh","Dhar","214.6","930.0"
"33","1997","6","Madhya Pradesh","Dhar","225.5","891.0"
"33","1998","6","Madhya Pradesh","Dhar","233.0","1050.0"
"33","1999","6","Madhya Pradesh","Dhar","255.4","1003.0"
"33","2000","6","Madhya Pradesh","Dhar","250.1","862.0"
"33","2001","6","Madhya Pradesh","Dhar","237.7","873.0"
"33","2002","6","Madhya Pradesh","Dhar","230.9","846.0"
"33","2003","6","Madhya Pradesh","Dhar","224.6","1161.0"
"33","2004","6","Madhya Pradesh","Dhar","238.49","911.0"
"33","2005","6","Madhya Pradesh","Dhar","245.91","1272.0"
"33","2006","6","Madhya Pradesh","Dhar","247.27","1258.0"
"33","2007","6","Madhya Pradesh","Dhar","250.3","1323.0"
"33","2008","6","Madhya Pradesh","Dhar","260.1","1445.0"
"33","2009","6","Madhya Pradesh","Dhar","268.1","1656.0"
"33","2010","6","Madhya Pradesh","Dhar","267.9","1270.0"
"33","2011","6","Madhya Pradesh","Dhar","266.8","1329.0"
"33","2012","6","Madhya Pradesh","Dhar","277.79","1593.0"
"33","2013","6","Madhya Pradesh","Dhar","292.2","1483.0"
"33","2014","6","Madhya Pradesh","Dhar","269.0","896.0"
"33","2015","6","Madhya Pradesh","Dhar","288.0","1309.0"
"33","2016","6","Madhya Pradesh","Dhar","289.0","1599.0"
"33","2017","6","Madhya Pradesh","Dhar","279.43","1291.0"
"34","1990","6","Madhya Pradesh","Jhabua","6.45","922.0"
"34","1991","6","Madhya Pradesh","Jhabua","12.74","445.0"
"34","1992","6","Madhya Pradesh","Jhabua","20.95","691.0"
"34","1993","6","Madhya Pradesh","Jhabua","21.01","930.0"
"34","1994","6","Madhya Pradesh","Jhabua","26.0","769.0"
"34","1995","6","Madhya Pradesh","Jhabua","26.0","619.0"
"34","1996","6","Madhya Pradesh","Jhabua","27.5","593.0"
"34","1997","6","Madhya Pradesh","Jhabua","29.3","829.0"
"34","1998","6","Madhya Pradesh","Jhabua","31.1","666.0"
"34","1999","6","Madhya Pradesh","Jhabua","40.8","699.0"
"34","2000","6","Madhya Pradesh","Jhabua","38.4","333.0"
"34","2001","6","Madhya Pradesh","Jhabua","35.8","492.0"
"34","2002","6","Madhya Pradesh","Jhabua","30.1","538.0"
"34","2003","6","Madhya Pradesh","Jhabua","26.6","842.0"
"34","2004","6","Madhya Pradesh","Jhabua","28.04","581.0"
"34","2005","6","Madhya Pradesh","Jhabua","30.82","645.0"
"34","2006","6","Madhya Pradesh","Jhabua","34.0","718.0"
"34","2007","6","Madhya Pradesh","Jhabua","40.6","714.0"
"34","2008","6","Madhya Pradesh","Jhabua","39.9","759.0"
"34","2009","6","Madhya Pradesh","Jhabua","43.7","719.0"
"34","2010","6","Madhya Pradesh","Jhabua","47.3","763.0"
"34","2011","6","Madhya Pradesh","Jhabua","50.8","657.0"
"34","2012","6","Madhya Pradesh","Jhabua","52.01","987.0"
"34","2013","6","Madhya Pradesh","Jhabua","56.86","782.0"
"34","2014","6","Madhya Pradesh","Jhabua","61.0","836.0"
"34","2015","6","Madhya Pradesh","Jhabua","63.0","1444.0"
"34","2016","6","Madhya Pradesh","Jhabua","66.0","1606.0"
"34","2017","6","Madhya Pradesh","Jhabua","63.6","1430.0"
"35","1990","6","Madhya Pradesh","Khargone","8.88","762.0"
"35","1991","6","Madhya Pradesh","Khargone","14.67","549.0"
"35","1992","6","Madhya Pradesh","Khargone","23.8","668.0"
"35","1993","6","Madhya Pradesh","Khargone","21.23","903.0"
"35","1994","6","Madhya Pradesh","Khargone","27.3","769.0"
"35","1995","6","Madhya Pradesh","Khargone","31.8","736.0"
"35","1996","6","Madhya Pradesh","Khargone","34.1","683.0"
"35","1997","6","Madhya Pradesh","Khargone","39.7","738.0"
"35","1998","6","Madhya Pradesh","Khargone","46.2","509.0"
"35","1999","6","Madhya Pradesh","Khargone","47.7","415.0"
"35","2000","6","Madhya Pradesh","Khargone","51.0","363.0"
"35","2001","6","Madhya Pradesh","Khargone","46.3","516.0"
"35","2002","6","Madhya Pradesh","Khargone","47.1","650.0"
"35","2003","6","Madhya Pradesh","Khargone","50.2","902.0"
"35","2004","6","Madhya Pradesh","Khargone","53.65","638.0"
"35","2005","6","Madhya Pradesh","Khargone","60.19","563.0"
"35","2006","6","Madhya Pradesh","Khargone","57.14","710.0"
"35","2007","6","Madhya Pradesh","Khargone","53.6","756.0"
"35","2008","6","Madhya Pradesh","Khargone","52.8","642.0"
"35","2009","6","Madhya Pradesh","Khargone","48.2","703.0"
"35","2010","6","Madhya Pradesh","Khargone","43.7","863.0"
"35","2011","6","Madhya Pradesh","Khargone","49.8","556.0"
"35","2012","6","Madhya Pradesh","Khargone","49.0","973.0"
"35","2013","6","Madhya Pradesh","Khargone","55.0","769.0"
"35","2014","6","Madhya Pradesh","Khargone","40.0","1400.0"
"35","2015","6","Madhya Pradesh","Khargone","71.0","1535.0"
"35","2016","6","Madhya Pradesh","Khargone","63.0","1603.0"
"35","2017","6","Madhya Pradesh","Khargone","62.3","1036.0"
"36","1990","6","Madhya Pradesh","Khandwa","11.57","694.0"
"36","1991","6","Madhya Pradesh","Khandwa","24.28","452.0"
"36","1992","6","Madhya Pradesh","Khandwa","41.82","503.0"
"36","1993","6","Madhya Pradesh","Khandwa","44.71","677.0"
"36","1994","6","Madhya Pradesh","Khandwa","58.0","517.0"
"36","1995","6","Madhya Pradesh","Khandwa","72.3","615.0"
"36","1996","6","Madhya Pradesh","Khandwa","77.7","553.0"
"36","1997","6","Madhya Pradesh","Khandwa","97.2","720.0"
"36","1998","6","Madhya Pradesh","Khandwa","106.8","572.0"
"36","1999","6","Madhya Pradesh","Khandwa","144.8","562.0"
"36","2000","6","Madhya Pradesh","Khandwa","169.8","314.0"
"36","2001","6","Madhya Pradesh","Khandwa","175.2","441.0"
"36","2002","6","Madhya Pradesh","Khandwa","172.5","495.0"
"36","2003","6","Madhya Pradesh","Khandwa","157.0","626.0"
"36","2004","6","Madhya Pradesh","Khandwa","155.31","487.0"
"36","2005","6","Madhya Pradesh","Khandwa","149.01","599.0"
"36","2006","6","Madhya Pradesh","Khandwa","149.6","689.0"
"36","2007","6","Madhya Pradesh","Khandwa","152.3","708.0"
"36","2008","6","Madhya Pradesh","Khandwa","154.3","765.0"
"36","2009","6","Madhya Pradesh","Khandwa","154.4","632.0"
"36","2010","6","Madhya Pradesh","Khandwa","165.4","714.0"
"36","2011","6","Madhya Pradesh","Khandwa","163.1","535.0"
"36","2012","6","Madhya Pradesh","Khandwa","182.3","872.0"
"36","2013","6","Madhya Pradesh","Khandwa","189.28","803.0"
"36","2014","6","Madhya Pradesh","Khandwa","17.0","1235.0"
"36","2015","6","Madhya Pradesh","Khandwa","178.0","522.0"
"36","2016","6","Madhya Pradesh","Khandwa","164.0","1348.0"
"36","2017","6","Madhya Pradesh","Khandwa","158.6","762.0"
"37","1990","6","Madhya Pradesh","Sehore","153.41","1145.0"
"37","1991","6","Madhya Pradesh","Sehore","174.55","885.0"
"37","1992","6","Madhya Pradesh","Sehore","184.92","906.0"
"37","1993","6","Madhya Pradesh","Sehore","210.07","882.0"
"37","1994","6","Madhya Pradesh","Sehore","180.9","763.0"
"37","1995","6","Madhya Pradesh","Sehore","209.9","1049.0"
"37","1996","6","Madhya Pradesh","Sehore","219.3","894.0"
"37","1997","6","Madhya Pradesh","Sehore","232.3","1186.0"
"37","1998","6","Madhya Pradesh","Sehore","241.5","1030.0"
"37","1999","6","Madhya Pradesh","Sehore","244.7","1085.0"
"37","2000","6","Madhya Pradesh","Sehore","246.6","895.0"
"37","2001","6","Madhya Pradesh","Sehore","247.2","1013.0"
"37","2002","6","Madhya Pradesh","Sehore","246.5","1014.0"
"37","2003","6","Madhya Pradesh","Sehore","255.3","1298.0"
"37","2004","6","Madhya Pradesh","Sehore","275.71","751.0"
"37","2005","6","Madhya Pradesh","Sehore","269.82","1276.0"
"37","2006","6","Madhya Pradesh","Sehore","243.58","888.0"
"37","2007","6","Madhya Pradesh","Sehore","284.5","1197.0"
"37","2008","6","Madhya Pradesh","Sehore","282.5","1293.0"
"37","2009","6","Madhya Pradesh","Sehore","284.4","1526.0"
"37","2010","6","Madhya Pradesh","Sehore","283.9","1889.0"
"37","2011","6","Madhya Pradesh","Sehore","310.9","1190.0"
"37","2012","6","Madhya Pradesh","Sehore","308.68","1236.0"
"37","2013","6","Madhya Pradesh","Sehore","312.24","483.0"
"37","2014","6","Madhya Pradesh","Sehore","193.0","1337.0"
"37","2015","6","Madhya Pradesh","Sehore","296.0","568.0"
"37","2016","6","Madhya Pradesh","Sehore","270.0","1485.0"
"37","2017","6","Madhya Pradesh","Sehore","270.0","826.0"
"38","1990","6","Madhya Pradesh","Raisen","85.02","974.0"
"38","1991","6","Madhya Pradesh","Raisen","92.92","1020.0"
"38","1992","6","Madhya Pradesh","Raisen","103.28","891.0"
"38","1993","6","Madhya Pradesh","Raisen","115.62","900.0"
"38","1994","6","Madhya Pradesh","Raisen","21.5","651.0"
"38","1995","6","Madhya Pradesh","Raisen","89.6","1022.0"
"38","1996","6","Madhya Pradesh","Raisen","109.9","1024.0"
"38","1997","6","Madhya Pradesh","Raisen","132.4","1372.0"
"38","1998","6","Madhya Pradesh","Raisen","161.2","1058.0"
"38","1999","6","Madhya Pradesh","Raisen","121.2","1125.0"
"38","2000","6","Madhya Pradesh","Raisen","96.6","788.0"
"38","2001","6","Madhya Pradesh","Raisen","94.4","784.0"
"38","2002","6","Madhya Pradesh","Raisen","73.3","742.0"
"38","2003","6","Madhya Pradesh","Raisen","69.3","973.0"
"38","2004","6","Madhya Pradesh","Raisen","77.58","872.0"
"38","2005","6","Madhya Pradesh","Raisen","70.57","1085.0"
"38","2006","6","Madhya Pradesh","Raisen","69.66","1164.0"
"38","2007","6","Madhya Pradesh","Raisen","128.3","1197.0"
"38","2008","6","Madhya Pradesh","Raisen","116.6","1108.0"
"38","2009","6","Madhya Pradesh","Raisen","123.3","1144.0"
"38","2010","6","Madhya Pradesh","Raisen","143.9","1094.0"
"38","2011","6","Madhya Pradesh","Raisen","188.8","700.0"
"38","2012","6","Madhya Pradesh","Raisen","196.49","925.0"
"38","2013","6","Madhya Pradesh","Raisen","194.52","241.0"
"38","2014","6","Madhya Pradesh","Raisen","119.0","1261.0"
"38","2015","6","Madhya Pradesh","Raisen","94.0","447.0"
"38","2016","6","Madhya Pradesh","Raisen","82.0","854.0"
"38","2017","6","Madhya Pradesh","Raisen","84.7","610.0"
"39","1990","6","Madhya Pradesh","Vidisha","49.8","1013.0"
"39","1991","6","Madhya Pradesh","Vidisha","50.23","732.0"
"39","1992","6","Madhya Pradesh","Vidisha","67.59","815.0"
"39","1993","6","Madhya Pradesh","Vidisha","74.66","897.0"
"39","1994","6","Madhya Pradesh","Vidisha","33.8","935.0"
"39","1995","6","Madhya Pradesh","Vidisha","69.8","1139.0"
"39","1996","6","Madhya Pradesh","Vidisha","83.3","963.0"
"39","1997","6","Madhya Pradesh","Vidisha","107.1","948.0"
"39","1998","6","Madhya Pradesh","Vidisha","82.6","792.0"
"39","1999","6","Madhya Pradesh","Vidisha","103.5","965.0"
"39","2000","6","Madhya Pradesh","Vidisha","115.9","1028.0"
"39","2001","6","Madhya Pradesh","Vidisha","134.9","933.0"
"39","2002","6","Madhya Pradesh","Vidisha","103.5","854.0"
"39","2003","6","Madhya Pradesh","Vidisha","125.1","855.0"
"39","2004","6","Madhya Pradesh","Vidisha","134.78","1043.0"
"39","2005","6","Madhya Pradesh","Vidisha","124.86","1129.0"
"39","2006","6","Madhya Pradesh","Vidisha","143.41","978.0"
"39","2007","6","Madhya Pradesh","Vidisha","180.3","1006.0"
"39","2008","6","Madhya Pradesh","Vidisha","193.0","1086.0"
"39","2009","6","Madhya Pradesh","Vidisha","217.9","1173.0"
"39","2010","6","Madhya Pradesh","Vidisha","249.2","1494.0"
"39","2011","6","Madhya Pradesh","Vidisha","240.0","1155.0"
"39","2012","6","Madhya Pradesh","Vidisha","289.76","1111.0"
"39","2013","6","Madhya Pradesh","Vidisha","317.82","1012.0"
"39","2014","6","Madhya Pradesh","Vidisha","255.0","1169.0"
"39","2015","6","Madhya Pradesh","Vidisha","311.0","659.0"
"39","2016","6","Madhya Pradesh","Vidisha","290.0","590.0"
"39","2017","6","Madhya Pradesh","Vidisha","277.48","1355.0"
"40","1990","6","Madhya Pradesh","Betul","129.24","1019.0"
"40","1991","6","Madhya Pradesh","Betul","136.84","692.0"
"40","1992","6","Madhya Pradesh","Betul","147.98","736.0"
"40","1993","6","Madhya Pradesh","Betul","160.42","1016.0"
"40","1994","6","Madhya Pradesh","Betul","164.9","701.0"
"40","1995","6","Madhya Pradesh","Betul","176.2","825.0"
"40","1996","6","Madhya Pradesh","Betul","181.1","1045.0"
"40","1997","6","Madhya Pradesh","Betul","185.3","693.0"
"40","1998","6","Madhya Pradesh","Betul","172.1","461.0"
"40","1999","6","Madhya Pradesh","Betul","168.9","625.0"
"40","2000","6","Madhya Pradesh","Betul","160.6","582.0"
"40","2001","6","Madhya Pradesh","Betul","156.5","882.0"
"40","2002","6","Madhya Pradesh","Betul","160.8","652.0"
"40","2003","6","Madhya Pradesh","Betul","153.3","892.0"
"40","2004","6","Madhya Pradesh","Betul","158.21","689.0"
"40","2005","6","Madhya Pradesh","Betul","176.72","1075.0"
"40","2006","6","Madhya Pradesh","Betul","173.92","1049.0"
"40","2007","6","Madhya Pradesh","Betul","194.1","1047.0"
"40","2008","6","Madhya Pradesh","Betul","197.0","1131.0"
"40","2009","6","Madhya Pradesh","Betul","210.3","1221.0"
"40","2010","6","Madhya Pradesh","Betul","229.0","1291.0"
"40","2011","6","Madhya Pradesh","Betul","205.3","1223.0"
"40","2012","6","Madhya Pradesh","Betul","236.0","1850.0"
"40","2013","6","Madhya Pradesh","Betul","241.85","630.0"
"40","2014","6","Madhya Pradesh","Betul","188.0","2064.0"
"40","2015","6","Madhya Pradesh","Betul","254.0","492.0"
"40","2016","6","Madhya Pradesh","Betul","234.0","1333.0"
"40","2017","6","Madhya Pradesh","Betul","223.0","1335.0"
"41","1990","6","Madhya Pradesh","Rajgarh","140.02","622.0"
"41","1991","6","Madhya Pradesh","Rajgarh","150.36","453.0"
"41","1992","6","Madhya Pradesh","Rajgarh","157.75","480.0"
"41","1993","6","Madhya Pradesh","Rajgarh","168.58","676.0"
"41","1994","6","Madhya Pradesh","Rajgarh","185.9","783.0"
"41","1995","6","Madhya Pradesh","Rajgarh","196.0","668.0"
"41","1996","6","Madhya Pradesh","Rajgarh","207.7","688.0"
"41","1997","6","Madhya Pradesh","Rajgarh","216.2","1143.0"
"41","1998","6","Madhya Pradesh","Rajgarh","220.3","1320.0"
"41","1999","6","Madhya Pradesh","Rajgarh","239.4","998.0"
"41","2000","6","Madhya Pradesh","Rajgarh","251.8","518.0"
"41","2001","6","Madhya Pradesh","Rajgarh","260.9","606.0"
"41","2002","6","Madhya Pradesh","Rajgarh","255.8","341.0"
"41","2003","6","Madhya Pradesh","Rajgarh","252.3","1135.0"
"41","2004","6","Madhya Pradesh","Rajgarh","261.01","885.0"
"41","2005","6","Madhya Pradesh","Rajgarh","266.31","1191.0"
"41","2006","6","Madhya Pradesh","Rajgarh","273.08","840.0"
"41","2007","6","Madhya Pradesh","Rajgarh","277.4","982.0"
"41","2008","6","Madhya Pradesh","Rajgarh","283.2","1087.0"
"41","2009","6","Madhya Pradesh","Rajgarh","292.1","876.0"
"41","2010","6","Madhya Pradesh","Rajgarh","299.0","1052.0"
"41","2011","6","Madhya Pradesh","Rajgarh","299.5","863.0"
"41","2012","6","Madhya Pradesh","Rajgarh","326.22","1228.0"
"41","2013","6","Madhya Pradesh","Rajgarh","342.42","577.0"
"41","2014","6","Madhya Pradesh","Rajgarh","315.0","1352.0"
"41","2015","6","Madhya Pradesh","Rajgarh","339.0","608.0"
"41","2016","6","Madhya Pradesh","Rajgarh","314.0","1172.0"
"41","2017","6","Madhya Pradesh","Rajgarh","309.4","1245.0"
"42","1990","6","Madhya Pradesh","Shajapur","172.94","900.0"
"42","1991","6","Madhya Pradesh","Shajapur","216.13","722.0"
"42","1992","6","Madhya Pradesh","Shajapur","221.51","827.0"
"42","1993","6","Madhya Pradesh","Shajapur","231.87","941.0"
"42","1994","6","Madhya Pradesh","Shajapur","256.2","994.0"
"42","1995","6","Madhya Pradesh","Shajapur","274.8","989.0"
"42","1996","6","Madhya Pradesh","Shajapur","286.3","761.0"
"42","1997","6","Madhya Pradesh","Shajapur","299.4","1089.0"
"42","1998","6","Madhya Pradesh","Shajapur","306.1","1190.0"
"42","1999","6","Madhya Pradesh","Shajapur","316.6","1213.0"
"42","2000","6","Madhya Pradesh","Shajapur","319.4","827.0"
"42","2001","6","Madhya Pradesh","Shajapur","314.6","620.0"
"42","2002","6","Madhya Pradesh","Shajapur","315.3","480.0"
"42","2003","6","Madhya Pradesh","Shajapur","307.3","988.0"
"42","2004","6","Madhya Pradesh","Shajapur","319.01","823.0"
"42","2005","6","Madhya Pradesh","Shajapur","327.79","979.0"
"42","2006","6","Madhya Pradesh","Shajapur","327.02","833.0"
"42","2007","6","Madhya Pradesh","Shajapur","331.4","932.0"
"42","2008","6","Madhya Pradesh","Shajapur","337.1","1002.0"
"42","2009","6","Madhya Pradesh","Shajapur","340.5","896.0"
"42","2010","6","Madhya Pradesh","Shajapur","348.6","1271.0"
"42","2011","6","Madhya Pradesh","Shajapur","348.7","1117.0"
"42","2012","6","Madhya Pradesh","Shajapur","371.1","1342.0"
"42","2013","6","Madhya Pradesh","Shajapur","241.9","772.0"
"42","2014","6","Madhya Pradesh","Shajapur","250.0","780.0"
"42","2015","6","Madhya Pradesh","Shajapur","253.0","759.0"
"42","2016","6","Madhya Pradesh","Shajapur","248.0","1488.0"
"42","2017","6","Madhya Pradesh","Shajapur","236.6","1024.0"
"43","1990","6","Madhya Pradesh","Hoshangabad","153.15","868.0"
"43","1991","6","Madhya Pradesh","Hoshangabad","199.55","754.0"
"43","1992","6","Madhya Pradesh","Hoshangabad","239.21","838.0"
"43","1993","6","Madhya Pradesh","Hoshangabad","270.6","1025.0"
"43","1994","6","Madhya Pradesh","Hoshangabad","132.5","789.0"
"43","1995","6","Madhya Pradesh","Hoshangabad","278.0","1195.0"
"43","1996","6","Madhya Pradesh","Hoshangabad","330.2","1159.0"
"43","1997","6","Madhya Pradesh","Hoshangabad","345.8","1266.0"
"43","1998","6","Madhya Pradesh","Hoshangabad","348.2","897.0"
"43","1999","6","Madhya Pradesh","Hoshangabad","209.6","667.0"
"43","2000","6","Madhya Pradesh","Hoshangabad","203.9","986.0"
"43","2001","6","Madhya Pradesh","Hoshangabad","211.4","1022.0"
"43","2002","6","Madhya Pradesh","Hoshangabad","204.3","638.0"
"43","2003","6","Madhya Pradesh","Hoshangabad","200.5","1025.0"
"43","2004","6","Madhya Pradesh","Hoshangabad","203.97","543.0"
"43","2005","6","Madhya Pradesh","Hoshangabad","188.5","1051.0"
"43","2006","6","Madhya Pradesh","Hoshangabad","194.86","1217.0"
"43","2007","6","Madhya Pradesh","Hoshangabad","206.7","1090.0"
"43","2008","6","Madhya Pradesh","Hoshangabad","211.9","845.0"
"43","2009","6","Madhya Pradesh","Hoshangabad","214.7","1318.0"
"43","2010","6","Madhya Pradesh","Hoshangabad","216.7","1482.0"
"43","2011","6","Madhya Pradesh","Hoshangabad","217.8","635.0"
"43","2012","6","Madhya Pradesh","Hoshangabad","223.66","862.0"
"43","2013","6","Madhya Pradesh","Hoshangabad","213.18","990.0"
"43","2014","6","Madhya Pradesh","Hoshangabad","189.0","1651.0"
"43","2015","6","Madhya Pradesh","Hoshangabad","108.0","463.0"
"43","2016","6","Madhya Pradesh","Hoshangabad","92.0","1163.0"
"43","2017","6","Madhya Pradesh","Hoshangabad","41.6","615.0"
"96","1990","7","Maharashtra","Thane","0.0","0.0"
"96","1991","7","Maharashtra","Thane","0.0","0.0"
"96","1992","7","Maharashtra","Thane","0.0","0.0"
"96","1993","7","Maharashtra","Thane","0.0","0.0"
"96","1994","7","Maharashtra","Thane","0.0","0.0"
"96","1995","7","Maharashtra","Thane","0.0","0.0"
"96","1996","7","Maharashtra","Thane","0.0","0.0"
"96","1997","7","Maharashtra","Thane","0.0","0.0"
"96","1998","7","Maharashtra","Thane","0.0","0.0"
"96","1999","7","Maharashtra","Thane","0.0","0.0"
"96","2000","7","Maharashtra","Thane","0.0","0.0"
"96","2001","7","Maharashtra","Thane","0.0","0.0"
"96","2002","7","Maharashtra","Thane","0.0","0.0"
"96","2003","7","Maharashtra","Thane","0.0","0.0"
"96","2004","7","Maharashtra","Thane","0.0","0.0"
"96","2005","7","Maharashtra","Thane","0.0","0.0"
"96","2006","7","Maharashtra","Thane","0.0","0.0"
"96","2007","7","Maharashtra","Thane","0.0","0.0"
"96","2008","7","Maharashtra","Thane","0.0","0.0"
"96","2009","7","Maharashtra","Thane","0.0","0.0"
"96","2010","7","Maharashtra","Thane","0.0","0.0"
"96","2011","7","Maharashtra","Thane","0.0","0.0"
"96","2012","7","Maharashtra","Thane","0.0","0.0"
"96","2013","7","Maharashtra","Thane","0.0","0.0"
"96","2014","7","Maharashtra","Thane","0.0","0.0"
"96","2015","7","Maharashtra","Thane","0.0","0.0"
"96","2016","7","Maharashtra","Thane","-1.0","-1.0"
"96","2017","7","Maharashtra","Thane","-1.0","-1.0"
"97","1990","7","Maharashtra","Raigad","0.0","0.0"
"97","1991","7","Maharashtra","Raigad","0.0","0.0"
"97","1992","7","Maharashtra","Raigad","0.0","0.0"
"97","1993","7","Maharashtra","Raigad","0.0","0.0"
"97","1994","7","Maharashtra","Raigad","0.0","0.0"
"97","1995","7","Maharashtra","Raigad","0.0","0.0"
"97","1996","7","Maharashtra","Raigad","0.0","0.0"
"97","1997","7","Maharashtra","Raigad","0.0","0.0"
"97","1998","7","Maharashtra","Raigad","0.0","0.0"
"97","1999","7","Maharashtra","Raigad","0.0","0.0"
"97","2000","7","Maharashtra","Raigad","0.0","0.0"
"97","2001","7","Maharashtra","Raigad","0.0","0.0"
"97","2002","7","Maharashtra","Raigad","0.0","0.0"
"97","2003","7","Maharashtra","Raigad","0.0","0.0"
"97","2004","7","Maharashtra","Raigad","0.0","0.0"
"97","2005","7","Maharashtra","Raigad","0.0","0.0"
"97","2006","7","Maharashtra","Raigad","0.0","0.0"
"97","2007","7","Maharashtra","Raigad","0.0","0.0"
"97","2008","7","Maharashtra","Raigad","0.0","0.0"
"97","2009","7","Maharashtra","Raigad","0.0","0.0"
"97","2010","7","Maharashtra","Raigad","0.0","0.0"
"97","2011","7","Maharashtra","Raigad","0.0","0.0"
"97","2012","7","Maharashtra","Raigad","0.0","0.0"
"97","2013","7","Maharashtra","Raigad","0.0","0.0"
"97","2014","7","Maharashtra","Raigad","0.0","0.0"
"97","2015","7","Maharashtra","Raigad","0.0","0.0"
"97","2016","7","Maharashtra","Raigad","-1.0","-1.0"
"97","2017","7","Maharashtra","Raigad","-1.0","-1.0"
"98","1990","7","Maharashtra","Ratnagiri","0.0","0.0"
"98","1991","7","Maharashtra","Ratnagiri","0.0","0.0"
"98","1992","7","Maharashtra","Ratnagiri","0.0","0.0"
"98","1993","7","Maharashtra","Ratnagiri","0.0","0.0"
"98","1994","7","Maharashtra","Ratnagiri","0.0","0.0"
"98","1995","7","Maharashtra","Ratnagiri","0.0","0.0"
"98","1996","7","Maharashtra","Ratnagiri","0.0","0.0"
"98","1997","7","Maharashtra","Ratnagiri","0.0","0.0"
"98","1998","7","Maharashtra","Ratnagiri","0.0","0.0"
"98","1999","7","Maharashtra","Ratnagiri","0.0","0.0"
"98","2000","7","Maharashtra","Ratnagiri","0.0","0.0"
"98","2001","7","Maharashtra","Ratnagiri","0.0","0.0"
"98","2002","7","Maharashtra","Ratnagiri","0.0","0.0"
"98","2003","7","Maharashtra","Ratnagiri","0.0","0.0"
"98","2004","7","Maharashtra","Ratnagiri","0.0","0.0"
"98","2005","7","Maharashtra","Ratnagiri","0.0","0.0"
"98","2006","7","Maharashtra","Ratnagiri","0.0","0.0"
"98","2007","7","Maharashtra","Ratnagiri","0.0","0.0"
"98","2008","7","Maharashtra","Ratnagiri","0.0","0.0"
"98","2009","7","Maharashtra","Ratnagiri","0.0","0.0"
"98","2010","7","Maharashtra","Ratnagiri","0.0","0.0"
"98","2011","7","Maharashtra","Ratnagiri","0.0","0.0"
"98","2012","7","Maharashtra","Ratnagiri","0.0","0.0"
"98","2013","7","Maharashtra","Ratnagiri","0.0","0.0"
"98","2014","7","Maharashtra","Ratnagiri","0.0","0.0"
"98","2015","7","Maharashtra","Ratnagiri","0.0","0.0"
"98","2016","7","Maharashtra","Ratnagiri","-1.0","-1.0"
"98","2017","7","Maharashtra","Ratnagiri","-1.0","-1.0"
"99","1990","7","Maharashtra","Nasik","1.6","938.0"
"99","1991","7","Maharashtra","Nasik","0.4","750.0"
"99","1992","7","Maharashtra","Nasik","0.5","1000.0"
"99","1993","7","Maharashtra","Nasik","1.7","1353.0"
"99","1994","7","Maharashtra","Nasik","3.1","1129.0"
"99","1995","7","Maharashtra","Nasik","2.0","1100.0"
"99","1996","7","Maharashtra","Nasik","1.9","1368.0"
"99","1997","7","Maharashtra","Nasik","2.6","1038.0"
"99","1998","7","Maharashtra","Nasik","5.9","1458.0"
"99","1999","7","Maharashtra","Nasik","8.3","1602.0"
"99","2000","7","Maharashtra","Nasik","7.5","1173.0"
"99","2001","7","Maharashtra","Nasik","5.5","1818.0"
"99","2002","7","Maharashtra","Nasik","7.5","1053.0"
"99","2003","7","Maharashtra","Nasik","8.9","2247.0"
"99","2004","7","Maharashtra","Nasik","20.3","1842.0"
"99","2005","7","Maharashtra","Nasik","23.3","2000.0"
"99","2006","7","Maharashtra","Nasik","31.5","1502.0"
"99","2007","7","Maharashtra","Nasik","36.2","1525.0"
"99","2008","7","Maharashtra","Nasik","39.7","1287.0"
"99","2009","7","Maharashtra","Nasik","55.1","1187.0"
"99","2010","7","Maharashtra","Nasik","56.9","1422.0"
"99","2011","7","Maharashtra","Nasik","58.6","1391.0"
"99","2012","7","Maharashtra","Nasik","56.0","1559.0"
"99","2013","7","Maharashtra","Nasik","52.4","1578.0"
"99","2014","7","Maharashtra","Nasik","59.8","1421.0"
"99","2015","7","Maharashtra","Nasik","59.8","1164.0"
"99","2016","7","Maharashtra","Nasik","68.7","1499.0"
"99","2017","7","Maharashtra","Nasik","67.5","2039.0"
"100","1990","7","Maharashtra","Dhule","0.3","1000.0"
"100","1991","7","Maharashtra","Dhule","0.4","750.0"
"100","1992","7","Maharashtra","Dhule","0.9","1000.0"
"100","1993","7","Maharashtra","Dhule","1.0","1300.0"
"100","1994","7","Maharashtra","Dhule","1.8","1444.0"
"100","1995","7","Maharashtra","Dhule","2.2","1409.0"
"100","1996","7","Maharashtra","Dhule","2.0","1700.0"
"100","1997","7","Maharashtra","Dhule","3.5","1200.0"
"100","1998","7","Maharashtra","Dhule","1.9","1421.0"
"100","1999","7","Maharashtra","Dhule","2.2","1227.0"
"100","2000","7","Maharashtra","Dhule","2.2","591.0"
"100","2001","7","Maharashtra","Dhule","2.3","1870.0"
"100","2002","7","Maharashtra","Dhule","1.5","1333.0"
"100","2003","7","Maharashtra","Dhule","1.7","1588.0"
"100","2004","7","Maharashtra","Dhule","1.7","1706.0"
"100","2005","7","Maharashtra","Dhule","2.7","1037.0"
"100","2006","7","Maharashtra","Dhule","3.1","871.0"
"100","2007","7","Maharashtra","Dhule","5.4","1481.0"
"100","2008","7","Maharashtra","Dhule","14.6","726.0"
"100","2009","7","Maharashtra","Dhule","19.9","932.0"
"100","2010","7","Maharashtra","Dhule","21.1","2232.0"
"100","2011","7","Maharashtra","Dhule","11.0","1610.0"
"100","2012","7","Maharashtra","Dhule","11.4","1606.0"
"100","2013","7","Maharashtra","Dhule","12.0","1350.0"
"100","2014","7","Maharashtra","Dhule","15.5","1290.0"
"100","2015","7","Maharashtra","Dhule","20.8","644.0"
"100","2016","7","Maharashtra","Dhule","18.3","1383.0"
"100","2017","7","Maharashtra","Dhule","18.46","1772.0"
"101","1990","7","Maharashtra","Jalgaon","0.1","1000.0"
"101","1991","7","Maharashtra","Jalgaon","0.9","667.0"
"101","1992","7","Maharashtra","Jalgaon","1.0","1000.0"
"101","1993","7","Maharashtra","Jalgaon","1.1","1364.0"
"101","1994","7","Maharashtra","Jalgaon","3.6","1833.0"
"101","1995","7","Maharashtra","Jalgaon","4.4","1136.0"
"101","1996","7","Maharashtra","Jalgaon","3.6","1528.0"
"101","1997","7","Maharashtra","Jalgaon","3.3","1182.0"
"101","1998","7","Maharashtra","Jalgaon","2.4","1500.0"
"101","1999","7","Maharashtra","Jalgaon","3.0","1367.0"
"101","2000","7","Maharashtra","Jalgaon","2.9","1000.0"
"101","2001","7","Maharashtra","Jalgaon","3.1","1387.0"
"101","2002","7","Maharashtra","Jalgaon","3.4","2529.0"
"101","2003","7","Maharashtra","Jalgaon","3.6","2444.0"
"101","2004","7","Maharashtra","Jalgaon","8.5","2118.0"
"101","2005","7","Maharashtra","Jalgaon","14.6","1815.0"
"101","2006","7","Maharashtra","Jalgaon","27.1","1893.0"
"101","2007","7","Maharashtra","Jalgaon","24.8","1835.0"
"101","2008","7","Maharashtra","Jalgaon","18.1","1867.0"
"101","2009","7","Maharashtra","Jalgaon","19.1","2187.0"
"101","2010","7","Maharashtra","Jalgaon","12.9","2031.0"
"101","2011","7","Maharashtra","Jalgaon","15.8","1997.0"
"101","2012","7","Maharashtra","Jalgaon","15.0","1705.0"
"101","2013","7","Maharashtra","Jalgaon","15.0","1767.0"
"101","2014","7","Maharashtra","Jalgaon","25.0","1416.0"
"101","2015","7","Maharashtra","Jalgaon","31.8","553.0"
"101","2016","7","Maharashtra","Jalgaon","33.9","1876.0"
"101","2017","7","Maharashtra","Jalgaon","34.14","1637.0"
"102","1990","7","Maharashtra","Ahmednagar","0.0","0.0"
"102","1991","7","Maharashtra","Ahmednagar","0.2","500.0"
"102","1992","7","Maharashtra","Ahmednagar","0.4","1000.0"
"102","1993","7","Maharashtra","Ahmednagar","0.5","1400.0"
"102","1994","7","Maharashtra","Ahmednagar","1.1","909.0"
"102","1995","7","Maharashtra","Ahmednagar","0.6","667.0"
"102","1996","7","Maharashtra","Ahmednagar","0.8","1375.0"
"102","1997","7","Maharashtra","Ahmednagar","3.8","816.0"
"102","1998","7","Maharashtra","Ahmednagar","4.6","1196.0"
"102","1999","7","Maharashtra","Ahmednagar","7.5","1387.0"
"102","2000","7","Maharashtra","Ahmednagar","7.2","861.0"
"102","2001","7","Maharashtra","Ahmednagar","7.6","1184.0"
"102","2002","7","Maharashtra","Ahmednagar","15.1","1245.0"
"102","2003","7","Maharashtra","Ahmednagar","17.9","1034.0"
"102","2004","7","Maharashtra","Ahmednagar","35.5","1459.0"
"102","2005","7","Maharashtra","Ahmednagar","37.5","1035.0"
"102","2006","7","Maharashtra","Ahmednagar","49.0","1316.0"
"102","2007","7","Maharashtra","Ahmednagar","55.4","1525.0"
"102","2008","7","Maharashtra","Ahmednagar","55.5","723.0"
"102","2009","7","Maharashtra","Ahmednagar","58.0","918.0"
"102","2010","7","Maharashtra","Ahmednagar","50.7","1791.0"
"102","2011","7","Maharashtra","Ahmednagar","58.6","2094.0"
"102","2012","7","Maharashtra","Ahmednagar","56.8","494.0"
"102","2013","7","Maharashtra","Ahmednagar","65.9","1131.0"
"102","2014","7","Maharashtra","Ahmednagar","58.2","617.0"
"102","2015","7","Maharashtra","Ahmednagar","40.9","484.0"
"102","2016","7","Maharashtra","Ahmednagar","52.0","802.0"
"102","2017","7","Maharashtra","Ahmednagar","59.28","1466.0"
"103","1990","7","Maharashtra","Pune","0.5","1000.0"
"103","1991","7","Maharashtra","Pune","0.5","600.0"
"103","1992","7","Maharashtra","Pune","0.4","1000.0"
"103","1993","7","Maharashtra","Pune","0.5","1400.0"
"103","1994","7","Maharashtra","Pune","0.7","714.0"
"103","1995","7","Maharashtra","Pune","0.3","667.0"
"103","1996","7","Maharashtra","Pune","0.5","1200.0"
"103","1997","7","Maharashtra","Pune","1.5","800.0"
"103","1998","7","Maharashtra","Pune","0.4","1250.0"
"103","1999","7","Maharashtra","Pune","0.6","2000.0"
"103","2000","7","Maharashtra","Pune","0.7","857.0"
"103","2001","7","Maharashtra","Pune","0.4","1250.0"
"103","2002","7","Maharashtra","Pune","0.4","1750.0"
"103","2003","7","Maharashtra","Pune","0.6","3333.0"
"103","2004","7","Maharashtra","Pune","1.2","3000.0"
"103","2005","7","Maharashtra","Pune","1.8","2111.0"
"103","2006","7","Maharashtra","Pune","1.9","1895.0"
"103","2007","7","Maharashtra","Pune","3.0","1733.0"
"103","2008","7","Maharashtra","Pune","2.4","1542.0"
"103","2009","7","Maharashtra","Pune","3.3","1415.0"
"103","2010","7","Maharashtra","Pune","2.9","1983.0"
"103","2011","7","Maharashtra","Pune","3.9","2108.0"
"103","2012","7","Maharashtra","Pune","4.2","1933.0"
"103","2013","7","Maharashtra","Pune","6.9","3884.0"
"103","2014","7","Maharashtra","Pune","7.1","1648.0"
"103","2015","7","Maharashtra","Pune","16.1","2919.0"
"103","2016","7","Maharashtra","Pune","18.0","2128.0"
"103","2017","7","Maharashtra","Pune","20.23","2022.0"
"104","1990","7","Maharashtra","Satara","2.7","963.0"
"104","1991","7","Maharashtra","Satara","2.0","700.0"
"104","1992","7","Maharashtra","Satara","4.2","976.0"
"104","1993","7","Maharashtra","Satara","5.3","1094.0"
"104","1994","7","Maharashtra","Satara","7.9","848.0"
"104","1995","7","Maharashtra","Satara","8.9","1427.0"
"104","1996","7","Maharashtra","Satara","9.8","1510.0"
"104","1997","7","Maharashtra","Satara","11.8","1398.0"
"104","1998","7","Maharashtra","Satara","11.4","1561.0"
"104","1999","7","Maharashtra","Satara","13.4","1940.0"
"104","2000","7","Maharashtra","Satara","13.6","2471.0"
"104","2001","7","Maharashtra","Satara","14.0","1907.0"
"104","2002","7","Maharashtra","Satara","15.6","1974.0"
"104","2003","7","Maharashtra","Satara","15.1","1649.0"
"104","2004","7","Maharashtra","Satara","26.4","1837.0"
"104","2005","7","Maharashtra","Satara","31.3","1236.0"
"104","2006","7","Maharashtra","Satara","28.7","1084.0"
"104","2007","7","Maharashtra","Satara","27.2","1765.0"
"104","2008","7","Maharashtra","Satara","29.2","2154.0"
"104","2009","7","Maharashtra","Satara","32.5","2002.0"
"104","2010","7","Maharashtra","Satara","40.1","1631.0"
"104","2011","7","Maharashtra","Satara","46.1","1626.0"
"104","2012","7","Maharashtra","Satara","38.8","1787.0"
"104","2013","7","Maharashtra","Satara","46.7","2046.0"
"104","2014","7","Maharashtra","Satara","53.3","1704.0"
"104","2015","7","Maharashtra","Satara","62.8","1607.0"
"104","2016","7","Maharashtra","Satara","67.2","1813.0"
"104","2017","7","Maharashtra","Satara","69.7","1844.0"
"105","1990","7","Maharashtra","Sangli","16.3","1448.0"
"105","1991","7","Maharashtra","Sangli","18.0","1189.0"
"105","1992","7","Maharashtra","Sangli","41.0","1756.0"
"105","1993","7","Maharashtra","Sangli","51.7","1590.0"
"105","1994","7","Maharashtra","Sangli","44.4","1507.0"
"105","1995","7","Maharashtra","Sangli","46.9","1989.0"
"105","1996","7","Maharashtra","Sangli","49.3","2231.0"
"105","1997","7","Maharashtra","Sangli","48.0","1206.0"
"105","1998","7","Maharashtra","Sangli","56.2","1763.0"
"105","1999","7","Maharashtra","Sangli","56.7","2257.0"
"105","2000","7","Maharashtra","Sangli","58.7","2639.0"
"105","2001","7","Maharashtra","Sangli","60.1","1541.0"
"105","2002","7","Maharashtra","Sangli","61.9","1674.0"
"105","2003","7","Maharashtra","Sangli","40.8","1963.0"
"105","2004","7","Maharashtra","Sangli","82.6","1817.0"
"105","2005","7","Maharashtra","Sangli","72.4","1354.0"
"105","2006","7","Maharashtra","Sangli","60.8","1479.0"
"105","2007","7","Maharashtra","Sangli","59.5","2150.0"
"105","2008","7","Maharashtra","Sangli","55.7","2153.0"
"105","2009","7","Maharashtra","Sangli","56.0","1515.0"
"105","2010","7","Maharashtra","Sangli","57.3","2087.0"
"105","2011","7","Maharashtra","Sangli","59.8","1671.0"
"105","2012","7","Maharashtra","Sangli","63.0","1597.0"
"105","2013","7","Maharashtra","Sangli","77.1","2070.0"
"105","2014","7","Maharashtra","Sangli","36.6","1303.0"
"105","2015","7","Maharashtra","Sangli","51.7","1544.0"
"105","2016","7","Maharashtra","Sangli","57.3","2216.0"
"105","2017","7","Maharashtra","Sangli","47.3","1666.0"
"106","1990","7","Maharashtra","Solapur","0.0","0.0"
"106","1991","7","Maharashtra","Solapur","0.4","750.0"
"106","1992","7","Maharashtra","Solapur","0.7","1000.0"
"106","1993","7","Maharashtra","Solapur","0.7","1286.0"
"106","1994","7","Maharashtra","Solapur","0.9","556.0"
"106","1995","7","Maharashtra","Solapur","0.7","714.0"
"106","1996","7","Maharashtra","Solapur","0.3","2333.0"
"106","1997","7","Maharashtra","Solapur","1.6","813.0"
"106","1998","7","Maharashtra","Solapur","0.8","1250.0"
"106","1999","7","Maharashtra","Solapur","1.0","1400.0"
"106","2000","7","Maharashtra","Solapur","0.6","1667.0"
"106","2001","7","Maharashtra","Solapur","0.4","1250.0"
"106","2002","7","Maharashtra","Solapur","0.7","714.0"
"106","2003","7","Maharashtra","Solapur","0.6","1167.0"
"106","2004","7","Maharashtra","Solapur","2.1","2238.0"
"106","2005","7","Maharashtra","Solapur","1.1","727.0"
"106","2006","7","Maharashtra","Solapur","2.1","1571.0"
"106","2007","7","Maharashtra","Solapur","2.8","1393.0"
"106","2008","7","Maharashtra","Solapur","2.5","920.0"
"106","2009","7","Maharashtra","Solapur","3.2","872.0"
"106","2010","7","Maharashtra","Solapur","4.3","1230.0"
"106","2011","7","Maharashtra","Solapur","5.1","2400.0"
"106","2012","7","Maharashtra","Solapur","5.5","2087.0"
"106","2013","7","Maharashtra","Solapur","5.5","1800.0"
"106","2014","7","Maharashtra","Solapur","6.3","1175.0"
"106","2015","7","Maharashtra","Solapur","14.2","169.0"
"106","2016","7","Maharashtra","Solapur","27.7","367.0"
"106","2017","7","Maharashtra","Solapur","33.59","1148.0"
"107","1990","7","Maharashtra","Kolhapur","14.4","944.0"
"107","1991","7","Maharashtra","Kolhapur","20.4","1471.0"
"107","1992","7","Maharashtra","Kolhapur","27.1","2048.0"
"107","1993","7","Maharashtra","Kolhapur","38.9","2219.0"
"107","1994","7","Maharashtra","Kolhapur","44.9","1116.0"
"107","1995","7","Maharashtra","Kolhapur","44.0","1470.0"
"107","1996","7","Maharashtra","Kolhapur","48.2","2041.0"
"107","1997","7","Maharashtra","Kolhapur","53.0","1011.0"
"107","1998","7","Maharashtra","Kolhapur","63.0","2095.0"
"107","1999","7","Maharashtra","Kolhapur","63.6","2387.0"
"107","2000","7","Maharashtra","Kolhapur","62.9","1938.0"
"107","2001","7","Maharashtra","Kolhapur","62.2","1751.0"
"107","2002","7","Maharashtra","Kolhapur","61.5","1938.0"
"107","2003","7","Maharashtra","Kolhapur","68.2","1962.0"
"107","2004","7","Maharashtra","Kolhapur","74.7","1552.0"
"107","2005","7","Maharashtra","Kolhapur","70.1","957.0"
"107","2006","7","Maharashtra","Kolhapur","57.9","1432.0"
"107","2007","7","Maharashtra","Kolhapur","57.3","2199.0"
"107","2008","7","Maharashtra","Kolhapur","58.7","2186.0"
"107","2009","7","Maharashtra","Kolhapur","59.1","1938.0"
"107","2010","7","Maharashtra","Kolhapur","49.2","2787.0"
"107","2011","7","Maharashtra","Kolhapur","48.5","2544.0"
"107","2012","7","Maharashtra","Kolhapur","49.0","2602.0"
"107","2013","7","Maharashtra","Kolhapur","55.4","2392.0"
"107","2014","7","Maharashtra","Kolhapur","56.0","2164.0"
"107","2015","7","Maharashtra","Kolhapur","53.9","1900.0"
"107","2016","7","Maharashtra","Kolhapur","52.7","2359.0"
"107","2017","7","Maharashtra","Kolhapur","51.3","2138.0"
"108","1990","7","Maharashtra","Aurangabad","0.0","0.0"
"108","1991","7","Maharashtra","Aurangabad","0.3","667.0"
"108","1992","7","Maharashtra","Aurangabad","1.3","1000.0"
"108","1993","7","Maharashtra","Aurangabad","5.2","1346.0"
"108","1994","7","Maharashtra","Aurangabad","6.9","1014.0"
"108","1995","7","Maharashtra","Aurangabad","4.3","1558.0"
"108","1996","7","Maharashtra","Aurangabad","3.5","1286.0"
"108","1997","7","Maharashtra","Aurangabad","3.3","1242.0"
"108","1998","7","Maharashtra","Aurangabad","3.4","618.0"
"108","1999","7","Maharashtra","Aurangabad","3.3","1727.0"
"108","2000","7","Maharashtra","Aurangabad","4.3","744.0"
"108","2001","7","Maharashtra","Aurangabad","1.9","1053.0"
"108","2002","7","Maharashtra","Aurangabad","2.7","1519.0"
"108","2003","7","Maharashtra","Aurangabad","4.6","1348.0"
"108","2004","7","Maharashtra","Aurangabad","5.7","947.0"
"108","2005","7","Maharashtra","Aurangabad","8.6","1198.0"
"108","2006","7","Maharashtra","Aurangabad","10.0","1560.0"
"108","2007","7","Maharashtra","Aurangabad","8.6","1605.0"
"108","2008","7","Maharashtra","Aurangabad","6.2","823.0"
"108","2009","7","Maharashtra","Aurangabad","5.1","1114.0"
"108","2010","7","Maharashtra","Aurangabad","7.7","2125.0"
"108","2011","7","Maharashtra","Aurangabad","7.8","1421.0"
"108","2012","7","Maharashtra","Aurangabad","7.8","742.0"
"108","2013","7","Maharashtra","Aurangabad","11.5","1087.0"
"108","2014","7","Maharashtra","Aurangabad","18.7","455.0"
"108","2015","7","Maharashtra","Aurangabad","20.9","455.0"
"108","2016","7","Maharashtra","Aurangabad","29.3","1061.0"
"108","2017","7","Maharashtra","Aurangabad","26.2","439.0"
"109","1990","7","Maharashtra","Parbhani","0.2","1000.0"
"109","1991","7","Maharashtra","Parbhani","0.2","500.0"
"109","1992","7","Maharashtra","Parbhani","0.0","0.0"
"109","1993","7","Maharashtra","Parbhani","0.3","1333.0"
"109","1994","7","Maharashtra","Parbhani","5.1","1353.0"
"109","1995","7","Maharashtra","Parbhani","9.1","1154.0"
"109","1996","7","Maharashtra","Parbhani","5.2","1269.0"
"109","1997","7","Maharashtra","Parbhani","12.4","1081.0"
"109","1998","7","Maharashtra","Parbhani","9.0","944.0"
"109","1999","7","Maharashtra","Parbhani","8.6","2442.0"
"109","2000","7","Maharashtra","Parbhani","11.4","1070.0"
"109","2001","7","Maharashtra","Parbhani","16.1","1236.0"
"109","2002","7","Maharashtra","Parbhani","26.9","1736.0"
"109","2003","7","Maharashtra","Parbhani","41.9","1525.0"
"109","2004","7","Maharashtra","Parbhani","48.5","625.0"
"109","2005","7","Maharashtra","Parbhani","68.6","1017.0"
"109","2006","7","Maharashtra","Parbhani","78.4","1172.0"
"109","2007","7","Maharashtra","Parbhani","79.6","1401.0"
"109","2008","7","Maharashtra","Parbhani","74.0","873.0"
"109","2009","7","Maharashtra","Parbhani","103.5","792.0"
"109","2010","7","Maharashtra","Parbhani","107.9","1531.0"
"109","2011","7","Maharashtra","Parbhani","129.8","1191.0"
"109","2012","7","Maharashtra","Parbhani","135.3","1382.0"
"109","2013","7","Maharashtra","Parbhani","139.0","1255.0"
"109","2014","7","Maharashtra","Parbhani","154.6","318.0"
"109","2015","7","Maharashtra","Parbhani","155.7","231.0"
"109","2016","7","Maharashtra","Parbhani","237.23","1012.0"
"109","2017","7","Maharashtra","Parbhani","229.67","878.0"
"110","1990","7","Maharashtra","Beed","0.5","1000.0"
"110","1991","7","Maharashtra","Beed","4.6","696.0"
"110","1992","7","Maharashtra","Beed","0.2","1000.0"
"110","1993","7","Maharashtra","Beed","1.6","1313.0"
"110","1994","7","Maharashtra","Beed","3.8","737.0"
"110","1995","7","Maharashtra","Beed","1.7","1235.0"
"110","1996","7","Maharashtra","Beed","0.9","1111.0"
"110","1997","7","Maharashtra","Beed","2.0","250.0"
"110","1998","7","Maharashtra","Beed","1.1","1182.0"
"110","1999","7","Maharashtra","Beed","2.0","1650.0"
"110","2000","7","Maharashtra","Beed","3.3","1333.0"
"110","2001","7","Maharashtra","Beed","6.9","1072.0"
"110","2002","7","Maharashtra","Beed","16.5","1364.0"
"110","2003","7","Maharashtra","Beed","25.5","1016.0"
"110","2004","7","Maharashtra","Beed","27.9","875.0"
"110","2005","7","Maharashtra","Beed","36.1","1100.0"
"110","2006","7","Maharashtra","Beed","42.1","819.0"
"110","2007","7","Maharashtra","Beed","46.5","452.0"
"110","2008","7","Maharashtra","Beed","71.4","203.0"
"110","2009","7","Maharashtra","Beed","68.8","515.0"
"110","2010","7","Maharashtra","Beed","70.4","1372.0"
"110","2011","7","Maharashtra","Beed","76.4","1546.0"
"110","2012","7","Maharashtra","Beed","76.4","1662.0"
"110","2013","7","Maharashtra","Beed","93.5","1863.0"
"110","2014","7","Maharashtra","Beed","113.4","352.0"
"110","2015","7","Maharashtra","Beed","145.1","164.0"
"110","2016","7","Maharashtra","Beed","169.2","782.0"
"110","2017","7","Maharashtra","Beed","181.3","708.0"
"111","1990","7","Maharashtra","Nanded","0.0","0.0"
"111","1991","7","Maharashtra","Nanded","0.3","667.0"
"111","1992","7","Maharashtra","Nanded","0.2","1000.0"
"111","1993","7","Maharashtra","Nanded","1.3","1308.0"
"111","1994","7","Maharashtra","Nanded","3.1","1032.0"
"111","1995","7","Maharashtra","Nanded","2.1","1286.0"
"111","1996","7","Maharashtra","Nanded","1.8","1667.0"
"111","1997","7","Maharashtra","Nanded","10.8","1083.0"
"111","1998","7","Maharashtra","Nanded","6.1","951.0"
"111","1999","7","Maharashtra","Nanded","5.2","1615.0"
"111","2000","7","Maharashtra","Nanded","10.1","901.0"
"111","2001","7","Maharashtra","Nanded","21.3","1610.0"
"111","2002","7","Maharashtra","Nanded","39.7","1378.0"
"111","2003","7","Maharashtra","Nanded","68.5","1274.0"
"111","2004","7","Maharashtra","Nanded","110.3","938.0"
"111","2005","7","Maharashtra","Nanded","156.4","923.0"
"111","2006","7","Maharashtra","Nanded","169.1","702.0"
"111","2007","7","Maharashtra","Nanded","159.1","1083.0"
"111","2008","7","Maharashtra","Nanded","163.2","796.0"
"111","2009","7","Maharashtra","Nanded","188.3","457.0"
"111","2010","7","Maharashtra","Nanded","181.2","1481.0"
"111","2011","7","Maharashtra","Nanded","183.0","1277.0"
"111","2012","7","Maharashtra","Nanded","185.0","1532.0"
"111","2013","7","Maharashtra","Nanded","213.2","1287.0"
"111","2014","7","Maharashtra","Nanded","218.9","295.0"
"111","2015","7","Maharashtra","Nanded","276.1","316.0"
"111","2016","7","Maharashtra","Nanded","304.3","334.0"
"111","2017","7","Maharashtra","Nanded","273.5","696.0"
"112","1990","7","Maharashtra","Osmanabad","0.0","0.0"
"112","1991","7","Maharashtra","Osmanabad","0.0","0.0"
"112","1992","7","Maharashtra","Osmanabad","0.1","1000.0"
"112","1993","7","Maharashtra","Osmanabad","0.1","1000.0"
"112","1994","7","Maharashtra","Osmanabad","4.0","725.0"
"112","1995","7","Maharashtra","Osmanabad","2.8","750.0"
"112","1996","7","Maharashtra","Osmanabad","1.4","1071.0"
"112","1997","7","Maharashtra","Osmanabad","15.2","368.0"
"112","1998","7","Maharashtra","Osmanabad","1.9","368.0"
"112","1999","7","Maharashtra","Osmanabad","2.8","857.0"
"112","2000","7","Maharashtra","Osmanabad","2.1","810.0"
"112","2001","7","Maharashtra","Osmanabad","3.6","194.0"
"112","2002","7","Maharashtra","Osmanabad","4.7","1106.0"
"112","2003","7","Maharashtra","Osmanabad","23.3","433.0"
"112","2004","7","Maharashtra","Osmanabad","27.2","1224.0"
"112","2005","7","Maharashtra","Osmanabad","33.5","1084.0"
"112","2006","7","Maharashtra","Osmanabad","32.4","602.0"
"112","2007","7","Maharashtra","Osmanabad","36.2","1309.0"
"112","2008","7","Maharashtra","Osmanabad","26.2","267.0"
"112","2009","7","Maharashtra","Osmanabad","46.1","486.0"
"112","2010","7","Maharashtra","Osmanabad","65.2","1708.0"
"112","2011","7","Maharashtra","Osmanabad","90.8","1513.0"
"112","2012","7","Maharashtra","Osmanabad","111.7","907.0"
"112","2013","7","Maharashtra","Osmanabad","133.5","2025.0"
"112","2014","7","Maharashtra","Osmanabad","133.5","491.0"
"112","2015","7","Maharashtra","Osmanabad","90.9","164.0"
"112","2016","7","Maharashtra","Osmanabad","102.0","276.0"
"112","2017","7","Maharashtra","Osmanabad","115.4","688.0"
"113","1990","7","Maharashtra","Buldhana","0.1","1000.0"
"113","1991","7","Maharashtra","Buldhana","0.3","667.0"
"113","1992","7","Maharashtra","Buldhana","1.0","1000.0"
"113","1993","7","Maharashtra","Buldhana","12.4","1339.0"
"113","1994","7","Maharashtra","Buldhana","20.7","1193.0"
"113","1995","7","Maharashtra","Buldhana","33.2","831.0"
"113","1996","7","Maharashtra","Buldhana","24.4","1180.0"
"113","1997","7","Maharashtra","Buldhana","38.3","809.0"
"113","1998","7","Maharashtra","Buldhana","37.3","1099.0"
"113","1999","7","Maharashtra","Buldhana","69.5","1437.0"
"113","2000","7","Maharashtra","Buldhana","68.1","755.0"
"113","2001","7","Maharashtra","Buldhana","70.5","1447.0"
"113","2002","7","Maharashtra","Buldhana","78.6","1252.0"
"113","2003","7","Maharashtra","Buldhana","87.9","1705.0"
"113","2004","7","Maharashtra","Buldhana","141.2","936.0"
"113","2005","7","Maharashtra","Buldhana","162.5","526.0"
"113","2006","7","Maharashtra","Buldhana","172.7","1256.0"
"113","2007","7","Maharashtra","Buldhana","190.5","2007.0"
"113","2008","7","Maharashtra","Buldhana","240.0","286.0"
"113","2009","7","Maharashtra","Buldhana","212.8","735.0"
"113","2010","7","Maharashtra","Buldhana","225.5","1845.0"
"113","2011","7","Maharashtra","Buldhana","258.8","1446.0"
"113","2012","7","Maharashtra","Buldhana","279.5","1540.0"
"113","2013","7","Maharashtra","Buldhana","323.2","1482.0"
"113","2014","7","Maharashtra","Buldhana","352.5","536.0"
"113","2015","7","Maharashtra","Buldhana","352.4","455.0"
"113","2016","7","Maharashtra","Buldhana","365.01","1928.0"
"113","2017","7","Maharashtra","Buldhana","370.29","1187.0"
"114","1990","7","Maharashtra","Akola","5.0","940.0"
"114","1991","7","Maharashtra","Akola","1.6","688.0"
"114","1992","7","Maharashtra","Akola","3.5","1000.0"
"114","1993","7","Maharashtra","Akola","7.3","1329.0"
"114","1994","7","Maharashtra","Akola","16.6","801.0"
"114","1995","7","Maharashtra","Akola","26.0","981.0"
"114","1996","7","Maharashtra","Akola","24.2","1194.0"
"114","1997","7","Maharashtra","Akola","40.5","1225.0"
"114","1998","7","Maharashtra","Akola","12.3","1358.0"
"114","1999","7","Maharashtra","Akola","28.4","1405.0"
"114","2000","7","Maharashtra","Akola","28.9","1080.0"
"114","2001","7","Maharashtra","Akola","31.3","978.0"
"114","2002","7","Maharashtra","Akola","27.2","1504.0"
"114","2003","7","Maharashtra","Akola","30.8","1218.0"
"114","2004","7","Maharashtra","Akola","50.3","616.0"
"114","2005","7","Maharashtra","Akola","54.1","719.0"
"114","2006","7","Maharashtra","Akola","59.8","1645.0"
"114","2007","7","Maharashtra","Akola","82.6","1995.0"
"114","2008","7","Maharashtra","Akola","137.5","206.0"
"114","2009","7","Maharashtra","Akola","151.5","971.0"
"114","2010","7","Maharashtra","Akola","126.6","1883.0"
"114","2011","7","Maharashtra","Akola","140.6","1193.0"
"114","2012","7","Maharashtra","Akola","151.0","1923.0"
"114","2013","7","Maharashtra","Akola","187.1","1026.0"
"114","2014","7","Maharashtra","Akola","233.1","299.0"
"114","2015","7","Maharashtra","Akola","227.2","449.0"
"114","2016","7","Maharashtra","Akola","216.6","1411.0"
"114","2017","7","Maharashtra","Akola","204.7","703.0"
"115","1990","7","Maharashtra","Amarawati","31.0","906.0"
"115","1991","7","Maharashtra","Amarawati","35.5","527.0"
"115","1992","7","Maharashtra","Amarawati","44.8","743.0"
"115","1993","7","Maharashtra","Amarawati","57.0","1104.0"
"115","1994","7","Maharashtra","Amarawati","64.6","957.0"
"115","1995","7","Maharashtra","Amarawati","85.4","961.0"
"115","1996","7","Maharashtra","Amarawati","94.0","1068.0"
"115","1997","7","Maharashtra","Amarawati","115.1","1025.0"
"115","1998","7","Maharashtra","Amarawati","175.2","1314.0"
"115","1999","7","Maharashtra","Amarawati","186.8","764.0"
"115","2000","7","Maharashtra","Amarawati","180.3","694.0"
"115","2001","7","Maharashtra","Amarawati","153.2","937.0"
"115","2002","7","Maharashtra","Amarawati","156.5","958.0"
"115","2003","7","Maharashtra","Amarawati","155.0","1394.0"
"115","2004","7","Maharashtra","Amarawati","167.1","479.0"
"115","2005","7","Maharashtra","Amarawati","181.2","1128.0"
"115","2006","7","Maharashtra","Amarawati","216.7","1493.0"
"115","2007","7","Maharashtra","Amarawati","285.8","1700.0"
"115","2008","7","Maharashtra","Amarawati","373.0","333.0"
"115","2009","7","Maharashtra","Amarawati","317.6","809.0"
"115","2010","7","Maharashtra","Amarawati","273.3","1626.0"
"115","2011","7","Maharashtra","Amarawati","296.7","1257.0"
"115","2012","7","Maharashtra","Amarawati","309.5","1524.0"
"115","2013","7","Maharashtra","Amarawati","366.4","963.0"
"115","2014","7","Maharashtra","Amarawati","370.6","346.0"
"115","2015","7","Maharashtra","Amarawati","365.9","346.0"
"115","2016","7","Maharashtra","Amarawati","362.9","1332.0"
"115","2017","7","Maharashtra","Amarawati","287.1","924.0"
"116","1990","7","Maharashtra","Yeotmal","3.5","943.0"
"116","1991","7","Maharashtra","Yeotmal","3.7","703.0"
"116","1992","7","Maharashtra","Yeotmal","6.4","984.0"
"116","1993","7","Maharashtra","Yeotmal","11.8","1339.0"
"116","1994","7","Maharashtra","Yeotmal","21.3","883.0"
"116","1995","7","Maharashtra","Yeotmal","29.2","1455.0"
"116","1996","7","Maharashtra","Yeotmal","35.4","1497.0"
"116","1997","7","Maharashtra","Yeotmal","53.3","1189.0"
"116","1998","7","Maharashtra","Yeotmal","73.9","2261.0"
"116","1999","7","Maharashtra","Yeotmal","77.7","1299.0"
"116","2000","7","Maharashtra","Yeotmal","75.9","1187.0"
"116","2001","7","Maharashtra","Yeotmal","69.6","1299.0"
"116","2002","7","Maharashtra","Yeotmal","80.7","1359.0"
"116","2003","7","Maharashtra","Yeotmal","97.9","1449.0"
"116","2004","7","Maharashtra","Yeotmal","176.3","537.0"
"116","2005","7","Maharashtra","Yeotmal","212.5","1123.0"
"116","2006","7","Maharashtra","Yeotmal","268.1","1095.0"
"116","2007","7","Maharashtra","Yeotmal","266.6","1251.0"
"116","2008","7","Maharashtra","Yeotmal","311.8","333.0"
"116","2009","7","Maharashtra","Yeotmal","311.8","406.0"
"116","2010","7","Maharashtra","Yeotmal","198.5","1376.0"
"116","2011","7","Maharashtra","Yeotmal","221.4","1346.0"
"116","2012","7","Maharashtra","Yeotmal","236.8","1643.0"
"116","2013","7","Maharashtra","Yeotmal","285.6","548.0"
"116","2014","7","Maharashtra","Yeotmal","306.0","319.0"
"116","2015","7","Maharashtra","Yeotmal","293.1","481.0"
"116","2016","7","Maharashtra","Yeotmal","253.0","1116.0"
"116","2017","7","Maharashtra","Yeotmal","254.5","811.0"
"117","1990","7","Maharashtra","Wardha","17.0","982.0"
"117","1991","7","Maharashtra","Wardha","28.5","723.0"
"117","1992","7","Maharashtra","Wardha","50.3","726.0"
"117","1993","7","Maharashtra","Wardha","67.5","1361.0"
"117","1994","7","Maharashtra","Wardha","68.2","856.0"
"117","1995","7","Maharashtra","Wardha","72.7","981.0"
"117","1996","7","Maharashtra","Wardha","83.9","1292.0"
"117","1997","7","Maharashtra","Wardha","99.7","929.0"
"117","1998","7","Maharashtra","Wardha","131.6","1005.0"
"117","1999","7","Maharashtra","Wardha","138.5","1407.0"
"117","2000","7","Maharashtra","Wardha","135.4","1182.0"
"117","2001","7","Maharashtra","Wardha","128.6","1297.0"
"117","2002","7","Maharashtra","Wardha","159.8","1059.0"
"117","2003","7","Maharashtra","Wardha","173.8","1461.0"
"117","2004","7","Maharashtra","Wardha","195.5","1033.0"
"117","2005","7","Maharashtra","Wardha","214.7","1089.0"
"117","2006","7","Maharashtra","Wardha","230.5","1205.0"
"117","2007","7","Maharashtra","Wardha","229.2","1332.0"
"117","2008","7","Maharashtra","Wardha","249.9","585.0"
"117","2009","7","Maharashtra","Wardha","178.9","581.0"
"117","2010","7","Maharashtra","Wardha","137.8","1100.0"
"117","2011","7","Maharashtra","Wardha","173.0","871.0"
"117","2012","7","Maharashtra","Wardha","176.7","1068.0"
"117","2013","7","Maharashtra","Wardha","185.6","656.0"
"117","2014","7","Maharashtra","Wardha","154.2","435.0"
"117","2015","7","Maharashtra","Wardha","139.8","440.0"
"117","2016","7","Maharashtra","Wardha","127.2","1182.0"
"117","2017","7","Maharashtra","Wardha","116.1","1528.0"
"118","1990","7","Maharashtra","Nagpur","88.1","862.0"
"118","1991","7","Maharashtra","Nagpur","105.1","543.0"
"118","1992","7","Maharashtra","Nagpur","132.4","726.0"
"118","1993","7","Maharashtra","Nagpur","166.9","1232.0"
"118","1994","7","Maharashtra","Nagpur","163.5","789.0"
"118","1995","7","Maharashtra","Nagpur","183.2","956.0"
"118","1996","7","Maharashtra","Nagpur","212.3","1007.0"
"118","1997","7","Maharashtra","Nagpur","251.7","720.0"
"118","1998","7","Maharashtra","Nagpur","253.3","926.0"
"118","1999","7","Maharashtra","Nagpur","239.9","944.0"
"118","2000","7","Maharashtra","Nagpur","221.8","784.0"
"118","2001","7","Maharashtra","Nagpur","193.3","1000.0"
"118","2002","7","Maharashtra","Nagpur","206.9","1077.0"
"118","2003","7","Maharashtra","Nagpur","218.5","1270.0"
"118","2004","7","Maharashtra","Nagpur","234.8","733.0"
"118","2005","7","Maharashtra","Nagpur","244.8","1052.0"
"118","2006","7","Maharashtra","Nagpur","263.5","1315.0"
"118","2007","7","Maharashtra","Nagpur","277.5","1366.0"
"118","2008","7","Maharashtra","Nagpur","303.2","848.0"
"118","2009","7","Maharashtra","Nagpur","285.1","771.0"
"118","2010","7","Maharashtra","Nagpur","242.4","1184.0"
"118","2011","7","Maharashtra","Nagpur","241.2","652.0"
"118","2012","7","Maharashtra","Nagpur","237.1","1006.0"
"118","2013","7","Maharashtra","Nagpur","232.8","429.0"
"118","2014","7","Maharashtra","Nagpur","220.4","361.0"
"118","2015","7","Maharashtra","Nagpur","199.7","387.0"
"118","2016","7","Maharashtra","Nagpur","172.4","1183.0"
"118","2017","7","Maharashtra","Nagpur","151.1","1141.0"
"119","1990","7","Maharashtra","Bhandara","6.0","1067.0"
"119","1991","7","Maharashtra","Bhandara","11.9","639.0"
"119","1992","7","Maharashtra","Bhandara","16.3","822.0"
"119","1993","7","Maharashtra","Bhandara","16.0","825.0"
"119","1994","7","Maharashtra","Bhandara","8.5","741.0"
"119","1995","7","Maharashtra","Bhandara","10.5","838.0"
"119","1996","7","Maharashtra","Bhandara","11.2","1152.0"
"119","1997","7","Maharashtra","Bhandara","20.6","956.0"
"119","1998","7","Maharashtra","Bhandara","11.9","1681.0"
"119","1999","7","Maharashtra","Bhandara","11.6","1353.0"
"119","2000","7","Maharashtra","Bhandara","9.7","794.0"
"119","2001","7","Maharashtra","Bhandara","7.2","1139.0"
"119","2002","7","Maharashtra","Bhandara","9.3","1043.0"
"119","2003","7","Maharashtra","Bhandara","8.2","1683.0"
"119","2004","7","Maharashtra","Bhandara","9.5","937.0"
"119","2005","7","Maharashtra","Bhandara","8.5","894.0"
"119","2006","7","Maharashtra","Bhandara","8.6","837.0"
"119","2007","7","Maharashtra","Bhandara","9.0","1144.0"
"119","2008","7","Maharashtra","Bhandara","8.4","1190.0"
"119","2009","7","Maharashtra","Bhandara","7.9","814.0"
"119","2010","7","Maharashtra","Bhandara","7.0","1723.0"
"119","2011","7","Maharashtra","Bhandara","6.9","687.0"
"119","2012","7","Maharashtra","Bhandara","7.1","807.0"
"119","2013","7","Maharashtra","Bhandara","7.0","400.0"
"119","2014","7","Maharashtra","Bhandara","8.1","457.0"
"119","2015","7","Maharashtra","Bhandara","6.6","136.0"
"119","2016","7","Maharashtra","Bhandara","11.8","1127.0"
"119","2017","7","Maharashtra","Bhandara","5.3","1208.0"
"120","1990","7","Maharashtra","Chandrapur","13.6","890.0"
"120","1991","7","Maharashtra","Chandrapur","24.2","649.0"
"120","1992","7","Maharashtra","Chandrapur","31.8","1053.0"
"120","1993","7","Maharashtra","Chandrapur","48.3","1170.0"
"120","1994","7","Maharashtra","Chandrapur","47.8","801.0"
"120","1995","7","Maharashtra","Chandrapur","54.0","1233.0"
"120","1996","7","Maharashtra","Chandrapur","58.4","1182.0"
"120","1997","7","Maharashtra","Chandrapur","46.9","1354.0"
"120","1998","7","Maharashtra","Chandrapur","113.3","2068.0"
"120","1999","7","Maharashtra","Chandrapur","125.9","1519.0"
"120","2000","7","Maharashtra","Chandrapur","116.1","1196.0"
"120","2001","7","Maharashtra","Chandrapur","113.8","1331.0"
"120","2002","7","Maharashtra","Chandrapur","123.0","1166.0"
"120","2003","7","Maharashtra","Chandrapur","136.7","1188.0"
"120","2004","7","Maharashtra","Chandrapur","164.6","981.0"
"120","2005","7","Maharashtra","Chandrapur","161.7","1074.0"
"120","2006","7","Maharashtra","Chandrapur","172.5","1225.0"
"120","2007","7","Maharashtra","Chandrapur","162.1","1384.0"
"120","2008","7","Maharashtra","Chandrapur","181.9","658.0"
"120","2009","7","Maharashtra","Chandrapur","179.8","345.0"
"120","2010","7","Maharashtra","Chandrapur","148.3","1002.0"
"120","2011","7","Maharashtra","Chandrapur","146.8","884.0"
"120","2012","7","Maharashtra","Chandrapur","142.1","1021.0"
"120","2013","7","Maharashtra","Chandrapur","142.1","622.0"
"120","2014","7","Maharashtra","Chandrapur","126.2","510.0"
"120","2015","7","Maharashtra","Chandrapur","117.1","507.0"
"120","2016","7","Maharashtra","Chandrapur","108.5","998.0"
"120","2017","7","Maharashtra","Chandrapur","65.9","941.0"
"502","1990","6","Madhya Pradesh","Bhopal","40.76","860.0"
"502","1991","6","Madhya Pradesh","Bhopal","48.73","805.0"
"502","1992","6","Madhya Pradesh","Bhopal","52.25","963.0"
"502","1993","6","Madhya Pradesh","Bhopal","77.52","1080.0"
"502","1994","6","Madhya Pradesh","Bhopal","49.1","1024.0"
"502","1995","6","Madhya Pradesh","Bhopal","59.7","1015.0"
"502","1996","6","Madhya Pradesh","Bhopal","65.2","971.0"
"502","1997","6","Madhya Pradesh","Bhopal","74.6","914.0"
"502","1998","6","Madhya Pradesh","Bhopal","73.0","705.0"
"502","1999","6","Madhya Pradesh","Bhopal","81.7","957.0"
"502","2000","6","Madhya Pradesh","Bhopal","81.9","1201.0"
"502","2001","6","Madhya Pradesh","Bhopal","84.0","986.0"
"502","2002","6","Madhya Pradesh","Bhopal","84.7","916.0"
"502","2003","6","Madhya Pradesh","Bhopal","86.4","1065.0"
"502","2004","6","Madhya Pradesh","Bhopal","89.66","988.0"
"502","2005","6","Madhya Pradesh","Bhopal","90.62","1159.0"
"502","2006","6","Madhya Pradesh","Bhopal","92.32","1033.0"
"502","2007","6","Madhya Pradesh","Bhopal","96.1","1246.0"
"502","2008","6","Madhya Pradesh","Bhopal","104.0","1327.0"
"502","2009","6","Madhya Pradesh","Bhopal","103.3","1334.0"
"502","2010","6","Madhya Pradesh","Bhopal","106.8","1410.0"
"502","2011","6","Madhya Pradesh","Bhopal","107.3","1151.0"
"502","2012","6","Madhya Pradesh","Bhopal","110.46","1453.0"
"502","2013","6","Madhya Pradesh","Bhopal","114.25","635.0"
"502","2014","6","Madhya Pradesh","Bhopal","110.0","1036.0"
"502","2015","6","Madhya Pradesh","Bhopal","97.0","629.0"
"502","2016","6","Madhya Pradesh","Bhopal","88.0","1023.0"
"502","2017","6","Madhya Pradesh","Bhopal","95.2","982.0"
"514","1990","7","Maharashtra","Jalna","0.0","0.0"
"514","1991","7","Maharashtra","Jalna","0.0","0.0"
"514","1992","7","Maharashtra","Jalna","0.3","1000.0"
"514","1993","7","Maharashtra","Jalna","1.3","1308.0"
"514","1994","7","Maharashtra","Jalna","4.9","918.0"
"514","1995","7","Maharashtra","Jalna","5.0","1460.0"
"514","1996","7","Maharashtra","Jalna","4.0","825.0"
"514","1997","7","Maharashtra","Jalna","3.2","156.0"
"514","1998","7","Maharashtra","Jalna","4.5","1511.0"
"514","1999","7","Maharashtra","Jalna","4.4","1273.0"
"514","2000","7","Maharashtra","Jalna","4.7","489.0"
"514","2001","7","Maharashtra","Jalna","5.1","765.0"
"514","2002","7","Maharashtra","Jalna","6.2","1645.0"
"514","2003","7","Maharashtra","Jalna","11.7","1265.0"
"514","2004","7","Maharashtra","Jalna","15.9","943.0"
"514","2005","7","Maharashtra","Jalna","30.2","1182.0"
"514","2006","7","Maharashtra","Jalna","30.6","1203.0"
"514","2007","7","Maharashtra","Jalna","34.7","1303.0"
"514","2008","7","Maharashtra","Jalna","37.4","615.0"
"514","2009","7","Maharashtra","Jalna","39.3","1161.0"
"514","2010","7","Maharashtra","Jalna","49.3","1622.0"
"514","2011","7","Maharashtra","Jalna","60.3","1493.0"
"514","2012","7","Maharashtra","Jalna","62.4","699.0"
"514","2013","7","Maharashtra","Jalna","74.6","1657.0"
"514","2014","7","Maharashtra","Jalna","109.3","369.0"
"514","2015","7","Maharashtra","Jalna","120.2","478.0"
"514","2016","7","Maharashtra","Jalna","112.8","1520.0"
"514","2017","7","Maharashtra","Jalna","115.4","698.0"
"515","1990","7","Maharashtra","Latur","0.3","1000.0"
"515","1991","7","Maharashtra","Latur","0.0","0.0"
"515","1992","7","Maharashtra","Latur","0.1","1000.0"
"515","1993","7","Maharashtra","Latur","2.9","1345.0"
"515","1994","7","Maharashtra","Latur","12.5","720.0"
"515","1995","7","Maharashtra","Latur","5.3","925.0"
"515","1996","7","Maharashtra","Latur","4.2","1095.0"
"515","1997","7","Maharashtra","Latur","10.0","800.0"
"515","1998","7","Maharashtra","Latur","4.9","1184.0"
"515","1999","7","Maharashtra","Latur","6.0","1350.0"
"515","2000","7","Maharashtra","Latur","7.0","1200.0"
"515","2001","7","Maharashtra","Latur","14.1","730.0"
"515","2002","7","Maharashtra","Latur","21.6","1153.0"
"515","2003","7","Maharashtra","Latur","112.2","1081.0"
"515","2004","7","Maharashtra","Latur","152.8","582.0"
"515","2005","7","Maharashtra","Latur","173.1","1443.0"
"515","2006","7","Maharashtra","Latur","155.4","279.0"
"515","2007","7","Maharashtra","Latur","183.0","1167.0"
"515","2008","7","Maharashtra","Latur","211.1","431.0"
"515","2009","7","Maharashtra","Latur","217.7","655.0"
"515","2010","7","Maharashtra","Latur","194.5","2220.0"
"515","2011","7","Maharashtra","Latur","265.4","1648.0"
"515","2012","7","Maharashtra","Latur","265.4","2356.0"
"515","2013","7","Maharashtra","Latur","308.4","2174.0"
"515","2014","7","Maharashtra","Latur","336.8","624.0"
"515","2015","7","Maharashtra","Latur","340.8","320.0"
"515","2016","7","Maharashtra","Latur","370.3","804.0"
"515","2017","7","Maharashtra","Latur","392.8","1184.0"
"516","1990","7","Maharashtra","Gadchiroli","0.0","0.0"
"516","1991","7","Maharashtra","Gadchiroli","0.1","1000.0"
"516","1992","7","Maharashtra","Gadchiroli","0.1","1000.0"
"516","1993","7","Maharashtra","Gadchiroli","0.4","1500.0"
"516","1994","7","Maharashtra","Gadchiroli","0.6","833.0"
"516","1995","7","Maharashtra","Gadchiroli","0.9","1000.0"
"516","1996","7","Maharashtra","Gadchiroli","0.7","1286.0"
"516","1997","7","Maharashtra","Gadchiroli","11.2","911.0"
"516","1998","7","Maharashtra","Gadchiroli","1.4","1214.0"
"516","1999","7","Maharashtra","Gadchiroli","1.6","1063.0"
"516","2000","7","Maharashtra","Gadchiroli","1.8","1000.0"
"516","2001","7","Maharashtra","Gadchiroli","2.2","1182.0"
"516","2002","7","Maharashtra","Gadchiroli","2.8","893.0"
"516","2003","7","Maharashtra","Gadchiroli","2.7","1333.0"
"516","2004","7","Maharashtra","Gadchiroli","3.1","1000.0"
"516","2005","7","Maharashtra","Gadchiroli","3.1","581.0"
"516","2006","7","Maharashtra","Gadchiroli","3.4","1235.0"
"516","2007","7","Maharashtra","Gadchiroli","3.9","1077.0"
"516","2008","7","Maharashtra","Gadchiroli","8.2","744.0"
"516","2009","7","Maharashtra","Gadchiroli","8.7","360.0"
"516","2010","7","Maharashtra","Gadchiroli","7.5","920.0"
"516","2011","7","Maharashtra","Gadchiroli","5.9","1222.0"
"516","2012","7","Maharashtra","Gadchiroli","5.2","1219.0"
"516","2013","7","Maharashtra","Gadchiroli","5.2","731.0"
"516","2014","7","Maharashtra","Gadchiroli","4.4","682.0"
"516","2015","7","Maharashtra","Gadchiroli","3.5","429.0"
"516","2016","7","Maharashtra","Gadchiroli","2.1","857.0"
"516","2017","7","Maharashtra","Gadchiroli","0.2","1500.0"
"517","1990","7","Maharashtra","Sindhudurg","0.0","0.0"
"517","1991","7","Maharashtra","Sindhudurg","0.0","0.0"
"517","1992","7","Maharashtra","Sindhudurg","0.0","0.0"
"517","1993","7","Maharashtra","Sindhudurg","0.0","0.0"
"517","1994","7","Maharashtra","Sindhudurg","0.0","0.0"
"517","1995","7","Maharashtra","Sindhudurg","0.0","0.0"
"517","1996","7","Maharashtra","Sindhudurg","0.0","0.0"
"517","1997","7","Maharashtra","Sindhudurg","0.0","0.0"
"517","1998","7","Maharashtra","Sindhudurg","0.0","0.0"
"517","1999","7","Maharashtra","Sindhudurg","0.0","0.0"
"517","2000","7","Maharashtra","Sindhudurg","0.0","0.0"
"517","2001","7","Maharashtra","Sindhudurg","0.0","0.0"
"517","2002","7","Maharashtra","Sindhudurg","0.0","0.0"
"517","2003","7","Maharashtra","Sindhudurg","0.0","0.0"
"517","2004","7","Maharashtra","Sindhudurg","0.0","0.0"
"517","2005","7","Maharashtra","Sindhudurg","0.0","0.0"
"517","2006","7","Maharashtra","Sindhudurg","0.0","0.0"
"517","2007","7","Maharashtra","Sindhudurg","0.0","0.0"
"517","2008","7","Maharashtra","Sindhudurg","0.0","0.0"
"517","2009","7","Maharashtra","Sindhudurg","0.0","0.0"
"517","2010","7","Maharashtra","Sindhudurg","0.0","0.0"
"517","2011","7","Maharashtra","Sindhudurg","0.0","0.0"
"517","2012","7","Maharashtra","Sindhudurg","0.0","0.0"
"517","2013","7","Maharashtra","Sindhudurg","0.0","0.0"
"517","2014","7","Maharashtra","Sindhudurg","0.0","0.0"
"517","2015","7","Maharashtra","Sindhudurg","0.0","0.0"
"517","2016","7","Maharashtra","Sindhudurg","-1.0","-1.0"
"517","2017","7","Maharashtra","Sindhudurg","-1.0","-1.0"
"1057","1998","6","Madhya Pradesh","Dindori","0.0","0.0"
"1057","1999","6","Madhya Pradesh","Dindori","3.9","949.0"
"1057","2000","6","Madhya Pradesh","Dindori","3.1","484.0"
"1057","2001","6","Madhya Pradesh","Dindori","3.5","771.0"
"1057","2002","6","Madhya Pradesh","Dindori","3.7","649.0"
"1057","2003","6","Madhya Pradesh","Dindori","4.2","762.0"
"1057","2004","6","Madhya Pradesh","Dindori","4.46","780.0"
"1057","2005","6","Madhya Pradesh","Dindori","4.91","517.0"
"1057","2006","6","Madhya Pradesh","Dindori","5.13","595.0"
"1057","2007","6","Madhya Pradesh","Dindori","5.4","630.0"
"1057","2008","6","Madhya Pradesh","Dindori","5.5","636.0"
"1057","2009","6","Madhya Pradesh","Dindori","5.8","655.0"
"1057","2010","6","Madhya Pradesh","Dindori","6.4","859.0"
"1057","2011","6","Madhya Pradesh","Dindori","9.5","537.0"
"1057","2012","6","Madhya Pradesh","Dindori","6.73","600.0"
"1057","2013","6","Madhya Pradesh","Dindori","7.22","801.0"
"1057","2014","6","Madhya Pradesh","Dindori","10.0","1100.0"
"1057","2015","6","Madhya Pradesh","Dindori","10.0","1100.0"
"1057","2016","6","Madhya Pradesh","Dindori","10.0","1300.0"
"1057","2017","6","Madhya Pradesh","Dindori","9.5","1151.0"
"1058","1998","6","Madhya Pradesh","Harda","0.0","0.0"
"1058","1999","6","Madhya Pradesh","Harda","147.3","1026.0"
"1058","2000","6","Madhya Pradesh","Harda","144.8","964.0"
"1058","2001","6","Madhya Pradesh","Harda","146.6","1194.0"
"1058","2002","6","Madhya Pradesh","Harda","150.5","832.0"
"1058","2003","6","Madhya Pradesh","Harda","152.3","1326.0"
"1058","2004","6","Madhya Pradesh","Harda","152.98","408.0"
"1058","2005","6","Madhya Pradesh","Harda","162.18","1809.0"
"1058","2006","6","Madhya Pradesh","Harda","160.55","1663.0"
"1058","2007","6","Madhya Pradesh","Harda","167.9","1395.0"
"1058","2008","6","Madhya Pradesh","Harda","168.9","1256.0"
"1058","2009","6","Madhya Pradesh","Harda","172.8","1686.0"
"1058","2010","6","Madhya Pradesh","Harda","171.5","1836.0"
"1058","2011","6","Madhya Pradesh","Harda","171.7","1383.0"
"1058","2012","6","Madhya Pradesh","Harda","178.83","1208.0"
"1058","2013","6","Madhya Pradesh","Harda","177.47","267.0"
"1058","2014","6","Madhya Pradesh","Harda","176.0","1347.0"
"1058","2015","6","Madhya Pradesh","Harda","149.0","544.0"
"1058","2016","6","Madhya Pradesh","Harda","141.0","1518.0"
"1058","2017","6","Madhya Pradesh","Harda","96.41","752.0"
"1060","1998","6","Madhya Pradesh","Barwani","0.0","0.0"
"1060","1999","6","Madhya Pradesh","Barwani","29.9","331.0"
"1060","2000","6","Madhya Pradesh","Barwani","28.5","375.0"
"1060","2001","6","Madhya Pradesh","Barwani","27.8","482.0"
"1060","2002","6","Madhya Pradesh","Barwani","20.9","569.0"
"1060","2003","6","Madhya Pradesh","Barwani","25.5","753.0"
"1060","2004","6","Madhya Pradesh","Barwani","26.88","528.0"
"1060","2005","6","Madhya Pradesh","Barwani","30.99","356.0"
"1060","2006","6","Madhya Pradesh","Barwani","29.57","355.0"
"1060","2007","6","Madhya Pradesh","Barwani","29.7","414.0"
"1060","2008","6","Madhya Pradesh","Barwani","31.2","442.0"
"1060","2009","6","Madhya Pradesh","Barwani","31.4","465.0"
"1060","2010","6","Madhya Pradesh","Barwani","33.1","502.0"
"1060","2011","6","Madhya Pradesh","Barwani","28.4","335.0"
"1060","2012","6","Madhya Pradesh","Barwani","37.51","2051.0"
"1060","2013","6","Madhya Pradesh","Barwani","37.89","1046.0"
"1060","2014","6","Madhya Pradesh","Barwani","180.0","1333.0"
"1060","2015","6","Madhya Pradesh","Barwani","34.0","1088.0"
"1060","2016","6","Madhya Pradesh","Barwani","36.0","1417.0"
"1060","2017","6","Madhya Pradesh","Barwani","35.6","1400.0"
"1061","1998","6","Madhya Pradesh","Katni","0.0","0.0"
"1061","1999","6","Madhya Pradesh","Katni","0.8","750.0"
"1061","2000","6","Madhya Pradesh","Katni","0.4","500.0"
"1061","2001","6","Madhya Pradesh","Katni","0.1","1000.0"
"1061","2002","6","Madhya Pradesh","Katni","0.1","1000.0"
"1061","2003","6","Madhya Pradesh","Katni","0.1","1000.0"
"1061","2004","6","Madhya Pradesh","Katni","0.11","909.0"
"1061","2005","6","Madhya Pradesh","Katni","0.04","750.0"
"1061","2006","6","Madhya Pradesh","Katni","0.29","345.0"
"1061","2007","6","Madhya Pradesh","Katni","0.7","286.0"
"1061","2008","6","Madhya Pradesh","Katni","0.5","600.0"
"1061","2009","6","Madhya Pradesh","Katni","0.3","667.0"
"1061","2010","6","Madhya Pradesh","Katni","0.4","750.0"
"1061","2011","6","Madhya Pradesh","Katni","0.4","500.0"
"1061","2012","6","Madhya Pradesh","Katni","0.78","769.0"
"1061","2013","6","Madhya Pradesh","Katni","0.98","1337.0"
"1061","2014","6","Madhya Pradesh","Katni","11.0","1000.0"
"1061","2015","6","Madhya Pradesh","Katni","2.0","1000.0"
"1061","2016","6","Madhya Pradesh","Katni","0.0","0.0"
"1061","2017","6","Madhya Pradesh","Katni","1.7","1435.0"
"1062","1998","6","Madhya Pradesh","Neemuch","0.0","0.0"
"1062","1999","6","Madhya Pradesh","Neemuch","108.9","1137.0"
"1062","2000","6","Madhya Pradesh","Neemuch","105.4","648.0"
"1062","2001","6","Madhya Pradesh","Neemuch","104.6","845.0"
"1062","2002","6","Madhya Pradesh","Neemuch","95.0","465.0"
"1062","2003","6","Madhya Pradesh","Neemuch","95.0","1291.0"
"1062","2004","6","Madhya Pradesh","Neemuch","115.07","862.0"
"1062","2005","6","Madhya Pradesh","Neemuch","122.54","591.0"
"1062","2006","6","Madhya Pradesh","Neemuch","123.12","711.0"
"1062","2007","6","Madhya Pradesh","Neemuch","120.3","760.0"
"1062","2008","6","Madhya Pradesh","Neemuch","122.3","1052.0"
"1062","2009","6","Madhya Pradesh","Neemuch","120.0","959.0"
"1062","2010","6","Madhya Pradesh","Neemuch","119.8","1250.0"
"1062","2011","6","Madhya Pradesh","Neemuch","120.2","800.0"
"1062","2012","6","Madhya Pradesh","Neemuch","126.24","1572.0"
"1062","2013","6","Madhya Pradesh","Neemuch","129.87","1067.0"
"1062","2014","6","Madhya Pradesh","Neemuch","138.0","812.0"
"1062","2015","6","Madhya Pradesh","Neemuch","144.0","722.0"
"1062","2016","6","Madhya Pradesh","Neemuch","141.0","1525.0"
"1062","2017","6","Madhya Pradesh","Neemuch","134.0","1336.0"
"1063","1998","6","Madhya Pradesh","Sheopur Kalan","0.0","0.0"
"1063","1999","6","Madhya Pradesh","Sheopur Kalan","24.0","1350.0"
"1063","2000","6","Madhya Pradesh","Sheopur Kalan","27.7","664.0"
"1063","2001","6","Madhya Pradesh","Sheopur Kalan","22.7","1366.0"
"1063","2002","6","Madhya Pradesh","Sheopur Kalan","7.2","1306.0"
"1063","2003","6","Madhya Pradesh","Sheopur Kalan","21.9","1557.0"
"1063","2004","6","Madhya Pradesh","Sheopur Kalan","18.17","1395.0"
"1063","2005","6","Madhya Pradesh","Sheopur Kalan","21.18","1178.0"
"1063","2006","6","Madhya Pradesh","Sheopur Kalan","14.75","1047.0"
"1063","2007","6","Madhya Pradesh","Sheopur Kalan","15.4","1019.0"
"1063","2008","6","Madhya Pradesh","Sheopur Kalan","13.7","1321.0"
"1063","2009","6","Madhya Pradesh","Sheopur Kalan","9.8","1143.0"
"1063","2010","6","Madhya Pradesh","Sheopur Kalan","8.0","1188.0"
"1063","2011","6","Madhya Pradesh","Sheopur Kalan","14.0","993.0"
"1063","2012","6","Madhya Pradesh","Sheopur Kalan","36.78","1303.0"
"1063","2013","6","Madhya Pradesh","Sheopur Kalan","54.33","1405.0"
"1063","2014","6","Madhya Pradesh","Sheopur Kalan","52.0","981.0"
"1063","2015","6","Madhya Pradesh","Sheopur Kalan","43.0","977.0"
"1063","2016","6","Madhya Pradesh","Sheopur Kalan","40.0","1150.0"
"1063","2017","6","Madhya Pradesh","Sheopur Kalan","38.5","788.0"
"1064","1998","6","Madhya Pradesh","Umaria","0.0","0.0"
"1064","1999","6","Madhya Pradesh","Umaria","0.2","500.0"
"1064","2000","6","Madhya Pradesh","Umaria","0.1","0.0"
"1064","2001","6","Madhya Pradesh","Umaria","0.1","0.0"
"1064","2002","6","Madhya Pradesh","Umaria","0.1","0.0"
"1064","2003","6","Madhya Pradesh","Umaria","0.1","0.0"
"1064","2004","6","Madhya Pradesh","Umaria","0.04","500.0"
"1064","2005","6","Madhya Pradesh","Umaria","0.05","400.0"
"1064","2006","6","Madhya Pradesh","Umaria","0.09","333.0"
"1064","2007","6","Madhya Pradesh","Umaria","0.2","500.0"
"1064","2008","6","Madhya Pradesh","Umaria","2.1","524.0"
"1064","2009","6","Madhya Pradesh","Umaria","2.5","360.0"
"1064","2010","6","Madhya Pradesh","Umaria","3.0","567.0"
"1064","2011","6","Madhya Pradesh","Umaria","3.1","387.0"
"1064","2012","6","Madhya Pradesh","Umaria","2.87","338.0"
"1064","2013","6","Madhya Pradesh","Umaria","9.47","167.0"
"1064","2014","6","Madhya Pradesh","Umaria","14.0","1143.0"
"1064","2015","6","Madhya Pradesh","Umaria","5.0","400.0"
"1064","2016","6","Madhya Pradesh","Umaria","4.0","1000.0"
"1064","2017","6","Madhya Pradesh","Umaria","2.1","729.0"
"1071","2003","6","Madhya Pradesh","Anuppur","1.4","500.0"
"1071","2004","6","Madhya Pradesh","Anuppur","1.2","450.0"
"1071","2005","6","Madhya Pradesh","Anuppur","1.27","504.0"
"1071","2006","6","Madhya Pradesh","Anuppur","1.32","485.0"
"1071","2007","6","Madhya Pradesh","Anuppur","1.8","333.0"
"1071","2008","6","Madhya Pradesh","Anuppur","0.4","500.0"
"1071","2009","6","Madhya Pradesh","Anuppur","0.7","429.0"
"1071","2010","6","Madhya Pradesh","Anuppur","1.2","583.0"
"1071","2011","6","Madhya Pradesh","Anuppur","2.5","320.0"
"1071","2012","6","Madhya Pradesh","Anuppur","4.66","933.0"
"1071","2013","6","Madhya Pradesh","Anuppur","5.84","786.0"
"1071","2014","6","Madhya Pradesh","Anuppur","13.0","1231.0"
"1071","2015","6","Madhya Pradesh","Anuppur","6.0","500.0"
"1071","2016","6","Madhya Pradesh","Anuppur","6.0","1333.0"
"1071","2017","6","Madhya Pradesh","Anuppur","5.7","774.0"
"1072","1999","7","Maharashtra","Gondia","0.1","1000.0"
"1072","2000","7","Maharashtra","Gondia","0.0","0.0"
"1072","2001","7","Maharashtra","Gondia","0.0","0.0"
"1072","2002","7","Maharashtra","Gondia","0.1","1000.0"
"1072","2003","7","Maharashtra","Gondia","0.1","1000.0"
"1072","2004","7","Maharashtra","Gondia","0.1","1000.0"
"1072","2005","7","Maharashtra","Gondia","0.0","0.0"
"1072","2006","7","Maharashtra","Gondia","0.0","0.0"
"1072","2007","7","Maharashtra","Gondia","0.0","0.0"
"1072","2008","7","Maharashtra","Gondia","0.0","0.0"
"1072","2009","7","Maharashtra","Gondia","0.0","0.0"
"1072","2010","7","Maharashtra","Gondia","0.0","0.0"
"1072","2011","7","Maharashtra","Gondia","0.0","0.0"
"1072","2012","7","Maharashtra","Gondia","0.0","0.0"
"1072","2013","7","Maharashtra","Gondia","0.0","0.0"
"1072","2014","7","Maharashtra","Gondia","0.0","0.0"
"1072","2015","7","Maharashtra","Gondia","0.0","0.0"
"1072","2016","7","Maharashtra","Gondia","-1.0","-1.0"
"1072","2017","7","Maharashtra","Gondia","-1.0","-1.0"
"1073","1999","7","Maharashtra","Hingoli","15.7","1408.0"
"1073","2000","7","Maharashtra","Hingoli","20.4","1201.0"
"1073","2001","7","Maharashtra","Hingoli","25.2","1393.0"
"1073","2002","7","Maharashtra","Hingoli","32.0","1519.0"
"1073","2003","7","Maharashtra","Hingoli","117.7","1576.0"
"1073","2004","7","Maharashtra","Hingoli","129.3","800.0"
"1073","2005","7","Maharashtra","Hingoli","139.5","1296.0"
"1073","2006","7","Maharashtra","Hingoli","131.1","867.0"
"1073","2007","7","Maharashtra","Hingoli","114.0","1780.0"
"1073","2008","7","Maharashtra","Hingoli","129.9","587.0"
"1073","2009","7","Maharashtra","Hingoli","137.4","902.0"
"1073","2010","7","Maharashtra","Hingoli","148.3","1601.0"
"1073","2011","7","Maharashtra","Hingoli","146.7","1392.0"
"1073","2012","7","Maharashtra","Hingoli","150.5","1905.0"
"1073","2013","7","Maharashtra","Hingoli","170.0","1094.0"
"1073","2014","7","Maharashtra","Hingoli","137.7","279.0"
"1073","2015","7","Maharashtra","Hingoli","165.1","478.0"
"1073","2016","7","Maharashtra","Hingoli","171.6","1072.0"
"1073","2017","7","Maharashtra","Hingoli","175.8","1134.0"
"1074","1998","7","Maharashtra","Nandurbar","2.4","1458.0"
"1074","1999","7","Maharashtra","Nandurbar","2.4","1292.0"
"1074","2000","7","Maharashtra","Nandurbar","2.0","1100.0"
"1074","2001","7","Maharashtra","Nandurbar","2.1","905.0"
"1074","2002","7","Maharashtra","Nandurbar","1.6","1563.0"
"1074","2003","7","Maharashtra","Nandurbar","1.4","1500.0"
"1074","2004","7","Maharashtra","Nandurbar","4.0","1275.0"
"1074","2005","7","Maharashtra","Nandurbar","6.3","1397.0"
"1074","2006","7","Maharashtra","Nandurbar","9.3","925.0"
"1074","2007","7","Maharashtra","Nandurbar","16.2","1383.0"
"1074","2008","7","Maharashtra","Nandurbar","27.1","1273.0"
"1074","2009","7","Maharashtra","Nandurbar","30.0","1326.0"
"1074","2010","7","Maharashtra","Nandurbar","33.1","1618.0"
"1074","2011","7","Maharashtra","Nandurbar","32.3","1781.0"
"1074","2012","7","Maharashtra","Nandurbar","24.4","2017.0"
"1074","2013","7","Maharashtra","Nandurbar","28.0","1189.0"
"1074","2014","7","Maharashtra","Nandurbar","27.5","971.0"
"1074","2015","7","Maharashtra","Nandurbar","27.6","949.0"
"1074","2016","7","Maharashtra","Nandurbar","28.0","1639.0"
"1074","2017","7","Maharashtra","Nandurbar","27.17","1439.0"
"1075","1998","7","Maharashtra","Washim","57.3","1529.0"
"1075","1999","7","Maharashtra","Washim","76.9","2443.0"
"1075","2000","7","Maharashtra","Washim","81.9","1061.0"
"1075","2001","7","Maharashtra","Washim","83.3","1491.0"
"1075","2002","7","Maharashtra","Washim","91.1","1292.0"
"1075","2003","7","Maharashtra","Washim","113.3","1358.0"
"1075","2004","7","Maharashtra","Washim","185.1","890.0"
"1075","2005","7","Maharashtra","Washim","196.6","950.0"
"1075","2006","7","Maharashtra","Washim","204.8","1235.0"
"1075","2007","7","Maharashtra","Washim","206.9","1606.0"
"1075","2008","7","Maharashtra","Washim","226.4","341.0"
"1075","2009","7","Maharashtra","Washim","222.6","360.0"
"1075","2010","7","Maharashtra","Washim","209.2","1428.0"
"1075","2011","7","Maharashtra","Washim","219.1","1326.0"
"1075","2012","7","Maharashtra","Washim","200.3","1688.0"
"1075","2013","7","Maharashtra","Washim","276.3","841.0"
"1075","2014","7","Maharashtra","Washim","296.5","409.0"
"1075","2015","7","Maharashtra","Washim","302.3","556.0"
"1075","2016","7","Maharashtra","Washim","300.8","1483.0"
"1075","2017","7","Maharashtra","Washim","299.8","758.0"
"1076","1998","7","Maharashtra","Mumbai sub","0.0","0.0"
"1076","1999","7","Maharashtra","Mumbai sub","0.0","0.0"
"1076","2000","7","Maharashtra","Mumbai sub","0.0","0.0"
"1076","2001","7","Maharashtra","Mumbai sub","0.0","0.0"
"1076","2002","7","Maharashtra","Mumbai sub","0.0","0.0"
"1076","2003","7","Maharashtra","Mumbai sub","0.0","0.0"
"1076","2004","7","Maharashtra","Mumbai sub","0.0","0.0"
"1076","2005","7","Maharashtra","Mumbai sub","0.0","0.0"
"1076","2006","7","Maharashtra","Mumbai sub","0.0","0.0"
"1076","2007","7","Maharashtra","Mumbai sub","0.0","0.0"
"1076","2009","7","Maharashtra","Mumbai sub","-1.0","-1.0"
"1076","2010","7","Maharashtra","Mumbai sub","0.0","0.0"
"1076","2011","7","Maharashtra","Mumbai sub","0.0","0.0"
"1076","2012","7","Maharashtra","Mumbai sub","0.0","0.0"
"1076","2016","7","Maharashtra","Mumbai sub","-1.0","-1.0"
"1081","2003","6","Madhya Pradesh","Ashoknagar","46.3","959.0"
"1081","2004","6","Madhya Pradesh","Ashoknagar","58.36","874.0"
"1081","2005","6","Madhya Pradesh","Ashoknagar","42.29","1031.0"
"1081","2006","6","Madhya Pradesh","Ashoknagar","45.76","989.0"
"1081","2007","6","Madhya Pradesh","Ashoknagar","48.5","1074.0"
"1081","2008","6","Madhya Pradesh","Ashoknagar","53.3","1114.0"
"1081","2009","6","Madhya Pradesh","Ashoknagar","65.2","1118.0"
"1081","2010","6","Madhya Pradesh","Ashoknagar","65.8","1249.0"
"1081","2011","6","Madhya Pradesh","Ashoknagar","74.2","1135.0"
"1081","2012","6","Madhya Pradesh","Ashoknagar","118.84","2085.0"
"1081","2013","6","Madhya Pradesh","Ashoknagar","162.86","936.0"
"1081","2014","6","Madhya Pradesh","Ashoknagar","165.0","727.0"
"1081","2015","6","Madhya Pradesh","Ashoknagar","145.0","1324.0"
"1081","2016","6","Madhya Pradesh","Ashoknagar","137.0","650.0"
"1081","2017","6","Madhya Pradesh","Ashoknagar","140.8","1030.0"
"1082","2003","6","Madhya Pradesh","Burhanpur","10.4","731.0"
"1082","2004","6","Madhya Pradesh","Burhanpur","14.21","487.0"
"1082","2005","6","Madhya Pradesh","Burhanpur","13.08","649.0"
"1082","2006","6","Madhya Pradesh","Burhanpur","13.13","734.0"
"1082","2007","6","Madhya Pradesh","Burhanpur","14.3","594.0"
"1082","2008","6","Madhya Pradesh","Burhanpur","14.3","657.0"
"1082","2009","6","Madhya Pradesh","Burhanpur","15.1","695.0"
"1082","2010","6","Madhya Pradesh","Burhanpur","15.1","715.0"
"1082","2011","6","Madhya Pradesh","Burhanpur","14.9","530.0"
"1082","2012","6","Madhya Pradesh","Burhanpur","17.18","969.0"
"1082","2013","6","Madhya Pradesh","Burhanpur","18.3","1431.0"
"1082","2014","6","Madhya Pradesh","Burhanpur","27.0","630.0"
"1082","2015","6","Madhya Pradesh","Burhanpur","19.0","526.0"
"1082","2016","6","Madhya Pradesh","Burhanpur","14.0","1500.0"
"1082","2017","6","Madhya Pradesh","Burhanpur","15.0","1672.0"
"2006","2008","6","Madhya Pradesh","Alirajpur","11.2","759.0"
"2006","2009","6","Madhya Pradesh","Alirajpur","14.4","681.0"
"2006","2010","6","Madhya Pradesh","Alirajpur","15.6","821.0"
"2006","2011","6","Madhya Pradesh","Alirajpur","17.1","702.0"
"2006","2012","6","Madhya Pradesh","Alirajpur","16.21","974.0"
"2006","2013","6","Madhya Pradesh","Alirajpur","16.99","517.0"
"2006","2014","6","Madhya Pradesh","Alirajpur","55.0","1818.0"
"2006","2015","6","Madhya Pradesh","Alirajpur","23.0","913.0"
"2006","2016","6","Madhya Pradesh","Alirajpur","20.0","1300.0"
"2006","2017","6","Madhya Pradesh","Alirajpur","16.5","1231.0"
"2007","2008","6","Madhya Pradesh","Singrauli","0.0","0.0"
"2007","2009","6","Madhya Pradesh","Singrauli","0.0","0.0"
"2007","2010","6","Madhya Pradesh","Singrauli","0.0","0.0"
"2007","2011","6","Madhya Pradesh","Singrauli","0.0","0.0"
"2007","2012","6","Madhya Pradesh","Singrauli","0.0","0.0"
"2007","2013","6","Madhya Pradesh","Singrauli","0.0","0.0"
"2007","2014","6","Madhya Pradesh","Singrauli","0.0","0.0"
"2007","2015","6","Madhya Pradesh","Singrauli","0.0","0.0"
"2007","2016","6","Madhya Pradesh","Singrauli","0.0","0.0"
"2007","2017","6","Madhya Pradesh","Singrauli","0.0","0.0"
"2027","1990","7","Maharashtra","Mumbai City","0.0","0.0"
"2027","1991","7","Maharashtra","Mumbai City","0.0","0.0"
"2027","1992","7","Maharashtra","Mumbai City","0.0","0.0"
"2027","1993","7","Maharashtra","Mumbai City","0.0","0.0"
"2027","1994","7","Maharashtra","Mumbai City","0.0","0.0"
"2027","1995","7","Maharashtra","Mumbai City","0.0","0.0"
"2027","1996","7","Maharashtra","Mumbai City","0.0","0.0"
"2027","1997","7","Maharashtra","Mumbai City","0.0","0.0"
"2027","2008","7","Maharashtra","Mumbai City","0.0","0.0"
"2027","2009","7","Maharashtra","Mumbai City","0.0","0.0"
"2058","2013","6","Madhya Pradesh","Agar Malwa","137.32","588.0"
"2058","2014","6","Madhya Pradesh","Agar Malwa","0.0","0.0"
"2058","2015","6","Madhya Pradesh","Agar Malwa","129.0","760.0"
"2058","2016","6","Madhya Pradesh","Agar Malwa","133.0","1286.0"
"2058","2017","6","Madhya Pradesh","Agar Malwa","113.39","1300.0"
"2059","2014","7","Maharashtra","Palghar","0.0","0.0"
"2059","2015","7","Maharashtra","Palghar","0.0","0.0"
"2059","2016","7","Maharashtra","Palghar","-1.0","-1.0"
"2059","2017","7","Maharashtra","Palghar","-1.0","-1.0"