PS,TS,QV2M,WS2M,CLOUD_AMT,ALLSKY_SFC_SW_DWN,ALLSKY_SFC_PAR_TOT,T2M,PRECTOTCORR,RH2M,GWETROOT,GWETPROF,T2M_RANGE,YEAR,DISTRICT
95.64,25.87,10.95,2.58,57.22,18.09,8.61,25.19,3.17,53.67,0.7,0.7,40.66,1990.0,Agar Malwa
95.67,26.46,9.11,2.56,49.61,19.24,9.12,25.64,2.06,43.7,0.66,0.66,45.63,1991.0,Agar Malwa
95.71,26.43,9.32,2.56,51.12,19.55,9.27,25.45,1.91,45.34,0.65,0.66,40.99,1992.0,Agar Malwa
95.71,26.31,9.84,2.65,52.31,19.42,9.21,25.5,2.49,47.13,0.66,0.67,40.62,1993.0,Agar Malwa
95.65,25.59,9.94,2.52,50.62,19.21,9.12,24.97,3.06,49.64,0.7,0.7,42.99,1994.0,Agar Malwa
95.65,26.22,9.85,2.48,47.45,19.48,9.28,25.32,2.6,48.02,0.66,0.67,41.55,1995.0,Agar Malwa
95.62,25.99,10.02,2.5,45.71,19.18,9.09,25.25,2.95,49.65,0.69,0.69,40.06,1996.0,Agar Malwa
95.75,25.52,10.85,2.51,48.89,18.91,9.02,24.65,2.82,54.48,0.68,0.68,39.46,1997.0,Agar Malwa
95.66,26.35,10.81,2.37,43.56,19.14,9.06,25.57,2.32,51.64,0.67,0.68,42.55,1998.0,Agar Malwa
95.62,26.2,9.89,2.56,39.33,18.9,8.93,25.42,2.18,47.86,0.65,0.65,39.21,1999.0,Agar Malwa
95.58,26.45,8.89,2.6,33.06,19.37,9.12,25.65,1.72,40.03,0.64,0.64,39.74,2000.0,Agar Malwa
95.63,26.59,9.6,2.39,44.77,18.77,8.48,25.67,1.82,43.73,0.65,0.65,39.38,2001.0,Agar Malwa
95.67,27.09,9.37,2.66,40.52,19.22,8.66,26.15,1.81,43.14,0.64,0.64,40.81,2002.0,Agar Malwa
95.69,25.93,10.65,2.52,43.03,18.57,8.39,25.29,2.91,52.81,0.71,0.71,39.53,2003.0,Agar Malwa
95.68,26.57,10.17,2.44,41.19,19.08,8.62,25.8,2.18,48.66,0.67,0.67,39.96,2004.0,Agar Malwa
95.67,26.29,9.74,2.41,42.67,19.1,8.58,25.48,2.28,46.59,0.66,0.66,38.86,2005.0,Agar Malwa
95.66,26.44,10.84,2.35,43.71,18.65,8.44,25.78,3.5,51.62,0.69,0.69,37.84,2006.0,Agar Malwa
95.64,26.22,10.47,2.28,41.71,19.07,8.6,25.58,2.55,50.18,0.69,0.69,35.87,2007.0,Agar Malwa
95.64,26.34,10.01,2.41,44.94,18.7,8.41,25.43,1.84,47.37,0.65,0.65,39.57,2008.0,Agar Malwa
95.65,27.1,10.47,2.47,39.44,19.19,8.63,26.23,2.53,49.76,0.65,0.66,36.75,2009.0,Agar Malwa
95.63,26.88,11.11,2.33,44.75,19.0,8.58,26.07,2.26,53.46,0.67,0.68,40.35,2010.0,Agar Malwa
95.62,25.97,10.73,2.3,40.77,18.5,8.35,25.23,3.14,52.69,0.71,0.71,42.41,2011.0,Agar Malwa
95.63,25.81,10.11,2.55,46.02,18.33,8.25,24.98,2.49,49.42,0.68,0.68,40.53,2012.0,Agar Malwa
95.64,25.22,11.27,2.41,47.29,17.48,7.89,24.57,3.93,56.52,0.73,0.72,41.81,2013.0,Agar Malwa
95.74,26.28,10.61,2.56,43.99,18.64,8.41,25.41,2.39,52.86,0.68,0.68,41.34,2014.0,Agar Malwa
95.79,26.11,10.64,2.51,44.0,18.19,8.2,25.35,3.17,51.99,0.68,0.68,40.85,2015.0,Agar Malwa
95.71,26.12,10.45,2.42,45.58,18.42,8.28,25.66,3.39,50.14,0.7,0.7,42.5,2016.0,Agar Malwa
95.69,26.88,9.95,2.47,45.09,18.58,8.34,26.02,1.81,45.94,0.64,0.64,43.01,2017.0,Agar Malwa
95.68,26.96,9.53,2.47,42.76,18.17,8.15,26.09,1.75,44.52,0.65,0.66,42.7,2018.0,Agar Malwa
95.72,26.07,11.11,2.46,50.17,17.72,8.04,25.19,3.87,55.0,0.73,0.73,44.09,2019.0,Agar Malwa
97.45,26.99,11.52,2.79,55.15,18.5,8.86,26.11,2.71,54.4,0.67,0.67,37.82,1990.0,Alirajpur
97.47,27.74,9.59,2.67,49.27,19.41,9.28,26.71,1.7,43.56,0.63,0.64,42.97,1991.0,Alirajpur
97.52,27.5,9.87,2.73,50.21,19.61,9.4,26.41,1.59,45.68,0.62,0.62,36.97,1992.0,Alirajpur
97.51,27.34,10.6,2.75,51.41,19.69,9.41,26.37,2.24,49.28,0.65,0.65,36.88,1993.0,Alirajpur
97.46,26.59,10.51,2.74,46.29,19.19,9.15,25.75,3.16,50.92,0.69,0.69,39.46,1994.0,Alirajpur
97.44,27.44,10.27,2.67,46.64,19.41,9.36,26.39,2.24,47.4,0.65,0.64,37.4,1995.0,Alirajpur
97.43,27.02,10.69,2.68,45.13,19.26,9.23,26.09,2.49,50.93,0.67,0.67,35.98,1996.0,Alirajpur
97.55,26.55,11.49,2.62,45.04,19.08,9.15,25.65,2.85,55.36,0.68,0.67,36.67,1997.0,Alirajpur
97.45,27.21,11.59,2.54,44.36,18.98,9.06,26.36,2.48,53.52,0.68,0.67,39.46,1998.0,Alirajpur
97.42,27.14,10.55,2.75,37.48,19.42,9.27,26.22,1.95,49.33,0.63,0.63,35.91,1999.0,Alirajpur
97.38,27.66,9.63,2.71,34.13,19.68,9.41,26.71,1.61,42.42,0.62,0.62,37.54,2000.0,Alirajpur
97.43,27.68,10.11,2.66,39.71,19.12,8.63,26.65,1.47,45.04,0.62,0.62,36.74,2001.0,Alirajpur
97.49,27.74,10.17,2.75,37.16,19.21,8.67,26.75,1.69,45.64,0.62,0.63,38.83,2002.0,Alirajpur
97.49,26.83,11.49,2.67,39.93,19.07,8.62,26.09,3.03,55.04,0.7,0.7,36.45,2003.0,Alirajpur
97.49,27.3,11.05,2.63,40.3,19.12,8.64,26.45,2.43,51.35,0.66,0.66,35.39,2004.0,Alirajpur
97.47,26.83,10.64,2.53,37.89,19.5,8.76,26.04,2.69,50.19,0.68,0.67,36.23,2005.0,Alirajpur
97.47,27.17,11.56,2.55,40.39,18.61,8.41,26.39,3.13,54.14,0.68,0.68,36.37,2006.0,Alirajpur
97.43,27.24,11.29,2.44,37.51,19.24,8.68,26.46,2.77,52.32,0.69,0.68,34.63,2007.0,Alirajpur
97.43,27.16,10.65,2.65,39.94,18.76,8.43,26.25,1.8,49.15,0.64,0.64,37.66,2008.0,Alirajpur
97.46,27.71,11.31,2.61,35.81,19.41,8.71,26.82,2.45,52.32,0.65,0.65,34.97,2009.0,Alirajpur
97.42,27.51,12.15,2.49,40.51,18.99,8.58,26.68,2.8,56.4,0.68,0.68,37.88,2010.0,Alirajpur
97.41,27.27,11.05,2.61,37.0,18.69,8.41,26.3,2.47,51.45,0.67,0.67,36.78,2011.0,Alirajpur
97.43,26.85,10.78,2.79,40.13,18.71,8.39,25.9,2.21,50.21,0.65,0.66,36.76,2012.0,Alirajpur
97.44,26.16,11.83,2.66,43.73,17.75,7.99,25.44,3.67,57.52,0.72,0.71,37.71,2013.0,Alirajpur
97.55,27.39,11.17,2.62,37.08,18.93,8.51,26.29,2.27,52.56,0.66,0.66,38.51,2014.0,Alirajpur
97.58,27.28,11.26,2.6,39.04,18.54,8.32,26.41,2.61,52.24,0.66,0.65,36.0,2015.0,Alirajpur
97.52,27.23,10.92,2.57,42.55,18.47,8.3,26.39,2.28,50.89,0.67,0.67,38.91,2016.0,Alirajpur
97.5,27.26,10.89,2.56,39.97,18.7,8.38,26.4,2.27,50.41,0.66,0.66,37.17,2017.0,Alirajpur
97.49,27.77,10.15,2.61,38.15,18.47,8.26,26.76,1.77,46.16,0.64,0.64,37.42,2018.0,Alirajpur
97.53,26.66,11.95,2.65,42.98,18.18,8.21,25.79,3.72,57.59,0.72,0.71,39.24,2019.0,Alirajpur
93.94,24.0,11.54,2.06,60.09,18.61,8.59,23.7,3.93,59.89,0.61,0.6,35.1,1990.0,Anuppur
93.97,25.0,10.11,2.05,55.52,19.29,8.88,24.56,2.9,51.33,0.53,0.53,42.95,1991.0,Anuppur
94.01,24.73,9.84,1.97,52.18,19.74,9.08,24.29,2.79,49.91,0.52,0.51,41.6,1992.0,Anuppur
94.0,24.38,10.29,1.97,56.2,19.26,8.86,24.14,3.58,52.2,0.57,0.56,38.97,1993.0,Anuppur
93.95,24.41,10.65,1.91,54.68,18.85,8.7,24.15,4.01,54.66,0.59,0.59,39.94,1994.0,Anuppur
93.96,24.28,10.76,1.93,57.09,18.7,8.69,23.98,3.11,55.71,0.54,0.54,41.69,1995.0,Anuppur
93.94,24.44,10.56,1.9,53.4,18.77,8.66,24.03,2.94,54.63,0.54,0.53,40.29,1996.0,Anuppur
94.05,23.88,10.97,1.99,58.67,18.14,8.37,23.49,4.13,58.33,0.59,0.58,39.43,1997.0,Anuppur
93.99,24.05,11.81,1.88,50.12,18.47,8.56,23.85,3.04,61.9,0.57,0.56,43.05,1998.0,Anuppur
93.9,24.37,10.4,1.97,41.53,18.98,8.62,24.17,3.22,54.36,0.57,0.56,40.19,1999.0,Anuppur
93.88,24.69,9.71,2.01,36.81,19.19,8.76,24.34,2.1,46.98,0.47,0.47,38.08,2000.0,Anuppur
93.93,24.31,10.87,2.04,51.05,18.07,8.14,24.04,3.9,54.5,0.57,0.56,38.94,2001.0,Anuppur
93.98,24.84,10.24,2.04,48.01,18.56,8.34,24.58,2.74,51.59,0.51,0.5,39.39,2002.0,Anuppur
94.0,24.39,11.06,1.98,52.87,17.75,7.99,24.09,3.79,58.05,0.59,0.58,40.75,2003.0,Anuppur
94.0,23.88,11.13,1.87,46.68,18.78,8.42,23.85,3.35,57.77,0.56,0.56,39.15,2004.0,Anuppur
93.99,24.12,10.81,1.89,50.02,18.38,8.22,23.96,3.9,56.67,0.59,0.58,39.0,2005.0,Anuppur
93.99,24.92,11.05,1.94,49.64,18.12,8.16,24.65,2.73,54.45,0.52,0.51,38.0,2006.0,Anuppur
93.97,24.29,11.02,1.9,50.4,18.32,8.22,24.06,3.2,56.24,0.57,0.56,37.3,2007.0,Anuppur
93.95,24.12,10.93,1.85,51.53,18.24,8.15,23.87,3.22,56.61,0.56,0.55,39.42,2008.0,Anuppur
93.97,25.52,10.43,1.91,46.97,18.8,8.4,25.03,2.47,51.77,0.49,0.48,36.74,2009.0,Anuppur
93.97,25.53,11.0,1.85,52.36,18.71,8.39,25.01,2.78,54.43,0.53,0.52,38.98,2010.0,Anuppur
93.94,24.06,11.34,1.77,51.43,18.0,8.08,23.82,3.83,57.96,0.57,0.56,41.21,2011.0,Anuppur
93.93,24.15,10.6,1.94,52.12,18.24,8.13,23.91,3.26,55.75,0.56,0.55,42.43,2012.0,Anuppur
93.95,23.86,11.73,1.86,55.78,17.71,7.94,23.57,4.58,62.08,0.62,0.61,42.48,2013.0,Anuppur
94.04,23.89,11.55,1.91,52.97,18.16,8.15,23.68,3.45,60.79,0.57,0.56,42.47,2014.0,Anuppur
94.1,24.42,11.53,1.84,51.03,18.08,8.08,24.1,3.23,59.04,0.55,0.55,40.7,2015.0,Anuppur
94.0,24.71,11.28,1.8,56.7,17.78,7.95,24.43,3.71,56.99,0.58,0.57,39.47,2016.0,Anuppur
94.0,25.06,10.87,1.78,44.75,18.61,8.31,24.82,3.38,54.12,0.57,0.56,40.67,2017.0,Anuppur
93.99,24.84,10.65,1.88,44.87,17.9,8.02,24.54,2.94,52.55,0.53,0.52,39.81,2018.0,Anuppur
94.05,24.49,11.33,1.83,49.68,17.88,8.07,24.08,3.7,59.37,0.59,0.58,44.9,2019.0,Anuppur
95.29,25.17,10.66,2.44,55.35,18.38,8.54,24.68,3.38,53.04,0.69,0.69,40.4,1990.0,Ashoknagar
95.32,25.87,8.97,2.45,49.24,19.74,9.09,25.24,2.09,43.67,0.63,0.64,44.55,1991.0,Ashoknagar
95.37,25.89,9.05,2.37,52.08,19.71,9.1,25.17,2.09,44.7,0.64,0.65,42.48,1992.0,Ashoknagar
95.35,25.88,9.46,2.48,52.28,19.81,9.18,25.23,2.24,45.18,0.62,0.63,40.7,1993.0,Ashoknagar
95.3,25.33,9.6,2.37,50.44,19.68,9.12,24.87,2.54,47.29,0.66,0.67,43.35,1994.0,Ashoknagar
95.3,25.6,9.72,2.39,47.93,19.6,9.07,24.95,2.9,47.94,0.65,0.66,42.65,1995.0,Ashoknagar
95.28,25.17,9.9,2.27,47.19,19.24,8.91,24.75,3.34,49.79,0.68,0.68,41.17,1996.0,Ashoknagar
95.4,24.92,10.55,2.4,51.46,19.24,8.93,24.18,2.9,53.72,0.65,0.65,39.0,1997.0,Ashoknagar
95.32,25.78,10.45,2.25,44.62,19.59,9.07,25.11,2.08,50.53,0.64,0.65,43.34,1998.0,Ashoknagar
95.26,25.61,9.53,2.38,40.09,19.06,8.82,25.08,2.25,46.61,0.65,0.65,39.79,1999.0,Ashoknagar
95.22,26.51,8.32,2.57,33.34,19.68,9.05,25.71,1.08,36.53,0.59,0.6,40.4,2000.0,Ashoknagar
95.29,25.33,9.79,2.23,43.86,18.83,8.51,24.87,2.52,45.85,0.65,0.66,40.32,2001.0,Ashoknagar
95.31,26.73,8.99,2.45,39.57,19.36,8.73,25.94,1.82,42.04,0.61,0.62,40.22,2002.0,Ashoknagar
95.34,25.46,10.29,2.34,44.38,18.61,8.42,24.89,2.39,51.8,0.66,0.66,41.02,2003.0,Ashoknagar
95.34,25.99,9.92,2.28,40.2,19.15,8.65,25.43,2.19,48.02,0.64,0.65,40.83,2004.0,Ashoknagar
95.32,25.51,9.72,2.29,40.98,19.2,8.63,24.9,2.31,47.99,0.65,0.66,38.57,2005.0,Ashoknagar
95.32,26.02,10.45,2.26,43.11,18.72,8.47,25.49,2.87,49.89,0.66,0.66,38.51,2006.0,Ashoknagar
95.3,25.48,10.19,2.21,40.1,19.09,8.61,25.05,2.57,49.65,0.66,0.66,37.11,2007.0,Ashoknagar
95.3,25.04,10.43,2.17,44.67,18.61,8.39,24.57,2.75,51.38,0.68,0.68,38.88,2008.0,Ashoknagar
95.31,26.67,10.13,2.33,41.5,19.1,8.61,25.89,1.95,48.72,0.62,0.62,37.83,2009.0,Ashoknagar
95.3,26.24,10.64,2.19,44.54,19.02,8.6,25.57,2.39,52.11,0.66,0.66,40.33,2010.0,Ashoknagar
95.28,25.18,10.72,2.16,39.91,18.59,8.41,24.69,4.4,53.78,0.71,0.71,43.93,2011.0,Ashoknagar
95.28,25.29,9.79,2.38,43.51,18.53,8.34,24.63,2.14,48.63,0.65,0.66,42.12,2012.0,Ashoknagar
95.3,24.56,11.09,2.26,46.13,17.69,7.98,24.1,4.16,56.66,0.69,0.7,43.17,2013.0,Ashoknagar
95.39,25.54,10.41,2.45,43.92,18.72,8.45,24.9,2.6,52.85,0.65,0.65,43.59,2014.0,Ashoknagar
95.44,25.14,10.68,2.33,42.83,18.33,8.27,24.6,2.88,53.89,0.66,0.66,41.45,2015.0,Ashoknagar
95.35,25.6,10.43,2.22,45.1,18.46,8.31,25.35,3.23,50.12,0.69,0.69,42.62,2016.0,Ashoknagar
95.34,26.39,9.79,2.31,43.25,18.67,8.4,25.68,1.79,45.46,0.61,0.62,42.88,2017.0,Ashoknagar
95.32,25.86,9.8,2.31,43.13,18.08,8.13,25.4,2.54,47.49,0.66,0.67,42.34,2018.0,Ashoknagar
95.38,25.46,10.91,2.21,49.15,17.98,8.16,24.78,3.35,54.92,0.7,0.7,45.45,2019.0,Ashoknagar
95.48,25.36,12.01,2.28,63.0,18.36,8.73,24.9,4.11,60.39,0.72,0.71,36.05,1990.0,Balaghat
95.5,26.62,10.23,2.2,57.87,18.99,9.05,25.87,2.83,50.12,0.65,0.65,43.1,1991.0,Balaghat
95.54,26.69,9.92,2.16,53.69,19.56,9.26,25.9,2.95,47.64,0.65,0.64,39.53,1992.0,Balaghat
95.54,25.91,10.7,2.14,59.56,18.85,8.94,25.4,3.84,52.42,0.69,0.69,39.05,1993.0,Balaghat
95.49,25.92,10.93,2.2,57.47,18.31,8.64,25.33,4.85,54.66,0.69,0.68,39.45,1994.0,Balaghat
95.49,25.93,11.25,2.04,58.2,18.56,8.88,25.34,3.49,55.63,0.67,0.66,41.53,1995.0,Balaghat
95.46,26.64,10.7,2.1,57.12,18.6,8.89,25.86,2.48,51.74,0.64,0.64,40.33,1996.0,Balaghat
95.6,25.73,11.32,2.14,58.76,17.8,8.49,25.09,3.57,56.9,0.69,0.68,39.23,1997.0,Balaghat
95.52,25.64,12.08,2.04,52.97,18.14,8.71,25.22,2.92,60.32,0.68,0.68,42.31,1998.0,Balaghat
95.43,25.87,10.74,2.15,43.05,18.72,8.79,25.4,3.76,54.19,0.69,0.68,40.02,1999.0,Balaghat
95.42,26.15,9.96,2.12,39.51,19.31,9.12,25.64,2.48,46.37,0.64,0.64,37.62,2000.0,Balaghat
95.48,25.81,11.14,2.04,56.46,17.93,8.15,25.43,3.69,53.54,0.69,0.68,39.03,2001.0,Balaghat
95.51,26.57,10.53,2.2,51.66,18.68,8.47,26.02,2.93,50.22,0.64,0.64,38.2,2002.0,Balaghat
95.53,26.13,11.46,2.14,57.15,18.02,8.21,25.61,4.38,57.16,0.71,0.7,40.77,2003.0,Balaghat
95.54,26.09,11.16,2.0,49.57,18.87,8.55,25.49,2.97,55.29,0.66,0.66,38.56,2004.0,Balaghat
95.52,25.75,11.04,2.03,54.29,18.16,8.21,25.3,4.46,55.79,0.7,0.69,38.27,2005.0,Balaghat
95.52,26.37,11.54,2.02,52.09,18.21,8.27,25.84,3.3,55.38,0.67,0.67,38.13,2006.0,Balaghat
95.5,26.17,11.06,2.01,52.24,18.48,8.36,25.59,3.45,54.13,0.68,0.68,36.27,2007.0,Balaghat
95.49,25.93,10.99,1.96,52.93,18.33,8.28,25.37,3.26,54.0,0.68,0.68,38.52,2008.0,Balaghat
95.49,27.03,10.95,2.0,50.12,18.85,8.48,26.38,3.35,52.36,0.67,0.66,37.18,2009.0,Balaghat
95.49,26.9,11.58,1.96,54.92,18.26,8.28,26.24,4.13,55.58,0.69,0.69,39.97,2010.0,Balaghat
95.48,25.78,11.48,1.93,49.4,18.23,8.24,25.21,4.04,56.26,0.68,0.68,40.0,2011.0,Balaghat
95.46,25.97,10.84,2.08,53.06,17.86,8.05,25.42,4.0,53.92,0.68,0.68,41.12,2012.0,Balaghat
95.47,25.81,12.0,2.02,55.83,17.17,7.78,25.22,5.34,59.84,0.72,0.71,40.65,2013.0,Balaghat
95.58,26.01,11.63,2.12,55.2,18.0,8.14,25.41,3.25,57.78,0.67,0.66,41.33,2014.0,Balaghat
95.64,25.92,11.92,1.99,53.33,18.03,8.12,25.38,3.39,58.27,0.67,0.67,39.72,2015.0,Balaghat
95.54,26.59,11.28,2.0,55.55,17.9,8.06,26.01,3.06,53.75,0.68,0.67,40.32,2016.0,Balaghat
95.53,26.97,10.92,1.92,46.19,18.76,8.42,26.31,2.74,51.21,0.65,0.64,40.15,2017.0,Balaghat
95.54,26.47,10.78,1.98,45.32,17.95,8.07,25.84,2.74,51.53,0.65,0.65,40.63,2018.0,Balaghat
95.58,26.28,11.49,2.0,50.08,17.71,8.02,25.58,3.97,57.07,0.7,0.69,44.26,2019.0,Balaghat
97.01,27.0,11.53,2.75,56.6,18.61,9.0,26.04,2.57,55.04,0.67,0.68,36.8,1990.0,Barwani
97.02,27.87,9.58,2.66,49.75,19.33,9.36,26.7,1.61,43.86,0.64,0.65,43.22,1991.0,Barwani
97.06,27.72,9.75,2.71,49.96,19.62,9.5,26.49,1.48,45.13,0.63,0.63,38.22,1992.0,Barwani
97.07,27.22,10.67,2.69,51.26,19.57,9.48,26.18,2.21,50.55,0.65,0.66,37.06,1993.0,Barwani
97.01,26.58,10.58,2.65,48.24,19.35,9.32,25.68,2.72,51.83,0.69,0.69,40.25,1994.0,Barwani
97.0,27.56,10.33,2.61,47.02,19.43,9.48,26.38,2.18,48.07,0.65,0.65,38.68,1995.0,Barwani
96.97,27.25,10.65,2.64,45.27,19.24,9.33,26.15,2.25,50.83,0.67,0.67,37.3,1996.0,Barwani
97.1,26.89,11.41,2.57,46.75,18.79,9.17,25.81,2.3,54.88,0.66,0.66,37.95,1997.0,Barwani
97.0,27.31,11.66,2.48,44.86,18.77,9.08,26.36,2.33,54.45,0.68,0.68,39.14,1998.0,Barwani
96.97,27.11,10.62,2.67,36.6,19.4,9.37,26.07,1.96,50.69,0.64,0.65,37.83,1999.0,Barwani
96.94,27.64,9.61,2.62,33.79,19.79,9.59,26.64,1.53,42.58,0.63,0.63,37.71,2000.0,Barwani
96.98,27.83,10.19,2.59,38.83,19.16,8.68,26.68,1.37,45.65,0.63,0.63,38.32,2001.0,Barwani
97.04,27.89,10.22,2.75,35.56,19.21,8.71,26.78,1.65,46.12,0.63,0.64,39.52,2002.0,Barwani
97.04,26.96,11.45,2.61,38.52,19.11,8.67,26.07,2.84,55.35,0.7,0.7,37.54,2003.0,Barwani
97.04,27.32,11.02,2.59,40.31,19.21,8.72,26.4,2.11,51.65,0.67,0.67,36.05,2004.0,Barwani
97.02,26.94,10.63,2.49,38.36,19.38,8.75,26.1,2.4,50.41,0.67,0.67,36.73,2005.0,Barwani
97.03,27.09,11.6,2.46,39.62,18.74,8.51,26.32,2.94,54.76,0.7,0.7,36.74,2006.0,Barwani
96.99,27.23,11.23,2.38,38.64,19.25,8.73,26.41,2.44,52.46,0.69,0.69,35.29,2007.0,Barwani
96.99,27.45,10.51,2.55,39.67,18.89,8.52,26.38,1.59,48.33,0.64,0.64,37.76,2008.0,Barwani
97.01,27.98,11.2,2.57,36.29,19.4,8.74,26.9,2.32,52.07,0.65,0.66,36.81,2009.0,Barwani
96.98,27.55,12.18,2.43,43.83,18.89,8.59,26.63,2.43,57.11,0.68,0.68,38.89,2010.0,Barwani
96.97,27.18,11.04,2.48,37.19,18.82,8.5,26.2,2.25,51.97,0.67,0.68,38.5,2011.0,Barwani
96.99,27.03,10.74,2.72,40.62,18.79,8.46,25.98,2.04,50.26,0.66,0.66,37.88,2012.0,Barwani
96.99,26.29,11.82,2.66,44.57,17.82,8.06,25.5,3.35,57.78,0.72,0.72,38.36,2013.0,Barwani
97.1,27.54,11.18,2.6,39.26,18.87,8.53,26.33,2.05,52.77,0.66,0.66,38.99,2014.0,Barwani
97.14,27.37,11.33,2.5,40.17,18.69,8.43,26.36,2.65,52.99,0.66,0.66,38.27,2015.0,Barwani
97.07,27.37,10.75,2.52,43.55,18.64,8.42,26.37,2.01,50.3,0.66,0.67,40.4,2016.0,Barwani
97.05,27.52,10.77,2.49,40.81,18.8,8.46,26.49,1.98,49.73,0.65,0.66,37.75,2017.0,Barwani
97.05,28.1,9.92,2.54,38.17,18.51,8.31,26.89,1.42,44.85,0.63,0.64,39.44,2018.0,Barwani
97.09,26.85,11.79,2.59,43.51,18.14,8.22,25.86,3.26,57.1,0.73,0.72,40.56,2019.0,Barwani
93.94,24.56,11.69,2.52,61.36,18.07,8.74,24.13,3.8,60.14,0.74,0.73,34.01,1990.0,Betul
93.96,25.85,9.58,2.56,52.3,19.27,9.25,25.09,2.45,47.6,0.66,0.66,40.55,1991.0,Betul
94.0,25.82,9.48,2.41,53.52,19.58,9.37,25.04,2.52,47.19,0.66,0.66,38.28,1992.0,Betul
94.01,24.96,10.39,2.46,55.52,19.28,9.23,24.48,3.71,52.67,0.71,0.7,37.09,1993.0,Betul
93.96,24.85,10.45,2.5,52.42,19.0,9.11,24.3,4.38,54.37,0.7,0.7,37.82,1994.0,Betul
93.95,25.27,10.7,2.34,53.37,19.17,9.28,24.64,3.15,53.88,0.68,0.67,40.1,1995.0,Betul
93.92,25.69,10.35,2.38,49.56,19.28,9.29,24.96,2.84,51.6,0.68,0.67,37.63,1996.0,Betul
94.06,24.75,11.18,2.4,53.25,18.96,9.14,24.12,3.39,58.05,0.7,0.69,36.88,1997.0,Betul
93.97,24.95,11.68,2.27,48.34,18.53,8.95,24.54,3.06,59.37,0.72,0.71,38.59,1998.0,Betul
93.92,24.81,10.45,2.43,43.15,18.76,8.93,24.42,3.35,54.14,0.71,0.7,37.5,1999.0,Betul
93.89,25.23,9.56,2.41,38.69,19.3,9.23,24.78,2.46,45.91,0.66,0.66,36.0,2000.0,Betul
93.94,24.97,10.65,2.32,48.09,18.45,8.38,24.64,3.13,52.41,0.69,0.69,37.16,2001.0,Betul
93.98,25.85,10.18,2.46,43.57,18.73,8.49,25.31,2.79,49.23,0.66,0.66,37.72,2002.0,Betul
93.99,25.38,11.08,2.41,47.41,18.54,8.41,24.82,3.82,56.42,0.72,0.71,38.42,2003.0,Betul
94.0,25.82,10.46,2.38,42.65,19.18,8.69,25.08,2.46,51.94,0.66,0.66,37.08,2004.0,Betul
93.98,25.11,10.51,2.35,45.05,18.76,8.48,24.59,3.7,53.74,0.7,0.7,35.89,2005.0,Betul
93.99,25.47,11.35,2.23,48.42,18.29,8.32,24.99,4.16,56.01,0.7,0.7,36.19,2006.0,Betul
93.95,25.66,10.58,2.24,47.04,18.93,8.56,25.01,3.01,52.22,0.69,0.68,33.99,2007.0,Betul
93.95,25.36,10.46,2.24,46.57,18.55,8.37,24.75,2.75,51.89,0.69,0.68,36.94,2008.0,Betul
93.96,25.97,10.8,2.3,44.75,18.94,8.53,25.41,3.2,53.16,0.69,0.69,34.76,2009.0,Betul
93.95,25.96,11.51,2.2,49.45,18.57,8.43,25.33,3.8,57.01,0.71,0.71,37.21,2010.0,Betul
93.93,25.29,10.89,2.22,44.76,18.39,8.32,24.65,3.35,54.15,0.69,0.69,37.85,2011.0,Betul
93.93,25.27,10.43,2.47,46.34,18.41,8.3,24.67,3.51,52.26,0.69,0.69,36.95,2012.0,Betul
93.93,25.12,11.61,2.39,50.9,17.25,7.81,24.51,4.68,58.98,0.72,0.72,38.15,2013.0,Betul
94.04,25.77,10.97,2.44,48.94,18.28,8.26,24.95,2.8,54.68,0.67,0.66,39.0,2014.0,Betul
94.1,25.46,11.25,2.4,48.22,18.31,8.26,24.78,3.58,56.08,0.68,0.68,38.02,2015.0,Betul
94.0,25.83,10.64,2.36,50.4,18.44,8.31,25.24,3.53,51.82,0.69,0.69,38.88,2016.0,Betul
94.0,25.89,10.51,2.24,45.53,18.77,8.43,25.28,2.51,51.02,0.67,0.67,39.23,2017.0,Betul
93.99,26.05,9.97,2.36,43.17,18.11,8.12,25.32,2.12,48.32,0.65,0.65,38.74,2018.0,Betul
94.03,25.64,11.06,2.44,47.78,17.89,8.1,24.85,4.13,56.0,0.71,0.71,41.79,2019.0,Betul
98.98,26.87,10.25,2.08,50.72,18.6,8.69,26.49,2.14,45.97,0.42,0.42,41.1,1990.0,Bhind
99.0,27.53,8.65,2.09,47.35,19.54,9.1,27.01,1.46,38.43,0.4,0.39,45.65,1991.0,Bhind
99.06,27.08,8.99,2.08,48.58,19.06,8.92,26.65,1.77,41.33,0.41,0.4,45.02,1992.0,Bhind
99.02,27.2,8.96,2.17,48.9,19.57,9.12,26.87,1.76,39.1,0.4,0.4,45.15,1993.0,Bhind
98.99,27.11,9.13,1.96,41.95,20.02,9.32,26.78,1.89,40.52,0.42,0.41,45.53,1994.0,Bhind
98.99,26.8,9.59,2.1,44.81,19.27,9.02,26.47,2.37,43.95,0.45,0.44,44.22,1995.0,Bhind
98.97,26.01,10.04,1.96,43.88,18.98,8.87,25.94,2.51,47.12,0.47,0.46,45.01,1996.0,Bhind
99.1,26.87,9.61,2.03,50.97,18.9,8.89,26.26,1.78,43.33,0.39,0.39,41.39,1997.0,Bhind
99.04,26.79,10.34,1.96,43.95,19.09,8.91,26.38,1.94,46.6,0.42,0.41,47.06,1998.0,Bhind
98.93,27.4,8.99,2.02,36.3,18.99,8.85,27.07,1.64,39.35,0.4,0.39,41.62,1999.0,Bhind
98.89,27.99,8.43,2.13,35.14,19.11,8.89,27.41,0.9,33.76,0.35,0.35,43.88,2000.0,Bhind
98.97,27.28,9.31,1.91,38.73,18.45,8.3,26.96,1.67,38.25,0.38,0.38,44.32,2001.0,Bhind
98.98,28.07,8.61,2.05,38.04,18.66,8.36,27.64,1.29,37.51,0.37,0.37,44.06,2002.0,Bhind
99.04,27.05,9.72,1.87,45.54,17.65,7.96,26.6,1.53,44.56,0.39,0.39,44.37,2003.0,Bhind
99.01,27.42,9.74,2.11,40.46,18.37,8.25,27.05,1.58,43.55,0.4,0.39,42.66,2004.0,Bhind
99.01,27.18,9.52,2.07,39.28,18.43,8.23,26.64,1.45,42.76,0.38,0.38,42.98,2005.0,Bhind
99.0,28.28,9.73,2.16,40.24,18.3,8.22,27.6,1.32,40.46,0.37,0.37,43.08,2006.0,Bhind
98.99,27.76,9.72,2.14,38.3,18.18,8.16,27.11,1.32,41.68,0.37,0.37,43.37,2007.0,Bhind
98.99,26.07,10.89,1.8,40.88,17.54,7.88,25.86,2.31,49.85,0.46,0.45,41.56,2008.0,Bhind
98.99,27.95,9.73,2.04,36.93,18.52,8.3,27.37,1.51,43.53,0.4,0.39,41.71,2009.0,Bhind
98.99,27.26,10.45,1.87,42.53,17.92,8.05,26.97,1.95,48.39,0.43,0.42,43.99,2010.0,Bhind
98.97,26.16,10.85,1.8,36.33,17.94,8.08,25.94,2.13,50.66,0.46,0.45,45.63,2011.0,Bhind
98.96,26.1,9.66,2.1,38.93,18.1,8.09,25.85,2.13,45.9,0.45,0.44,47.23,2012.0,Bhind
99.01,25.63,11.05,1.97,39.86,17.61,7.91,25.34,2.77,53.55,0.47,0.46,47.4,2013.0,Bhind
99.08,26.72,9.83,2.0,40.14,18.14,8.16,26.32,1.87,45.82,0.41,0.41,45.95,2014.0,Bhind
99.14,26.68,10.09,1.88,38.33,18.18,8.14,26.3,2.06,46.21,0.41,0.4,43.35,2015.0,Bhind
99.02,27.31,10.1,1.8,40.71,17.8,7.97,27.1,1.97,43.19,0.42,0.42,43.56,2016.0,Bhind
99.01,27.76,9.68,1.92,45.78,17.83,7.99,27.26,1.58,41.36,0.39,0.38,44.77,2017.0,Bhind
99.0,26.62,10.4,1.94,46.72,17.43,7.83,26.5,2.55,47.15,0.48,0.46,44.76,2018.0,Bhind
99.09,26.41,11.1,1.86,54.03,17.01,7.7,25.94,2.3,53.31,0.46,0.45,47.5,2019.0,Bhind
95.44,25.32,11.26,2.51,58.48,17.92,8.4,24.8,4.22,55.95,0.73,0.72,37.67,1990.0,Bhopal
95.46,26.0,9.51,2.54,50.08,19.42,9.06,25.4,2.77,46.38,0.67,0.68,43.73,1991.0,Bhopal
95.51,26.23,9.41,2.45,52.82,19.62,9.15,25.39,2.27,46.14,0.67,0.67,41.03,1992.0,Bhopal
95.5,25.72,10.1,2.52,53.37,19.48,9.1,25.18,3.22,49.37,0.69,0.69,41.23,1993.0,Bhopal
95.45,25.19,10.27,2.4,52.64,19.23,8.98,24.76,3.9,51.87,0.71,0.71,42.13,1994.0,Bhopal
95.45,25.76,10.29,2.39,49.2,19.51,9.15,25.09,2.8,50.94,0.68,0.68,41.2,1995.0,Bhopal
95.42,25.64,10.25,2.37,48.44,19.32,9.05,25.03,4.03,51.48,0.69,0.69,40.42,1996.0,Bhopal
95.56,25.06,11.07,2.4,51.14,18.97,8.93,24.38,3.77,56.42,0.71,0.71,39.34,1997.0,Bhopal
95.47,25.4,11.38,2.25,46.08,19.16,8.99,24.99,2.86,56.52,0.71,0.72,42.98,1998.0,Bhopal
95.42,25.47,10.21,2.43,41.49,18.7,8.69,24.99,2.78,51.01,0.69,0.69,39.39,1999.0,Bhopal
95.38,25.85,9.25,2.48,35.16,19.43,9.03,25.32,2.34,42.48,0.66,0.66,38.62,2000.0,Bhopal
95.44,25.64,10.21,2.27,45.82,18.73,8.48,25.11,2.66,48.19,0.68,0.69,39.49,2001.0,Bhopal
95.47,26.58,9.74,2.48,41.86,19.15,8.64,25.92,2.44,45.76,0.65,0.65,40.12,2002.0,Bhopal
95.49,25.6,10.87,2.4,45.56,18.54,8.39,25.08,3.39,54.75,0.73,0.72,39.93,2003.0,Bhopal
95.49,26.3,10.36,2.33,40.98,19.01,8.59,25.57,2.47,50.44,0.66,0.67,40.36,2004.0,Bhopal
95.47,25.81,10.16,2.34,43.49,19.05,8.57,25.17,3.29,50.23,0.69,0.69,38.49,2005.0,Bhopal
95.47,25.9,11.13,2.22,44.68,18.57,8.42,25.5,4.92,53.57,0.71,0.7,38.37,2006.0,Bhopal
95.45,25.8,10.62,2.21,42.9,18.98,8.57,25.33,2.97,51.59,0.69,0.69,36.82,2007.0,Bhopal
95.45,25.57,10.55,2.23,46.3,18.67,8.42,24.94,2.53,51.6,0.69,0.69,38.74,2008.0,Bhopal
95.46,26.41,10.74,2.33,42.41,19.02,8.57,25.84,3.07,52.13,0.68,0.68,37.07,2009.0,Bhopal
95.44,26.36,11.25,2.23,47.22,18.98,8.59,25.74,2.53,55.12,0.7,0.7,40.27,2010.0,Bhopal
95.43,25.55,10.99,2.22,43.6,18.36,8.31,24.91,4.14,54.87,0.72,0.72,42.31,2011.0,Bhopal
95.43,25.62,10.24,2.45,46.56,18.32,8.26,24.9,3.11,50.55,0.68,0.69,40.72,2012.0,Bhopal
95.44,25.22,11.47,2.41,48.62,17.47,7.9,24.59,4.43,57.51,0.71,0.71,42.38,2013.0,Bhopal
95.54,25.92,10.87,2.49,46.68,18.63,8.41,25.22,2.8,54.52,0.68,0.69,42.59,2014.0,Bhopal
95.59,25.75,10.98,2.42,46.2,18.08,8.17,25.12,3.56,54.35,0.68,0.68,41.05,2015.0,Bhopal
95.5,25.88,10.72,2.31,47.94,18.3,8.24,25.46,4.22,51.82,0.71,0.71,42.78,2016.0,Bhopal
95.49,26.35,10.33,2.32,44.23,18.57,8.35,25.78,2.37,48.53,0.66,0.66,42.87,2017.0,Bhopal
95.48,26.1,10.12,2.34,43.01,18.06,8.11,25.59,2.84,48.82,0.69,0.69,41.64,2018.0,Bhopal
95.53,25.85,11.21,2.31,49.49,17.75,8.06,25.11,5.09,55.81,0.73,0.73,44.42,2019.0,Bhopal
96.71,26.84,11.69,2.62,58.77,18.42,8.77,26.02,2.79,56.12,0.68,0.69,36.56,1990.0,Burhanpur
96.72,27.87,9.57,2.57,49.51,19.5,9.28,26.78,1.56,44.25,0.64,0.64,43.21,1991.0,Burhanpur
96.77,27.66,9.72,2.52,51.29,19.79,9.38,26.56,1.76,45.42,0.64,0.64,39.99,1992.0,Burhanpur
96.78,26.74,10.79,2.49,52.7,19.7,9.36,25.98,2.85,52.19,0.69,0.69,38.9,1993.0,Burhanpur
96.72,26.43,10.9,2.51,49.24,19.53,9.25,25.67,3.05,54.08,0.7,0.7,41.03,1994.0,Burhanpur
96.7,27.59,10.6,2.42,49.93,19.59,9.4,26.49,2.24,49.54,0.65,0.65,40.24,1995.0,Burhanpur
96.68,27.59,10.56,2.48,46.61,19.73,9.36,26.5,2.27,49.95,0.66,0.67,39.58,1996.0,Burhanpur
96.81,27.05,11.37,2.45,49.93,19.14,9.15,26.01,2.37,54.62,0.65,0.66,38.94,1997.0,Burhanpur
96.72,27.19,11.82,2.33,45.79,18.95,9.01,26.4,2.63,55.92,0.7,0.7,38.61,1998.0,Burhanpur
96.68,26.61,10.82,2.45,40.93,19.21,9.06,25.88,2.42,53.16,0.67,0.68,39.27,1999.0,Burhanpur
96.65,27.3,9.73,2.45,36.7,19.69,9.31,26.45,1.85,43.81,0.64,0.64,37.34,2000.0,Burhanpur
96.69,27.53,10.52,2.38,43.9,18.96,8.61,26.58,1.79,48.08,0.64,0.64,38.86,2001.0,Burhanpur
96.74,27.94,10.25,2.6,39.93,19.09,8.66,26.95,1.83,46.4,0.64,0.64,38.87,2002.0,Burhanpur
96.75,27.09,11.37,2.49,43.34,18.97,8.61,26.23,2.8,55.08,0.7,0.71,38.76,2003.0,Burhanpur
96.75,27.5,10.9,2.45,42.08,19.43,8.82,26.6,1.91,50.94,0.65,0.66,37.03,2004.0,Burhanpur
96.73,27.0,10.68,2.39,42.43,19.15,8.66,26.2,2.41,51.17,0.67,0.67,37.16,2005.0,Burhanpur
96.74,26.93,11.78,2.23,45.27,18.65,8.48,26.34,3.5,55.79,0.71,0.71,37.74,2006.0,Burhanpur
96.7,27.19,11.16,2.23,44.44,19.22,8.71,26.42,2.38,52.47,0.68,0.68,35.8,2007.0,Burhanpur
96.7,27.6,10.52,2.37,45.14,18.75,8.47,26.55,1.65,48.36,0.64,0.64,38.33,2008.0,Burhanpur
96.71,27.93,11.14,2.39,41.7,19.2,8.65,26.99,2.48,51.76,0.66,0.67,36.31,2009.0,Burhanpur
96.69,27.57,12.15,2.28,46.73,18.95,8.62,26.75,2.72,57.26,0.7,0.7,39.04,2010.0,Burhanpur
96.68,27.02,11.2,2.27,42.99,18.6,8.41,26.19,2.36,52.95,0.68,0.68,39.26,2011.0,Burhanpur
96.69,26.96,10.87,2.51,46.32,18.58,8.39,26.08,2.33,51.53,0.68,0.68,37.52,2012.0,Burhanpur
96.69,26.58,11.93,2.54,48.74,17.58,7.96,25.8,3.32,58.06,0.73,0.73,39.38,2013.0,Burhanpur
96.8,27.72,11.23,2.47,45.02,18.73,8.47,26.55,2.13,52.76,0.65,0.65,39.48,2014.0,Burhanpur
96.85,27.17,11.54,2.33,44.85,18.49,8.35,26.31,3.04,54.45,0.67,0.68,39.19,2015.0,Burhanpur
96.77,27.16,10.9,2.35,48.48,18.6,8.39,26.37,3.01,51.51,0.7,0.7,40.32,2016.0,Burhanpur
96.76,27.1,10.98,2.28,44.11,19.0,8.54,26.37,2.84,51.66,0.68,0.69,38.82,2017.0,Burhanpur
96.76,27.65,10.16,2.32,41.61,18.45,8.28,26.75,2.13,46.77,0.66,0.66,40.57,2018.0,Burhanpur
96.79,27.12,11.61,2.46,47.17,18.08,8.19,26.15,4.32,56.02,0.74,0.74,41.46,2019.0,Burhanpur
97.83,26.03,11.0,2.1,60.79,18.92,8.59,25.87,2.99,52.03,0.65,0.66,38.7,1990.0,Chhatarpur
97.85,26.62,9.55,2.14,57.37,19.68,8.93,26.3,1.95,45.03,0.59,0.6,44.83,1991.0,Chhatarpur
97.9,26.74,9.48,2.01,55.49,20.06,9.06,26.39,2.22,44.51,0.61,0.61,43.38,1992.0,Chhatarpur
97.88,26.5,9.8,2.12,59.91,19.64,8.89,26.36,2.26,45.1,0.59,0.6,43.62,1993.0,Chhatarpur
97.84,26.3,9.93,1.97,57.61,19.41,8.82,26.14,2.57,46.67,0.62,0.62,44.02,1994.0,Chhatarpur
97.84,26.5,10.14,2.09,54.71,19.39,8.85,26.18,2.56,47.5,0.61,0.62,43.27,1995.0,Chhatarpur
97.82,25.88,10.44,1.94,53.33,18.77,8.51,25.79,2.74,50.56,0.63,0.64,43.58,1996.0,Chhatarpur
97.95,25.67,10.82,2.08,61.21,18.46,8.4,25.28,2.81,52.77,0.61,0.61,40.39,1997.0,Chhatarpur
97.88,26.39,10.98,1.97,48.05,19.21,8.76,26.09,2.13,51.47,0.6,0.61,44.42,1998.0,Chhatarpur
97.79,26.49,9.83,2.05,39.74,19.01,8.56,26.33,2.28,45.91,0.61,0.62,40.97,1999.0,Chhatarpur
97.75,27.28,8.95,2.19,34.63,19.48,8.76,26.8,1.24,37.65,0.55,0.55,41.97,2000.0,Chhatarpur
97.83,25.95,10.51,1.97,45.26,18.82,8.54,25.84,2.7,47.54,0.62,0.62,41.68,2001.0,Chhatarpur
97.84,27.17,9.66,2.14,42.78,18.97,8.6,26.87,2.07,44.6,0.58,0.59,41.59,2002.0,Chhatarpur
97.89,26.09,10.84,2.0,47.92,18.27,8.3,25.81,2.73,53.36,0.63,0.64,42.71,2003.0,Chhatarpur
97.87,26.37,10.6,2.04,42.32,19.02,8.62,26.25,2.19,50.48,0.6,0.61,42.12,2004.0,Chhatarpur
97.86,26.08,10.49,2.05,43.93,18.95,8.55,25.85,2.67,50.55,0.63,0.63,40.67,2005.0,Chhatarpur
97.86,27.19,10.59,2.04,45.28,18.53,8.42,26.91,2.07,47.07,0.59,0.59,40.52,2006.0,Chhatarpur
97.84,26.77,10.38,2.04,43.38,18.72,8.48,26.39,1.96,47.31,0.57,0.58,39.54,2007.0,Chhatarpur
97.84,25.7,11.16,1.9,45.89,18.47,8.35,25.5,2.66,53.3,0.64,0.65,40.26,2008.0,Chhatarpur
97.84,27.33,10.44,2.05,42.11,19.03,8.6,26.8,1.94,49.04,0.57,0.58,39.21,2009.0,Chhatarpur
97.84,26.96,10.93,1.87,45.72,18.85,8.54,26.64,2.33,51.78,0.62,0.62,41.2,2010.0,Chhatarpur
97.82,25.75,11.26,1.84,41.19,18.51,8.41,25.59,3.06,54.44,0.66,0.66,43.56,2011.0,Chhatarpur
97.81,26.0,10.27,2.05,44.96,18.55,8.37,25.83,2.27,49.45,0.62,0.62,43.52,2012.0,Chhatarpur
97.84,25.4,11.6,1.92,46.52,17.85,8.07,25.27,3.49,56.84,0.66,0.67,45.63,2013.0,Chhatarpur
97.92,26.21,10.76,2.0,44.8,18.73,8.48,25.91,2.21,52.36,0.59,0.6,44.08,2014.0,Chhatarpur
97.99,26.26,11.04,1.96,44.69,18.46,8.33,25.92,2.4,52.32,0.59,0.59,41.97,2015.0,Chhatarpur
97.87,26.6,10.96,1.92,46.65,18.09,8.17,26.44,3.04,50.54,0.64,0.64,42.1,2016.0,Chhatarpur
97.86,27.51,10.15,1.98,42.89,18.77,8.46,27.03,1.7,44.75,0.57,0.57,43.9,2017.0,Chhatarpur
97.85,26.84,10.49,1.99,42.52,18.21,8.21,26.58,2.77,48.18,0.63,0.63,43.93,2018.0,Chhatarpur
97.93,26.23,11.33,1.86,49.47,17.91,8.15,25.75,3.07,55.61,0.66,0.66,46.73,2019.0,Chhatarpur
93.68,24.45,11.57,2.53,58.8,17.74,8.49,23.99,3.8,60.02,0.74,0.74,34.41,1990.0,Chhindwara
93.7,25.76,9.61,2.49,51.31,19.15,9.1,24.98,2.44,48.26,0.67,0.67,41.36,1991.0,Chhindwara
93.74,25.84,9.4,2.4,52.85,19.48,9.24,25.01,2.46,46.96,0.67,0.67,38.52,1992.0,Chhindwara
93.74,24.97,10.29,2.4,54.25,19.26,9.17,24.45,3.67,52.22,0.72,0.71,38.45,1993.0,Chhindwara
93.69,24.74,10.47,2.43,52.0,19.0,9.01,24.22,4.33,54.66,0.71,0.71,38.57,1994.0,Chhindwara
93.69,25.13,10.69,2.27,51.66,19.13,9.15,24.5,3.09,54.31,0.69,0.69,40.26,1995.0,Chhindwara
93.66,25.64,10.26,2.33,50.17,19.23,9.17,24.88,2.94,51.41,0.68,0.68,38.59,1996.0,Chhindwara
93.8,24.71,11.04,2.35,52.41,18.95,9.08,24.05,3.4,57.61,0.71,0.7,37.71,1997.0,Chhindwara
93.71,24.8,11.61,2.21,46.99,18.87,9.02,24.39,3.07,59.54,0.73,0.73,39.88,1998.0,Chhindwara
93.65,24.77,10.37,2.41,42.1,18.59,8.77,24.35,3.25,54.08,0.72,0.71,38.51,1999.0,Chhindwara
93.63,25.2,9.51,2.38,37.4,19.42,9.2,24.72,2.47,45.77,0.67,0.67,36.07,2000.0,Chhindwara
93.68,24.9,10.6,2.27,50.33,18.33,8.33,24.54,3.03,52.45,0.7,0.7,37.72,2001.0,Chhindwara
93.72,25.77,10.1,2.42,45.98,18.71,8.48,25.23,2.73,49.17,0.67,0.67,37.17,2002.0,Chhindwara
93.73,25.29,10.98,2.35,49.48,18.2,8.27,24.74,3.77,56.24,0.73,0.72,39.18,2003.0,Chhindwara
93.74,25.68,10.43,2.27,44.71,18.99,8.6,24.91,2.43,52.42,0.67,0.67,37.63,2004.0,Chhindwara
93.72,25.05,10.43,2.28,48.05,18.67,8.43,24.53,3.62,53.73,0.71,0.71,36.53,2005.0,Chhindwara
93.73,25.25,11.29,2.18,49.42,18.25,8.31,24.8,4.3,56.33,0.71,0.71,37.14,2006.0,Chhindwara
93.7,25.51,10.49,2.18,47.47,18.84,8.52,24.85,2.99,52.33,0.7,0.69,34.03,2007.0,Chhindwara
93.69,25.17,10.44,2.18,47.52,18.51,8.36,24.6,2.66,52.33,0.7,0.69,37.24,2008.0,Chhindwara
93.7,25.95,10.66,2.25,45.15,18.87,8.51,25.35,3.17,52.74,0.7,0.69,36.24,2009.0,Chhindwara
93.69,25.85,11.38,2.15,49.7,18.68,8.47,25.22,3.64,56.75,0.72,0.72,38.35,2010.0,Chhindwara
93.67,25.11,10.88,2.14,45.48,18.29,8.28,24.48,3.33,54.63,0.71,0.7,39.26,2011.0,Chhindwara
93.67,25.18,10.36,2.4,48.18,18.21,8.21,24.59,3.46,52.29,0.7,0.7,37.49,2012.0,Chhindwara
93.67,25.03,11.53,2.31,50.85,17.21,7.79,24.41,4.58,59.0,0.74,0.73,38.74,2013.0,Chhindwara
93.78,25.6,10.93,2.4,49.01,18.5,8.37,24.82,2.75,55.01,0.68,0.67,39.77,2014.0,Chhindwara
93.84,25.11,11.38,2.3,48.96,18.06,8.15,24.51,3.68,57.32,0.7,0.7,38.03,2015.0,Chhindwara
93.74,25.79,10.65,2.27,50.02,18.22,8.21,25.17,3.42,52.12,0.7,0.7,39.04,2016.0,Chhindwara
93.74,25.86,10.47,2.15,42.66,18.88,8.49,25.25,2.56,50.93,0.68,0.68,39.24,2017.0,Chhindwara
93.73,25.9,10.05,2.23,42.37,17.96,8.05,25.17,2.32,48.98,0.66,0.66,39.4,2018.0,Chhindwara
93.77,25.5,10.99,2.3,47.97,17.74,8.04,24.72,3.99,56.19,0.72,0.72,43.13,2019.0,Chhindwara
96.25,25.47,11.21,2.25,61.48,18.53,8.57,25.08,3.98,55.35,0.72,0.72,37.63,1990.0,Damoh
96.26,26.17,9.73,2.28,58.48,19.34,8.94,25.67,2.56,47.26,0.66,0.66,43.51,1991.0,Damoh
96.32,26.28,9.53,2.08,56.65,19.72,9.07,25.72,2.59,46.25,0.66,0.66,41.27,1992.0,Damoh
96.3,25.7,10.14,2.16,59.93,19.32,8.94,25.45,3.27,49.13,0.68,0.68,41.25,1993.0,Damoh
96.26,25.57,10.21,2.11,59.48,18.88,8.71,25.25,4.01,50.5,0.69,0.69,42.57,1994.0,Damoh
96.26,25.8,10.41,2.16,57.38,18.87,8.81,25.4,2.89,50.84,0.67,0.67,42.18,1995.0,Damoh
96.24,25.69,10.32,2.04,56.75,18.64,8.64,25.27,3.0,51.52,0.67,0.68,41.97,1996.0,Damoh
96.37,25.11,10.99,2.16,60.55,18.15,8.43,24.61,3.52,55.7,0.7,0.7,39.01,1997.0,Damoh
96.29,25.52,11.38,2.02,49.61,18.77,8.74,25.24,2.46,56.16,0.68,0.68,43.06,1998.0,Damoh
96.21,25.6,10.17,2.12,42.04,18.85,8.61,25.42,3.3,50.09,0.69,0.69,40.21,1999.0,Damoh
96.18,25.99,9.42,2.22,36.46,19.44,8.93,25.6,1.92,42.92,0.63,0.63,40.78,2000.0,Damoh
96.25,25.49,10.55,2.06,47.73,18.48,8.4,25.16,3.2,49.94,0.68,0.68,40.49,2001.0,Damoh
96.27,26.4,9.97,2.22,44.36,18.68,8.47,25.98,2.68,47.99,0.65,0.65,41.07,2002.0,Damoh
96.31,25.62,11.0,2.11,48.43,18.19,8.27,25.2,3.84,55.88,0.71,0.71,42.15,2003.0,Damoh
96.3,25.72,10.73,2.05,43.18,18.94,8.58,25.46,2.79,53.41,0.67,0.68,41.18,2004.0,Damoh
96.29,25.49,10.57,2.1,46.17,18.69,8.44,25.16,3.86,53.25,0.7,0.7,39.06,2005.0,Damoh
96.28,26.25,10.96,2.06,47.13,18.31,8.33,25.97,2.98,51.78,0.67,0.67,38.43,2006.0,Damoh
96.27,25.74,10.63,2.02,45.13,18.66,8.44,25.44,2.69,51.61,0.67,0.67,38.36,2007.0,Damoh
96.26,25.47,10.89,1.96,46.29,18.48,8.35,25.05,2.98,53.57,0.69,0.69,39.83,2008.0,Damoh
96.27,26.56,10.62,2.05,43.44,18.9,8.53,26.07,2.88,51.55,0.66,0.66,38.11,2009.0,Damoh
96.26,26.43,11.13,1.94,47.54,18.81,8.53,26.0,3.13,54.32,0.69,0.7,40.92,2010.0,Damoh
96.24,25.44,11.17,1.93,44.54,18.33,8.32,25.06,4.1,55.53,0.71,0.71,43.1,2011.0,Damoh
96.23,25.58,10.43,2.13,46.65,18.26,8.25,25.19,3.11,51.77,0.69,0.69,42.25,2012.0,Damoh
96.25,25.08,11.72,2.06,49.45,17.52,7.93,24.74,4.83,58.97,0.72,0.72,43.34,2013.0,Damoh
96.34,25.69,11.08,2.11,47.0,18.53,8.4,25.29,2.76,55.67,0.66,0.66,44.14,2014.0,Damoh
96.41,25.58,11.34,2.01,47.9,18.16,8.21,25.18,2.89,56.12,0.67,0.67,41.8,2015.0,Damoh
96.3,26.0,11.01,1.99,49.28,18.1,8.17,25.75,4.05,52.75,0.7,0.7,42.02,2016.0,Damoh
96.29,26.81,10.35,2.06,44.3,18.6,8.38,26.25,2.16,47.8,0.63,0.64,42.03,2017.0,Damoh
96.28,26.42,10.35,2.06,44.59,17.9,8.07,25.94,3.16,49.19,0.68,0.68,42.66,2018.0,Damoh
96.35,25.99,11.19,1.96,50.61,17.78,8.09,25.33,4.24,55.78,0.72,0.72,46.11,2019.0,Damoh
98.19,26.5,10.63,2.11,53.17,18.49,8.71,26.21,2.5,49.08,0.47,0.48,39.34,1990.0,Datia
98.21,27.29,8.96,2.13,46.71,19.45,9.11,26.78,1.57,40.83,0.42,0.43,44.95,1991.0,Datia
98.27,27.06,9.2,2.06,49.42,18.98,8.95,26.6,1.89,42.7,0.44,0.44,43.62,1992.0,Datia
98.24,27.25,9.25,2.19,50.07,19.41,9.13,26.86,1.74,40.86,0.42,0.42,44.34,1993.0,Datia
98.2,26.99,9.41,2.0,46.17,19.71,9.27,26.59,1.96,42.63,0.44,0.45,44.98,1994.0,Datia
98.21,26.67,9.88,2.09,46.81,19.37,9.14,26.31,2.65,45.81,0.48,0.49,43.35,1995.0,Datia
98.18,25.83,10.34,1.94,46.51,18.72,8.81,25.8,2.8,49.66,0.51,0.52,44.46,1996.0,Datia
98.32,26.24,10.38,2.1,50.7,18.68,8.87,25.69,2.32,49.3,0.43,0.44,40.9,1997.0,Datia
98.24,26.89,10.54,1.98,42.75,19.24,9.01,26.43,1.91,47.72,0.44,0.44,45.71,1998.0,Datia
98.15,27.12,9.4,2.07,38.24,18.58,8.72,26.76,1.93,42.34,0.43,0.44,41.03,1999.0,Datia
98.1,28.09,8.38,2.24,34.65,19.02,8.89,27.4,0.84,33.62,0.38,0.39,43.71,2000.0,Datia
98.19,26.62,9.96,1.97,42.21,18.32,8.25,26.37,2.25,43.14,0.44,0.45,42.28,2001.0,Datia
98.2,28.03,8.95,2.19,39.92,18.52,8.32,27.46,1.49,39.37,0.4,0.41,42.12,2002.0,Datia
98.25,26.9,10.19,1.99,46.23,17.69,7.97,26.41,1.88,47.83,0.43,0.43,43.35,2003.0,Datia
98.23,27.33,9.95,2.1,41.48,18.36,8.25,26.89,1.77,45.11,0.42,0.43,41.98,2004.0,Datia
98.22,26.96,9.83,2.12,40.91,18.29,8.18,26.44,1.8,44.99,0.42,0.43,41.52,2005.0,Datia
98.21,27.98,10.07,2.1,43.17,18.2,8.19,27.4,1.7,43.03,0.41,0.42,41.35,2006.0,Datia
98.2,27.42,9.94,2.08,39.4,18.23,8.18,26.86,1.71,43.58,0.41,0.41,40.45,2007.0,Datia
98.21,25.9,11.01,1.88,44.17,17.61,7.91,25.69,2.62,51.5,0.5,0.51,40.87,2008.0,Datia
98.2,27.93,10.02,2.09,39.25,18.53,8.31,27.23,1.6,45.58,0.41,0.42,39.9,2009.0,Datia
98.2,27.18,10.75,1.89,42.74,18.24,8.2,26.83,2.29,50.31,0.46,0.47,42.03,2010.0,Datia
98.19,25.81,11.19,1.84,37.73,18.13,8.17,25.65,2.93,53.81,0.53,0.54,44.09,2011.0,Datia
98.17,26.2,9.96,2.08,42.16,17.92,8.02,25.9,2.04,47.38,0.46,0.47,44.53,2012.0,Datia
98.21,25.59,11.32,1.96,43.13,17.41,7.82,25.37,3.08,54.94,0.51,0.51,45.84,2013.0,Datia
98.29,26.39,10.46,2.02,41.48,18.2,8.2,26.04,2.22,50.13,0.45,0.46,44.07,2014.0,Datia
98.35,26.51,10.65,1.96,39.56,18.23,8.17,26.1,2.38,49.58,0.44,0.44,41.91,2015.0,Datia
98.24,27.11,10.52,1.88,43.4,17.67,7.91,26.84,2.22,46.73,0.46,0.47,42.84,2016.0,Datia
98.22,27.97,9.75,2.0,43.98,18.06,8.09,27.34,1.48,41.77,0.4,0.41,44.24,2017.0,Datia
98.21,27.02,10.33,1.99,42.31,17.67,7.92,26.7,2.48,47.13,0.48,0.49,44.24,2018.0,Datia
98.3,26.51,11.2,1.86,50.92,17.22,7.79,25.94,2.25,54.13,0.46,0.47,46.54,2019.0,Datia
95.15,25.68,11.04,2.65,58.04,18.43,8.73,24.97,3.32,54.78,0.7,0.7,38.62,1990.0,Dewas
95.17,26.4,9.15,2.66,49.87,19.58,9.26,25.5,2.09,44.26,0.66,0.66,44.23,1991.0,Dewas
95.22,26.38,9.3,2.67,50.99,19.67,9.28,25.36,1.88,45.38,0.65,0.65,40.21,1992.0,Dewas
95.22,26.07,9.93,2.7,52.41,19.54,9.2,25.24,2.6,48.4,0.67,0.67,39.99,1993.0,Dewas
95.16,25.43,10.01,2.6,49.91,19.55,9.19,24.76,3.26,50.66,0.7,0.7,41.07,1994.0,Dewas
95.15,26.1,9.92,2.56,49.21,19.64,9.33,25.16,2.71,48.61,0.66,0.67,40.34,1995.0,Dewas
95.13,25.92,10.05,2.56,47.07,19.54,9.22,25.11,2.98,50.12,0.69,0.69,39.11,1996.0,Dewas
95.26,25.42,10.93,2.56,48.28,19.33,9.13,24.53,2.89,55.31,0.68,0.68,38.85,1997.0,Dewas
95.17,26.07,10.98,2.42,46.52,19.09,9.02,25.3,2.48,53.4,0.68,0.69,40.62,1998.0,Dewas
95.13,25.82,10.05,2.59,39.92,19.03,8.94,25.09,2.36,49.8,0.66,0.66,38.56,1999.0,Dewas
95.09,26.22,9.03,2.6,34.7,19.56,9.2,25.44,1.85,41.44,0.64,0.65,37.91,2000.0,Dewas
95.14,26.6,9.64,2.47,46.52,18.82,8.53,25.63,1.66,44.36,0.64,0.64,38.57,2001.0,Dewas
95.18,26.78,9.56,2.7,41.39,19.11,8.65,25.88,1.92,44.58,0.64,0.64,39.94,2002.0,Dewas
95.2,25.79,10.72,2.57,44.29,18.85,8.55,25.17,3.27,53.55,0.72,0.72,38.7,2003.0,Dewas
95.19,26.32,10.29,2.48,42.67,19.29,8.74,25.54,2.24,49.94,0.67,0.67,38.69,2004.0,Dewas
95.17,26.23,9.76,2.48,46.61,19.07,8.61,25.35,2.3,47.15,0.65,0.66,37.59,2005.0,Dewas
95.18,26.12,10.9,2.4,47.38,18.52,8.41,25.5,3.58,52.8,0.7,0.7,37.37,2006.0,Dewas
95.15,26.06,10.52,2.31,44.84,19.2,8.69,25.4,2.63,50.92,0.69,0.69,35.45,2007.0,Dewas
95.15,26.38,9.94,2.49,46.53,18.73,8.45,25.4,1.69,47.2,0.64,0.65,38.47,2008.0,Dewas
95.16,26.81,10.55,2.51,41.92,19.22,8.65,25.97,2.79,50.88,0.66,0.66,36.56,2009.0,Dewas
95.14,26.6,11.23,2.37,47.64,19.08,8.65,25.82,2.36,54.69,0.68,0.68,39.8,2010.0,Dewas
95.13,25.94,10.65,2.38,45.27,18.5,8.37,25.14,2.95,52.38,0.7,0.7,40.62,2011.0,Dewas
95.13,25.83,10.11,2.65,48.11,18.45,8.32,24.96,2.57,49.37,0.67,0.68,38.83,2012.0,Dewas
95.15,25.24,11.28,2.54,50.56,17.3,7.82,24.54,4.08,56.82,0.72,0.72,41.11,2013.0,Dewas
95.25,26.28,10.64,2.63,46.81,18.62,8.4,25.32,2.39,52.96,0.67,0.68,40.45,2014.0,Dewas
95.29,26.05,10.69,2.55,46.72,18.15,8.19,25.26,3.37,52.45,0.68,0.68,40.46,2015.0,Dewas
95.22,25.94,10.48,2.47,51.18,18.51,8.33,25.39,3.4,51.09,0.71,0.71,42.06,2016.0,Dewas
95.2,26.28,10.23,2.47,43.92,18.8,8.46,25.59,2.26,48.61,0.67,0.67,41.71,2017.0,Dewas
95.19,26.57,9.68,2.48,41.12,18.26,8.18,25.78,2.05,45.98,0.67,0.67,41.54,2018.0,Dewas
95.23,25.85,11.12,2.54,48.09,17.79,8.07,24.99,4.48,55.64,0.73,0.73,43.54,2019.0,Dewas
96.76,26.75,11.34,2.8,58.23,18.46,8.82,25.86,2.78,54.24,0.68,0.68,37.54,1990.0,Dhar
96.78,27.62,9.38,2.73,50.9,19.48,9.26,26.53,1.71,43.07,0.64,0.65,43.15,1991.0,Dhar
96.82,27.39,9.65,2.77,53.56,19.68,9.38,26.27,1.6,44.94,0.63,0.64,37.82,1992.0,Dhar
96.82,27.13,10.37,2.77,53.29,19.46,9.27,26.12,2.25,48.76,0.66,0.66,37.15,1993.0,Dhar
96.77,26.41,10.34,2.74,51.23,19.34,9.19,25.56,2.92,50.56,0.69,0.69,39.69,1994.0,Dhar
96.75,27.28,10.13,2.69,50.23,19.42,9.34,26.19,2.36,47.19,0.65,0.66,37.89,1995.0,Dhar
96.73,26.91,10.47,2.7,48.0,19.33,9.21,25.93,2.46,50.15,0.67,0.68,36.46,1996.0,Dhar
96.86,26.51,11.29,2.64,47.97,19.0,9.13,25.52,2.5,54.73,0.67,0.67,37.08,1997.0,Dhar
96.76,27.1,11.35,2.54,47.97,18.85,9.0,26.2,2.33,52.82,0.67,0.68,39.71,1998.0,Dhar
96.73,26.87,10.41,2.74,40.98,19.11,9.06,25.95,2.07,49.54,0.65,0.65,37.05,1999.0,Dhar
96.7,27.43,9.41,2.69,37.97,19.56,9.3,26.48,1.59,41.71,0.63,0.64,37.08,2000.0,Dhar
96.74,27.72,9.87,2.65,42.26,19.08,8.6,26.6,1.33,43.91,0.63,0.63,37.57,2001.0,Dhar
96.8,27.65,9.99,2.81,38.08,19.22,8.65,26.61,1.66,45.12,0.63,0.64,39.03,2002.0,Dhar
96.8,26.7,11.26,2.69,41.55,18.97,8.55,25.93,2.99,54.47,0.71,0.71,36.89,2003.0,Dhar
96.8,27.14,10.8,2.63,42.08,19.15,8.63,26.3,2.17,50.51,0.67,0.67,35.36,2004.0,Dhar
96.78,26.93,10.29,2.58,41.73,19.29,8.66,26.04,2.23,48.42,0.66,0.66,36.3,2005.0,Dhar
96.78,27.01,11.34,2.54,42.95,18.56,8.38,26.24,2.94,53.39,0.69,0.7,36.45,2006.0,Dhar
96.75,27.1,11.0,2.44,43.95,19.09,8.6,26.31,2.49,51.24,0.68,0.69,34.41,2007.0,Dhar
96.74,27.33,10.29,2.65,46.44,18.6,8.34,26.28,1.52,47.27,0.64,0.64,37.38,2008.0,Dhar
96.77,27.72,11.06,2.64,40.13,19.22,8.61,26.73,2.42,51.56,0.65,0.66,36.5,2009.0,Dhar
96.74,27.41,11.88,2.5,45.86,18.88,8.51,26.53,2.42,55.71,0.68,0.68,38.54,2010.0,Dhar
96.72,27.04,10.89,2.56,43.35,18.46,8.3,26.1,2.41,51.17,0.68,0.68,37.7,2011.0,Dhar
96.74,26.78,10.54,2.81,46.68,18.44,8.27,25.79,2.21,49.33,0.66,0.67,37.19,2012.0,Dhar
96.75,26.03,11.64,2.7,49.01,17.29,7.78,25.31,3.62,56.94,0.72,0.72,37.59,2013.0,Dhar
96.86,27.27,10.97,2.68,44.71,18.63,8.37,26.15,2.14,52.1,0.66,0.67,38.41,2014.0,Dhar
96.9,27.13,11.04,2.61,45.24,18.13,8.14,26.2,2.83,51.86,0.66,0.67,37.38,2015.0,Dhar
96.83,26.94,10.75,2.58,48.25,18.49,8.28,26.14,2.44,50.78,0.68,0.69,40.2,2016.0,Dhar
96.81,27.07,10.7,2.55,42.16,18.75,8.39,26.22,2.17,49.85,0.67,0.67,37.59,2017.0,Dhar
96.81,27.57,9.95,2.59,39.01,18.36,8.19,26.57,1.77,45.54,0.65,0.65,38.57,2018.0,Dhar
96.85,26.52,11.67,2.65,45.24,17.92,8.08,25.63,3.49,56.79,0.73,0.73,39.93,2019.0,Dhar
92.89,23.34,11.4,2.26,62.63,18.02,8.61,23.11,3.99,60.68,0.69,0.67,34.87,1990.0,Dindori
92.92,24.29,9.9,2.26,57.92,18.68,8.88,23.9,2.95,51.9,0.61,0.6,43.26,1991.0,Dindori
92.96,24.06,9.71,2.13,53.38,19.25,9.12,23.7,2.84,50.58,0.61,0.6,41.63,1992.0,Dindori
92.95,23.74,10.14,2.16,58.14,18.51,8.8,23.57,3.65,52.62,0.65,0.64,38.24,1993.0,Dindori
92.9,23.79,10.45,2.11,58.29,18.3,8.67,23.53,4.08,55.3,0.67,0.66,40.12,1994.0,Dindori
92.91,23.6,10.64,2.09,59.48,18.26,8.75,23.39,3.17,56.57,0.62,0.62,41.5,1995.0,Dindori
92.89,23.74,10.41,2.06,56.46,18.34,8.75,23.41,3.0,55.54,0.62,0.62,39.61,1996.0,Dindori
93.0,23.29,10.87,2.16,62.37,17.71,8.47,22.89,4.19,59.19,0.67,0.66,38.92,1997.0,Dindori
92.94,23.36,11.63,2.05,53.52,18.06,8.68,23.31,3.11,62.18,0.66,0.65,41.55,1998.0,Dindori
92.85,23.68,10.24,2.14,45.26,18.65,8.75,23.57,3.29,54.89,0.65,0.64,40.16,1999.0,Dindori
92.84,23.91,9.6,2.19,42.03,18.94,8.93,23.7,2.12,47.75,0.57,0.56,37.85,2000.0,Dindori
92.89,23.73,10.65,2.21,54.4,17.59,7.96,23.5,3.95,54.59,0.64,0.63,39.37,2001.0,Dindori
92.93,24.19,10.14,2.24,50.17,18.36,8.29,24.0,2.77,52.39,0.59,0.59,39.22,2002.0,Dindori
92.95,23.85,10.91,2.18,54.78,17.74,8.04,23.59,3.81,58.42,0.66,0.65,41.11,2003.0,Dindori
92.96,23.24,10.97,2.03,48.1,18.5,8.34,23.29,3.4,58.51,0.65,0.64,39.06,2004.0,Dindori
92.94,23.5,10.66,2.05,52.58,17.9,8.06,23.4,3.9,57.24,0.66,0.65,38.39,2005.0,Dindori
92.94,24.22,10.95,2.12,50.93,17.89,8.1,24.02,2.77,55.72,0.61,0.61,37.73,2006.0,Dindori
92.92,23.66,10.78,2.06,49.33,18.05,8.14,23.53,3.27,56.4,0.65,0.64,36.76,2007.0,Dindori
92.9,23.51,10.74,2.02,50.58,17.94,8.07,23.3,3.29,57.15,0.64,0.63,39.72,2008.0,Dindori
92.92,24.85,10.33,2.05,47.52,18.56,8.33,24.46,2.49,52.67,0.58,0.58,36.24,2009.0,Dindori
92.92,24.86,10.91,1.97,52.05,18.35,8.28,24.41,2.81,55.45,0.62,0.61,38.8,2010.0,Dindori
92.89,23.43,11.19,1.95,48.02,17.6,7.94,23.25,3.89,58.61,0.65,0.64,40.92,2011.0,Dindori
92.88,23.51,10.48,2.12,50.84,17.77,7.97,23.35,3.31,56.3,0.64,0.63,41.67,2012.0,Dindori
92.89,23.37,11.55,2.04,53.26,17.16,7.73,23.11,4.63,62.2,0.69,0.68,43.0,2013.0,Dindori
92.99,23.22,11.43,2.09,53.29,17.67,7.96,23.13,3.52,61.76,0.66,0.65,42.53,2014.0,Dindori
93.05,23.75,11.41,2.02,52.21,17.63,7.92,23.48,2.94,60.25,0.62,0.61,40.7,2015.0,Dindori
92.95,24.12,11.09,1.98,53.92,17.58,7.9,23.94,3.45,56.75,0.65,0.64,39.43,2016.0,Dindori
92.95,24.58,10.62,1.98,47.07,18.31,8.21,24.28,2.79,53.95,0.62,0.62,41.26,2017.0,Dindori
92.94,24.29,10.42,2.11,47.5,17.61,7.91,24.02,2.86,52.91,0.61,0.61,39.78,2018.0,Dindori
93.0,24.04,11.1,2.01,51.53,17.36,7.87,23.6,3.76,59.27,0.66,0.65,43.3,2019.0,Dindori
95.29,25.17,10.66,2.44,55.35,18.38,8.54,24.68,3.38,53.04,0.69,0.69,40.4,1990.0,Guna
95.32,25.87,8.97,2.45,49.24,19.74,9.09,25.24,2.09,43.67,0.63,0.64,44.55,1991.0,Guna
95.37,25.89,9.05,2.37,52.08,19.71,9.1,25.17,2.09,44.7,0.64,0.65,42.48,1992.0,Guna
95.35,25.88,9.46,2.48,52.28,19.81,9.18,25.23,2.24,45.18,0.62,0.63,40.7,1993.0,Guna
95.3,25.33,9.6,2.37,50.44,19.68,9.12,24.87,2.54,47.29,0.66,0.67,43.35,1994.0,Guna
95.3,25.6,9.72,2.39,47.93,19.6,9.07,24.95,2.9,47.94,0.65,0.66,42.65,1995.0,Guna
95.28,25.17,9.9,2.27,47.19,19.24,8.91,24.75,3.34,49.79,0.68,0.68,41.17,1996.0,Guna
95.4,24.92,10.55,2.4,51.46,19.24,8.93,24.18,2.9,53.72,0.65,0.65,39.0,1997.0,Guna
95.32,25.78,10.45,2.25,44.62,19.59,9.07,25.11,2.08,50.53,0.64,0.65,43.34,1998.0,Guna
95.26,25.61,9.53,2.38,40.09,19.06,8.82,25.08,2.25,46.61,0.65,0.65,39.79,1999.0,Guna
95.22,26.51,8.32,2.57,33.34,19.68,9.05,25.71,1.08,36.53,0.59,0.6,40.4,2000.0,Guna
95.29,25.33,9.79,2.23,43.86,18.83,8.51,24.87,2.52,45.85,0.65,0.66,40.32,2001.0,Guna
95.31,26.73,8.99,2.45,39.57,19.36,8.73,25.94,1.82,42.04,0.61,0.62,40.22,2002.0,Guna
95.34,25.46,10.29,2.34,44.38,18.61,8.42,24.89,2.39,51.8,0.66,0.66,41.02,2003.0,Guna
95.34,25.99,9.92,2.28,40.2,19.15,8.65,25.43,2.19,48.02,0.64,0.65,40.83,2004.0,Guna
95.32,25.51,9.72,2.29,40.98,19.2,8.63,24.9,2.31,47.99,0.65,0.66,38.57,2005.0,Guna
95.32,26.02,10.45,2.26,43.11,18.72,8.47,25.49,2.87,49.89,0.66,0.66,38.51,2006.0,Guna
95.3,25.48,10.19,2.21,40.1,19.09,8.61,25.05,2.57,49.65,0.66,0.66,37.11,2007.0,Guna
95.3,25.04,10.43,2.17,44.67,18.61,8.39,24.57,2.75,51.38,0.68,0.68,38.88,2008.0,Guna
95.31,26.67,10.13,2.33,41.5,19.1,8.61,25.89,1.95,48.72,0.62,0.62,37.83,2009.0,Guna
95.3,26.24,10.64,2.19,44.54,19.02,8.6,25.57,2.39,52.11,0.66,0.66,40.33,2010.0,Guna
95.28,25.18,10.72,2.16,39.91,18.59,8.41,24.69,4.4,53.78,0.71,0.71,43.93,2011.0,Guna
95.28,25.29,9.79,2.38,43.51,18.53,8.34,24.63,2.14,48.63,0.65,0.66,42.12,2012.0,Guna
95.3,24.56,11.09,2.26,46.13,17.69,7.98,24.1,4.16,56.66,0.69,0.7,43.17,2013.0,Guna
95.39,25.54,10.41,2.45,43.92,18.72,8.45,24.9,2.6,52.85,0.65,0.65,43.59,2014.0,Guna
95.44,25.14,10.68,2.33,42.83,18.33,8.27,24.6,2.88,53.89,0.66,0.66,41.45,2015.0,Guna
95.35,25.6,10.43,2.22,45.1,18.46,8.31,25.35,3.23,50.12,0.69,0.69,42.62,2016.0,Guna
95.34,26.39,9.79,2.31,43.25,18.67,8.4,25.68,1.79,45.46,0.61,0.62,42.88,2017.0,Guna
95.32,25.86,9.8,2.31,43.13,18.08,8.13,25.4,2.54,47.49,0.66,0.67,42.34,2018.0,Guna
95.38,25.46,10.91,2.21,49.15,17.98,8.16,24.78,3.35,54.92,0.7,0.7,45.45,2019.0,Guna
97.82,26.36,10.27,2.12,50.72,18.6,8.69,26.07,2.32,47.1,0.44,0.44,39.41,1990.0,Gwalior
97.84,27.08,8.54,2.15,47.35,19.54,9.1,26.58,1.53,38.66,0.4,0.4,44.71,1991.0,Gwalior
97.9,26.58,9.0,2.11,48.58,19.06,8.92,26.17,1.89,42.35,0.42,0.42,43.71,1992.0,Gwalior
97.86,26.95,9.01,2.24,48.9,19.57,9.12,26.61,1.72,39.87,0.41,0.4,44.44,1993.0,Gwalior
97.83,26.69,9.14,2.06,41.95,20.02,9.32,26.33,1.93,41.48,0.42,0.42,44.61,1994.0,Gwalior
97.83,26.33,9.59,2.1,44.81,19.27,9.02,25.99,2.62,44.87,0.47,0.47,43.67,1995.0,Gwalior
97.81,25.45,10.1,1.98,43.88,18.98,8.87,25.48,2.82,48.62,0.5,0.49,44.02,1996.0,Gwalior
97.94,26.13,9.93,2.14,50.97,18.9,8.89,25.55,2.1,46.76,0.41,0.41,41.19,1997.0,Gwalior
97.87,26.44,10.27,2.01,43.95,19.09,8.91,26.07,2.01,46.84,0.43,0.43,46.04,1998.0,Gwalior
97.77,26.91,9.07,2.11,36.3,18.99,8.85,26.59,1.87,40.63,0.41,0.41,40.68,1999.0,Gwalior
97.73,27.66,8.16,2.26,35.14,19.11,8.89,27.13,0.88,33.03,0.36,0.37,43.89,2000.0,Gwalior
97.81,26.5,9.51,1.99,38.73,18.45,8.3,26.32,2.11,40.54,0.41,0.41,42.31,2001.0,Gwalior
97.82,27.76,8.6,2.22,38.04,18.66,8.36,27.28,1.42,37.65,0.38,0.38,43.2,2002.0,Gwalior
97.87,26.7,9.74,1.99,45.54,17.65,7.96,26.24,1.73,45.3,0.41,0.4,43.47,2003.0,Gwalior
97.85,27.19,9.63,2.16,40.46,18.37,8.25,26.77,1.65,43.35,0.4,0.4,42.2,2004.0,Gwalior
97.85,26.66,9.46,2.14,39.28,18.43,8.23,26.18,1.65,43.27,0.39,0.4,42.01,2005.0,Gwalior
97.84,27.89,9.74,2.17,40.24,18.3,8.22,27.24,1.45,41.43,0.38,0.38,42.13,2006.0,Gwalior
97.82,27.32,9.55,2.17,38.3,18.18,8.16,26.74,1.45,41.7,0.39,0.38,40.78,2007.0,Gwalior
97.83,25.61,10.78,1.9,40.88,17.54,7.88,25.44,2.66,50.29,0.49,0.48,41.29,2008.0,Gwalior
97.83,27.61,9.76,2.12,36.93,18.52,8.3,26.98,1.61,44.49,0.41,0.4,40.3,2009.0,Gwalior
97.82,26.78,10.57,1.94,42.53,17.92,8.05,26.5,2.33,49.92,0.45,0.45,42.2,2010.0,Gwalior
97.81,25.68,10.85,1.9,36.33,17.94,8.08,25.47,2.49,52.0,0.49,0.49,44.16,2011.0,Gwalior
97.8,25.75,9.63,2.11,38.93,18.1,8.09,25.52,2.17,46.08,0.45,0.45,44.69,2012.0,Gwalior
97.85,25.37,10.94,1.98,39.86,17.61,7.91,25.12,2.81,53.13,0.47,0.47,45.72,2013.0,Gwalior
97.92,26.18,10.11,2.05,40.14,18.14,8.16,25.82,2.14,48.3,0.43,0.43,44.04,2014.0,Gwalior
97.97,26.32,10.21,1.98,38.33,18.18,8.14,25.88,2.17,47.64,0.42,0.41,42.03,2015.0,Gwalior
97.86,27.05,10.09,1.89,40.71,17.8,7.97,26.78,2.04,44.11,0.43,0.43,42.66,2016.0,Gwalior
97.85,27.66,9.43,2.04,45.78,17.83,7.99,27.04,1.4,40.58,0.38,0.38,42.81,2017.0,Gwalior
97.84,26.86,9.96,2.05,46.72,17.43,7.83,26.47,2.06,45.13,0.43,0.43,43.46,2018.0,Gwalior
97.92,26.53,10.83,1.95,54.03,17.01,7.7,25.85,1.99,51.6,0.43,0.42,46.66,2019.0,Gwalior
97.11,26.69,11.71,2.45,57.8,18.2,8.62,26.08,3.84,55.91,0.72,0.72,37.52,1990.0,Harda
97.12,27.65,9.55,2.51,49.14,19.34,9.13,26.78,2.36,44.28,0.66,0.67,44.3,1991.0,Harda
97.17,27.69,9.6,2.47,51.07,19.59,9.24,26.73,2.07,44.59,0.66,0.66,40.87,1992.0,Harda
97.17,26.95,10.51,2.46,52.25,19.3,9.11,26.25,3.2,49.92,0.7,0.7,40.82,1993.0,Harda
97.12,26.58,10.58,2.41,49.24,19.03,8.95,25.94,3.93,51.67,0.71,0.71,41.0,1994.0,Harda
97.11,27.25,10.57,2.36,49.85,19.44,9.24,26.41,2.79,49.78,0.67,0.67,41.79,1995.0,Harda
97.08,27.3,10.49,2.41,47.1,19.51,9.18,26.48,3.46,49.86,0.69,0.69,40.85,1996.0,Harda
97.23,26.48,11.49,2.35,49.6,19.12,9.07,25.73,3.39,55.76,0.7,0.7,40.06,1997.0,Harda
97.12,27.03,11.7,2.24,46.16,18.98,9.03,26.37,2.94,55.41,0.71,0.71,41.14,1998.0,Harda
97.08,26.71,10.63,2.35,41.52,18.71,8.76,26.13,2.74,51.33,0.69,0.69,39.48,1999.0,Harda
97.05,27.16,9.56,2.36,35.7,19.47,9.14,26.51,2.32,42.56,0.66,0.66,38.48,2000.0,Harda
97.1,27.33,10.38,2.25,48.66,18.58,8.46,26.63,2.21,46.67,0.66,0.66,39.52,2001.0,Harda
97.14,27.89,10.07,2.45,43.3,18.95,8.59,27.13,2.29,45.04,0.65,0.65,40.13,2002.0,Harda
97.16,27.02,11.28,2.38,47.08,18.53,8.43,26.38,3.57,54.28,0.72,0.72,39.46,2003.0,Harda
97.15,27.72,10.65,2.33,42.74,19.13,8.68,26.89,2.36,49.29,0.67,0.67,39.32,2004.0,Harda
97.13,27.26,10.36,2.31,45.69,18.91,8.55,26.5,2.94,48.63,0.68,0.68,38.36,2005.0,Harda
97.14,27.16,11.52,2.19,47.88,18.39,8.38,26.63,4.63,53.59,0.71,0.71,38.58,2006.0,Harda
97.11,27.34,10.89,2.16,48.56,19.06,8.64,26.69,2.85,50.38,0.69,0.69,36.2,2007.0,Harda
97.1,27.41,10.44,2.24,50.18,18.61,8.42,26.58,2.03,47.74,0.66,0.66,39.1,2008.0,Harda
97.12,27.81,11.06,2.27,46.76,18.96,8.56,27.1,3.14,51.32,0.68,0.68,37.02,2009.0,Harda
97.1,27.72,11.81,2.19,51.64,18.8,8.55,27.0,2.67,55.12,0.7,0.69,39.81,2010.0,Harda
97.08,27.16,11.04,2.21,49.09,18.32,8.31,26.39,3.3,51.64,0.7,0.7,42.39,2011.0,Harda
97.09,27.14,10.56,2.46,51.51,18.25,8.25,26.33,3.03,49.14,0.69,0.68,39.69,2012.0,Harda
97.1,26.67,11.78,2.41,53.54,17.18,7.79,25.96,4.23,56.31,0.72,0.72,42.14,2013.0,Harda
97.21,27.69,11.06,2.45,51.17,18.45,8.35,26.72,2.62,52.01,0.68,0.68,41.15,2014.0,Harda
97.26,27.32,11.23,2.34,50.26,18.09,8.19,26.54,3.67,52.65,0.68,0.68,40.95,2015.0,Harda
97.17,27.23,10.86,2.3,54.23,18.27,8.25,26.58,4.01,50.81,0.71,0.71,42.87,2016.0,Harda
97.16,27.43,10.71,2.23,45.86,18.77,8.45,26.8,2.71,48.95,0.68,0.68,41.99,2017.0,Harda
97.15,27.71,10.09,2.28,43.52,18.03,8.1,27.0,2.32,45.94,0.67,0.67,41.87,2018.0,Harda
97.2,27.14,11.49,2.38,49.8,17.69,8.04,26.35,5.09,54.9,0.73,0.73,44.31,2019.0,Harda
96.38,26.05,11.73,2.35,57.8,18.2,8.62,25.55,4.34,57.16,0.74,0.73,36.16,1990.0,Hoshangabad
96.4,27.18,9.5,2.42,49.14,19.34,9.13,26.39,2.75,44.78,0.67,0.67,42.85,1991.0,Hoshangabad
96.44,27.21,9.47,2.3,51.07,19.59,9.24,26.33,2.43,44.8,0.67,0.67,41.01,1992.0,Hoshangabad
96.44,26.4,10.41,2.33,52.25,19.3,9.11,25.81,3.76,50.3,0.71,0.71,39.59,1993.0,Hoshangabad
96.39,26.19,10.47,2.33,49.24,19.03,8.95,25.58,4.53,51.9,0.71,0.71,40.59,1994.0,Hoshangabad
96.38,26.69,10.62,2.26,49.85,19.44,9.24,25.97,3.01,51.04,0.68,0.68,42.23,1995.0,Hoshangabad
96.35,26.9,10.41,2.27,47.1,19.51,9.18,26.13,3.87,50.1,0.69,0.69,39.67,1996.0,Hoshangabad
96.5,25.83,11.45,2.25,49.6,19.12,9.07,25.24,3.89,56.8,0.72,0.71,39.31,1997.0,Hoshangabad
96.4,26.48,11.68,2.17,46.16,18.98,9.03,25.91,3.28,56.5,0.73,0.72,41.54,1998.0,Hoshangabad
96.35,26.18,10.52,2.24,41.52,18.71,8.76,25.69,3.2,51.76,0.71,0.71,39.11,1999.0,Hoshangabad
96.32,26.6,9.5,2.27,35.7,19.47,9.14,26.06,2.73,43.17,0.68,0.67,39.06,2000.0,Hoshangabad
96.37,26.54,10.49,2.16,48.66,18.58,8.46,26.04,2.86,48.6,0.69,0.69,40.05,2001.0,Hoshangabad
96.41,27.44,10.01,2.34,43.3,18.95,8.59,26.77,2.74,45.6,0.66,0.66,40.36,2002.0,Hoshangabad
96.43,26.66,11.18,2.29,47.08,18.53,8.43,26.03,3.91,54.62,0.73,0.72,40.04,2003.0,Hoshangabad
96.42,27.37,10.48,2.25,42.74,19.13,8.68,26.55,2.59,49.16,0.67,0.67,40.18,2004.0,Hoshangabad
96.41,26.73,10.35,2.22,45.69,18.91,8.55,26.07,3.68,49.71,0.7,0.69,38.5,2005.0,Hoshangabad
96.41,26.79,11.44,2.12,47.88,18.39,8.38,26.27,5.34,53.85,0.71,0.71,38.03,2006.0,Hoshangabad
96.38,27.03,10.69,2.11,48.56,19.06,8.64,26.37,3.15,50.09,0.7,0.69,35.45,2007.0,Hoshangabad
96.38,26.73,10.49,2.1,50.18,18.61,8.42,26.05,2.56,49.27,0.69,0.69,38.99,2008.0,Hoshangabad
96.39,27.21,10.98,2.14,46.76,18.96,8.56,26.61,3.45,52.1,0.69,0.69,36.71,2009.0,Hoshangabad
96.37,27.23,11.65,2.09,51.64,18.8,8.55,26.58,3.11,55.38,0.71,0.7,39.64,2010.0,Hoshangabad
96.36,26.75,10.91,2.12,49.09,18.32,8.31,25.97,3.82,51.83,0.71,0.7,41.61,2011.0,Hoshangabad
96.36,26.7,10.41,2.34,51.51,18.25,8.25,25.96,3.57,49.43,0.69,0.69,40.26,2012.0,Hoshangabad
96.37,26.37,11.69,2.28,53.54,17.18,7.79,25.68,4.65,56.48,0.72,0.71,42.27,2013.0,Hoshangabad
96.48,27.19,10.99,2.33,51.17,18.45,8.35,26.31,2.9,52.58,0.69,0.68,41.42,2014.0,Hoshangabad
96.53,26.79,11.27,2.25,50.26,18.09,8.19,26.09,3.98,53.92,0.69,0.69,40.55,2015.0,Hoshangabad
96.44,27.05,10.68,2.23,54.23,18.27,8.25,26.39,4.26,50.11,0.71,0.7,41.9,2016.0,Hoshangabad
96.43,27.17,10.56,2.15,45.86,18.77,8.45,26.53,2.57,48.8,0.68,0.68,42.53,2017.0,Hoshangabad
96.42,27.21,10.08,2.24,43.52,18.03,8.1,26.55,2.6,46.79,0.68,0.68,41.63,2018.0,Hoshangabad
96.47,26.81,11.34,2.27,49.8,17.69,8.04,26.04,4.97,54.97,0.73,0.72,44.11,2019.0,Hoshangabad
96.28,26.5,11.27,2.77,58.23,18.46,8.82,25.68,2.89,54.46,0.68,0.68,37.46,1990.0,Indore
96.29,27.4,9.27,2.76,50.9,19.48,9.26,26.35,1.77,43.12,0.64,0.65,43.43,1991.0,Indore
96.34,27.24,9.5,2.78,53.56,19.68,9.38,26.14,1.66,44.61,0.63,0.64,38.99,1992.0,Indore
96.34,26.88,10.22,2.77,53.29,19.46,9.27,25.91,2.34,48.6,0.66,0.66,38.16,1993.0,Indore
96.29,26.17,10.27,2.71,51.23,19.34,9.19,25.4,2.97,50.73,0.69,0.7,40.15,1994.0,Indore
96.27,27.06,10.08,2.68,50.23,19.42,9.34,26.0,2.48,47.5,0.65,0.65,38.71,1995.0,Indore
96.25,26.77,10.32,2.69,48.0,19.33,9.21,25.82,2.54,49.77,0.67,0.68,38.44,1996.0,Indore
96.38,26.35,11.18,2.64,47.97,19.0,9.13,25.36,2.52,54.66,0.66,0.67,37.82,1997.0,Indore
96.28,26.92,11.24,2.52,47.97,18.85,9.0,26.04,2.36,52.87,0.67,0.67,39.52,1998.0,Indore
96.25,26.61,10.32,2.71,40.98,19.11,9.06,25.74,2.18,49.86,0.65,0.65,37.92,1999.0,Indore
96.21,27.14,9.29,2.66,37.97,19.56,9.3,26.25,1.65,41.45,0.63,0.64,37.16,2000.0,Indore
96.26,27.57,9.79,2.61,42.26,19.08,8.6,26.47,1.35,43.74,0.62,0.63,38.46,2001.0,Indore
96.31,27.55,9.83,2.81,38.08,19.22,8.65,26.53,1.71,44.6,0.63,0.64,39.05,2002.0,Indore
96.32,26.51,11.08,2.67,41.55,18.97,8.55,25.79,3.09,54.12,0.7,0.71,37.52,2003.0,Indore
96.32,26.97,10.64,2.6,42.08,19.15,8.63,26.16,2.15,50.2,0.66,0.67,36.12,2004.0,Indore
96.29,26.93,10.07,2.58,41.73,19.29,8.66,26.02,2.14,47.4,0.64,0.65,36.44,2005.0,Indore
96.3,26.75,11.21,2.5,42.95,18.56,8.38,26.08,3.01,53.24,0.69,0.7,36.66,2006.0,Indore
96.27,26.85,10.83,2.41,43.95,19.09,8.6,26.11,2.48,50.92,0.68,0.68,35.02,2007.0,Indore
96.26,27.24,10.11,2.62,46.44,18.6,8.34,26.18,1.49,46.59,0.63,0.64,37.84,2008.0,Indore
96.28,27.59,10.89,2.63,40.13,19.22,8.61,26.61,2.53,51.17,0.65,0.65,37.11,2009.0,Indore
96.26,27.28,11.67,2.47,45.86,18.88,8.51,26.43,2.39,55.23,0.67,0.67,38.63,2010.0,Indore
96.25,26.75,10.83,2.52,43.35,18.46,8.3,25.89,2.48,51.41,0.68,0.68,38.83,2011.0,Indore
96.26,26.62,10.4,2.79,46.68,18.44,8.27,25.68,2.29,49.05,0.66,0.67,37.85,2012.0,Indore
96.27,25.92,11.53,2.7,49.01,17.29,7.78,25.21,3.74,56.62,0.72,0.72,39.0,2013.0,Indore
96.37,27.12,10.87,2.71,44.71,18.63,8.37,26.03,2.2,52.11,0.66,0.67,39.04,2014.0,Indore
96.42,26.87,10.97,2.6,45.24,18.13,8.14,25.98,3.13,52.2,0.66,0.67,39.29,2015.0,Indore
96.34,26.67,10.66,2.57,48.25,18.49,8.28,25.96,2.63,50.83,0.69,0.69,41.44,2016.0,Indore
96.33,26.72,10.65,2.51,42.16,18.75,8.39,26.01,2.4,50.12,0.67,0.68,38.85,2017.0,Indore
96.32,27.27,9.87,2.55,39.01,18.36,8.19,26.38,1.95,45.63,0.65,0.66,39.81,2018.0,Indore
96.36,26.42,11.46,2.64,45.24,17.92,8.08,25.54,3.95,56.14,0.73,0.73,41.36,2019.0,Indore
95.32,25.25,11.51,2.33,61.48,18.53,8.57,24.75,4.3,58.04,0.74,0.74,36.68,1990.0,Jabalpur
95.34,26.13,9.86,2.31,58.48,19.34,8.94,25.48,2.83,48.71,0.68,0.68,43.77,1991.0,Jabalpur
95.39,26.12,9.68,2.16,56.65,19.72,9.07,25.42,2.93,47.51,0.67,0.68,42.29,1992.0,Jabalpur
95.38,25.43,10.41,2.17,59.93,19.32,8.94,25.02,3.73,51.56,0.71,0.71,40.71,1993.0,Jabalpur
95.33,25.61,10.42,2.18,59.48,18.88,8.71,25.01,5.05,52.53,0.71,0.71,40.74,1994.0,Jabalpur
95.34,25.39,10.82,2.12,57.38,18.87,8.81,24.94,3.17,54.34,0.7,0.7,41.8,1995.0,Jabalpur
95.31,25.94,10.37,2.11,56.75,18.64,8.64,25.21,2.4,51.86,0.67,0.68,40.49,1996.0,Jabalpur
95.44,25.11,11.08,2.2,60.55,18.15,8.43,24.49,3.75,56.96,0.73,0.73,39.14,1997.0,Jabalpur
95.36,25.22,11.74,2.06,49.61,18.77,8.74,24.87,2.67,59.17,0.7,0.7,42.58,1998.0,Jabalpur
95.28,25.4,10.45,2.15,42.04,18.85,8.61,25.04,4.14,53.08,0.72,0.72,40.23,1999.0,Jabalpur
95.26,25.55,9.74,2.18,36.46,19.44,8.93,25.18,2.37,45.89,0.67,0.67,38.15,2000.0,Jabalpur
95.32,25.4,10.81,2.13,47.73,18.48,8.4,24.96,3.74,52.52,0.71,0.71,40.41,2001.0,Jabalpur
95.35,26.19,10.22,2.29,44.36,18.68,8.47,25.65,3.03,49.69,0.66,0.67,39.8,2002.0,Jabalpur
95.38,25.64,11.14,2.21,48.43,18.19,8.27,25.1,4.63,56.79,0.73,0.73,41.49,2003.0,Jabalpur
95.38,25.53,10.9,2.08,43.18,18.94,8.58,25.05,3.18,55.22,0.69,0.7,39.43,2004.0,Jabalpur
95.36,25.33,10.74,2.06,46.17,18.69,8.44,24.9,4.72,55.1,0.72,0.72,38.95,2005.0,Jabalpur
95.36,26.16,11.1,2.1,47.13,18.31,8.33,25.66,2.77,53.41,0.69,0.69,38.79,2006.0,Jabalpur
95.35,25.6,10.81,2.06,45.13,18.66,8.44,25.18,3.06,53.47,0.7,0.7,37.87,2007.0,Jabalpur
95.33,25.47,10.79,2.0,46.29,18.48,8.35,24.93,3.4,53.72,0.7,0.71,39.65,2008.0,Jabalpur
95.34,26.53,10.66,2.04,43.44,18.9,8.53,25.94,3.48,51.96,0.68,0.68,37.23,2009.0,Jabalpur
95.33,26.42,11.26,1.95,47.54,18.81,8.53,25.82,3.96,54.97,0.71,0.71,40.99,2010.0,Jabalpur
95.32,25.45,11.2,2.0,44.54,18.33,8.32,24.87,4.32,55.89,0.72,0.72,42.38,2011.0,Jabalpur
95.31,25.4,10.58,2.13,46.65,18.26,8.25,24.9,3.74,53.64,0.71,0.71,42.27,2012.0,Jabalpur
95.32,25.07,11.84,2.09,49.45,17.52,7.93,24.6,5.54,60.38,0.74,0.75,43.32,2013.0,Jabalpur
95.42,25.48,11.41,2.16,47.0,18.53,8.4,25.0,3.08,57.93,0.69,0.7,42.86,2014.0,Jabalpur
95.48,25.6,11.55,2.06,47.9,18.16,8.21,25.06,2.95,57.51,0.68,0.69,40.57,2015.0,Jabalpur
95.38,26.0,11.09,2.03,49.28,18.1,8.17,25.52,3.67,53.94,0.71,0.72,41.66,2016.0,Jabalpur
95.37,26.46,10.69,1.99,44.3,18.6,8.38,25.85,2.48,50.89,0.67,0.68,42.21,2017.0,Jabalpur
95.37,26.17,10.47,2.11,44.59,17.9,8.07,25.6,2.86,50.49,0.68,0.69,41.06,2018.0,Jabalpur
95.42,25.91,11.2,2.03,50.61,17.78,8.09,25.19,4.31,56.29,0.72,0.73,45.12,2019.0,Jabalpur
97.2,26.7,11.29,2.73,55.15,18.5,8.86,25.91,2.74,53.53,0.66,0.66,39.55,1990.0,Jhabua
97.22,27.47,9.32,2.64,49.27,19.41,9.28,26.52,1.71,42.55,0.62,0.62,43.84,1991.0,Jhabua
97.27,27.16,9.68,2.7,50.21,19.61,9.4,26.13,1.68,45.27,0.61,0.61,37.66,1992.0,Jhabua
97.26,27.2,10.27,2.72,51.41,19.69,9.41,26.26,2.22,47.57,0.63,0.64,37.99,1993.0,Jhabua
97.21,26.32,10.31,2.71,46.29,19.19,9.15,25.56,3.17,50.15,0.68,0.68,40.23,1994.0,Jhabua
97.19,27.25,9.98,2.66,46.64,19.41,9.36,26.23,2.1,46.1,0.62,0.63,37.72,1995.0,Jhabua
97.17,26.7,10.46,2.65,45.13,19.26,9.23,25.86,2.5,50.11,0.66,0.66,37.14,1996.0,Jhabua
97.3,26.15,11.32,2.61,45.04,19.08,9.15,25.33,2.87,55.07,0.66,0.66,37.67,1997.0,Jhabua
97.2,27.04,11.24,2.51,44.36,18.98,9.06,26.21,2.38,51.76,0.65,0.65,39.85,1998.0,Jhabua
97.17,27.03,10.24,2.73,37.48,19.42,9.27,26.15,1.92,47.7,0.61,0.62,36.62,1999.0,Jhabua
97.13,27.45,9.39,2.7,34.13,19.68,9.41,26.52,1.66,41.34,0.6,0.61,37.93,2000.0,Jhabua
97.17,27.55,9.77,2.66,39.71,19.12,8.63,26.52,1.43,43.24,0.6,0.61,36.32,2001.0,Jhabua
97.23,27.65,9.77,2.73,37.16,19.21,8.67,26.68,1.53,43.6,0.6,0.6,39.2,2002.0,Jhabua
97.24,26.63,11.12,2.64,39.93,19.07,8.62,25.96,2.76,53.29,0.67,0.67,36.6,2003.0,Jhabua
97.24,27.06,10.78,2.57,40.3,19.12,8.64,26.3,2.25,50.1,0.65,0.65,36.1,2004.0,Jhabua
97.22,26.57,10.34,2.52,37.89,19.5,8.76,25.81,2.4,48.84,0.65,0.65,37.17,2005.0,Jhabua
97.21,26.91,11.33,2.51,40.39,18.61,8.41,26.18,2.98,53.32,0.67,0.67,36.83,2006.0,Jhabua
97.18,26.98,11.01,2.42,37.51,19.24,8.68,26.24,2.54,51.29,0.66,0.67,35.33,2007.0,Jhabua
97.18,27.03,10.38,2.65,39.94,18.76,8.43,26.12,1.67,47.78,0.62,0.62,38.26,2008.0,Jhabua
97.2,27.52,11.05,2.57,35.81,19.41,8.71,26.68,2.29,51.11,0.63,0.63,35.08,2009.0,Jhabua
97.17,27.33,11.79,2.48,40.51,18.99,8.58,26.54,2.68,54.96,0.67,0.67,38.68,2010.0,Jhabua
97.16,26.93,10.96,2.57,37.0,18.69,8.41,26.04,2.43,51.47,0.66,0.66,37.47,2011.0,Jhabua
97.18,26.49,10.58,2.76,40.13,18.71,8.39,25.61,2.26,49.67,0.64,0.65,37.15,2012.0,Jhabua
97.19,25.89,11.59,2.62,43.73,17.75,7.99,25.23,3.44,56.62,0.7,0.7,37.69,2013.0,Jhabua
97.29,27.02,10.94,2.59,37.08,18.93,8.51,26.04,2.21,52.01,0.65,0.65,38.66,2014.0,Jhabua
97.33,27.12,10.88,2.64,39.04,18.54,8.32,26.26,2.38,50.55,0.63,0.64,36.61,2015.0,Jhabua
97.26,26.97,10.75,2.52,42.55,18.47,8.3,26.25,2.42,50.22,0.66,0.66,39.11,2016.0,Jhabua
97.25,26.91,10.72,2.56,39.97,18.7,8.38,26.15,2.26,50.05,0.65,0.65,37.8,2017.0,Jhabua
97.24,27.42,9.98,2.57,38.15,18.47,8.26,26.56,1.84,45.58,0.63,0.63,38.03,2018.0,Jhabua
97.28,26.43,11.76,2.61,42.98,18.18,8.21,25.61,3.43,56.9,0.71,0.71,40.03,2019.0,Jhabua
96.23,25.28,11.35,2.15,62.12,18.4,8.56,25.0,3.82,56.24,0.72,0.71,37.42,1990.0,Katni
96.25,25.92,9.95,2.2,57.59,19.26,8.91,25.52,2.53,48.71,0.65,0.66,43.42,1991.0,Katni
96.3,25.94,9.76,2.03,54.74,19.6,9.06,25.51,2.88,47.62,0.66,0.66,41.36,1992.0,Katni
96.28,25.52,10.18,2.05,58.37,19.28,8.95,25.4,3.09,49.17,0.67,0.67,41.78,1993.0,Katni
96.25,25.38,10.39,1.99,57.78,18.68,8.65,25.16,3.67,51.73,0.68,0.69,42.98,1994.0,Katni
96.25,25.77,10.49,2.1,58.34,18.65,8.76,25.37,2.49,51.31,0.65,0.65,42.4,1995.0,Katni
96.22,25.52,10.43,1.97,55.63,18.47,8.57,25.17,2.58,52.01,0.66,0.66,41.14,1996.0,Katni
96.36,24.93,10.97,2.07,60.68,17.94,8.37,24.53,3.66,55.96,0.69,0.69,39.43,1997.0,Katni
96.28,25.34,11.49,1.99,49.89,18.41,8.6,25.13,2.54,57.18,0.67,0.67,43.18,1998.0,Katni
96.19,25.5,10.24,2.04,42.06,18.73,8.58,25.35,2.87,50.89,0.68,0.68,40.39,1999.0,Katni
96.17,25.74,9.65,2.14,36.33,19.22,8.85,25.42,1.91,44.47,0.62,0.62,39.26,2000.0,Katni
96.24,25.18,10.9,2.04,48.94,18.19,8.2,24.95,3.59,52.3,0.68,0.68,40.07,2001.0,Katni
96.26,25.83,10.33,2.14,45.61,18.5,8.32,25.64,2.95,50.66,0.65,0.66,40.64,2002.0,Katni
96.29,25.29,11.17,2.05,50.32,17.88,8.07,25.03,4.01,57.19,0.7,0.7,42.3,2003.0,Katni
96.29,25.23,11.0,1.98,44.69,18.72,8.42,25.19,2.93,55.12,0.68,0.68,40.17,2004.0,Katni
96.28,25.2,10.81,2.01,47.52,18.48,8.28,25.06,4.1,54.73,0.7,0.7,39.42,2005.0,Katni
96.27,26.26,10.93,2.04,47.72,18.18,8.21,25.94,2.33,51.55,0.64,0.65,39.06,2006.0,Katni
96.26,25.76,10.74,1.99,46.49,18.46,8.3,25.41,2.3,51.94,0.63,0.64,37.94,2007.0,Katni
96.25,25.26,11.01,1.91,47.33,18.26,8.18,24.91,2.76,54.71,0.68,0.68,39.59,2008.0,Katni
96.25,26.46,10.57,2.01,43.81,18.76,8.4,26.03,2.41,51.28,0.63,0.63,38.26,2009.0,Katni
96.25,26.47,11.08,1.85,49.05,18.66,8.39,26.06,2.66,53.45,0.67,0.67,40.58,2010.0,Katni
96.23,25.24,11.28,1.84,45.76,18.08,8.14,24.94,3.35,55.97,0.69,0.7,42.87,2011.0,Katni
96.22,25.25,10.63,2.03,47.95,18.19,8.14,24.99,3.19,53.84,0.69,0.69,42.89,2012.0,Katni
96.24,24.84,11.82,1.92,50.97,17.55,7.89,24.62,4.49,60.24,0.73,0.73,43.05,2013.0,Katni
96.33,25.34,11.28,1.99,48.95,18.19,8.18,25.04,2.65,56.99,0.64,0.65,43.84,2014.0,Katni
96.39,25.48,11.52,1.92,48.34,18.09,8.11,25.16,2.83,56.79,0.65,0.65,41.62,2015.0,Katni
96.29,25.77,11.23,1.93,51.29,17.86,8.0,25.59,3.91,54.4,0.7,0.7,41.61,2016.0,Katni
96.28,26.56,10.59,1.98,44.85,18.59,8.32,26.1,2.13,49.69,0.63,0.64,43.2,2017.0,Katni
96.27,26.13,10.58,2.04,44.63,17.83,7.99,25.76,2.91,50.3,0.66,0.67,41.59,2018.0,Katni
96.34,25.71,11.3,1.89,49.95,17.81,8.05,25.17,3.5,56.85,0.7,0.7,45.87,2019.0,Katni
97.31,27.06,11.68,2.56,58.77,18.42,8.77,26.31,3.07,55.45,0.69,0.7,37.5,1990.0,Khandwa
97.32,28.03,9.55,2.55,49.51,19.5,9.28,26.99,1.78,43.82,0.64,0.65,44.51,1991.0,Khandwa
97.37,27.95,9.67,2.51,51.29,19.79,9.38,26.85,1.78,44.52,0.64,0.64,40.78,1992.0,Khandwa
97.38,27.18,10.65,2.49,52.7,19.7,9.36,26.35,2.75,50.55,0.68,0.68,40.2,1993.0,Khandwa
97.32,26.75,10.73,2.47,49.24,19.53,9.25,26.01,3.22,52.4,0.7,0.7,42.22,1994.0,Khandwa
97.31,27.71,10.54,2.4,49.93,19.59,9.4,26.68,2.54,48.91,0.65,0.66,41.11,1995.0,Khandwa
97.28,27.64,10.58,2.47,46.61,19.73,9.36,26.65,2.61,49.87,0.67,0.68,41.06,1996.0,Khandwa
97.42,27.13,11.42,2.43,49.93,19.14,9.15,26.15,2.6,54.48,0.66,0.67,39.82,1997.0,Khandwa
97.32,27.48,11.71,2.31,45.79,18.95,9.01,26.68,2.6,54.67,0.69,0.69,40.11,1998.0,Khandwa
97.28,26.96,10.73,2.41,40.93,19.21,9.06,26.23,2.46,51.78,0.67,0.67,39.57,1999.0,Khandwa
97.25,27.57,9.62,2.41,36.7,19.69,9.31,26.76,1.86,42.44,0.64,0.64,38.35,2000.0,Khandwa
97.29,27.96,10.31,2.35,43.9,18.96,8.61,26.97,1.67,45.88,0.63,0.64,39.61,2001.0,Khandwa
97.34,28.18,10.14,2.56,39.93,19.09,8.66,27.25,1.89,45.17,0.64,0.64,40.09,2002.0,Khandwa
97.36,27.22,11.35,2.46,43.34,18.97,8.61,26.47,3.2,54.41,0.71,0.71,39.31,2003.0,Khandwa
97.35,27.69,10.88,2.4,42.08,19.43,8.82,26.87,2.1,50.38,0.66,0.67,37.74,2004.0,Khandwa
97.33,27.51,10.44,2.37,42.43,19.15,8.66,26.64,2.34,48.68,0.65,0.66,37.55,2005.0,Khandwa
97.34,27.32,11.64,2.24,45.27,18.65,8.48,26.73,3.51,54.14,0.71,0.71,38.56,2006.0,Khandwa
97.3,27.45,11.1,2.19,44.44,19.22,8.71,26.74,2.53,51.37,0.68,0.69,36.79,2007.0,Khandwa
97.3,27.89,10.38,2.34,45.14,18.75,8.47,26.85,1.63,46.91,0.64,0.64,39.12,2008.0,Khandwa
97.31,28.21,11.11,2.36,41.7,19.2,8.65,27.29,2.69,51.08,0.66,0.66,37.28,2009.0,Khandwa
97.29,27.92,12.03,2.26,46.73,18.95,8.62,27.1,2.6,55.85,0.69,0.69,39.34,2010.0,Khandwa
97.28,27.32,11.14,2.27,42.99,18.6,8.41,26.52,2.6,51.89,0.69,0.69,40.48,2011.0,Khandwa
97.29,27.21,10.76,2.5,46.32,18.58,8.39,26.35,2.49,50.21,0.68,0.68,39.03,2012.0,Khandwa
97.3,26.72,11.89,2.47,48.74,17.58,7.96,26.0,3.77,57.1,0.72,0.72,41.2,2013.0,Khandwa
97.41,27.94,11.15,2.47,45.02,18.73,8.47,26.83,2.28,52.08,0.66,0.66,40.67,2014.0,Khandwa
97.46,27.41,11.41,2.33,44.85,18.49,8.35,26.59,3.32,53.39,0.67,0.68,40.21,2015.0,Khandwa
97.38,27.34,10.89,2.32,48.48,18.6,8.39,26.62,3.22,51.03,0.7,0.7,41.73,2016.0,Khandwa
97.36,27.35,10.93,2.25,44.11,19.0,8.54,26.7,2.96,50.56,0.69,0.69,40.45,2017.0,Khandwa
97.36,27.93,10.1,2.32,41.61,18.45,8.28,27.09,2.13,45.77,0.66,0.66,41.53,2018.0,Khandwa
97.4,27.31,11.61,2.44,47.17,18.08,8.19,26.41,4.83,55.4,0.74,0.74,42.77,2019.0,Khandwa
97.17,27.12,11.53,2.69,58.79,18.45,8.82,26.25,2.69,54.67,0.67,0.68,36.91,1990.0,Khargone
97.18,28.06,9.49,2.63,50.59,19.48,9.37,26.94,1.64,43.25,0.64,0.64,43.92,1991.0,Khargone
97.23,27.94,9.64,2.67,51.03,19.59,9.42,26.76,1.56,44.26,0.63,0.63,39.46,1992.0,Khargone
97.24,27.33,10.58,2.64,52.02,19.64,9.4,26.36,2.34,49.9,0.66,0.66,38.42,1993.0,Khargone
97.18,26.74,10.61,2.59,47.52,19.49,9.31,25.92,2.81,51.73,0.69,0.69,40.83,1994.0,Khargone
97.16,27.75,10.35,2.55,47.6,19.5,9.42,26.62,2.28,47.82,0.64,0.65,39.84,1995.0,Khargone
97.14,27.52,10.55,2.6,46.26,19.5,9.34,26.46,2.32,49.83,0.66,0.67,39.08,1996.0,Khargone
97.27,27.12,11.36,2.53,48.02,19.1,9.22,26.07,2.33,54.18,0.66,0.66,38.75,1997.0,Khargone
97.17,27.5,11.6,2.43,45.52,18.86,9.02,26.61,2.36,53.89,0.67,0.68,39.71,1998.0,Khargone
97.14,27.2,10.6,2.58,39.18,19.34,9.22,26.25,2.09,50.57,0.65,0.65,38.8,1999.0,Khargone
97.11,27.73,9.53,2.54,36.07,19.62,9.38,26.8,1.61,41.83,0.63,0.63,37.99,2000.0,Khargone
97.15,28.06,10.15,2.51,40.27,19.15,8.67,26.95,1.4,44.96,0.62,0.63,39.04,2001.0,Khargone
97.2,28.13,10.11,2.7,36.67,19.2,8.69,27.09,1.69,45.11,0.63,0.64,39.68,2002.0,Khargone
97.21,27.15,11.34,2.57,40.24,19.06,8.62,26.32,2.9,54.51,0.7,0.7,38.48,2003.0,Khargone
97.21,27.56,10.9,2.53,41.09,19.26,8.73,26.7,2.05,50.56,0.66,0.67,37.07,2004.0,Khargone
97.19,27.32,10.45,2.46,39.59,19.3,8.7,26.46,2.27,48.89,0.65,0.66,37.03,2005.0,Khargone
97.19,27.23,11.56,2.38,41.2,18.71,8.48,26.57,3.01,54.08,0.7,0.7,37.92,2006.0,Khargone
97.16,27.38,11.12,2.31,40.39,19.34,8.74,26.63,2.41,51.56,0.68,0.68,36.27,2007.0,Khargone
97.15,27.79,10.36,2.49,40.87,18.82,8.47,26.72,1.53,46.91,0.63,0.64,38.64,2008.0,Khargone
97.17,28.21,11.1,2.52,37.33,19.37,8.71,27.17,2.4,51.18,0.65,0.65,37.46,2009.0,Khargone
97.15,27.82,12.04,2.38,44.36,18.99,8.61,26.94,2.41,56.01,0.68,0.68,39.0,2010.0,Khargone
97.14,27.27,11.06,2.4,38.64,18.78,8.46,26.41,2.32,51.67,0.68,0.68,39.42,2011.0,Khargone
97.15,27.21,10.68,2.65,42.24,18.65,8.38,26.24,2.14,49.67,0.66,0.66,38.77,2012.0,Khargone
97.16,26.53,11.81,2.62,45.32,17.72,8.0,25.78,3.44,57.09,0.72,0.72,39.34,2013.0,Khargone
97.26,27.79,11.11,2.58,41.08,18.86,8.5,26.64,2.09,52.03,0.65,0.66,39.81,2014.0,Khargone
97.31,27.51,11.3,2.44,41.95,18.58,8.36,26.57,2.91,52.64,0.66,0.67,39.65,2015.0,Khargone
97.24,27.41,10.75,2.47,44.09,18.67,8.39,26.55,2.33,50.16,0.67,0.68,41.65,2016.0,Khargone
97.22,27.45,10.83,2.41,42.78,18.91,8.48,26.61,2.43,49.93,0.66,0.67,39.11,2017.0,Khargone
97.21,28.08,9.94,2.46,41.37,18.52,8.29,27.05,1.72,44.73,0.64,0.64,40.57,2018.0,Khargone
97.26,27.11,11.65,2.54,46.26,18.14,8.2,26.16,3.86,55.96,0.73,0.73,41.72,2019.0,Khargone
94.04,24.43,11.64,2.3,62.17,17.79,8.68,24.03,4.25,60.16,0.74,0.74,35.17,1990.0,Mandla
94.06,25.62,9.96,2.28,57.57,18.59,9.0,24.98,2.97,50.03,0.68,0.67,42.68,1991.0,Mandla
94.1,25.46,9.76,2.18,53.85,19.19,9.24,24.83,2.99,48.45,0.67,0.67,40.55,1992.0,Mandla
94.1,24.88,10.38,2.16,58.05,18.5,8.97,24.49,3.82,52.27,0.71,0.71,38.86,1993.0,Mandla
94.05,25.04,10.58,2.21,57.96,18.12,8.76,24.49,4.71,54.1,0.72,0.72,39.65,1994.0,Mandla
94.06,24.83,10.9,2.11,58.1,18.1,8.89,24.38,3.38,55.69,0.69,0.69,41.75,1995.0,Mandla
94.03,25.31,10.49,2.12,55.35,18.27,8.91,24.66,2.7,53.12,0.68,0.68,39.09,1996.0,Mandla
94.16,24.47,11.08,2.19,60.79,17.68,8.65,23.94,3.99,58.13,0.72,0.72,38.85,1997.0,Mandla
94.08,24.66,11.77,2.07,52.03,17.73,8.69,24.33,2.95,60.6,0.71,0.7,42.24,1998.0,Mandla
94.0,24.95,10.41,2.16,45.07,18.38,8.77,24.56,3.71,53.81,0.71,0.71,39.42,1999.0,Mandla
93.98,25.11,9.73,2.17,40.23,18.94,9.05,24.69,2.37,46.68,0.66,0.66,37.38,2000.0,Mandla
94.04,24.93,10.8,2.18,54.04,17.77,8.03,24.52,3.92,53.48,0.71,0.7,39.15,2001.0,Mandla
94.08,25.52,10.24,2.27,50.06,18.37,8.3,25.05,2.88,50.67,0.66,0.66,38.04,2002.0,Mandla
94.09,25.02,11.14,2.22,54.27,17.8,8.07,24.59,4.33,57.61,0.73,0.72,40.37,2003.0,Mandla
94.1,24.76,11.0,2.05,47.88,18.58,8.38,24.38,3.32,56.61,0.7,0.7,38.9,2004.0,Mandla
94.08,24.71,10.8,2.06,52.77,18.01,8.1,24.37,4.48,56.15,0.72,0.72,38.76,2005.0,Mandla
94.09,25.45,11.13,2.09,50.7,17.99,8.14,24.98,2.95,54.85,0.69,0.69,37.85,2006.0,Mandla
94.07,24.97,10.87,2.07,48.35,18.32,8.25,24.59,3.47,54.93,0.71,0.71,35.21,2007.0,Mandla
94.05,24.97,10.72,2.02,49.53,18.12,8.15,24.47,3.39,54.33,0.7,0.7,39.15,2008.0,Mandla
94.06,25.94,10.62,2.03,46.71,18.68,8.38,25.4,3.09,52.62,0.68,0.68,36.82,2009.0,Mandla
94.06,25.9,11.2,1.99,51.3,18.48,8.34,25.31,3.57,55.21,0.7,0.7,38.91,2010.0,Mandla
94.04,24.75,11.25,1.99,47.8,17.87,8.04,24.28,4.26,56.69,0.71,0.71,40.33,2011.0,Mandla
94.03,24.77,10.64,2.11,50.56,17.82,7.99,24.37,3.8,54.97,0.71,0.71,41.29,2012.0,Mandla
94.04,24.59,11.75,2.06,52.83,17.15,7.73,24.14,5.2,60.89,0.75,0.74,41.18,2013.0,Mandla
94.14,24.7,11.49,2.13,52.25,17.9,8.06,24.31,3.47,59.29,0.7,0.7,41.51,2014.0,Mandla
94.2,25.0,11.54,2.03,52.25,17.83,8.01,24.51,3.05,58.36,0.69,0.69,39.59,2015.0,Mandla
94.1,25.45,11.12,2.01,53.35,17.68,7.94,25.01,3.25,54.7,0.71,0.71,39.88,2016.0,Mandla
94.1,25.95,10.67,1.96,46.42,18.52,8.29,25.37,2.66,51.66,0.68,0.67,39.96,2017.0,Mandla
94.1,25.47,10.53,2.07,46.5,17.73,7.94,24.95,2.8,51.82,0.68,0.68,40.69,2018.0,Mandla
94.14,25.21,11.24,2.02,50.73,17.46,7.9,24.61,4.04,57.69,0.72,0.71,44.3,2019.0,Mandla
95.87,26.13,10.68,2.64,51.56,19.03,8.88,25.35,2.34,51.51,0.66,0.66,40.77,1990.0,Mandsaur
95.9,26.58,8.84,2.58,48.67,19.88,9.25,25.73,1.66,41.62,0.63,0.63,45.05,1991.0,Mandsaur
95.94,26.29,9.27,2.61,50.14,20.0,9.37,25.34,1.84,45.03,0.63,0.63,40.85,1992.0,Mandsaur
95.93,26.56,9.68,2.69,48.9,20.59,9.61,25.61,2.17,45.34,0.63,0.64,40.66,1993.0,Mandsaur
95.88,25.58,9.82,2.59,46.1,19.94,9.34,24.93,2.6,48.54,0.68,0.68,42.77,1994.0,Mandsaur
95.88,26.54,9.52,2.58,45.83,19.9,9.31,25.49,1.94,45.34,0.63,0.64,42.29,1995.0,Mandsaur
95.85,25.96,9.87,2.61,43.38,19.55,9.09,25.17,2.36,48.3,0.66,0.67,39.92,1996.0,Mandsaur
95.97,25.47,10.74,2.62,45.19,19.73,9.21,24.55,2.36,53.48,0.65,0.65,39.13,1997.0,Mandsaur
95.88,26.66,10.39,2.51,42.68,19.81,9.22,25.7,1.99,47.9,0.63,0.64,41.99,1998.0,Mandsaur
95.84,26.6,9.55,2.71,34.07,20.0,9.29,25.65,1.7,44.76,0.61,0.62,38.12,1999.0,Mandsaur
95.81,26.65,8.85,2.69,29.36,20.06,9.28,25.76,1.47,39.54,0.61,0.61,39.87,2000.0,Mandsaur
95.86,26.67,9.29,2.56,39.31,19.54,8.71,25.68,1.6,41.77,0.62,0.62,38.08,2001.0,Mandsaur
95.9,27.31,8.92,2.76,37.16,19.75,8.8,26.27,1.29,40.13,0.6,0.61,40.9,2002.0,Mandsaur
95.91,26.29,10.22,2.65,39.14,19.3,8.61,25.45,1.93,49.2,0.63,0.64,37.9,2003.0,Mandsaur
95.91,26.62,10.02,2.55,37.48,19.74,8.81,25.82,1.97,46.87,0.64,0.64,38.21,2004.0,Mandsaur
95.9,26.01,9.67,2.45,37.3,19.71,8.77,25.25,1.96,46.06,0.64,0.64,39.16,2005.0,Mandsaur
95.89,26.41,10.71,2.45,37.39,19.14,8.56,25.7,2.76,50.75,0.67,0.67,37.79,2006.0,Mandsaur
95.86,26.44,10.23,2.43,36.76,19.58,8.75,25.63,2.08,48.36,0.65,0.65,37.27,2007.0,Mandsaur
95.86,26.25,9.97,2.59,39.78,19.11,8.52,25.37,1.69,46.78,0.63,0.63,38.62,2008.0,Mandsaur
95.88,27.06,10.32,2.56,36.43,19.67,8.76,26.15,1.92,48.4,0.62,0.63,36.07,2009.0,Mandsaur
95.85,26.78,11.0,2.45,38.93,19.43,8.68,25.99,2.33,52.4,0.67,0.67,39.54,2010.0,Mandsaur
95.84,25.93,10.68,2.47,36.52,19.13,8.55,25.17,2.57,52.01,0.68,0.68,40.75,2011.0,Mandsaur
95.86,25.53,10.1,2.63,39.05,18.95,8.44,24.76,2.32,49.25,0.66,0.67,39.89,2012.0,Mandsaur
95.88,25.16,11.04,2.46,42.82,18.28,8.17,24.51,2.91,55.05,0.7,0.69,41.02,2013.0,Mandsaur
95.97,26.17,10.4,2.56,36.1,19.25,8.59,25.27,2.06,51.39,0.66,0.66,39.96,2014.0,Mandsaur
96.0,26.19,10.36,2.61,37.68,18.92,8.43,25.37,2.35,49.88,0.64,0.65,39.81,2015.0,Mandsaur
95.93,26.13,10.36,2.46,39.48,18.94,8.44,25.62,3.14,49.29,0.68,0.68,41.29,2016.0,Mandsaur
95.92,26.27,10.16,2.53,46.15,19.05,8.48,25.53,2.15,48.04,0.65,0.65,40.31,2017.0,Mandsaur
95.91,26.57,9.56,2.5,46.43,18.65,8.29,25.83,1.89,44.91,0.64,0.65,40.95,2018.0,Mandsaur
95.96,25.73,11.29,2.47,52.23,18.19,8.18,24.92,3.45,55.92,0.71,0.71,43.38,2019.0,Mandsaur
98.68,26.72,10.15,2.07,51.09,19.18,8.76,26.4,2.16,45.67,0.43,0.42,41.11,1990.0,Morena
98.71,27.34,8.48,2.09,45.76,20.21,9.14,26.86,1.5,37.85,0.4,0.4,45.33,1991.0,Morena
98.76,26.82,8.93,2.06,49.03,19.27,8.8,26.45,1.8,41.48,0.41,0.41,44.97,1992.0,Morena
98.73,27.08,8.94,2.15,49.37,20.3,9.23,26.78,1.76,39.21,0.41,0.4,45.53,1993.0,Morena
98.7,26.89,9.07,1.98,43.06,20.65,9.39,26.6,1.92,40.65,0.42,0.42,45.15,1994.0,Morena
98.7,26.6,9.49,2.06,44.4,19.87,9.05,26.29,2.43,43.85,0.46,0.45,43.97,1995.0,Morena
98.68,25.82,9.97,1.94,43.74,19.52,8.89,25.81,2.6,46.98,0.48,0.47,44.83,1996.0,Morena
98.8,26.69,9.59,2.06,48.97,19.67,8.99,26.08,1.82,43.56,0.39,0.39,42.21,1997.0,Morena
98.74,26.57,10.24,1.95,44.2,19.69,8.95,26.23,1.98,46.44,0.43,0.42,47.24,1998.0,Morena
98.64,27.27,8.89,2.03,36.0,19.63,8.88,26.97,1.7,38.98,0.4,0.4,41.96,1999.0,Morena
98.59,27.86,8.18,2.16,34.85,20.07,9.08,27.39,0.92,32.66,0.36,0.36,44.37,2000.0,Morena
98.67,27.07,9.22,1.91,37.34,19.23,8.68,26.84,1.75,38.02,0.39,0.39,43.77,2001.0,Morena
98.69,28.0,8.48,2.09,36.09,19.56,8.79,27.6,1.34,36.7,0.37,0.37,44.6,2002.0,Morena
98.74,26.91,9.63,1.88,43.21,18.5,8.36,26.5,1.58,44.12,0.4,0.39,44.21,2003.0,Morena
98.72,27.41,9.61,2.1,38.86,19.24,8.67,27.04,1.6,42.85,0.4,0.39,42.87,2004.0,Morena
98.72,27.0,9.35,2.06,37.41,19.11,8.57,26.5,1.51,42.12,0.38,0.38,42.72,2005.0,Morena
98.71,28.13,9.64,2.14,40.05,18.83,8.5,27.5,1.34,40.29,0.38,0.37,43.61,2006.0,Morena
98.69,27.61,9.53,2.11,37.27,18.89,8.52,27.02,1.35,40.94,0.38,0.37,43.41,2007.0,Morena
98.69,25.99,10.73,1.82,40.61,18.39,8.3,25.8,2.4,48.9,0.47,0.46,42.31,2008.0,Morena
98.69,27.87,9.61,2.05,35.61,19.37,8.72,27.3,1.56,43.03,0.4,0.4,41.63,2009.0,Morena
98.69,27.12,10.42,1.87,40.42,18.73,8.45,26.86,2.04,48.36,0.44,0.44,44.1,2010.0,Morena
98.68,26.0,10.75,1.83,35.21,18.84,8.52,25.81,2.2,50.47,0.47,0.46,45.86,2011.0,Morena
98.67,25.92,9.53,2.06,38.32,18.64,8.37,25.73,2.17,45.33,0.45,0.45,46.63,2012.0,Morena
98.72,25.43,10.93,1.93,38.79,18.49,8.35,25.21,2.8,53.09,0.48,0.47,46.9,2013.0,Morena
98.79,26.51,9.83,1.97,37.39,18.97,8.58,26.16,1.92,46.17,0.42,0.42,45.19,2014.0,Morena
98.85,26.67,9.94,1.89,36.01,18.93,8.52,26.25,1.91,45.5,0.4,0.4,43.03,2015.0,Morena
98.73,27.26,9.98,1.79,38.95,18.69,8.42,27.05,2.02,42.76,0.43,0.42,43.1,2016.0,Morena
98.72,27.85,9.4,1.95,47.71,18.7,8.42,27.27,1.39,39.93,0.38,0.38,44.19,2017.0,Morena
98.71,26.66,10.16,1.95,48.68,18.33,8.27,26.46,2.36,46.05,0.46,0.45,44.21,2018.0,Morena
98.79,26.55,10.91,1.88,55.68,17.79,8.09,25.99,2.08,51.88,0.44,0.44,47.44,2019.0,Morena
96.38,25.83,11.63,2.32,58.8,17.74,8.49,25.37,4.46,57.02,0.74,0.73,36.72,1990.0,Narsinghpur
96.4,26.95,9.66,2.36,51.31,19.15,9.1,26.25,2.95,45.79,0.68,0.68,43.75,1991.0,Narsinghpur
96.45,26.99,9.49,2.18,52.85,19.48,9.24,26.22,2.52,45.27,0.67,0.67,42.24,1992.0,Narsinghpur
96.45,26.29,10.36,2.21,54.25,19.26,9.17,25.78,3.71,49.97,0.71,0.7,41.43,1993.0,Narsinghpur
96.4,26.05,10.42,2.2,52.0,19.0,9.01,25.56,4.58,51.41,0.72,0.71,41.96,1994.0,Narsinghpur
96.4,26.39,10.67,2.17,51.66,19.13,9.15,25.81,3.02,51.67,0.69,0.68,41.74,1995.0,Narsinghpur
96.37,26.55,10.44,2.13,50.17,19.23,9.17,25.87,3.83,50.99,0.69,0.69,41.88,1996.0,Narsinghpur
96.51,25.67,11.27,2.19,52.41,18.95,9.08,25.12,3.97,56.24,0.72,0.72,39.94,1997.0,Narsinghpur
96.42,26.11,11.7,2.08,46.99,18.87,9.02,25.69,3.08,57.09,0.72,0.72,43.7,1998.0,Narsinghpur
96.36,25.98,10.47,2.18,42.1,18.59,8.77,25.6,3.39,51.8,0.71,0.71,40.28,1999.0,Narsinghpur
96.33,26.35,9.55,2.24,37.4,19.42,9.2,25.93,2.67,43.27,0.67,0.67,39.01,2000.0,Narsinghpur
96.39,26.23,10.59,2.13,50.33,18.33,8.33,25.76,3.06,49.34,0.7,0.69,40.54,2001.0,Narsinghpur
96.41,27.19,10.03,2.28,45.98,18.71,8.48,26.61,2.81,46.29,0.66,0.66,40.83,2002.0,Narsinghpur
96.44,26.37,11.15,2.19,49.48,18.2,8.27,25.82,4.0,55.21,0.73,0.73,41.24,2003.0,Narsinghpur
96.43,26.95,10.52,2.16,44.71,18.99,8.6,26.24,2.74,50.41,0.67,0.67,40.73,2004.0,Narsinghpur
96.42,26.45,10.43,2.13,48.05,18.67,8.43,25.85,3.94,50.95,0.7,0.7,39.4,2005.0,Narsinghpur
96.42,26.66,11.34,2.05,49.42,18.25,8.31,26.23,4.93,53.26,0.71,0.7,39.51,2006.0,Narsinghpur
96.4,26.63,10.68,2.03,47.47,18.84,8.52,26.1,3.15,50.62,0.7,0.69,37.12,2007.0,Narsinghpur
96.4,26.32,10.68,2.0,47.52,18.51,8.36,25.74,2.8,50.96,0.7,0.69,39.81,2008.0,Narsinghpur
96.4,27.02,10.89,2.05,45.15,18.87,8.51,26.47,3.47,52.03,0.69,0.69,37.9,2009.0,Narsinghpur
96.39,26.94,11.45,1.97,49.7,18.68,8.47,26.4,3.14,55.0,0.71,0.71,41.14,2010.0,Narsinghpur
96.38,26.38,11.07,2.04,45.48,18.29,8.28,25.7,4.17,53.43,0.71,0.71,43.24,2011.0,Narsinghpur
96.37,26.37,10.44,2.21,48.18,18.21,8.21,25.75,3.6,50.34,0.7,0.69,41.69,2012.0,Narsinghpur
96.38,26.04,11.78,2.14,50.85,17.21,7.79,25.48,4.9,57.56,0.72,0.72,43.72,2013.0,Narsinghpur
96.48,26.7,11.15,2.24,49.01,18.5,8.37,26.01,2.95,54.32,0.69,0.68,43.25,2014.0,Narsinghpur
96.54,26.52,11.41,2.14,48.96,18.06,8.15,25.88,3.53,55.0,0.69,0.69,42.2,2015.0,Narsinghpur
96.44,26.9,10.83,2.1,50.02,18.22,8.21,26.33,4.12,50.89,0.71,0.7,42.17,2016.0,Narsinghpur
96.43,27.17,10.58,2.07,42.66,18.88,8.49,26.55,2.45,48.6,0.67,0.67,43.44,2017.0,Narsinghpur
96.43,27.01,10.27,2.17,42.37,17.96,8.05,26.41,2.8,47.91,0.68,0.68,42.41,2018.0,Narsinghpur
96.48,26.66,11.28,2.07,47.97,17.74,8.04,25.94,4.98,54.88,0.73,0.72,45.23,2019.0,Narsinghpur
95.69,26.3,10.33,2.57,51.56,19.03,8.88,25.47,1.93,48.82,0.54,0.54,41.26,1990.0,Neemuch
95.72,26.44,8.69,2.49,48.67,19.88,9.25,25.65,1.55,40.64,0.53,0.53,44.26,1991.0,Neemuch
95.77,25.99,9.26,2.5,50.14,20.0,9.37,25.17,1.88,45.05,0.54,0.54,41.05,1992.0,Neemuch
95.76,26.42,9.56,2.61,48.9,20.59,9.61,25.59,2.04,44.28,0.54,0.53,40.47,1993.0,Neemuch
95.71,25.49,9.69,2.49,46.1,19.94,9.34,24.93,2.27,47.29,0.58,0.57,43.36,1994.0,Neemuch
95.71,26.39,9.38,2.5,45.83,19.9,9.31,25.41,1.8,44.49,0.54,0.54,42.51,1995.0,Neemuch
95.68,25.8,9.73,2.52,43.38,19.55,9.09,25.11,2.17,47.13,0.57,0.57,40.81,1996.0,Neemuch
95.8,25.45,10.5,2.58,45.19,19.73,9.21,24.48,2.08,51.9,0.55,0.54,39.52,1997.0,Neemuch
95.72,26.55,10.13,2.47,42.68,19.81,9.22,25.63,1.74,46.22,0.53,0.53,42.61,1998.0,Neemuch
95.67,26.71,9.22,2.64,34.07,20.0,9.29,25.77,1.47,42.32,0.51,0.52,39.06,1999.0,Neemuch
95.64,26.53,8.69,2.63,29.36,20.06,9.28,25.74,1.31,38.28,0.51,0.51,40.8,2000.0,Neemuch
95.69,26.29,9.23,2.46,39.31,19.54,8.71,25.48,1.68,41.36,0.53,0.53,38.77,2001.0,Neemuch
95.72,27.27,8.64,2.69,37.16,19.75,8.8,26.31,1.13,38.3,0.5,0.5,40.38,2002.0,Neemuch
95.73,26.41,9.79,2.59,39.14,19.3,8.61,25.51,1.54,46.18,0.52,0.52,39.19,2003.0,Neemuch
95.74,26.52,9.83,2.48,37.48,19.74,8.81,25.77,1.87,45.63,0.55,0.55,39.29,2004.0,Neemuch
95.73,25.83,9.52,2.39,37.3,19.71,8.77,25.15,1.81,45.06,0.54,0.54,39.58,2005.0,Neemuch
95.71,26.33,10.51,2.39,37.39,19.14,8.56,25.69,2.58,49.3,0.58,0.57,38.67,2006.0,Neemuch
95.69,26.3,10.06,2.37,36.76,19.58,8.75,25.55,1.94,47.3,0.55,0.55,37.9,2007.0,Neemuch
95.69,25.93,9.97,2.47,39.78,19.11,8.52,25.17,1.71,46.7,0.54,0.54,38.3,2008.0,Neemuch
95.71,27.06,9.95,2.5,36.43,19.67,8.76,26.18,1.65,45.94,0.52,0.52,36.93,2009.0,Neemuch
95.68,26.67,10.77,2.41,38.93,19.43,8.68,25.92,2.22,51.05,0.57,0.57,39.19,2010.0,Neemuch
95.67,25.57,10.71,2.36,36.52,19.13,8.55,24.96,2.56,52.36,0.6,0.6,41.38,2011.0,Neemuch
95.69,25.23,10.02,2.48,39.05,18.95,8.44,24.58,2.26,48.98,0.58,0.57,41.05,2012.0,Neemuch
95.71,24.96,10.88,2.34,42.82,18.28,8.17,24.37,2.64,54.21,0.6,0.6,41.97,2013.0,Neemuch
95.8,25.92,10.29,2.45,36.1,19.25,8.59,25.1,2.02,50.93,0.57,0.57,40.29,2014.0,Neemuch
95.83,25.97,10.21,2.5,37.68,18.92,8.43,25.18,2.18,49.1,0.55,0.55,40.78,2015.0,Neemuch
95.76,25.95,10.36,2.37,39.48,18.94,8.44,25.56,3.23,48.94,0.61,0.6,40.98,2016.0,Neemuch
95.75,26.17,9.99,2.44,46.15,19.05,8.48,25.49,1.98,46.85,0.55,0.55,41.49,2017.0,Neemuch
95.74,26.34,9.51,2.41,46.43,18.65,8.29,25.68,1.83,44.73,0.55,0.55,40.12,2018.0,Neemuch
95.79,25.46,11.28,2.33,52.23,18.19,8.18,24.74,3.48,55.95,0.64,0.64,43.41,2019.0,Neemuch
96.65,25.44,11.2,2.16,59.01,18.61,8.5,25.21,3.61,54.68,0.64,0.64,37.21,1990.0,Panna
96.67,25.87,9.93,2.19,57.01,19.37,8.82,25.58,2.33,48.35,0.56,0.57,43.29,1991.0,Panna
96.73,26.11,9.65,2.05,53.36,19.78,8.99,25.76,2.72,46.46,0.58,0.58,42.13,1992.0,Panna
96.71,25.64,10.09,2.1,58.37,19.5,8.88,25.61,2.89,48.23,0.58,0.58,41.83,1993.0,Panna
96.67,25.4,10.29,2.0,56.61,19.24,8.78,25.34,3.37,50.58,0.6,0.61,42.98,1994.0,Panna
96.67,26.03,10.27,2.16,54.91,19.02,8.71,25.65,2.39,49.2,0.55,0.56,42.19,1995.0,Panna
96.65,25.58,10.4,1.99,52.35,18.6,8.44,25.33,2.57,51.19,0.57,0.58,41.91,1996.0,Panna
96.78,25.07,10.92,2.12,59.44,18.12,8.31,24.67,3.41,54.95,0.61,0.61,39.46,1997.0,Panna
96.7,25.58,11.26,2.01,47.49,18.84,8.58,25.36,2.36,55.0,0.57,0.58,43.31,1998.0,Panna
96.62,25.75,10.04,2.08,40.59,19.09,8.6,25.64,2.65,48.65,0.58,0.59,40.34,1999.0,Panna
96.58,26.15,9.42,2.18,35.67,19.31,8.74,25.8,1.7,42.21,0.51,0.52,40.09,2000.0,Panna
96.66,25.21,10.81,2.01,43.7,18.69,8.41,25.08,3.34,51.15,0.6,0.6,40.28,2001.0,Panna
96.68,26.05,10.16,2.16,41.58,18.7,8.4,25.91,2.8,49.19,0.57,0.57,40.74,2002.0,Panna
96.71,25.32,11.13,2.06,47.73,18.11,8.16,25.11,3.81,56.79,0.63,0.63,42.65,2003.0,Panna
96.71,25.31,10.94,2.01,42.48,18.89,8.49,25.37,2.73,54.26,0.59,0.6,41.28,2004.0,Panna
96.7,25.2,10.79,2.07,43.11,18.68,8.36,25.11,3.85,54.3,0.63,0.64,39.42,2005.0,Panna
96.69,26.33,10.87,2.06,44.14,18.49,8.33,26.13,2.26,50.59,0.55,0.56,39.97,2006.0,Panna
96.68,26.1,10.52,2.06,42.87,18.54,8.31,25.71,2.09,49.69,0.53,0.53,38.58,2007.0,Panna
96.67,25.33,11.07,1.93,44.05,18.19,8.15,25.04,2.6,54.26,0.59,0.6,38.79,2008.0,Panna
96.67,26.58,10.55,2.06,40.82,18.82,8.43,26.17,2.29,50.82,0.53,0.54,38.72,2009.0,Panna
96.67,26.51,11.01,1.9,45.59,18.8,8.44,26.17,2.54,52.97,0.58,0.58,40.2,2010.0,Panna
96.65,25.29,11.26,1.87,40.21,18.33,8.25,25.07,3.15,55.5,0.62,0.62,42.11,2011.0,Panna
96.63,25.33,10.54,2.06,43.51,18.46,8.25,25.19,2.9,52.39,0.61,0.61,42.79,2012.0,Panna
96.66,24.81,11.79,1.96,45.31,17.92,8.03,24.68,4.17,59.61,0.65,0.65,43.21,2013.0,Panna
96.75,25.57,11.0,2.03,44.75,18.35,8.24,25.28,2.37,54.78,0.54,0.55,43.52,2014.0,Panna
96.81,25.64,11.3,1.96,44.01,18.22,8.16,25.32,2.7,54.94,0.55,0.56,41.12,2015.0,Panna
96.71,25.89,11.13,1.96,46.69,17.81,7.97,25.76,4.02,53.23,0.62,0.63,41.25,2016.0,Panna
96.69,26.54,10.55,1.99,42.14,18.55,8.3,26.17,2.09,49.17,0.54,0.55,43.05,2017.0,Panna
96.68,26.26,10.54,2.04,42.99,18.11,8.11,25.95,2.82,49.73,0.58,0.59,42.95,2018.0,Panna
96.76,25.76,11.33,1.91,50.85,17.69,7.99,25.26,3.64,56.79,0.63,0.64,46.29,2019.0,Panna
95.44,25.32,11.26,2.51,58.48,17.92,8.4,24.8,4.22,55.95,0.73,0.72,37.67,1990.0,Raisen
95.46,26.0,9.51,2.54,50.08,19.42,9.06,25.4,2.77,46.38,0.67,0.68,43.73,1991.0,Raisen
95.51,26.23,9.41,2.45,52.82,19.62,9.15,25.39,2.27,46.14,0.67,0.67,41.03,1992.0,Raisen
95.5,25.72,10.1,2.52,53.37,19.48,9.1,25.18,3.22,49.37,0.69,0.69,41.23,1993.0,Raisen
95.45,25.19,10.27,2.4,52.64,19.23,8.98,24.76,3.9,51.87,0.71,0.71,42.13,1994.0,Raisen
95.45,25.76,10.29,2.39,49.2,19.51,9.15,25.09,2.8,50.94,0.68,0.68,41.2,1995.0,Raisen
95.42,25.64,10.25,2.37,48.44,19.32,9.05,25.03,4.03,51.48,0.69,0.69,40.42,1996.0,Raisen
95.56,25.06,11.07,2.4,51.14,18.97,8.93,24.38,3.77,56.42,0.71,0.71,39.34,1997.0,Raisen
95.47,25.4,11.38,2.25,46.08,19.16,8.99,24.99,2.86,56.52,0.71,0.72,42.98,1998.0,Raisen
95.42,25.47,10.21,2.43,41.49,18.7,8.69,24.99,2.78,51.01,0.69,0.69,39.39,1999.0,Raisen
95.38,25.85,9.25,2.48,35.16,19.43,9.03,25.32,2.34,42.48,0.66,0.66,38.62,2000.0,Raisen
95.44,25.64,10.21,2.27,45.82,18.73,8.48,25.11,2.66,48.19,0.68,0.69,39.49,2001.0,Raisen
95.47,26.58,9.74,2.48,41.86,19.15,8.64,25.92,2.44,45.76,0.65,0.65,40.12,2002.0,Raisen
95.49,25.6,10.87,2.4,45.56,18.54,8.39,25.08,3.39,54.75,0.73,0.72,39.93,2003.0,Raisen
95.49,26.3,10.36,2.33,40.98,19.01,8.59,25.57,2.47,50.44,0.66,0.67,40.36,2004.0,Raisen
95.47,25.81,10.16,2.34,43.49,19.05,8.57,25.17,3.29,50.23,0.69,0.69,38.49,2005.0,Raisen
95.47,25.9,11.13,2.22,44.68,18.57,8.42,25.5,4.92,53.57,0.71,0.7,38.37,2006.0,Raisen
95.45,25.8,10.62,2.21,42.9,18.98,8.57,25.33,2.97,51.59,0.69,0.69,36.82,2007.0,Raisen
95.45,25.57,10.55,2.23,46.3,18.67,8.42,24.94,2.53,51.6,0.69,0.69,38.74,2008.0,Raisen
95.46,26.41,10.74,2.33,42.41,19.02,8.57,25.84,3.07,52.13,0.68,0.68,37.07,2009.0,Raisen
95.44,26.36,11.25,2.23,47.22,18.98,8.59,25.74,2.53,55.12,0.7,0.7,40.27,2010.0,Raisen
95.43,25.55,10.99,2.22,43.6,18.36,8.31,24.91,4.14,54.87,0.72,0.72,42.31,2011.0,Raisen
95.43,25.62,10.24,2.45,46.56,18.32,8.26,24.9,3.11,50.55,0.68,0.69,40.72,2012.0,Raisen
95.44,25.22,11.47,2.41,48.62,17.47,7.9,24.59,4.43,57.51,0.71,0.71,42.38,2013.0,Raisen
95.54,25.92,10.87,2.49,46.68,18.63,8.41,25.22,2.8,54.52,0.68,0.69,42.59,2014.0,Raisen
95.59,25.75,10.98,2.42,46.2,18.08,8.17,25.12,3.56,54.35,0.68,0.68,41.05,2015.0,Raisen
95.5,25.88,10.72,2.31,47.94,18.3,8.24,25.46,4.22,51.82,0.71,0.71,42.78,2016.0,Raisen
95.49,26.35,10.33,2.32,44.23,18.57,8.35,25.78,2.37,48.53,0.66,0.66,42.87,2017.0,Raisen
95.48,26.1,10.12,2.34,43.01,18.06,8.11,25.59,2.84,48.82,0.69,0.69,41.64,2018.0,Raisen
95.53,25.85,11.21,2.31,49.49,17.75,8.06,25.11,5.09,55.81,0.73,0.73,44.42,2019.0,Raisen
96.06,25.89,10.92,2.43,57.22,18.09,8.61,25.28,3.37,53.2,0.71,0.71,40.92,1990.0,Rajgarh
96.08,26.47,9.16,2.42,49.61,19.24,9.12,25.76,2.18,43.75,0.66,0.67,45.44,1991.0,Rajgarh
96.13,26.55,9.26,2.39,51.12,19.55,9.27,25.65,2.04,44.88,0.66,0.66,41.76,1992.0,Rajgarh
96.12,26.44,9.78,2.49,52.31,19.42,9.21,25.69,2.47,46.4,0.66,0.66,40.89,1993.0,Rajgarh
96.07,25.75,9.9,2.36,50.62,19.21,9.12,25.23,2.87,48.67,0.7,0.7,43.56,1994.0,Rajgarh
96.07,26.29,9.87,2.35,47.45,19.48,9.28,25.48,2.67,47.94,0.67,0.67,42.19,1995.0,Rajgarh
96.04,26.01,10.01,2.33,45.71,19.18,9.09,25.35,3.3,49.38,0.69,0.7,41.03,1996.0,Rajgarh
96.17,25.57,10.79,2.38,48.89,18.91,9.02,24.74,2.95,53.97,0.68,0.68,39.81,1997.0,Rajgarh
96.08,26.41,10.74,2.25,43.56,19.14,9.06,25.65,2.21,51.24,0.68,0.68,43.66,1998.0,Rajgarh
96.03,26.35,9.77,2.41,39.33,18.9,8.93,25.62,2.15,46.85,0.66,0.66,39.81,1999.0,Rajgarh
95.99,26.77,8.68,2.5,33.06,19.37,9.12,25.97,1.52,38.18,0.63,0.63,39.71,2000.0,Rajgarh
96.06,26.23,9.82,2.24,44.77,18.77,8.48,25.51,2.31,45.03,0.67,0.67,40.23,2001.0,Rajgarh
96.08,27.31,9.24,2.47,40.52,19.22,8.66,26.4,1.86,42.36,0.64,0.64,40.74,2002.0,Rajgarh
96.11,26.07,10.57,2.36,43.03,18.57,8.39,25.43,2.59,52.25,0.7,0.7,40.56,2003.0,Rajgarh
96.1,26.76,10.09,2.3,41.19,19.08,8.62,25.99,2.17,47.92,0.66,0.67,40.47,2004.0,Rajgarh
96.08,26.29,9.81,2.25,42.67,19.1,8.58,25.53,2.43,47.22,0.68,0.68,39.05,2005.0,Rajgarh
96.08,26.59,10.79,2.2,43.71,18.65,8.44,25.98,3.56,50.77,0.69,0.69,38.36,2006.0,Rajgarh
96.06,26.24,10.41,2.18,41.71,19.07,8.6,25.69,2.61,49.68,0.69,0.69,37.1,2007.0,Rajgarh
96.06,25.93,10.37,2.18,44.94,18.7,8.41,25.24,2.35,49.76,0.68,0.68,39.42,2008.0,Rajgarh
96.07,27.2,10.4,2.32,39.44,19.19,8.63,26.39,2.25,49.26,0.65,0.66,37.57,2009.0,Rajgarh
96.05,26.99,10.93,2.2,44.75,19.0,8.58,26.21,2.25,52.4,0.68,0.68,40.57,2010.0,Rajgarh
96.04,25.94,10.84,2.17,40.77,18.5,8.35,25.27,3.93,53.36,0.72,0.72,44.01,2011.0,Rajgarh
96.04,25.93,10.01,2.37,46.02,18.33,8.25,25.14,2.38,48.75,0.68,0.68,41.73,2012.0,Rajgarh
96.07,25.28,11.25,2.28,47.29,17.48,7.89,24.67,4.02,56.31,0.72,0.71,42.84,2013.0,Rajgarh
96.16,26.31,10.57,2.43,43.99,18.64,8.41,25.53,2.54,52.49,0.68,0.68,43.43,2014.0,Rajgarh
96.21,26.11,10.68,2.36,44.0,18.19,8.2,25.4,2.98,52.14,0.68,0.68,41.79,2015.0,Rajgarh
96.12,26.27,10.47,2.27,45.58,18.42,8.28,25.86,3.62,49.8,0.7,0.7,43.31,2016.0,Rajgarh
96.1,27.2,9.83,2.32,45.09,18.58,8.34,26.33,1.72,44.51,0.63,0.63,44.09,2017.0,Rajgarh
96.09,26.93,9.64,2.32,42.76,18.17,8.15,26.19,1.93,45.01,0.66,0.66,42.63,2018.0,Rajgarh
96.14,26.24,11.06,2.26,50.17,17.72,8.04,25.41,3.76,54.28,0.72,0.72,44.93,2019.0,Rajgarh
95.86,26.04,10.91,2.72,56.48,18.26,8.76,25.28,2.69,53.04,0.68,0.68,40.37,1990.0,Ratlam
95.88,26.68,8.98,2.65,50.73,19.16,9.08,25.79,1.74,42.3,0.65,0.65,44.85,1991.0,Ratlam
95.93,26.39,9.36,2.69,52.72,19.59,9.34,25.41,1.78,45.25,0.64,0.65,39.67,1992.0,Ratlam
95.92,26.54,9.82,2.75,52.35,19.73,9.39,25.6,2.24,46.41,0.66,0.66,39.92,1993.0,Ratlam
95.87,25.68,9.91,2.68,51.14,19.12,9.11,24.97,2.89,49.19,0.69,0.7,41.33,1994.0,Ratlam
95.86,26.51,9.67,2.64,47.64,19.43,9.29,25.5,2.16,46.11,0.65,0.65,40.9,1995.0,Ratlam
95.84,26.05,10.02,2.67,46.7,19.06,9.08,25.21,2.5,49.16,0.68,0.68,39.02,1996.0,Ratlam
95.96,25.52,10.9,2.65,48.99,18.93,9.05,24.64,2.56,54.36,0.67,0.68,38.55,1997.0,Ratlam
95.87,26.58,10.69,2.53,45.25,19.18,9.16,25.66,2.2,49.9,0.66,0.67,40.82,1998.0,Ratlam
95.83,26.43,9.82,2.74,38.83,19.14,9.1,25.53,1.93,46.75,0.64,0.64,37.33,1999.0,Ratlam
95.8,26.69,9.0,2.72,33.62,19.51,9.22,25.77,1.59,40.55,0.63,0.64,38.83,2000.0,Ratlam
95.84,26.92,9.38,2.62,40.14,18.98,8.54,25.85,1.47,42.25,0.63,0.64,37.3,2001.0,Ratlam
95.89,27.19,9.26,2.79,35.9,19.39,8.71,26.16,1.46,42.09,0.62,0.63,40.34,2002.0,Ratlam
95.9,26.09,10.6,2.69,39.03,18.85,8.48,25.38,2.46,51.78,0.68,0.68,37.46,2003.0,Ratlam
95.9,26.56,10.25,2.59,38.95,19.21,8.65,25.78,2.08,48.39,0.66,0.67,36.96,2004.0,Ratlam
95.88,26.15,9.8,2.51,39.61,19.3,8.64,25.33,2.06,46.77,0.65,0.66,38.46,2005.0,Ratlam
95.88,26.42,10.86,2.51,39.77,18.75,8.45,25.7,2.86,51.86,0.69,0.69,37.39,2006.0,Ratlam
95.85,26.46,10.45,2.45,40.03,19.21,8.65,25.67,2.27,49.55,0.68,0.68,35.89,2007.0,Ratlam
95.85,26.53,9.97,2.65,43.22,18.81,8.43,25.56,1.6,46.64,0.64,0.64,38.47,2008.0,Ratlam
95.87,27.05,10.59,2.6,36.61,19.32,8.66,26.15,2.2,50.01,0.64,0.65,36.11,2009.0,Ratlam
95.84,26.83,11.22,2.48,41.08,19.09,8.59,26.01,2.38,53.54,0.68,0.68,39.16,2010.0,Ratlam
95.83,26.17,10.67,2.53,38.26,18.64,8.39,25.32,2.52,51.67,0.69,0.69,39.62,2011.0,Ratlam
95.85,25.74,10.18,2.74,43.47,18.53,8.31,24.89,2.33,49.34,0.67,0.68,38.34,2012.0,Ratlam
95.86,25.23,11.2,2.57,46.58,17.53,7.9,24.58,3.3,55.88,0.72,0.72,39.26,2013.0,Ratlam
95.96,26.29,10.56,2.63,41.42,18.76,8.43,25.36,2.11,51.97,0.67,0.67,39.46,2014.0,Ratlam
95.99,26.29,10.51,2.68,40.76,18.43,8.28,25.47,2.59,50.59,0.66,0.67,38.58,2015.0,Ratlam
95.93,26.17,10.45,2.52,44.09,18.52,8.31,25.61,3.0,49.99,0.7,0.7,40.8,2016.0,Ratlam
95.91,26.24,10.33,2.57,42.15,18.74,8.39,25.53,2.28,49.17,0.67,0.68,39.53,2017.0,Ratlam
95.9,26.65,9.66,2.55,40.25,18.39,8.23,25.9,1.99,45.31,0.66,0.67,40.72,2018.0,Ratlam
95.94,25.79,11.36,2.58,47.02,17.86,8.07,24.96,3.49,56.38,0.73,0.73,42.06,2019.0,Ratlam
96.98,25.65,11.26,2.1,59.65,18.81,8.51,25.44,3.36,54.38,0.65,0.65,37.61,1990.0,Rewa
97.0,26.12,10.03,2.15,55.88,19.52,8.81,25.83,2.36,48.16,0.59,0.59,43.73,1991.0,Rewa
97.06,26.22,9.78,2.03,53.42,19.94,9.0,25.89,2.7,46.79,0.6,0.6,41.82,1992.0,Rewa
97.03,26.08,9.98,2.11,58.55,19.42,8.79,25.88,2.35,46.97,0.58,0.58,42.16,1993.0,Rewa
97.0,25.74,10.35,1.94,56.03,19.39,8.79,25.62,2.88,49.96,0.61,0.61,43.73,1994.0,Rewa
97.0,26.39,10.29,2.13,55.61,19.21,8.74,25.9,2.11,48.96,0.56,0.56,42.4,1995.0,Rewa
96.98,25.66,10.52,1.94,52.65,18.71,8.43,25.46,2.62,51.53,0.6,0.6,42.13,1996.0,Rewa
97.11,25.26,10.83,2.04,59.92,18.33,8.29,24.93,3.14,54.16,0.62,0.62,40.73,1997.0,Rewa
97.04,25.76,11.37,2.0,48.81,18.67,8.43,25.49,2.44,55.55,0.61,0.61,44.35,1998.0,Rewa
96.94,25.83,10.24,2.03,40.34,19.19,8.58,25.7,2.45,49.81,0.6,0.6,40.89,1999.0,Rewa
96.92,26.36,9.59,2.14,35.41,19.34,8.7,25.94,1.61,42.79,0.53,0.54,40.37,2000.0,Rewa
96.99,25.48,10.94,2.02,43.33,18.58,8.4,25.32,3.03,51.42,0.62,0.62,40.35,2001.0,Rewa
97.01,26.15,10.33,2.09,42.22,18.76,8.47,26.05,2.58,49.72,0.58,0.59,41.38,2002.0,Rewa
97.05,25.57,11.07,1.99,47.77,18.11,8.18,25.39,3.14,55.63,0.63,0.63,42.55,2003.0,Rewa
97.04,25.74,10.85,2.04,42.64,18.99,8.55,25.64,2.32,52.83,0.58,0.59,41.52,2004.0,Rewa
97.03,25.69,10.71,2.03,43.79,18.7,8.39,25.53,3.12,52.71,0.63,0.63,39.78,2005.0,Rewa
97.03,26.85,10.79,2.06,46.45,18.52,8.37,26.44,1.9,49.04,0.55,0.56,40.28,2006.0,Rewa
97.01,26.28,10.77,2.04,42.89,18.68,8.4,25.85,2.06,50.58,0.55,0.56,38.95,2007.0,Rewa
97.0,25.44,11.19,1.9,43.29,18.12,8.13,25.18,2.72,54.78,0.62,0.62,39.66,2008.0,Rewa
97.0,27.12,10.39,2.1,40.86,18.84,8.45,26.55,1.8,48.84,0.54,0.54,39.15,2009.0,Rewa
97.0,27.28,10.74,1.88,44.67,18.87,8.49,26.72,1.86,49.72,0.56,0.56,40.12,2010.0,Rewa
96.98,25.66,11.24,1.84,40.21,18.36,8.28,25.32,2.96,54.47,0.63,0.63,41.11,2011.0,Rewa
96.97,25.5,10.65,2.05,43.34,18.51,8.29,25.27,2.94,53.52,0.63,0.63,43.47,2012.0,Rewa
97.0,25.05,11.78,1.93,45.48,18.09,8.12,24.86,3.67,59.56,0.67,0.67,44.89,2013.0,Rewa
97.08,25.54,11.15,1.99,45.47,18.27,8.23,25.32,2.39,55.43,0.58,0.58,43.02,2014.0,Rewa
97.14,26.02,11.35,1.92,43.73,18.26,8.19,25.67,2.59,54.33,0.57,0.57,42.04,2015.0,Rewa
97.03,26.07,11.23,1.94,46.92,17.87,8.03,25.89,3.72,53.87,0.65,0.65,41.54,2016.0,Rewa
97.03,26.64,10.75,1.95,42.85,18.58,8.33,26.29,2.08,50.22,0.58,0.59,43.97,2017.0,Rewa
97.02,26.38,10.69,2.02,43.52,18.13,8.15,26.08,2.52,49.63,0.59,0.6,41.56,2018.0,Rewa
97.1,26.01,11.33,1.88,51.75,17.58,7.97,25.48,3.08,56.34,0.63,0.64,46.63,2019.0,Rewa
95.55,25.19,11.05,2.34,57.83,17.95,8.39,24.77,3.97,55.02,0.72,0.72,37.11,1990.0,Sagar
95.57,25.85,9.51,2.38,50.86,19.38,9.04,25.35,2.54,46.62,0.66,0.67,43.21,1991.0,Sagar
95.62,26.07,9.3,2.19,52.36,19.37,9.02,25.43,2.34,45.64,0.66,0.67,41.71,1992.0,Sagar
95.61,25.58,9.91,2.27,54.28,19.28,8.98,25.2,2.96,48.36,0.67,0.68,40.49,1993.0,Sagar
95.56,25.26,10.07,2.2,52.8,19.17,8.92,24.92,3.52,50.24,0.7,0.7,42.89,1994.0,Sagar
95.57,25.6,10.18,2.25,50.33,19.32,9.06,25.11,2.95,50.21,0.67,0.68,42.19,1995.0,Sagar
95.54,25.37,10.17,2.14,48.35,19.26,9.03,24.94,3.61,51.34,0.69,0.69,41.22,1996.0,Sagar
95.67,24.84,10.88,2.25,51.75,18.98,8.93,24.28,3.45,55.72,0.7,0.7,38.75,1997.0,Sagar
95.59,25.34,11.14,2.1,46.73,19.04,8.93,25.0,2.51,55.31,0.69,0.69,43.12,1998.0,Sagar
95.52,25.37,9.99,2.21,41.74,18.71,8.66,25.1,2.85,49.63,0.69,0.69,39.96,1999.0,Sagar
95.49,25.94,9.08,2.36,35.95,19.35,9.02,25.44,1.79,41.28,0.63,0.64,40.39,2000.0,Sagar
95.56,25.38,10.23,2.14,46.37,18.53,8.41,24.97,2.8,48.51,0.68,0.68,40.28,2001.0,Sagar
95.58,26.46,9.61,2.31,43.23,18.84,8.53,25.88,2.33,45.89,0.64,0.65,41.04,2002.0,Sagar
95.61,25.45,10.77,2.21,46.67,18.26,8.28,24.99,3.21,54.77,0.71,0.71,41.53,2003.0,Sagar
95.6,25.77,10.38,2.16,41.65,18.88,8.54,25.36,2.52,51.53,0.67,0.67,41.15,2004.0,Sagar
95.59,25.47,10.21,2.21,45.73,18.77,8.46,25.01,3.16,51.21,0.69,0.69,38.65,2005.0,Sagar
95.58,25.91,10.86,2.11,47.6,18.23,8.29,25.61,3.7,51.98,0.69,0.69,38.08,2006.0,Sagar
95.57,25.44,10.47,2.1,43.94,18.6,8.4,25.14,2.84,51.42,0.69,0.69,38.02,2007.0,Sagar
95.56,25.24,10.69,2.04,45.74,18.45,8.32,24.8,2.85,52.82,0.7,0.7,39.52,2008.0,Sagar
95.57,26.38,10.49,2.14,42.88,18.75,8.45,25.81,2.66,51.25,0.66,0.66,37.61,2009.0,Sagar
95.56,26.21,10.98,2.03,46.88,18.78,8.51,25.69,2.73,54.13,0.69,0.69,40.71,2010.0,Sagar
95.54,25.28,10.97,2.04,42.99,18.19,8.24,24.81,4.41,54.98,0.72,0.72,43.11,2011.0,Sagar
95.53,25.44,10.16,2.26,46.26,18.22,8.22,24.92,2.8,50.53,0.68,0.68,41.69,2012.0,Sagar
95.55,24.92,11.46,2.18,48.81,17.42,7.89,24.48,4.59,57.99,0.71,0.71,43.27,2013.0,Sagar
95.65,25.58,10.82,2.26,46.74,18.49,8.37,25.07,2.79,54.77,0.67,0.68,43.77,2014.0,Sagar
95.71,25.4,11.06,2.14,47.2,17.93,8.1,24.91,3.13,55.3,0.68,0.68,41.87,2015.0,Sagar
95.61,25.78,10.74,2.09,47.85,18.02,8.12,25.48,3.92,51.84,0.7,0.71,42.25,2016.0,Sagar
95.6,26.49,10.18,2.16,45.57,18.34,8.26,25.89,2.15,47.5,0.64,0.64,41.67,2017.0,Sagar
95.58,26.07,10.15,2.16,44.91,17.78,7.99,25.59,3.08,49.01,0.68,0.69,42.34,2018.0,Sagar
95.64,25.68,11.08,2.07,51.44,17.51,7.95,24.99,4.42,55.76,0.72,0.72,45.7,2019.0,Sagar
96.66,25.44,11.2,2.13,59.01,18.61,8.5,25.24,3.56,54.67,0.64,0.64,37.32,1990.0,Satna
96.68,25.86,9.98,2.16,57.01,19.37,8.82,25.6,2.38,48.48,0.56,0.57,43.6,1991.0,Satna
96.74,26.07,9.68,2.05,53.36,19.78,8.99,25.74,2.81,46.65,0.58,0.58,41.77,1992.0,Satna
96.71,25.74,10.01,2.1,58.37,19.5,8.88,25.66,2.7,47.68,0.57,0.57,42.1,1993.0,Satna
96.68,25.43,10.31,1.95,56.61,19.24,8.78,25.38,3.14,50.48,0.6,0.6,43.75,1994.0,Satna
96.67,26.18,10.21,2.15,54.91,19.02,8.71,25.73,2.2,48.78,0.53,0.54,42.35,1995.0,Satna
96.65,25.55,10.41,1.97,52.35,18.6,8.44,25.31,2.56,51.26,0.57,0.57,41.73,1996.0,Satna
96.79,25.04,10.86,2.08,59.44,18.12,8.31,24.7,3.44,54.71,0.61,0.61,39.99,1997.0,Satna
96.71,25.56,11.27,2.0,47.49,18.84,8.58,25.34,2.41,55.29,0.58,0.58,43.95,1998.0,Satna
96.62,25.76,10.06,2.06,40.59,19.09,8.6,25.63,2.48,48.95,0.57,0.57,40.44,1999.0,Satna
96.59,26.15,9.47,2.16,35.67,19.31,8.74,25.77,1.69,42.51,0.51,0.51,39.66,2000.0,Satna
96.67,25.19,10.89,2.02,43.7,18.69,8.41,25.07,3.39,51.63,0.6,0.61,40.25,2001.0,Satna
96.69,25.9,10.26,2.12,41.58,18.7,8.4,25.84,2.87,49.93,0.57,0.57,41.12,2002.0,Satna
96.72,25.27,11.13,2.03,47.73,18.11,8.16,25.11,3.74,56.81,0.62,0.62,42.53,2003.0,Satna
96.72,25.28,10.95,2.02,42.48,18.89,8.49,25.34,2.68,54.3,0.59,0.59,41.54,2004.0,Satna
96.71,25.26,10.78,2.04,43.11,18.68,8.36,25.18,3.79,54.0,0.62,0.63,39.83,2005.0,Satna
96.7,26.45,10.8,2.07,44.14,18.49,8.33,26.18,2.11,49.99,0.54,0.54,40.58,2006.0,Satna
96.68,26.2,10.55,2.06,42.87,18.54,8.31,25.76,2.0,49.7,0.52,0.52,38.24,2007.0,Satna
96.67,25.32,11.07,1.92,44.05,18.19,8.15,25.04,2.56,54.45,0.58,0.59,39.27,2008.0,Satna
96.68,26.75,10.45,2.09,40.82,18.82,8.43,26.26,2.05,50.0,0.52,0.52,39.22,2009.0,Satna
96.68,26.77,10.86,1.89,45.59,18.8,8.44,26.33,2.21,51.6,0.55,0.56,40.25,2010.0,Satna
96.66,25.45,11.17,1.86,40.21,18.33,8.25,25.14,2.97,54.73,0.61,0.61,41.84,2011.0,Satna
96.64,25.35,10.58,2.06,43.51,18.46,8.25,25.16,3.01,53.04,0.61,0.61,43.0,2012.0,Satna
96.67,24.79,11.78,1.94,45.31,17.92,8.03,24.67,4.08,59.87,0.66,0.66,43.94,2013.0,Satna
96.76,25.43,11.05,2.0,44.75,18.35,8.24,25.2,2.36,55.2,0.55,0.55,43.56,2014.0,Satna
96.82,25.67,11.35,1.93,44.01,18.22,8.16,25.38,2.72,54.92,0.55,0.55,41.33,2015.0,Satna
96.71,25.85,11.18,1.96,46.69,17.81,7.97,25.72,4.06,53.77,0.63,0.63,41.49,2016.0,Satna
96.7,26.43,10.66,1.96,42.14,18.55,8.3,26.1,2.12,50.1,0.55,0.56,43.66,2017.0,Satna
96.69,26.19,10.6,2.03,42.99,18.11,8.11,25.91,2.67,49.87,0.58,0.58,42.27,2018.0,Satna
96.77,25.71,11.34,1.88,50.85,17.69,7.99,25.22,3.41,56.99,0.63,0.63,46.38,2019.0,Satna
95.66,25.79,11.26,2.5,58.48,17.92,8.4,25.15,3.87,55.56,0.72,0.72,38.09,1990.0,Sehore
95.68,26.61,9.3,2.55,50.08,19.42,9.06,25.77,2.5,44.8,0.67,0.67,44.37,1991.0,Sehore
95.73,26.73,9.33,2.53,52.82,19.62,9.15,25.74,2.05,45.13,0.66,0.66,40.94,1992.0,Sehore
95.73,26.13,10.07,2.56,53.37,19.48,9.1,25.41,3.04,49.24,0.69,0.69,41.55,1993.0,Sehore
95.67,25.63,10.19,2.44,52.64,19.23,8.98,25.02,3.8,51.29,0.71,0.71,41.84,1994.0,Sehore
95.67,26.25,10.16,2.43,49.2,19.51,9.15,25.4,2.69,49.77,0.67,0.67,41.72,1995.0,Sehore
95.64,26.2,10.16,2.44,48.44,19.32,9.05,25.42,3.6,50.35,0.69,0.69,40.76,1996.0,Sehore
95.78,25.48,11.1,2.41,51.14,18.97,8.93,24.71,3.47,56.05,0.7,0.7,39.44,1997.0,Sehore
95.68,26.01,11.28,2.28,46.08,19.16,8.99,25.37,2.79,55.36,0.71,0.71,42.28,1998.0,Sehore
95.64,25.91,10.2,2.44,41.49,18.7,8.69,25.27,2.58,50.6,0.68,0.68,39.4,1999.0,Sehore
95.6,26.29,9.18,2.46,35.16,19.43,9.03,25.6,2.28,41.98,0.66,0.66,38.07,2000.0,Sehore
95.65,26.39,9.98,2.3,45.82,18.73,8.48,25.64,2.2,46.3,0.66,0.67,38.99,2001.0,Sehore
95.69,26.98,9.68,2.52,41.86,19.15,8.64,26.18,2.24,44.99,0.65,0.65,40.24,2002.0,Sehore
95.71,26.05,10.86,2.43,45.56,18.54,8.39,25.43,3.41,54.12,0.73,0.72,39.79,2003.0,Sehore
95.71,26.78,10.3,2.37,40.98,19.01,8.59,25.9,2.32,49.62,0.67,0.67,40.04,2004.0,Sehore
95.69,26.34,9.99,2.35,43.49,19.05,8.57,25.56,2.9,48.5,0.68,0.68,38.46,2005.0,Sehore
95.69,26.25,11.1,2.24,44.68,18.57,8.42,25.71,4.67,53.38,0.71,0.71,38.61,2006.0,Sehore
95.67,26.34,10.55,2.2,42.9,18.98,8.57,25.7,2.79,50.73,0.69,0.69,36.34,2007.0,Sehore
95.66,26.39,10.2,2.3,46.3,18.67,8.42,25.53,2.04,48.53,0.67,0.67,39.04,2008.0,Sehore
95.68,26.9,10.68,2.34,42.41,19.02,8.57,26.18,3.08,51.39,0.67,0.68,37.36,2009.0,Sehore
95.66,26.8,11.32,2.24,47.22,18.98,8.59,26.06,2.41,54.92,0.69,0.69,40.57,2010.0,Sehore
95.64,26.12,10.8,2.25,43.6,18.36,8.31,25.34,3.45,52.97,0.71,0.71,42.36,2011.0,Sehore
95.64,26.17,10.19,2.49,46.56,18.32,8.26,25.32,2.95,49.28,0.68,0.69,39.89,2012.0,Sehore
95.65,25.71,11.4,2.46,48.62,17.47,7.9,24.96,4.16,56.47,0.72,0.71,42.31,2013.0,Sehore
95.76,26.56,10.73,2.52,46.68,18.63,8.41,25.64,2.58,52.94,0.68,0.68,41.2,2014.0,Sehore
95.81,26.38,10.8,2.43,46.2,18.08,8.17,25.58,3.58,52.55,0.68,0.68,41.35,2015.0,Sehore
95.72,26.25,10.57,2.36,47.94,18.3,8.24,25.66,4.14,51.25,0.71,0.71,43.16,2016.0,Sehore
95.71,26.71,10.26,2.33,44.23,18.57,8.35,26.02,2.42,47.95,0.67,0.67,42.95,2017.0,Sehore
95.7,26.77,9.84,2.34,43.01,18.06,8.11,26.04,2.33,46.54,0.67,0.68,42.3,2018.0,Sehore
95.75,26.18,11.15,2.4,49.49,17.75,8.06,25.36,5.09,55.26,0.74,0.73,44.22,2019.0,Sehore
94.53,24.91,11.77,2.46,63.34,18.11,8.69,24.43,3.83,60.26,0.74,0.73,35.32,1990.0,Seoni
94.55,26.17,9.93,2.38,59.1,18.85,9.01,25.39,2.59,49.4,0.66,0.67,42.5,1991.0,Seoni
94.59,26.33,9.63,2.32,55.62,19.53,9.23,25.48,2.66,47.31,0.66,0.66,39.27,1992.0,Seoni
94.59,25.47,10.5,2.31,59.97,18.95,9.04,24.92,3.7,52.34,0.71,0.71,39.14,1993.0,Seoni
94.54,25.3,10.71,2.34,59.69,18.35,8.73,24.75,4.54,54.88,0.71,0.71,39.58,1994.0,Seoni
94.54,25.48,10.99,2.18,58.9,18.57,8.95,24.87,3.3,55.31,0.69,0.69,41.02,1995.0,Seoni
94.51,26.19,10.44,2.27,57.31,18.39,8.82,25.37,2.54,51.48,0.67,0.67,39.92,1996.0,Seoni
94.65,25.33,11.13,2.28,63.1,17.94,8.63,24.61,3.37,56.93,0.7,0.69,38.52,1997.0,Seoni
94.57,25.11,11.87,2.14,51.77,18.21,8.81,24.72,2.95,60.31,0.72,0.71,41.31,1998.0,Seoni
94.49,25.31,10.55,2.33,43.31,18.74,8.84,24.84,3.53,54.29,0.71,0.71,39.8,1999.0,Seoni
94.47,25.69,9.72,2.3,37.99,19.48,9.21,25.17,2.42,46.05,0.66,0.66,37.25,2000.0,Seoni
94.53,25.34,10.88,2.19,50.8,18.3,8.3,24.96,3.38,53.07,0.7,0.7,38.63,2001.0,Seoni
94.57,26.13,10.34,2.34,47.25,18.64,8.44,25.59,2.87,49.99,0.66,0.66,38.45,2002.0,Seoni
94.58,25.71,11.23,2.29,50.61,18.16,8.25,25.15,4.04,56.83,0.72,0.72,40.61,2003.0,Seoni
94.59,25.9,10.78,2.15,45.01,19.04,8.61,25.19,2.63,53.93,0.67,0.67,38.98,2004.0,Seoni
94.57,25.36,10.74,2.18,49.24,18.43,8.32,24.87,4.0,55.01,0.71,0.71,37.95,2005.0,Seoni
94.58,25.79,11.39,2.14,50.07,18.19,8.26,25.3,3.61,55.81,0.7,0.7,37.98,2006.0,Seoni
94.55,25.84,10.76,2.12,48.05,18.7,8.44,25.2,3.1,53.25,0.69,0.69,35.28,2007.0,Seoni
94.54,25.5,10.72,2.09,49.47,18.47,8.33,24.94,2.98,53.31,0.7,0.69,38.0,2008.0,Seoni
94.55,26.5,10.81,2.16,46.59,18.9,8.51,25.86,3.24,52.62,0.69,0.69,36.93,2009.0,Seoni
94.54,26.4,11.48,2.1,49.83,18.67,8.45,25.72,4.04,56.3,0.72,0.71,39.58,2010.0,Seoni
94.53,25.38,11.21,2.06,47.61,18.19,8.22,24.78,3.53,55.85,0.7,0.7,40.41,2011.0,Seoni
94.51,25.59,10.59,2.28,49.65,18.09,8.14,25.0,3.67,53.21,0.7,0.7,39.2,2012.0,Seoni
94.52,25.43,11.76,2.2,52.32,17.35,7.85,24.8,4.97,59.59,0.73,0.73,40.19,2013.0,Seoni
94.63,25.81,11.28,2.31,51.05,18.25,8.25,25.11,2.9,56.48,0.67,0.67,40.59,2014.0,Seoni
94.69,25.46,11.68,2.18,51.29,18.07,8.15,24.9,3.48,58.03,0.69,0.69,39.18,2015.0,Seoni
94.59,26.17,10.98,2.16,52.19,18.15,8.18,25.54,3.09,53.24,0.7,0.7,40.24,2016.0,Seoni
94.59,26.41,10.7,2.07,45.56,18.74,8.42,25.78,2.71,51.1,0.67,0.67,39.93,2017.0,Seoni
94.58,26.2,10.44,2.1,46.6,17.9,8.03,25.5,2.47,50.38,0.66,0.66,40.08,2018.0,Seoni
94.63,25.92,11.21,2.15,50.32,17.74,8.04,25.15,3.91,56.6,0.72,0.71,43.82,2019.0,Seoni
95.36,24.73,11.56,2.16,60.09,18.61,8.59,24.59,3.82,57.91,0.74,0.74,35.72,1990.0,Shahdol
95.38,25.63,10.01,2.19,55.52,19.29,8.88,25.3,2.78,49.33,0.68,0.68,42.8,1991.0,Shahdol
95.43,25.37,9.91,2.02,52.18,19.74,9.08,25.1,2.81,48.73,0.68,0.69,41.04,1992.0,Shahdol
95.41,25.03,10.29,2.05,56.2,19.26,8.86,25.03,3.33,50.2,0.7,0.71,39.43,1993.0,Shahdol
95.37,25.01,10.58,2.0,54.68,18.85,8.7,24.87,3.8,53.18,0.73,0.72,41.18,1994.0,Shahdol
95.38,25.08,10.72,2.05,57.09,18.7,8.69,24.89,2.83,53.6,0.69,0.69,40.74,1995.0,Shahdol
95.35,24.99,10.58,1.95,53.4,18.77,8.66,24.81,2.86,53.36,0.7,0.7,38.95,1996.0,Shahdol
95.48,24.47,11.07,2.06,58.67,18.14,8.37,24.19,3.92,57.24,0.73,0.73,38.41,1997.0,Shahdol
95.41,24.75,11.74,1.96,50.12,18.47,8.56,24.76,2.9,59.23,0.71,0.72,41.67,1998.0,Shahdol
95.32,24.98,10.41,2.04,41.53,18.98,8.62,24.96,3.06,52.63,0.71,0.72,40.35,1999.0,Shahdol
95.3,25.3,9.74,2.12,36.81,19.19,8.76,25.13,2.0,45.48,0.64,0.65,38.33,2000.0,Shahdol
95.36,24.94,10.92,2.1,51.05,18.07,8.14,24.75,3.77,52.97,0.71,0.71,38.97,2001.0,Shahdol
95.39,25.51,10.38,2.15,48.01,18.56,8.34,25.39,2.76,50.82,0.67,0.67,39.76,2002.0,Shahdol
95.42,25.04,11.15,2.07,52.87,17.75,7.99,24.85,3.69,56.97,0.73,0.72,41.84,2003.0,Shahdol
95.42,24.72,11.14,1.97,46.68,18.78,8.42,24.82,3.16,55.93,0.71,0.71,38.95,2004.0,Shahdol
95.41,24.83,10.86,1.96,50.02,18.38,8.22,24.82,3.74,55.06,0.72,0.72,38.2,2005.0,Shahdol
95.41,25.66,11.11,2.03,49.64,18.12,8.16,25.51,2.56,53.14,0.68,0.68,37.47,2006.0,Shahdol
95.39,25.06,10.98,1.98,50.4,18.32,8.22,24.94,2.87,54.08,0.7,0.7,38.05,2007.0,Shahdol
95.37,24.79,11.05,1.94,51.53,18.24,8.15,24.62,3.1,55.62,0.71,0.71,39.2,2008.0,Shahdol
95.38,26.15,10.54,1.98,46.97,18.8,8.4,25.84,2.33,50.88,0.66,0.66,36.98,2009.0,Shahdol
95.38,26.2,11.08,1.86,52.36,18.71,8.39,25.86,2.58,53.09,0.69,0.69,39.43,2010.0,Shahdol
95.36,24.79,11.41,1.87,51.43,18.0,8.08,24.62,3.63,56.75,0.72,0.72,41.8,2011.0,Shahdol
95.35,24.79,10.69,2.03,52.12,18.24,8.13,24.68,3.17,54.61,0.71,0.71,42.66,2012.0,Shahdol
95.37,24.59,11.8,1.91,55.78,17.71,7.94,24.44,4.41,60.22,0.75,0.75,41.67,2013.0,Shahdol
95.46,24.65,11.56,2.0,52.97,18.16,8.15,24.59,3.19,59.04,0.7,0.7,43.31,2014.0,Shahdol
95.52,25.1,11.63,1.93,51.03,18.08,8.08,24.88,2.91,58.0,0.69,0.69,41.04,2015.0,Shahdol
95.42,25.43,11.3,1.92,56.7,17.78,7.95,25.33,3.56,54.93,0.72,0.72,39.8,2016.0,Shahdol
95.41,26.02,10.77,1.95,44.75,18.61,8.31,25.73,2.47,51.5,0.68,0.69,41.56,2017.0,Shahdol
95.4,25.69,10.63,2.07,44.87,17.9,8.02,25.46,2.89,50.84,0.69,0.69,39.28,2018.0,Shahdol
95.47,25.36,11.31,1.92,49.68,17.88,8.07,24.95,3.44,57.22,0.72,0.72,44.33,2019.0,Shahdol
95.64,25.87,10.95,2.58,57.22,18.09,8.61,25.19,3.17,53.67,0.7,0.7,40.66,1990.0,Shajapur
95.67,26.46,9.11,2.56,49.61,19.24,9.12,25.64,2.06,43.7,0.66,0.66,45.63,1991.0,Shajapur
95.71,26.43,9.32,2.56,51.12,19.55,9.27,25.45,1.91,45.34,0.65,0.66,40.99,1992.0,Shajapur
95.71,26.31,9.84,2.65,52.31,19.42,9.21,25.5,2.49,47.13,0.66,0.67,40.62,1993.0,Shajapur
95.65,25.59,9.94,2.52,50.62,19.21,9.12,24.97,3.06,49.64,0.7,0.7,42.99,1994.0,Shajapur
95.65,26.22,9.85,2.48,47.45,19.48,9.28,25.32,2.6,48.02,0.66,0.67,41.55,1995.0,Shajapur
95.62,25.99,10.02,2.5,45.71,19.18,9.09,25.25,2.95,49.65,0.69,0.69,40.06,1996.0,Shajapur
95.75,25.52,10.85,2.51,48.89,18.91,9.02,24.65,2.82,54.48,0.68,0.68,39.46,1997.0,Shajapur
95.66,26.35,10.81,2.37,43.56,19.14,9.06,25.57,2.32,51.64,0.67,0.68,42.55,1998.0,Shajapur
95.62,26.2,9.89,2.56,39.33,18.9,8.93,25.42,2.18,47.86,0.65,0.65,39.21,1999.0,Shajapur
95.58,26.45,8.89,2.6,33.06,19.37,9.12,25.65,1.72,40.03,0.64,0.64,39.74,2000.0,Shajapur
95.63,26.59,9.6,2.39,44.77,18.77,8.48,25.67,1.82,43.73,0.65,0.65,39.38,2001.0,Shajapur
95.67,27.09,9.37,2.66,40.52,19.22,8.66,26.15,1.81,43.14,0.64,0.64,40.81,2002.0,Shajapur
95.69,25.93,10.65,2.52,43.03,18.57,8.39,25.29,2.91,52.81,0.71,0.71,39.53,2003.0,Shajapur
95.68,26.57,10.17,2.44,41.19,19.08,8.62,25.8,2.18,48.66,0.67,0.67,39.96,2004.0,Shajapur
95.67,26.29,9.74,2.41,42.67,19.1,8.58,25.48,2.28,46.59,0.66,0.66,38.86,2005.0,Shajapur
95.66,26.44,10.84,2.35,43.71,18.65,8.44,25.78,3.5,51.62,0.69,0.69,37.84,2006.0,Shajapur
95.64,26.22,10.47,2.28,41.71,19.07,8.6,25.58,2.55,50.18,0.69,0.69,35.87,2007.0,Shajapur
95.64,26.34,10.01,2.41,44.94,18.7,8.41,25.43,1.84,47.37,0.65,0.65,39.57,2008.0,Shajapur
95.65,27.1,10.47,2.47,39.44,19.19,8.63,26.23,2.53,49.76,0.65,0.66,36.75,2009.0,Shajapur
95.63,26.88,11.11,2.33,44.75,19.0,8.58,26.07,2.26,53.46,0.67,0.68,40.35,2010.0,Shajapur
95.62,25.97,10.73,2.3,40.77,18.5,8.35,25.23,3.14,52.69,0.71,0.71,42.41,2011.0,Shajapur
95.63,25.81,10.11,2.55,46.02,18.33,8.25,24.98,2.49,49.42,0.68,0.68,40.53,2012.0,Shajapur
95.64,25.22,11.27,2.41,47.29,17.48,7.89,24.57,3.93,56.52,0.73,0.72,41.81,2013.0,Shajapur
95.74,26.28,10.61,2.56,43.99,18.64,8.41,25.41,2.39,52.86,0.68,0.68,41.34,2014.0,Shajapur
95.79,26.11,10.64,2.51,44.0,18.19,8.2,25.35,3.17,51.99,0.68,0.68,40.85,2015.0,Shajapur
95.71,26.12,10.45,2.42,45.58,18.42,8.28,25.66,3.39,50.14,0.7,0.7,42.5,2016.0,Shajapur
95.69,26.88,9.95,2.47,45.09,18.58,8.34,26.02,1.81,45.94,0.64,0.64,43.01,2017.0,Shajapur
95.68,26.96,9.53,2.47,42.76,18.17,8.15,26.09,1.75,44.52,0.65,0.66,42.7,2018.0,Shajapur
95.72,26.07,11.11,2.46,50.17,17.72,8.04,25.19,3.87,55.0,0.73,0.73,44.09,2019.0,Shajapur
97.0,26.3,10.17,2.19,52.68,18.87,8.76,25.83,2.19,47.36,0.55,0.56,42.16,1990.0,Sheopur
97.03,26.86,8.44,2.18,46.42,19.86,9.15,26.29,1.55,38.47,0.53,0.54,44.66,1991.0,Sheopur
97.08,26.15,8.98,2.11,49.94,19.51,9.03,25.74,1.84,43.24,0.55,0.55,42.92,1992.0,Sheopur
97.06,26.68,9.18,2.24,49.44,20.2,9.34,26.14,1.78,41.4,0.52,0.53,42.65,1993.0,Sheopur
97.01,26.23,9.23,2.12,46.9,19.94,9.25,25.86,1.9,42.8,0.55,0.55,43.44,1994.0,Sheopur
97.02,26.07,9.49,2.15,46.14,19.63,9.09,25.65,2.47,45.22,0.57,0.58,44.36,1995.0,Sheopur
96.99,25.55,9.85,2.03,43.58,19.46,8.99,25.4,2.44,47.52,0.59,0.59,43.71,1996.0,Sheopur
97.12,25.76,10.18,2.19,47.44,19.48,9.07,25.06,2.1,49.23,0.54,0.54,40.76,1997.0,Sheopur
97.04,26.8,9.88,2.12,42.7,19.61,9.03,26.13,1.59,44.53,0.53,0.53,44.27,1998.0,Sheopur
96.97,26.97,8.86,2.18,35.3,19.55,9.0,26.41,1.54,39.64,0.52,0.52,39.86,1999.0,Sheopur
96.93,27.3,8.03,2.31,30.78,19.76,9.06,26.72,0.84,33.16,0.5,0.5,43.07,2000.0,Sheopur
97.0,26.22,9.42,2.02,39.86,19.07,8.61,25.9,2.09,41.11,0.54,0.55,42.07,2001.0,Sheopur
97.01,27.77,8.38,2.24,37.56,19.47,8.76,27.12,1.23,36.44,0.5,0.51,42.33,2002.0,Sheopur
97.05,26.5,9.72,2.11,43.41,18.65,8.43,25.91,1.69,45.68,0.53,0.53,42.48,2003.0,Sheopur
97.04,26.76,9.63,2.11,39.85,19.26,8.68,26.38,1.88,43.89,0.54,0.55,41.13,2004.0,Sheopur
97.04,26.24,9.31,2.13,39.37,19.14,8.59,25.73,1.67,43.36,0.53,0.54,41.16,2005.0,Sheopur
97.02,26.98,10.09,2.11,40.17,18.79,8.49,26.5,2.01,45.21,0.54,0.55,40.57,2006.0,Sheopur
97.01,26.34,9.88,2.09,38.35,19.03,8.58,25.96,2.0,45.56,0.54,0.55,39.56,2007.0,Sheopur
97.01,25.59,10.39,1.96,43.81,18.45,8.33,25.33,2.18,48.49,0.57,0.57,39.85,2008.0,Sheopur
97.01,27.75,9.59,2.2,39.8,19.28,8.68,26.92,1.37,43.25,0.51,0.52,38.05,2009.0,Sheopur
97.0,26.98,10.42,2.03,41.78,18.86,8.51,26.41,2.04,48.79,0.55,0.56,40.64,2010.0,Sheopur
96.99,25.39,10.81,1.97,37.74,18.81,8.51,25.18,3.15,52.96,0.64,0.64,44.94,2011.0,Sheopur
97.0,25.3,9.69,2.08,41.26,18.53,8.33,25.07,2.0,47.03,0.57,0.57,43.97,2012.0,Sheopur
97.03,24.8,10.97,1.99,42.79,18.22,8.23,24.59,3.26,54.75,0.62,0.62,44.72,2013.0,Sheopur
97.11,25.8,10.34,2.15,39.37,18.97,8.58,25.44,2.25,51.11,0.57,0.57,43.66,2014.0,Sheopur
97.16,25.84,10.4,2.05,39.19,18.81,8.47,25.36,2.3,50.1,0.55,0.56,42.01,2015.0,Sheopur
97.05,26.28,10.31,1.94,42.07,18.64,8.39,26.18,2.47,47.2,0.59,0.59,43.22,2016.0,Sheopur
97.04,27.31,9.35,2.13,44.04,18.88,8.49,26.62,1.26,41.19,0.51,0.51,43.23,2017.0,Sheopur
97.03,26.82,9.54,2.14,44.61,18.41,8.28,26.35,1.62,43.47,0.53,0.54,41.84,2018.0,Sheopur
97.1,26.16,10.87,2.02,51.33,17.97,8.16,25.58,2.08,52.04,0.57,0.57,45.46,2019.0,Sheopur
97.08,25.64,11.3,2.1,59.65,18.81,8.51,25.47,3.45,54.43,0.66,0.66,38.18,1990.0,Shivpuri
97.1,26.06,10.14,2.14,55.88,19.52,8.81,25.86,2.41,48.44,0.6,0.61,43.67,1991.0,Shivpuri
97.16,26.16,9.88,2.05,53.42,19.94,9.0,25.88,2.78,47.18,0.61,0.62,41.53,1992.0,Shivpuri
97.13,26.0,10.08,2.11,58.55,19.42,8.79,25.82,2.48,47.53,0.6,0.6,41.54,1993.0,Shivpuri
97.1,25.69,10.46,1.95,56.03,19.39,8.79,25.62,2.97,50.38,0.62,0.63,43.38,1994.0,Shivpuri
97.1,26.29,10.41,2.11,55.61,19.21,8.74,25.86,2.15,49.58,0.57,0.58,41.96,1995.0,Shivpuri
97.08,25.65,10.59,1.94,52.65,18.71,8.43,25.5,2.64,51.58,0.61,0.62,42.16,1996.0,Shivpuri
97.21,25.22,10.86,2.01,59.92,18.33,8.29,24.94,3.3,54.32,0.63,0.64,40.7,1997.0,Shivpuri
97.14,25.69,11.52,2.01,48.81,18.67,8.43,25.45,2.46,56.34,0.62,0.63,43.99,1998.0,Shivpuri
97.03,25.82,10.37,2.05,40.34,19.19,8.58,25.7,2.47,50.27,0.61,0.62,40.59,1999.0,Shivpuri
97.01,26.28,9.75,2.15,35.41,19.34,8.7,25.93,1.65,43.57,0.55,0.56,40.48,2000.0,Shivpuri
97.08,25.38,11.09,2.04,43.33,18.58,8.4,25.31,3.23,52.11,0.64,0.64,40.18,2001.0,Shivpuri
97.11,26.03,10.51,2.07,42.22,18.76,8.47,25.99,2.73,50.57,0.61,0.61,40.41,2002.0,Shivpuri
97.15,25.46,11.16,1.96,47.77,18.11,8.18,25.37,3.4,55.91,0.65,0.65,42.17,2003.0,Shivpuri
97.14,25.55,10.97,2.05,42.64,18.99,8.55,25.54,2.5,53.62,0.6,0.61,41.13,2004.0,Shivpuri
97.13,25.64,10.82,2.02,43.79,18.7,8.39,25.53,3.41,53.16,0.65,0.65,40.3,2005.0,Shivpuri
97.12,26.69,10.99,2.05,46.45,18.52,8.37,26.32,2.0,50.06,0.57,0.58,39.93,2006.0,Shivpuri
97.11,26.23,10.92,2.06,42.89,18.68,8.4,25.83,2.07,51.29,0.57,0.57,39.05,2007.0,Shivpuri
97.09,25.43,11.3,1.92,43.29,18.12,8.13,25.21,2.7,55.2,0.63,0.63,39.72,2008.0,Shivpuri
97.1,26.95,10.5,2.1,40.86,18.84,8.45,26.49,1.88,49.18,0.55,0.56,38.47,2009.0,Shivpuri
97.1,27.15,10.86,1.88,44.67,18.87,8.49,26.68,1.96,50.26,0.57,0.58,39.65,2010.0,Shivpuri
97.08,25.58,11.35,1.86,40.21,18.36,8.28,25.3,3.0,54.96,0.65,0.65,40.83,2011.0,Shivpuri
97.07,25.47,10.69,2.05,43.34,18.51,8.29,25.28,3.05,53.78,0.64,0.65,43.63,2012.0,Shivpuri
97.1,24.99,11.86,1.95,45.48,18.09,8.12,24.81,3.9,59.99,0.68,0.69,44.94,2013.0,Shivpuri
97.18,25.46,11.25,1.99,45.47,18.27,8.23,25.3,2.41,55.8,0.59,0.6,42.26,2014.0,Shivpuri
97.24,26.19,11.31,1.94,43.73,18.26,8.19,25.8,2.52,53.84,0.58,0.59,42.1,2015.0,Shivpuri
97.13,26.13,11.27,1.93,46.92,17.87,8.03,25.93,3.33,53.99,0.66,0.66,40.24,2016.0,Shivpuri
97.12,26.57,10.92,1.95,42.85,18.58,8.33,26.28,2.08,51.08,0.6,0.6,43.42,2017.0,Shivpuri
97.12,26.45,10.72,2.04,43.52,18.13,8.15,26.15,2.32,49.34,0.6,0.6,41.59,2018.0,Shivpuri
97.2,26.12,11.35,1.92,51.75,17.58,7.97,25.59,2.86,56.05,0.63,0.63,46.42,2019.0,Shivpuri
95.99,25.14,11.49,2.13,58.95,18.89,8.61,25.01,3.53,55.84,0.57,0.57,36.4,1990.0,Sidhi
96.01,25.84,10.23,2.14,55.97,19.15,8.73,25.62,2.56,48.77,0.51,0.5,42.29,1991.0,Sidhi
96.06,25.64,10.05,2.07,51.07,19.76,8.96,25.41,2.69,48.25,0.5,0.5,40.42,1992.0,Sidhi
96.04,25.49,10.29,2.09,57.05,19.17,8.72,25.34,2.81,48.95,0.5,0.5,39.25,1993.0,Sidhi
96.0,25.31,10.7,1.99,54.73,19.28,8.76,25.19,3.3,52.1,0.55,0.54,41.26,1994.0,Sidhi
96.0,25.62,10.66,2.12,54.52,18.94,8.68,25.31,2.47,51.71,0.49,0.49,40.34,1995.0,Sidhi
95.99,25.3,10.69,1.97,51.18,18.56,8.4,25.14,2.77,52.23,0.52,0.51,40.53,1996.0,Sidhi
96.1,24.77,11.0,2.04,58.16,18.25,8.3,24.5,3.49,55.84,0.55,0.55,39.82,1997.0,Sidhi
96.04,25.28,11.77,2.01,50.13,18.56,8.43,25.07,2.72,57.97,0.53,0.53,42.76,1998.0,Sidhi
95.94,25.39,10.57,2.07,41.52,18.91,8.53,25.29,2.72,51.85,0.54,0.53,39.44,1999.0,Sidhi
95.92,25.78,9.93,2.16,37.47,19.04,8.62,25.51,1.81,45.32,0.44,0.44,39.23,2000.0,Sidhi
95.99,25.15,11.16,2.09,49.4,18.22,8.28,25.02,3.26,52.98,0.55,0.54,39.26,2001.0,Sidhi
96.02,25.77,10.55,2.09,46.55,18.66,8.48,25.66,2.56,50.52,0.49,0.49,38.48,2002.0,Sidhi
96.05,25.26,11.21,1.97,52.19,18.02,8.21,25.12,3.18,55.98,0.55,0.54,40.46,2003.0,Sidhi
96.05,25.36,11.02,2.06,46.7,18.87,8.56,25.24,2.64,53.51,0.5,0.5,39.22,2004.0,Sidhi
96.04,25.42,10.82,2.04,49.32,18.52,8.38,25.23,3.06,53.16,0.54,0.53,37.72,2005.0,Sidhi
96.03,26.17,11.15,2.08,48.78,18.16,8.28,25.84,2.25,51.43,0.47,0.47,38.76,2006.0,Sidhi
96.02,25.59,11.2,2.06,45.2,18.23,8.28,25.28,2.46,53.77,0.49,0.49,37.02,2007.0,Sidhi
96.0,25.13,11.27,1.96,44.06,17.84,8.09,24.94,2.92,55.4,0.54,0.53,38.4,2008.0,Sidhi
96.01,26.65,10.48,2.08,42.23,18.57,8.39,26.21,1.95,48.82,0.44,0.44,36.73,2009.0,Sidhi
96.01,26.86,10.91,1.93,45.61,18.46,8.39,26.38,2.05,50.17,0.46,0.46,37.93,2010.0,Sidhi
95.99,25.21,11.49,1.9,41.84,17.93,8.16,24.95,3.24,56.03,0.56,0.55,39.76,2011.0,Sidhi
95.97,25.13,10.75,2.03,44.49,18.14,8.19,24.96,2.98,53.97,0.54,0.54,42.45,2012.0,Sidhi
96.01,24.77,11.86,1.96,46.16,17.94,8.13,24.54,3.77,60.08,0.59,0.58,42.48,2013.0,Sidhi
96.09,25.09,11.42,2.02,46.13,18.06,8.2,24.93,2.77,56.65,0.51,0.5,41.0,2014.0,Sidhi
96.15,25.57,11.57,1.94,44.64,17.89,8.07,25.25,2.86,56.05,0.51,0.5,40.61,2015.0,Sidhi
96.04,25.79,11.39,1.93,48.89,17.46,7.91,25.61,3.61,54.8,0.57,0.56,38.75,2016.0,Sidhi
96.03,26.31,10.98,1.96,42.51,18.41,8.33,26.01,2.36,51.45,0.51,0.5,40.32,2017.0,Sidhi
96.03,26.01,10.83,2.08,42.45,18.05,8.19,25.76,2.66,50.3,0.51,0.5,40.0,2018.0,Sidhi
96.1,25.69,11.46,1.96,50.87,17.42,7.96,25.26,3.05,56.94,0.54,0.53,44.26,2019.0,Sidhi
96.38,25.45,11.02,2.27,55.61,18.64,8.56,25.15,3.48,53.81,0.64,0.65,37.62,1990.0,Singrauli
96.4,25.97,9.56,2.31,48.58,19.84,9.06,25.6,2.17,46.41,0.57,0.58,43.42,1991.0,Singrauli
96.45,26.27,9.37,2.14,51.64,19.64,8.98,25.77,2.2,45.24,0.58,0.58,42.43,1992.0,Singrauli
96.43,25.96,9.85,2.26,51.96,19.75,9.06,25.63,2.43,46.87,0.56,0.57,42.1,1993.0,Singrauli
96.39,25.61,10.02,2.15,49.02,19.64,8.99,25.36,2.8,48.66,0.6,0.61,42.99,1994.0,Singrauli
96.39,25.82,10.18,2.2,47.15,19.8,9.09,25.45,2.94,49.33,0.6,0.6,42.52,1995.0,Singrauli
96.37,25.44,10.29,2.07,46.65,19.42,8.9,25.19,3.3,51.15,0.62,0.62,42.75,1996.0,Singrauli
96.5,25.08,10.88,2.22,51.75,19.25,8.88,24.6,3.05,54.84,0.6,0.6,39.64,1997.0,Singrauli
96.42,25.87,10.97,2.08,44.63,19.53,8.98,25.49,2.19,52.76,0.58,0.58,43.17,1998.0,Singrauli
96.34,25.82,9.91,2.17,40.49,19.03,8.63,25.59,2.5,47.75,0.59,0.6,40.01,1999.0,Singrauli
96.3,26.74,8.8,2.35,34.19,19.52,8.91,26.18,1.23,38.22,0.51,0.52,41.34,2000.0,Singrauli
96.38,25.59,10.3,2.1,45.35,18.79,8.5,25.31,2.67,47.75,0.59,0.6,40.48,2001.0,Singrauli
96.4,26.88,9.51,2.27,41.39,19.15,8.65,26.35,2.01,44.42,0.55,0.56,40.57,2002.0,Singrauli
96.43,25.74,10.75,2.16,47.11,18.37,8.33,25.34,2.68,53.65,0.61,0.61,41.3,2003.0,Singrauli
96.42,25.95,10.46,2.13,42.38,19.04,8.61,25.69,2.31,50.97,0.59,0.59,40.72,2004.0,Singrauli
96.41,25.68,10.3,2.18,44.29,19.1,8.6,25.32,2.62,50.69,0.6,0.61,38.84,2005.0,Singrauli
96.41,26.28,10.8,2.12,44.5,18.6,8.43,26.02,2.83,50.61,0.6,0.6,38.46,2006.0,Singrauli
96.39,25.7,10.54,2.07,42.1,18.87,8.52,25.47,2.56,50.75,0.59,0.59,37.94,2007.0,Singrauli
96.39,25.28,10.91,2.0,46.28,18.39,8.3,24.99,2.85,53.25,0.62,0.63,39.12,2008.0,Singrauli
96.39,26.85,10.44,2.14,43.4,18.96,8.55,26.25,2.13,49.92,0.55,0.55,37.98,2009.0,Singrauli
96.38,26.5,10.95,1.99,47.27,18.88,8.55,26.04,2.56,52.98,0.6,0.61,40.27,2010.0,Singrauli
96.37,25.33,11.15,1.98,43.46,18.43,8.35,25.04,4.3,55.23,0.65,0.66,42.99,2011.0,Singrauli
96.36,25.59,10.23,2.19,47.54,18.49,8.33,25.21,2.34,50.27,0.59,0.6,42.35,2012.0,Singrauli
96.38,24.98,11.54,2.09,49.23,17.71,8.0,24.67,4.26,57.8,0.64,0.64,43.61,2013.0,Singrauli
96.47,25.76,10.84,2.2,45.06,18.7,8.46,25.34,2.64,54.12,0.58,0.59,43.74,2014.0,Singrauli
96.53,25.48,11.13,2.09,45.1,18.27,8.24,25.12,2.86,54.97,0.59,0.6,41.38,2015.0,Singrauli
96.43,26.03,10.85,2.04,48.93,18.13,8.17,25.82,3.3,51.38,0.63,0.63,41.73,2016.0,Singrauli
96.42,26.82,10.16,2.13,43.27,18.63,8.39,26.28,1.86,46.39,0.54,0.55,41.85,2017.0,Singrauli
96.4,26.28,10.31,2.13,43.17,18.03,8.11,25.9,2.85,49.04,0.61,0.61,43.37,2018.0,Singrauli
96.47,25.84,11.21,2.01,49.87,17.81,8.09,25.25,3.47,55.91,0.65,0.65,45.69,2019.0,Singrauli
95.04,25.68,10.95,2.76,56.48,18.26,8.76,24.9,2.95,54.31,0.69,0.69,38.75,1990.0,Tikamgarh
95.06,26.39,9.05,2.73,50.73,19.16,9.08,25.45,1.84,43.53,0.65,0.65,44.11,1991.0,Tikamgarh
95.11,26.2,9.32,2.75,52.72,19.59,9.34,25.18,1.75,45.54,0.64,0.65,39.32,1992.0,Tikamgarh
95.11,26.08,9.87,2.79,52.35,19.73,9.39,25.18,2.34,47.92,0.66,0.67,38.25,1993.0,Tikamgarh
95.05,25.36,9.93,2.73,51.14,19.12,9.11,24.65,3.02,50.24,0.69,0.7,40.37,1994.0,Tikamgarh
95.04,26.12,9.77,2.67,47.64,19.43,9.29,25.13,2.49,47.53,0.65,0.66,39.28,1995.0,Tikamgarh
95.02,25.83,10.03,2.67,46.7,19.06,9.08,24.97,2.63,49.91,0.68,0.68,38.34,1996.0,Tikamgarh
95.14,25.36,10.89,2.67,48.99,18.93,9.05,24.44,2.63,55.05,0.67,0.68,37.9,1997.0,Tikamgarh
95.05,26.12,10.85,2.54,45.25,19.18,9.16,25.28,2.33,52.18,0.67,0.68,40.16,1998.0,Tikamgarh
95.02,25.87,9.96,2.74,38.83,19.14,9.1,25.05,2.17,48.96,0.65,0.65,37.41,1999.0,Tikamgarh
94.98,26.28,9.01,2.71,33.62,19.51,9.22,25.42,1.67,41.34,0.63,0.64,37.49,2000.0,Tikamgarh
95.03,26.71,9.47,2.62,40.14,18.98,8.54,25.64,1.4,43.34,0.63,0.63,37.99,2001.0,Tikamgarh
95.07,26.75,9.48,2.82,35.9,19.39,8.71,25.77,1.68,44.13,0.63,0.64,39.53,2002.0,Tikamgarh
95.09,25.7,10.71,2.69,39.03,18.85,8.48,25.06,3.01,53.46,0.7,0.71,37.52,2003.0,Tikamgarh
95.08,26.18,10.31,2.6,38.95,19.21,8.65,25.42,2.17,49.84,0.67,0.67,36.85,2004.0,Tikamgarh
95.06,26.12,9.73,2.58,39.61,19.3,8.64,25.22,2.1,46.89,0.65,0.65,36.9,2005.0,Tikamgarh
95.06,26.07,10.84,2.53,39.77,18.75,8.45,25.39,3.02,52.68,0.69,0.7,36.27,2006.0,Tikamgarh
95.03,26.04,10.5,2.43,40.03,19.21,8.65,25.35,2.47,50.68,0.68,0.68,34.98,2007.0,Tikamgarh
95.03,26.37,9.87,2.63,43.22,18.81,8.43,25.35,1.53,46.83,0.63,0.64,37.9,2008.0,Tikamgarh
95.06,26.75,10.59,2.64,36.61,19.32,8.66,25.84,2.51,51.03,0.65,0.65,36.04,2009.0,Tikamgarh
95.03,26.5,11.25,2.48,41.08,19.09,8.59,25.69,2.37,54.69,0.67,0.68,38.76,2010.0,Tikamgarh
95.01,25.93,10.59,2.51,38.26,18.64,8.39,25.09,2.58,51.82,0.68,0.69,38.74,2011.0,Tikamgarh
95.03,25.67,10.12,2.77,43.47,18.53,8.31,24.78,2.37,49.4,0.67,0.67,37.85,2012.0,Tikamgarh
95.04,25.05,11.23,2.64,46.58,17.53,7.9,24.37,3.77,56.73,0.72,0.73,39.32,2013.0,Tikamgarh
95.14,26.13,10.61,2.71,41.42,18.76,8.43,25.14,2.23,52.9,0.67,0.68,39.52,2014.0,Tikamgarh
95.18,25.96,10.63,2.67,40.76,18.43,8.28,25.15,3.16,52.14,0.67,0.67,38.89,2015.0,Tikamgarh
95.11,25.81,10.45,2.57,44.09,18.52,8.31,25.25,2.89,50.96,0.7,0.7,40.99,2016.0,Tikamgarh
95.09,25.92,10.33,2.55,42.15,18.74,8.39,25.28,2.27,49.77,0.67,0.68,39.43,2017.0,Tikamgarh
95.09,26.36,9.67,2.57,40.25,18.39,8.23,25.59,2.04,46.11,0.66,0.67,40.66,2018.0,Tikamgarh
95.12,25.6,11.2,2.66,47.02,17.86,8.07,24.76,3.87,56.34,0.73,0.73,42.2,2019.0,Tikamgarh
95.24,24.9,11.4,2.22,62.12,18.4,8.56,24.58,4.02,57.51,0.74,0.74,36.33,1990.0,Ujjain
95.26,25.72,9.87,2.25,57.59,19.26,8.91,25.24,2.73,48.87,0.68,0.68,43.01,1991.0,Ujjain
95.31,25.58,9.74,2.07,54.74,19.6,9.06,25.12,2.89,48.14,0.68,0.68,41.93,1992.0,Ujjain
95.3,25.1,10.26,2.1,58.37,19.28,8.95,24.96,3.44,50.45,0.7,0.7,39.85,1993.0,Ujjain
95.25,25.18,10.38,2.06,57.78,18.68,8.65,24.83,4.25,52.46,0.71,0.71,41.02,1994.0,Ujjain
95.26,25.13,10.64,2.1,58.34,18.65,8.76,24.83,2.87,53.38,0.69,0.69,41.43,1995.0,Ujjain
95.23,25.26,10.4,2.02,55.63,18.47,8.57,24.85,2.59,52.57,0.69,0.69,39.32,1996.0,Ujjain
95.36,24.62,10.99,2.12,60.68,17.94,8.37,24.17,3.81,57.03,0.73,0.72,38.74,1997.0,Ujjain
95.28,24.9,11.61,2.03,49.89,18.41,8.6,24.74,2.7,58.63,0.7,0.7,41.68,1998.0,Ujjain
95.2,25.11,10.29,2.08,42.06,18.73,8.58,24.95,3.39,52.12,0.71,0.71,40.28,1999.0,Ujjain
95.18,25.29,9.67,2.14,36.33,19.22,8.85,25.03,2.13,45.47,0.65,0.66,38.97,2000.0,Ujjain
95.24,24.98,10.81,2.11,48.94,18.19,8.2,24.69,3.76,52.66,0.71,0.71,39.73,2001.0,Ujjain
95.27,25.63,10.26,2.21,45.61,18.5,8.32,25.35,2.95,50.59,0.67,0.67,39.76,2002.0,Ujjain
95.3,25.12,11.11,2.13,50.32,17.88,8.07,24.78,4.2,57.21,0.73,0.73,41.62,2003.0,Ujjain
95.3,24.95,10.97,2.02,44.69,18.72,8.42,24.83,3.15,55.56,0.7,0.71,39.15,2004.0,Ujjain
95.29,24.91,10.75,2.02,47.52,18.48,8.28,24.72,4.31,55.16,0.72,0.72,38.59,2005.0,Ujjain
95.28,25.82,10.98,2.07,47.72,18.18,8.21,25.5,2.55,52.8,0.68,0.68,37.61,2006.0,Ujjain
95.27,25.21,10.79,2.02,46.49,18.46,8.3,24.94,2.77,53.4,0.69,0.69,37.7,2007.0,Ujjain
95.25,24.99,10.87,1.97,47.33,18.26,8.18,24.62,3.11,54.77,0.7,0.7,39.72,2008.0,Ujjain
95.26,26.12,10.55,2.0,43.81,18.76,8.4,25.72,2.8,51.58,0.67,0.67,36.72,2009.0,Ujjain
95.26,26.11,11.12,1.88,49.05,18.66,8.39,25.7,3.14,54.21,0.7,0.7,40.26,2010.0,Ujjain
95.24,24.95,11.25,1.91,45.76,18.08,8.14,24.62,3.82,56.36,0.72,0.72,42.63,2011.0,Ujjain
95.22,24.94,10.58,2.08,47.95,18.19,8.14,24.65,3.4,54.18,0.71,0.71,42.72,2012.0,Ujjain
95.24,24.62,11.76,1.98,50.97,17.55,7.89,24.35,4.91,60.41,0.75,0.75,42.53,2013.0,Ujjain
95.34,24.95,11.39,2.06,48.95,18.19,8.18,24.68,3.01,58.27,0.69,0.69,43.53,2014.0,Ujjain
95.4,25.22,11.5,1.98,48.34,18.09,8.11,24.85,2.89,57.47,0.68,0.68,41.12,2015.0,Ujjain
95.3,25.52,11.17,1.98,51.29,17.86,8.0,25.29,3.68,54.54,0.72,0.72,40.75,2016.0,Ujjain
95.29,26.26,10.56,2.01,44.85,18.59,8.32,25.76,2.23,50.23,0.66,0.66,42.62,2017.0,Ujjain
95.28,25.81,10.49,2.11,44.63,17.83,7.99,25.43,3.06,50.63,0.69,0.69,39.62,2018.0,Ujjain
95.34,25.47,11.2,1.98,49.95,17.81,8.05,24.9,3.69,56.84,0.72,0.72,44.69,2019.0,Ujjain
95.56,25.32,11.26,2.41,58.48,17.92,8.4,24.79,4.3,56.28,0.74,0.74,37.3,1990.0,Umaria
95.58,26.17,9.49,2.45,50.08,19.42,9.06,25.5,2.83,46.33,0.68,0.68,44.17,1991.0,Umaria
95.63,26.26,9.37,2.29,52.82,19.62,9.15,25.44,2.46,46.24,0.68,0.68,42.07,1992.0,Umaria
95.63,25.67,10.11,2.34,53.37,19.48,9.1,25.15,3.48,49.81,0.7,0.7,41.88,1993.0,Umaria
95.58,25.39,10.19,2.26,52.64,19.23,8.98,24.89,4.25,51.43,0.72,0.71,42.77,1994.0,Umaria
95.58,25.78,10.33,2.28,49.2,19.51,9.15,25.12,2.97,51.26,0.69,0.69,42.15,1995.0,Umaria
95.55,25.67,10.24,2.24,48.44,19.32,9.05,25.02,3.7,51.83,0.7,0.7,41.73,1996.0,Umaria
95.68,25.09,11.02,2.28,51.14,18.97,8.93,24.42,3.8,56.32,0.72,0.72,39.85,1997.0,Umaria
95.6,25.33,11.42,2.13,46.08,19.16,8.99,24.95,2.81,57.21,0.72,0.72,44.06,1998.0,Umaria
95.54,25.34,10.22,2.28,41.49,18.7,8.69,24.94,3.31,51.69,0.71,0.71,40.64,1999.0,Umaria
95.51,25.75,9.34,2.35,35.16,19.43,9.03,25.26,2.34,43.26,0.67,0.67,39.74,2000.0,Umaria
95.57,25.56,10.3,2.17,45.82,18.73,8.48,25.06,3.01,49.0,0.7,0.7,40.72,2001.0,Umaria
95.59,26.52,9.79,2.35,41.86,19.15,8.64,25.88,2.67,46.6,0.66,0.66,40.52,2002.0,Umaria
95.62,25.64,10.89,2.26,45.56,18.54,8.39,25.09,3.78,55.25,0.73,0.73,41.32,2003.0,Umaria
95.61,26.1,10.43,2.2,40.98,19.01,8.59,25.44,2.72,51.65,0.68,0.68,41.21,2004.0,Umaria
95.6,25.63,10.28,2.23,43.49,19.05,8.57,25.06,3.75,51.75,0.71,0.71,39.42,2005.0,Umaria
95.6,26.01,11.04,2.13,44.68,18.57,8.42,25.57,4.31,53.23,0.71,0.7,39.21,2006.0,Umaria
95.58,25.76,10.57,2.12,42.9,18.98,8.57,25.3,3.02,51.75,0.7,0.7,38.2,2007.0,Umaria
95.57,25.61,10.58,2.11,46.3,18.67,8.42,24.96,2.87,52.02,0.7,0.7,39.63,2008.0,Umaria
95.58,26.41,10.68,2.19,42.41,19.02,8.57,25.85,3.21,52.18,0.69,0.69,37.72,2009.0,Umaria
95.57,26.33,11.21,2.09,47.22,18.98,8.59,25.72,3.02,55.38,0.72,0.71,41.31,2010.0,Umaria
95.55,25.53,10.99,2.1,43.6,18.36,8.31,24.88,4.32,55.15,0.72,0.72,43.37,2011.0,Umaria
95.55,25.63,10.27,2.33,46.56,18.32,8.26,24.92,3.32,51.13,0.7,0.7,41.22,2012.0,Umaria
95.56,25.21,11.54,2.3,48.62,17.47,7.9,24.62,4.88,58.16,0.72,0.72,43.27,2013.0,Umaria
95.66,25.8,10.94,2.36,46.68,18.63,8.41,25.14,2.92,55.36,0.69,0.69,43.5,2014.0,Umaria
95.72,26.0,10.93,2.27,46.2,18.08,8.17,25.27,3.45,53.88,0.68,0.68,42.16,2015.0,Umaria
95.62,26.07,10.66,2.17,47.94,18.3,8.24,25.56,4.17,51.63,0.71,0.71,42.95,2016.0,Umaria
95.61,26.73,10.19,2.21,44.23,18.57,8.35,25.99,2.21,47.4,0.65,0.65,43.22,2017.0,Umaria
95.6,26.39,10.02,2.23,43.01,18.06,8.11,25.77,2.49,47.98,0.68,0.68,42.26,2018.0,Umaria
95.65,25.97,11.12,2.16,49.49,17.75,8.06,25.19,4.87,55.48,0.73,0.73,45.4,2019.0,Umaria
94.19,26.26,11.51,3.07,54.65,18.45,9.08,25.0,2.27,58.05,0.67,0.68,32.52,1990.0,Ahmednagar
94.19,27.15,10.25,2.93,49.57,18.91,9.3,25.76,1.81,49.63,0.65,0.65,38.35,1991.0,Ahmednagar
94.22,27.45,9.85,2.9,48.42,19.76,9.7,25.82,1.43,47.75,0.63,0.64,34.17,1992.0,Ahmednagar
94.24,26.41,10.71,2.95,51.42,19.79,9.69,25.1,2.1,54.02,0.66,0.67,34.35,1993.0,Ahmednagar
94.19,26.36,11.06,3.11,48.75,19.53,9.6,25.03,1.71,55.96,0.65,0.65,37.35,1994.0,Ahmednagar
94.17,27.26,10.88,2.81,47.33,19.36,9.56,25.69,1.51,52.94,0.63,0.63,34.57,1995.0,Ahmednagar
94.14,26.97,10.77,2.81,46.03,19.31,9.46,25.48,1.72,53.38,0.65,0.65,34.73,1996.0,Ahmednagar
94.27,27.06,11.14,2.8,43.15,19.29,9.51,25.53,1.66,54.58,0.63,0.64,35.16,1997.0,Ahmednagar
94.18,26.68,11.9,2.76,44.91,19.15,9.38,25.36,2.31,59.07,0.69,0.7,34.59,1998.0,Ahmednagar
94.14,26.62,10.61,2.9,38.15,19.63,9.66,25.26,1.43,53.13,0.64,0.64,35.78,1999.0,Ahmednagar
94.12,26.81,10.2,2.8,35.72,20.03,9.83,25.49,1.63,49.21,0.64,0.64,33.2,2000.0,Ahmednagar
94.16,26.99,10.74,2.88,43.36,19.31,8.75,25.56,1.43,52.46,0.63,0.64,33.91,2001.0,Ahmednagar
94.22,27.81,10.36,2.91,41.69,19.32,8.75,26.24,1.28,48.53,0.62,0.63,34.47,2002.0,Ahmednagar
94.21,28.03,10.65,2.88,41.96,19.66,8.89,26.38,1.2,50.06,0.62,0.63,33.46,2003.0,Ahmednagar
94.22,26.75,11.04,2.84,41.73,19.53,8.85,25.46,1.8,54.13,0.65,0.65,32.24,2004.0,Ahmednagar
94.2,26.04,11.22,2.8,43.95,19.16,8.68,24.95,2.54,56.75,0.7,0.7,33.93,2005.0,Ahmednagar
94.21,26.17,11.7,2.73,44.3,18.95,8.57,25.09,2.69,59.09,0.7,0.71,34.01,2006.0,Ahmednagar
94.16,26.68,11.32,2.69,42.65,19.33,8.75,25.44,1.87,55.91,0.67,0.67,33.52,2007.0,Ahmednagar
94.16,26.73,11.01,2.79,41.76,19.27,8.68,25.41,1.66,54.02,0.65,0.65,33.9,2008.0,Ahmednagar
94.18,27.27,11.19,2.78,41.96,19.48,8.77,25.98,1.93,54.15,0.65,0.66,33.09,2009.0,Ahmednagar
94.15,26.95,12.3,2.67,49.18,18.85,8.58,25.77,2.26,59.9,0.69,0.69,36.37,2010.0,Ahmednagar
94.14,26.58,11.19,2.78,42.35,18.98,8.55,25.33,1.74,55.11,0.65,0.66,34.65,2011.0,Ahmednagar
94.15,27.42,10.5,2.93,41.74,19.23,8.63,25.91,1.29,50.13,0.63,0.63,33.04,2012.0,Ahmednagar
94.15,26.81,11.59,2.95,46.12,18.26,8.23,25.45,1.91,57.24,0.66,0.67,34.16,2013.0,Ahmednagar
94.25,27.17,11.46,2.77,43.34,18.97,8.55,25.68,1.73,55.36,0.64,0.65,34.14,2014.0,Ahmednagar
94.3,27.59,11.32,2.72,43.66,18.97,8.53,26.03,1.72,53.15,0.62,0.63,33.91,2015.0,Ahmednagar
94.24,27.11,10.82,2.78,44.54,18.76,8.43,25.7,1.71,52.44,0.65,0.65,33.19,2016.0,Ahmednagar
94.22,27.09,10.88,2.7,43.96,19.23,8.62,25.71,1.94,52.83,0.65,0.66,34.01,2017.0,Ahmednagar
94.22,28.17,9.97,2.81,44.2,18.7,8.37,26.47,0.8,45.86,0.61,0.61,35.57,2018.0,Ahmednagar
94.24,27.53,11.39,2.92,47.06,18.6,8.39,25.95,1.67,54.82,0.65,0.66,35.79,2019.0,Ahmednagar
96.29,27.3,11.6,2.76,59.17,18.61,9.0,26.29,2.59,54.95,0.66,0.66,33.41,1990.0,Akola
96.3,28.53,9.59,2.68,52.61,19.34,9.36,27.24,1.25,43.39,0.63,0.63,40.58,1991.0,Akola
96.34,28.02,9.78,2.56,51.83,19.65,9.49,26.85,1.9,45.55,0.64,0.64,38.17,1992.0,Akola
96.36,26.71,10.9,2.54,53.92,19.72,9.53,25.98,3.19,52.98,0.7,0.7,38.76,1993.0,Akola
96.31,26.72,11.15,2.61,53.24,19.41,9.38,25.87,3.11,54.89,0.69,0.69,39.48,1994.0,Akola
96.28,28.07,10.86,2.48,51.64,19.39,9.45,26.83,2.03,50.2,0.64,0.64,39.5,1995.0,Akola
96.25,28.24,10.45,2.53,48.73,19.47,9.42,27.0,1.92,48.05,0.64,0.65,38.6,1996.0,Akola
96.4,27.66,11.26,2.57,50.84,19.13,9.28,26.44,2.29,53.25,0.64,0.65,38.3,1997.0,Akola
96.3,27.46,12.01,2.46,46.33,18.79,9.12,26.5,2.74,56.96,0.71,0.71,37.33,1998.0,Akola
96.26,26.78,10.92,2.52,41.42,19.27,9.24,25.98,2.52,53.77,0.68,0.68,39.01,1999.0,Akola
96.23,27.52,9.9,2.51,38.28,19.81,9.53,26.61,1.91,44.61,0.64,0.65,36.12,2000.0,Akola
96.28,27.52,10.86,2.45,49.17,18.73,8.53,26.56,2.12,50.31,0.65,0.65,36.65,2001.0,Akola
96.33,28.28,10.35,2.65,45.16,19.04,8.67,27.18,1.96,46.61,0.64,0.65,38.05,2002.0,Akola
96.33,27.8,11.25,2.6,49.22,18.93,8.62,26.71,2.26,53.11,0.67,0.68,37.52,2003.0,Akola
96.34,27.93,10.86,2.51,43.54,19.6,8.92,26.87,1.7,49.99,0.64,0.64,35.92,2004.0,Akola
96.32,27.13,11.03,2.52,46.6,18.9,8.6,26.24,2.54,53.09,0.68,0.69,36.34,2005.0,Akola
96.33,27.03,11.96,2.35,48.99,18.73,8.53,26.36,3.69,56.65,0.7,0.7,36.73,2006.0,Akola
96.28,27.7,11.04,2.35,47.66,19.22,8.72,26.7,2.21,51.33,0.67,0.67,35.03,2007.0,Akola
96.28,27.86,10.7,2.45,47.92,18.79,8.51,26.73,1.76,49.23,0.64,0.65,36.75,2008.0,Akola
96.29,28.29,11.05,2.48,46.27,19.13,8.64,27.24,2.25,50.68,0.66,0.66,35.54,2009.0,Akola
96.28,27.78,12.22,2.41,50.64,18.63,8.49,26.87,3.02,57.33,0.72,0.72,39.27,2010.0,Akola
96.27,27.41,11.3,2.36,47.61,18.76,8.51,26.43,2.15,52.85,0.66,0.67,38.25,2011.0,Akola
96.28,27.44,10.9,2.55,49.79,18.67,8.44,26.45,2.31,51.29,0.68,0.68,36.68,2012.0,Akola
96.27,27.03,11.97,2.63,50.48,17.73,8.04,26.15,2.96,57.84,0.71,0.72,37.72,2013.0,Akola
96.38,28.25,11.26,2.55,50.33,18.55,8.41,26.94,2.01,51.47,0.64,0.64,37.69,2014.0,Akola
96.43,27.95,11.47,2.45,48.2,18.79,8.5,26.85,2.59,52.38,0.65,0.65,38.19,2015.0,Akola
96.35,27.56,11.06,2.43,50.45,18.76,8.47,26.68,2.78,51.58,0.69,0.7,38.96,2016.0,Akola
96.34,27.96,10.77,2.41,48.49,19.06,8.58,26.89,2.0,49.35,0.65,0.65,37.03,2017.0,Akola
96.35,27.88,10.36,2.35,47.26,18.22,8.19,26.86,2.31,47.56,0.66,0.67,39.65,2018.0,Akola
96.38,27.63,11.53,2.55,50.71,18.28,8.28,26.5,2.71,55.0,0.71,0.71,39.9,2019.0,Akola
96.45,27.04,11.8,2.65,59.17,18.61,9.0,26.22,2.78,56.16,0.69,0.69,34.34,1990.0,Amravati
96.45,28.51,9.55,2.64,52.61,19.34,9.36,27.32,1.4,43.47,0.64,0.64,40.36,1991.0,Amravati
96.5,28.08,9.71,2.5,51.83,19.65,9.49,27.04,2.03,44.96,0.65,0.65,37.9,1992.0,Amravati
96.51,26.76,10.85,2.5,53.92,19.72,9.53,26.1,3.26,52.38,0.71,0.71,39.23,1993.0,Amravati
96.47,26.74,11.01,2.59,53.24,19.41,9.38,25.96,3.48,54.13,0.7,0.7,38.73,1994.0,Amravati
96.44,27.68,10.99,2.4,51.64,19.39,9.45,26.68,2.4,51.22,0.67,0.67,39.62,1995.0,Amravati
96.41,28.23,10.42,2.48,48.73,19.47,9.42,27.12,2.03,47.64,0.65,0.65,38.44,1996.0,Amravati
96.56,27.41,11.34,2.5,50.84,19.13,9.28,26.35,2.54,54.01,0.66,0.66,38.59,1997.0,Amravati
96.46,27.3,12.0,2.38,46.33,18.79,9.12,26.49,2.72,57.01,0.71,0.71,39.17,1998.0,Amravati
96.42,26.86,10.83,2.5,41.42,19.27,9.24,26.17,2.72,52.98,0.7,0.7,39.08,1999.0,Amravati
96.39,27.49,9.83,2.45,38.28,19.81,9.53,26.7,1.95,44.08,0.65,0.65,36.56,2000.0,Amravati
96.44,27.26,10.98,2.38,49.17,18.73,8.53,26.57,2.39,50.68,0.67,0.67,37.55,2001.0,Amravati
96.48,28.1,10.39,2.58,45.16,19.04,8.67,27.2,2.18,46.85,0.65,0.66,38.15,2002.0,Amravati
96.49,27.43,11.43,2.51,49.22,18.93,8.62,26.58,2.8,54.7,0.7,0.7,38.08,2003.0,Amravati
96.49,27.98,10.78,2.45,43.54,19.6,8.92,26.94,1.78,49.64,0.64,0.65,36.18,2004.0,Amravati
96.47,27.1,10.94,2.46,46.6,18.9,8.6,26.32,2.71,52.78,0.69,0.69,37.32,2005.0,Amravati
96.49,27.11,11.96,2.3,48.99,18.73,8.53,26.5,3.66,56.26,0.71,0.71,36.95,2006.0,Amravati
96.45,27.67,10.96,2.3,47.66,19.22,8.72,26.76,2.34,50.96,0.68,0.68,35.57,2007.0,Amravati
96.44,27.62,10.72,2.34,47.92,18.79,8.51,26.68,2.0,49.6,0.66,0.66,36.53,2008.0,Amravati
96.45,28.3,11.01,2.41,46.27,19.13,8.64,27.38,2.38,50.33,0.67,0.67,35.72,2009.0,Amravati
96.44,27.86,12.04,2.35,50.64,18.63,8.49,27.04,3.24,56.09,0.72,0.72,38.42,2010.0,Amravati
96.43,27.34,11.3,2.27,47.61,18.76,8.51,26.45,2.3,52.66,0.68,0.68,39.25,2011.0,Amravati
96.43,27.29,10.93,2.54,49.79,18.67,8.44,26.45,2.63,51.76,0.7,0.7,37.54,2012.0,Amravati
96.43,27.04,11.96,2.55,50.48,17.73,8.04,26.22,3.39,57.63,0.72,0.72,38.33,2013.0,Amravati
96.54,28.26,11.14,2.52,50.33,18.55,8.41,27.04,2.15,50.89,0.65,0.65,37.95,2014.0,Amravati
96.6,27.59,11.62,2.4,48.2,18.79,8.5,26.68,2.96,53.63,0.68,0.68,38.62,2015.0,Amravati
96.5,27.67,11.06,2.4,50.45,18.76,8.47,26.87,2.85,51.13,0.7,0.7,38.16,2016.0,Amravati
96.5,27.98,10.78,2.36,48.49,19.06,8.58,27.0,2.03,49.24,0.65,0.65,37.59,2017.0,Amravati
96.5,27.97,10.34,2.32,47.26,18.22,8.19,27.01,2.15,47.16,0.66,0.66,39.4,2018.0,Amravati
96.54,27.68,11.44,2.53,50.71,18.28,8.28,26.62,2.75,54.44,0.71,0.71,41.36,2019.0,Amravati
94.58,26.16,11.45,2.89,58.57,18.77,9.17,25.11,2.49,57.08,0.67,0.67,33.2,1990.0,Aurangabad
94.58,27.21,9.79,2.79,53.81,19.03,9.32,25.97,2.03,46.66,0.64,0.65,38.97,1991.0,Aurangabad
94.62,27.37,9.63,2.76,53.06,19.98,9.77,25.93,1.73,46.25,0.64,0.64,35.65,1992.0,Aurangabad
94.64,26.1,10.66,2.76,55.46,19.93,9.71,25.11,2.67,53.67,0.68,0.68,35.16,1993.0,Aurangabad
94.59,26.14,10.87,2.84,52.37,19.74,9.62,25.04,2.0,54.95,0.65,0.65,38.3,1994.0,Aurangabad
94.56,27.4,10.47,2.67,51.14,19.86,9.68,25.94,1.53,50.06,0.63,0.63,35.99,1995.0,Aurangabad
94.53,27.06,10.43,2.65,51.29,19.45,9.51,25.72,1.84,50.85,0.65,0.66,35.21,1996.0,Aurangabad
94.67,26.86,10.98,2.65,50.04,19.41,9.55,25.52,1.88,53.63,0.64,0.64,34.63,1997.0,Aurangabad
94.57,26.44,11.86,2.55,48.46,19.17,9.35,25.41,2.73,58.57,0.7,0.71,34.67,1998.0,Aurangabad
94.54,26.47,10.56,2.69,41.27,19.7,9.63,25.31,1.8,52.73,0.64,0.65,37.15,1999.0,Aurangabad
94.51,26.64,9.91,2.65,40.08,20.11,9.78,25.57,2.07,46.9,0.64,0.65,32.92,2000.0,Aurangabad
94.56,26.9,10.47,2.63,44.74,19.33,8.75,25.67,1.73,50.48,0.64,0.65,34.46,2001.0,Aurangabad
94.61,27.62,10.19,2.77,41.71,19.36,8.77,26.25,1.68,47.59,0.63,0.64,35.9,2002.0,Aurangabad
94.6,27.62,10.72,2.75,43.96,19.71,8.91,26.2,1.68,51.05,0.64,0.65,35.43,2003.0,Aurangabad
94.62,26.89,10.83,2.66,42.22,19.76,8.95,25.74,1.9,52.32,0.65,0.65,33.55,2004.0,Aurangabad
94.59,26.03,10.91,2.62,45.14,19.24,8.7,25.11,2.84,54.84,0.7,0.7,34.29,2005.0,Aurangabad
94.61,26.13,11.59,2.49,45.71,19.0,8.59,25.26,3.33,57.89,0.7,0.71,34.53,2006.0,Aurangabad
94.56,26.51,11.17,2.48,43.5,19.6,8.85,25.49,2.26,54.86,0.68,0.68,33.19,2007.0,Aurangabad
94.56,26.9,10.66,2.62,43.59,19.23,8.66,25.67,1.73,51.29,0.65,0.65,34.71,2008.0,Aurangabad
94.58,27.28,10.94,2.6,42.54,19.47,8.75,26.14,2.16,52.52,0.66,0.66,33.87,2009.0,Aurangabad
94.55,26.84,12.11,2.47,50.29,18.85,8.56,25.83,2.58,58.86,0.7,0.71,37.4,2010.0,Aurangabad
94.54,26.54,11.0,2.52,42.92,19.12,8.6,25.43,2.01,53.79,0.66,0.67,36.02,2011.0,Aurangabad
94.55,27.12,10.43,2.75,44.8,19.12,8.58,25.83,1.67,49.77,0.64,0.64,33.69,2012.0,Aurangabad
94.55,26.36,11.6,2.79,47.49,18.26,8.23,25.28,2.38,57.89,0.68,0.69,35.15,2013.0,Aurangabad
94.66,27.02,11.31,2.61,45.58,18.97,8.55,25.69,1.86,54.6,0.64,0.65,35.34,2014.0,Aurangabad
94.7,27.38,11.15,2.51,44.57,19.06,8.58,26.05,2.2,52.26,0.63,0.64,35.34,2015.0,Aurangabad
94.63,26.86,10.76,2.56,47.22,18.88,8.48,25.73,2.2,51.94,0.67,0.67,35.9,2016.0,Aurangabad
94.62,26.82,10.74,2.51,46.89,19.33,8.65,25.71,2.33,51.86,0.66,0.67,34.03,2017.0,Aurangabad
94.62,27.67,9.86,2.58,45.62,18.61,8.32,26.28,1.51,45.79,0.63,0.63,37.25,2018.0,Aurangabad
94.65,26.91,11.34,2.72,49.14,18.75,8.45,25.63,2.32,55.5,0.69,0.69,37.11,2019.0,Aurangabad
94.49,26.41,11.51,2.97,59.1,18.8,9.22,25.22,2.59,57.5,0.68,0.69,32.62,1990.0,Beed
94.48,27.54,10.11,2.82,56.47,19.16,9.38,26.18,1.87,48.11,0.65,0.66,39.0,1991.0,Beed
94.52,27.86,9.75,2.78,55.31,19.99,9.74,26.25,1.53,46.32,0.63,0.64,34.67,1992.0,Beed
94.54,26.53,10.65,2.81,57.05,19.96,9.73,25.31,2.37,53.37,0.67,0.68,35.31,1993.0,Beed
94.49,26.72,11.03,3.03,53.59,19.93,9.77,25.38,1.73,54.92,0.64,0.65,38.01,1994.0,Beed
94.46,27.57,10.93,2.71,53.92,19.59,9.64,26.03,1.72,52.49,0.64,0.64,35.58,1995.0,Beed
94.44,27.26,10.72,2.7,51.54,19.5,9.54,25.83,1.9,52.3,0.65,0.66,35.52,1996.0,Beed
94.57,27.5,11.11,2.72,50.23,19.38,9.57,25.96,1.67,53.25,0.63,0.63,35.45,1997.0,Beed
94.47,27.0,11.9,2.64,49.76,19.32,9.43,25.72,2.63,58.21,0.7,0.71,35.0,1998.0,Beed
94.44,26.94,10.51,2.8,44.41,19.65,9.65,25.57,1.5,52.02,0.64,0.64,36.13,1999.0,Beed
94.41,26.98,10.12,2.69,42.59,19.93,9.75,25.75,1.83,48.04,0.64,0.65,33.25,2000.0,Beed
94.46,27.22,10.69,2.77,43.75,19.33,8.8,25.84,1.63,51.46,0.64,0.65,34.61,2001.0,Beed
94.51,28.03,10.33,2.79,40.74,19.52,8.89,26.53,1.51,47.73,0.63,0.63,34.57,2002.0,Beed
94.5,28.32,10.65,2.83,42.73,19.64,8.95,26.7,1.31,49.36,0.63,0.63,34.0,2003.0,Beed
94.52,27.06,11.01,2.73,40.13,19.82,9.04,25.79,1.92,53.07,0.65,0.65,33.45,2004.0,Beed
94.5,26.42,11.19,2.71,43.83,19.2,8.75,25.32,2.61,55.69,0.69,0.7,34.09,2005.0,Beed
94.51,26.52,11.66,2.63,43.7,19.1,8.7,25.42,2.8,58.04,0.7,0.7,34.16,2006.0,Beed
94.46,27.03,11.19,2.6,44.17,19.49,8.87,25.78,1.97,54.43,0.66,0.67,33.33,2007.0,Beed
94.46,27.08,10.95,2.69,43.95,19.34,8.77,25.78,1.76,52.76,0.65,0.66,34.1,2008.0,Beed
94.48,27.52,11.11,2.68,43.95,19.44,8.8,26.28,2.06,53.02,0.66,0.66,33.08,2009.0,Beed
94.45,27.23,12.22,2.57,50.61,18.83,8.61,26.07,2.41,58.89,0.7,0.7,37.23,2010.0,Beed
94.44,26.99,11.12,2.71,43.06,19.0,8.59,25.7,1.79,53.72,0.65,0.65,35.48,2011.0,Beed
94.45,27.71,10.45,2.83,44.18,19.23,8.69,26.25,1.46,49.09,0.63,0.64,32.96,2012.0,Beed
94.45,27.04,11.61,2.86,47.35,18.52,8.41,25.74,2.11,56.67,0.67,0.67,34.03,2013.0,Beed
94.55,27.53,11.42,2.69,46.87,18.88,8.56,26.04,1.8,54.13,0.64,0.64,34.31,2014.0,Beed
94.6,28.02,11.2,2.65,45.4,19.11,8.66,26.44,1.8,51.36,0.62,0.63,34.89,2015.0,Beed
94.53,27.38,10.8,2.65,46.0,18.73,8.47,26.04,1.98,51.58,0.65,0.66,34.18,2016.0,Beed
94.52,27.48,10.71,2.6,48.8,19.29,8.68,26.1,1.96,50.96,0.65,0.66,34.48,2017.0,Beed
94.52,28.48,9.84,2.7,48.63,18.47,8.32,26.81,1.05,44.39,0.61,0.62,36.08,2018.0,Beed
94.54,27.97,11.22,2.84,50.88,18.72,8.51,26.37,1.64,53.05,0.64,0.65,36.39,2019.0,Beed
97.53,26.74,12.6,2.27,63.51,18.38,8.81,26.25,3.47,60.45,0.72,0.72,36.54,1990.0,Bhandara
97.55,28.18,10.77,2.22,60.68,18.96,9.08,27.31,2.45,50.4,0.66,0.66,43.55,1991.0,Bhandara
97.59,28.2,10.3,2.13,56.0,19.47,9.28,27.39,2.54,47.23,0.66,0.67,38.82,1992.0,Bhandara
97.6,27.03,11.25,2.14,61.48,18.84,8.99,26.61,3.68,53.1,0.71,0.71,39.78,1993.0,Bhandara
97.55,26.96,11.65,2.28,59.01,18.29,8.7,26.46,4.2,56.73,0.71,0.71,41.23,1994.0,Bhandara
97.54,27.32,12.02,2.03,60.82,18.48,8.9,26.68,3.41,56.86,0.69,0.69,41.44,1995.0,Bhandara
97.5,28.15,11.19,2.17,59.12,18.49,8.88,27.36,2.4,51.22,0.66,0.67,39.41,1996.0,Bhandara
97.65,27.39,11.79,2.2,61.28,17.79,8.54,26.65,3.03,55.81,0.67,0.68,39.83,1997.0,Bhandara
97.56,27.17,12.67,2.09,52.45,18.34,8.84,26.67,3.03,60.05,0.71,0.71,41.84,1998.0,Bhandara
97.49,27.08,11.29,2.15,43.55,18.79,8.87,26.63,3.18,54.7,0.71,0.7,41.19,1999.0,Bhandara
97.47,27.42,10.55,2.1,39.02,19.39,9.2,26.93,2.35,47.29,0.66,0.66,38.9,2000.0,Bhandara
97.53,27.19,11.74,2.03,56.2,18.22,8.32,26.75,3.23,54.16,0.69,0.69,40.06,2001.0,Bhandara
97.56,28.0,11.12,2.24,51.79,18.63,8.5,27.39,2.84,50.42,0.67,0.67,39.31,2002.0,Bhandara
97.58,27.54,12.03,2.18,55.47,18.25,8.35,26.96,3.67,57.04,0.72,0.72,40.33,2003.0,Bhandara
97.59,27.75,11.62,2.08,49.53,19.02,8.67,26.96,2.36,54.5,0.66,0.66,39.45,2004.0,Bhandara
97.57,27.13,11.68,2.07,53.26,18.36,8.35,26.61,3.71,56.4,0.71,0.71,39.12,2005.0,Bhandara
97.58,27.36,12.37,2.01,52.41,18.26,8.34,26.89,3.65,57.51,0.71,0.71,38.56,2006.0,Bhandara
97.55,27.69,11.54,2.04,51.46,18.72,8.51,27.01,3.06,53.76,0.68,0.69,36.53,2007.0,Bhandara
97.54,27.2,11.59,2.0,51.79,18.32,8.33,26.61,2.84,54.7,0.69,0.69,38.29,2008.0,Bhandara
97.54,28.32,11.5,2.0,50.17,18.86,8.54,27.69,2.94,52.28,0.69,0.69,37.44,2009.0,Bhandara
97.53,28.16,12.26,2.0,54.17,18.43,8.41,27.52,4.15,56.29,0.73,0.73,40.88,2010.0,Bhandara
97.53,27.09,12.08,1.93,49.26,18.39,8.36,26.52,2.99,56.9,0.69,0.7,40.79,2011.0,Bhandara
97.52,27.45,11.38,2.14,52.71,17.99,8.15,26.87,3.61,54.0,0.7,0.71,41.76,2012.0,Bhandara
97.52,27.21,12.48,2.17,54.68,17.3,7.88,26.59,4.71,59.63,0.74,0.73,40.46,2013.0,Bhandara
97.64,27.8,12.01,2.17,54.51,18.26,8.31,26.95,2.78,56.32,0.67,0.67,40.36,2014.0,Bhandara
97.7,27.44,12.48,2.04,52.46,18.27,8.28,26.81,3.77,57.5,0.69,0.69,40.31,2015.0,Bhandara
97.59,27.69,11.92,2.05,53.99,18.26,8.28,27.18,3.45,54.74,0.72,0.72,39.79,2016.0,Bhandara
97.59,27.9,11.63,1.98,47.77,18.87,8.52,27.24,3.05,53.43,0.68,0.68,40.3,2017.0,Bhandara
97.6,27.7,11.35,2.05,47.46,18.13,8.18,26.98,2.91,52.39,0.67,0.68,40.32,2018.0,Bhandara
97.64,27.76,11.99,2.17,52.09,17.87,8.13,26.89,3.77,57.06,0.72,0.72,44.2,2019.0,Bhandara
95.6,26.7,11.51,2.8,58.69,18.55,8.98,25.73,2.52,55.77,0.66,0.67,34.02,1990.0,Buldhana
95.61,27.76,9.64,2.71,50.95,19.25,9.32,26.56,1.6,44.77,0.64,0.64,40.84,1991.0,Buldhana
95.65,27.57,9.7,2.64,51.3,19.94,9.58,26.31,1.82,45.89,0.64,0.64,37.85,1992.0,Buldhana
95.66,26.36,10.78,2.62,53.18,19.86,9.58,25.55,2.95,53.22,0.69,0.69,36.95,1993.0,Buldhana
95.61,26.28,11.01,2.69,52.63,19.49,9.41,25.39,2.57,55.05,0.67,0.68,40.1,1994.0,Buldhana
95.58,27.71,10.56,2.55,50.16,19.63,9.55,26.4,1.77,49.45,0.63,0.64,38.59,1995.0,Buldhana
95.56,27.59,10.41,2.59,48.11,19.43,9.41,26.36,1.9,49.22,0.65,0.66,37.17,1996.0,Buldhana
95.69,27.18,11.12,2.61,50.38,19.07,9.29,25.94,2.1,53.51,0.64,0.64,36.66,1997.0,Buldhana
95.6,26.91,11.92,2.5,44.88,18.99,9.2,25.98,2.73,57.51,0.71,0.71,36.4,1998.0,Buldhana
95.57,26.5,10.77,2.58,40.75,19.29,9.28,25.6,2.2,53.41,0.66,0.67,38.59,1999.0,Buldhana
95.54,27.04,9.84,2.58,37.42,19.9,9.56,26.11,1.99,45.2,0.64,0.65,34.7,2000.0,Buldhana
95.58,27.18,10.62,2.52,45.16,18.99,8.62,26.12,1.92,49.99,0.65,0.65,36.71,2001.0,Buldhana
95.63,27.93,10.21,2.72,42.02,19.14,8.69,26.73,1.82,46.7,0.64,0.64,37.21,2002.0,Buldhana
95.63,27.7,10.96,2.68,45.13,19.24,8.73,26.45,1.98,51.91,0.65,0.66,36.54,2003.0,Buldhana
95.64,27.4,10.82,2.58,41.83,19.71,8.95,26.36,1.78,50.82,0.64,0.65,35.53,2004.0,Buldhana
95.62,26.57,10.91,2.56,43.92,19.18,8.69,25.7,2.63,53.44,0.69,0.69,36.02,2005.0,Buldhana
95.63,26.58,11.77,2.41,46.4,18.8,8.55,25.87,3.53,56.96,0.7,0.71,36.04,2006.0,Buldhana
95.59,27.06,11.1,2.39,44.28,19.38,8.77,26.11,2.23,52.85,0.67,0.68,34.5,2007.0,Buldhana
95.58,27.46,10.58,2.54,44.49,18.9,8.54,26.29,1.66,49.35,0.64,0.64,36.88,2008.0,Buldhana
95.6,27.72,11.01,2.51,42.11,19.3,8.69,26.67,2.25,51.61,0.66,0.66,35.06,2009.0,Buldhana
95.58,27.28,12.17,2.43,49.45,18.79,8.55,26.36,2.79,58.09,0.71,0.71,38.31,2010.0,Buldhana
95.57,26.88,11.16,2.42,44.46,18.9,8.54,25.92,2.13,53.3,0.67,0.67,36.67,2011.0,Buldhana
95.58,27.14,10.68,2.62,47.62,18.76,8.46,26.04,2.04,50.71,0.66,0.66,36.03,2012.0,Buldhana
95.58,26.56,11.81,2.7,48.17,17.93,8.11,25.65,2.72,58.06,0.71,0.71,36.66,2013.0,Buldhana
95.69,27.55,11.28,2.57,45.96,18.77,8.48,26.27,1.92,53.1,0.64,0.65,37.35,2014.0,Buldhana
95.73,27.51,11.32,2.46,45.79,18.93,8.54,26.37,2.45,52.7,0.64,0.65,37.37,2015.0,Buldhana
95.66,27.15,10.86,2.47,48.08,18.7,8.42,26.21,2.54,51.38,0.68,0.68,39.07,2016.0,Buldhana
95.65,27.18,10.79,2.42,45.94,19.23,8.64,26.2,2.31,51.01,0.67,0.67,36.3,2017.0,Buldhana
95.65,27.58,10.12,2.44,43.98,18.39,8.25,26.48,2.09,46.99,0.65,0.65,39.42,2018.0,Buldhana
95.68,27.05,11.5,2.59,48.69,18.33,8.29,25.92,2.94,55.95,0.72,0.73,39.16,2019.0,Buldhana
98.16,27.29,12.98,2.28,63.38,18.53,9.03,26.78,3.58,61.13,0.72,0.71,36.46,1990.0,Chandrapur
98.17,28.56,11.58,2.18,62.96,18.82,9.22,27.68,2.48,53.64,0.67,0.66,42.54,1991.0,Chandrapur
98.21,28.63,10.88,2.12,55.96,19.37,9.42,27.81,2.5,49.38,0.66,0.66,38.37,1992.0,Chandrapur
98.22,27.52,11.6,2.16,60.69,19.1,9.32,26.99,3.24,54.45,0.7,0.7,39.91,1993.0,Chandrapur
98.17,27.74,12.05,2.24,59.95,18.46,8.95,27.03,3.95,57.47,0.71,0.71,40.57,1994.0,Chandrapur
98.16,27.61,12.69,2.09,60.51,18.61,9.14,26.97,3.55,59.75,0.7,0.7,39.83,1995.0,Chandrapur
98.12,28.48,11.73,2.16,59.02,18.54,9.04,27.66,2.59,53.41,0.67,0.67,39.33,1996.0,Chandrapur
98.28,27.78,12.31,2.13,60.07,18.27,8.97,27.1,2.96,57.21,0.67,0.67,40.1,1997.0,Chandrapur
98.17,28.12,13.07,2.11,54.51,18.32,9.03,27.4,3.18,60.16,0.71,0.71,40.48,1998.0,Chandrapur
98.12,27.53,11.69,2.15,44.51,19.12,9.23,26.94,2.97,55.98,0.7,0.69,40.08,1999.0,Chandrapur
98.09,28.08,11.11,2.15,41.57,19.39,9.42,27.41,2.25,49.27,0.65,0.65,38.49,2000.0,Chandrapur
98.15,27.82,12.18,2.11,58.48,17.93,8.2,27.21,2.75,55.34,0.67,0.67,39.07,2001.0,Chandrapur
98.19,28.57,11.63,2.25,52.17,18.99,8.69,27.87,2.81,51.74,0.67,0.67,38.0,2002.0,Chandrapur
98.2,28.29,12.39,2.24,57.8,18.6,8.52,27.53,3.44,57.6,0.71,0.71,39.9,2003.0,Chandrapur
98.22,28.16,12.17,2.18,51.56,19.01,8.7,27.29,2.24,56.23,0.65,0.66,38.62,2004.0,Chandrapur
98.19,27.64,12.28,2.06,56.8,18.51,8.46,27.02,3.75,58.45,0.72,0.72,39.41,2005.0,Chandrapur
98.21,27.71,12.88,2.02,53.12,18.61,8.51,27.16,3.79,59.31,0.7,0.7,38.03,2006.0,Chandrapur
98.16,28.09,12.14,2.04,51.93,18.88,8.61,27.36,2.9,55.94,0.69,0.69,35.61,2007.0,Chandrapur
98.16,27.56,12.17,1.99,52.67,18.29,8.34,26.94,3.03,56.91,0.69,0.69,37.25,2008.0,Chandrapur
98.15,28.77,11.91,1.98,50.62,19.16,8.69,28.08,2.81,53.28,0.68,0.68,36.41,2009.0,Chandrapur
98.14,28.64,12.78,2.07,56.98,18.06,8.26,27.92,4.37,57.87,0.73,0.72,39.52,2010.0,Chandrapur
98.15,27.83,12.41,1.99,49.02,18.87,8.58,27.06,2.71,57.49,0.68,0.68,39.71,2011.0,Chandrapur
98.14,28.07,11.83,2.12,53.28,18.24,8.27,27.39,3.53,55.07,0.71,0.7,41.22,2012.0,Chandrapur
98.15,27.63,13.02,2.22,56.18,17.2,7.84,26.95,4.55,61.46,0.73,0.73,38.82,2013.0,Chandrapur
98.26,28.27,12.48,2.15,54.13,18.18,8.27,27.36,2.71,57.25,0.66,0.66,39.06,2014.0,Chandrapur
98.31,28.23,12.76,2.08,51.78,18.54,8.42,27.47,3.2,57.27,0.68,0.67,39.81,2015.0,Chandrapur
98.21,28.01,12.49,2.17,55.2,18.37,8.34,27.41,3.72,57.02,0.71,0.71,38.8,2016.0,Chandrapur
98.21,28.27,11.96,2.01,49.95,18.82,8.5,27.5,2.93,54.47,0.67,0.67,38.38,2017.0,Chandrapur
98.22,28.17,11.81,2.1,48.32,18.06,8.17,27.35,3.0,53.83,0.67,0.68,39.94,2018.0,Chandrapur
98.25,28.45,12.48,2.14,52.33,17.96,8.18,27.46,3.67,58.1,0.71,0.71,41.74,2019.0,Chandrapur
97.54,27.73,11.74,2.75,59.0,18.49,8.97,26.69,2.28,54.66,0.65,0.66,34.49,1990.0,Dhule
97.55,28.54,9.99,2.64,51.4,19.06,9.27,27.31,1.71,44.8,0.64,0.64,42.54,1991.0,Dhule
97.59,28.55,9.95,2.7,51.14,19.62,9.57,27.17,1.52,45.19,0.63,0.63,38.59,1992.0,Dhule
97.6,27.58,11.1,2.65,53.24,19.73,9.57,26.58,2.37,52.39,0.66,0.66,36.19,1993.0,Dhule
97.55,27.38,10.95,2.63,49.18,19.5,9.45,26.37,2.21,52.33,0.66,0.66,40.43,1994.0,Dhule
97.52,28.57,10.55,2.58,49.72,19.36,9.49,27.2,1.67,47.63,0.63,0.64,38.43,1995.0,Dhule
97.5,28.18,10.81,2.6,48.13,19.39,9.41,26.92,1.87,50.23,0.65,0.65,37.25,1996.0,Dhule
97.63,27.9,11.43,2.51,48.07,18.91,9.26,26.69,1.95,53.28,0.64,0.64,35.78,1997.0,Dhule
97.53,27.8,12.16,2.48,46.53,18.84,9.15,26.82,2.51,56.56,0.69,0.69,36.51,1998.0,Dhule
97.5,27.93,10.86,2.61,37.74,19.57,9.48,26.76,1.8,50.78,0.64,0.64,38.51,1999.0,Dhule
97.47,28.15,10.06,2.57,36.18,19.87,9.67,27.11,1.73,44.3,0.63,0.63,35.37,2000.0,Dhule
97.51,28.29,10.74,2.54,39.35,19.32,8.7,27.09,1.61,48.33,0.63,0.64,37.79,2001.0,Dhule
97.57,28.77,10.49,2.71,36.8,19.34,8.72,27.5,1.65,46.42,0.63,0.64,39.44,2002.0,Dhule
97.57,28.21,11.46,2.58,39.16,19.41,8.75,27.05,2.16,53.02,0.66,0.67,37.66,2003.0,Dhule
97.57,28.11,11.26,2.55,39.99,19.41,8.76,27.07,1.96,51.52,0.66,0.66,35.65,2004.0,Dhule
97.56,27.2,11.21,2.47,39.74,19.26,8.67,26.36,2.81,53.3,0.7,0.7,37.01,2005.0,Dhule
97.56,27.53,12.01,2.4,40.38,18.88,8.51,26.74,3.12,56.25,0.7,0.7,36.79,2006.0,Dhule
97.51,27.81,11.58,2.34,41.32,19.27,8.69,26.9,2.35,53.5,0.68,0.68,35.37,2007.0,Dhule
97.52,27.94,10.99,2.49,40.51,19.06,8.55,26.87,1.83,50.1,0.65,0.65,38.07,2008.0,Dhule
97.53,28.69,11.36,2.53,38.92,19.41,8.7,27.52,2.09,51.61,0.65,0.65,35.99,2009.0,Dhule
97.5,28.16,12.57,2.38,46.92,18.81,8.51,27.2,2.51,57.68,0.69,0.69,38.09,2010.0,Dhule
97.5,27.91,11.22,2.42,40.07,18.89,8.47,26.85,1.97,51.64,0.66,0.66,37.21,2011.0,Dhule
97.51,28.13,10.83,2.65,41.95,18.95,8.48,26.93,1.7,49.1,0.64,0.64,37.1,2012.0,Dhule
97.52,27.26,12.09,2.65,45.53,17.93,8.06,26.29,2.6,57.76,0.7,0.7,37.89,2013.0,Dhule
97.62,28.27,11.56,2.5,41.32,18.84,8.45,26.98,1.92,53.01,0.65,0.65,38.56,2014.0,Dhule
97.67,28.34,11.59,2.39,42.37,18.91,8.48,27.14,2.22,52.45,0.64,0.65,38.1,2015.0,Dhule
97.6,28.41,10.84,2.48,42.88,18.74,8.39,27.17,1.75,49.08,0.64,0.64,39.01,2016.0,Dhule
97.58,28.52,10.9,2.44,42.3,19.02,8.5,27.3,1.72,48.85,0.64,0.64,37.13,2017.0,Dhule
97.57,29.24,9.91,2.55,41.51,18.58,8.28,27.81,1.06,42.99,0.62,0.62,39.76,2018.0,Dhule
97.62,27.8,11.92,2.58,45.76,18.4,8.28,26.64,2.53,56.05,0.7,0.7,40.34,2019.0,Dhule
98.04,26.76,13.32,1.8,62.46,18.22,8.95,26.44,4.27,63.49,0.71,0.7,34.46,1990.0,Gadchiroli
98.06,27.75,12.1,1.75,61.88,18.37,9.03,27.18,2.92,57.21,0.66,0.65,40.85,1991.0,Gadchiroli
98.1,27.91,11.25,1.73,52.42,19.38,9.38,27.36,2.84,51.9,0.63,0.63,38.05,1992.0,Gadchiroli
98.1,27.15,11.84,1.72,57.54,18.92,9.23,26.75,3.52,55.88,0.68,0.68,38.62,1993.0,Gadchiroli
98.06,27.32,12.26,1.79,57.44,18.29,8.86,26.8,4.32,58.78,0.68,0.68,38.94,1994.0,Gadchiroli
98.05,27.05,13.0,1.68,57.98,18.44,9.07,26.64,3.97,61.92,0.69,0.68,38.33,1995.0,Gadchiroli
98.01,27.92,12.02,1.72,56.21,18.46,9.06,27.35,2.83,55.25,0.65,0.65,38.0,1996.0,Gadchiroli
98.16,27.18,12.53,1.69,58.14,18.04,8.9,26.76,3.22,58.94,0.65,0.65,39.39,1997.0,Gadchiroli
98.06,27.69,13.29,1.69,54.58,18.02,8.87,27.17,3.37,61.5,0.68,0.68,39.97,1998.0,Gadchiroli
98.0,27.08,11.94,1.72,46.19,18.65,8.96,26.66,3.27,57.63,0.68,0.67,39.33,1999.0,Gadchiroli
97.98,27.41,11.52,1.7,42.92,19.1,9.26,27.02,2.59,52.14,0.64,0.63,37.96,2000.0,Gadchiroli
98.03,27.29,12.47,1.66,58.83,17.61,8.1,26.91,3.09,57.37,0.66,0.65,37.97,2001.0,Gadchiroli
98.07,27.92,11.93,1.78,53.03,18.78,8.63,27.5,3.0,53.91,0.64,0.64,38.18,2002.0,Gadchiroli
98.08,27.78,12.6,1.76,58.82,18.16,8.37,27.25,3.97,59.23,0.69,0.69,39.52,2003.0,Gadchiroli
98.11,27.36,12.6,1.72,52.03,18.68,8.58,26.8,2.72,59.49,0.65,0.65,37.83,2004.0,Gadchiroli
98.07,27.2,12.6,1.63,57.72,18.16,8.34,26.76,4.27,60.29,0.7,0.69,38.54,2005.0,Gadchiroli
98.1,27.25,13.11,1.61,53.67,18.36,8.44,26.82,4.07,61.0,0.68,0.67,37.11,2006.0,Gadchiroli
98.05,27.54,12.45,1.64,53.09,18.68,8.57,27.02,3.41,58.14,0.68,0.67,36.08,2007.0,Gadchiroli
98.05,27.06,12.46,1.6,54.71,17.93,8.21,26.62,3.43,59.12,0.67,0.67,36.1,2008.0,Gadchiroli
98.04,28.25,12.17,1.58,51.73,19.07,8.7,27.77,3.17,55.07,0.66,0.66,36.03,2009.0,Gadchiroli
98.03,28.16,12.99,1.64,59.55,17.85,8.23,27.67,4.92,59.16,0.7,0.69,39.36,2010.0,Gadchiroli
98.04,27.27,12.71,1.59,50.55,18.65,8.51,26.7,3.19,59.53,0.66,0.66,38.45,2011.0,Gadchiroli
98.02,27.58,12.16,1.69,55.11,17.95,8.19,27.08,4.27,57.21,0.68,0.68,40.67,2012.0,Gadchiroli
98.03,27.13,13.28,1.74,57.97,16.99,7.79,26.64,5.04,63.33,0.72,0.71,38.52,2013.0,Gadchiroli
98.15,27.47,12.84,1.69,56.35,17.79,8.13,26.88,3.26,60.08,0.65,0.65,38.72,2014.0,Gadchiroli
98.2,27.56,13.07,1.64,54.93,18.1,8.26,27.02,3.53,59.82,0.66,0.66,38.89,2015.0,Gadchiroli
98.1,27.52,12.8,1.74,56.45,18.13,8.28,27.11,4.04,58.98,0.69,0.68,37.78,2016.0,Gadchiroli
98.1,27.63,12.28,1.6,50.2,18.65,8.47,27.1,3.34,56.98,0.65,0.65,37.34,2017.0,Gadchiroli
98.11,27.48,12.19,1.71,49.21,17.71,8.06,26.92,3.29,56.51,0.65,0.65,39.62,2018.0,Gadchiroli
98.14,27.88,12.77,1.7,52.03,17.86,8.2,27.17,4.47,59.78,0.69,0.69,40.77,2019.0,Gadchiroli
96.87,26.15,12.48,2.18,63.0,18.36,8.73,25.71,3.97,60.88,0.73,0.72,35.79,1990.0,Gondia
96.89,27.54,10.63,2.13,57.87,18.99,9.05,26.77,2.79,50.52,0.66,0.65,42.82,1991.0,Gondia
96.93,27.59,10.21,2.08,53.69,19.56,9.26,26.85,2.91,47.32,0.66,0.65,38.87,1992.0,Gondia
96.93,26.75,11.04,2.04,59.56,18.85,8.94,26.27,3.9,52.35,0.71,0.7,39.08,1993.0,Gondia
96.88,26.74,11.35,2.17,57.47,18.31,8.64,26.17,4.68,55.27,0.7,0.69,39.57,1994.0,Gondia
96.88,26.85,11.73,1.96,58.2,18.56,8.88,26.25,3.62,56.03,0.68,0.68,41.69,1995.0,Gondia
96.84,27.57,11.07,2.06,57.12,18.6,8.89,26.83,2.55,51.52,0.66,0.65,39.35,1996.0,Gondia
96.99,26.7,11.64,2.1,58.76,17.8,8.49,26.07,3.39,56.28,0.68,0.68,39.67,1997.0,Gondia
96.91,26.64,12.44,2.03,52.97,18.14,8.71,26.17,2.99,60.01,0.7,0.69,42.13,1998.0,Gondia
96.82,26.78,11.06,2.07,43.05,18.72,8.79,26.29,3.51,54.02,0.7,0.69,40.24,1999.0,Gondia
96.81,27.05,10.31,2.02,39.51,19.31,9.12,26.56,2.52,46.53,0.66,0.65,37.85,2000.0,Gondia
96.87,26.64,11.55,1.96,56.46,17.93,8.15,26.28,3.58,54.05,0.7,0.69,39.52,2001.0,Gondia
96.9,27.45,10.89,2.12,51.66,18.68,8.47,26.89,2.88,50.21,0.66,0.65,38.8,2002.0,Gondia
96.92,26.97,11.83,2.07,57.15,18.02,8.21,26.49,4.2,57.06,0.72,0.71,40.64,2003.0,Gondia
96.93,27.05,11.52,1.95,49.57,18.87,8.55,26.38,2.8,55.11,0.67,0.66,38.82,2004.0,Gondia
96.91,26.64,11.45,1.96,54.29,18.16,8.21,26.19,4.29,56.0,0.71,0.7,38.38,2005.0,Gondia
96.92,27.13,12.02,1.94,52.09,18.21,8.27,26.59,3.56,56.18,0.69,0.68,38.26,2006.0,Gondia
96.89,27.15,11.36,1.97,52.24,18.48,8.36,26.51,3.57,53.79,0.69,0.68,36.59,2007.0,Gondia
96.88,26.73,11.37,1.92,52.93,18.33,8.28,26.18,3.14,54.5,0.69,0.69,38.53,2008.0,Gondia
96.88,27.92,11.29,1.93,50.12,18.85,8.48,27.28,3.27,52.04,0.68,0.67,36.85,2009.0,Gondia
96.87,27.73,11.94,1.92,54.92,18.26,8.28,27.11,4.21,55.37,0.71,0.7,40.74,2010.0,Gondia
96.87,26.68,11.86,1.84,49.4,18.23,8.24,26.1,3.79,56.28,0.69,0.68,40.31,2011.0,Gondia
96.85,26.91,11.19,2.02,53.06,17.86,8.05,26.37,4.11,53.91,0.7,0.69,41.81,2012.0,Gondia
96.86,26.71,12.33,2.0,55.83,17.17,7.78,26.12,5.22,59.57,0.73,0.72,40.14,2013.0,Gondia
96.97,27.03,11.92,2.05,55.2,18.0,8.14,26.36,3.24,57.07,0.68,0.67,40.88,2014.0,Gondia
97.04,26.89,12.3,1.92,53.33,18.03,8.12,26.32,3.63,57.7,0.69,0.68,39.94,2015.0,Gondia
96.93,27.36,11.72,1.92,55.55,17.9,8.06,26.85,3.12,54.1,0.7,0.69,40.27,2016.0,Gondia
96.92,27.75,11.31,1.88,46.19,18.76,8.42,27.05,2.86,51.9,0.66,0.66,39.92,2017.0,Gondia
96.93,27.18,11.22,1.95,45.32,17.95,8.07,26.55,2.96,52.42,0.67,0.66,40.81,2018.0,Gondia
96.98,27.1,11.88,2.0,50.08,17.71,8.02,26.38,3.86,57.27,0.71,0.7,44.12,2019.0,Gondia
95.86,26.89,11.76,2.69,61.0,18.76,9.12,25.97,2.91,57.07,0.67,0.68,33.8,1990.0,Hingoli
95.86,28.33,10.14,2.57,56.1,19.28,9.42,27.14,1.73,46.63,0.63,0.64,40.06,1991.0,Hingoli
95.9,28.09,10.0,2.5,54.39,19.77,9.64,26.85,2.01,46.9,0.62,0.63,36.2,1992.0,Hingoli
95.92,26.72,10.94,2.48,57.04,19.74,9.62,25.93,3.17,53.66,0.69,0.7,37.37,1993.0,Hingoli
95.87,26.74,11.46,2.62,55.08,19.3,9.39,25.84,2.79,56.65,0.67,0.67,38.11,1994.0,Hingoli
95.85,27.75,11.35,2.47,54.09,19.29,9.43,26.54,2.28,53.85,0.64,0.65,37.88,1995.0,Hingoli
95.82,27.91,10.83,2.46,55.92,18.98,9.25,26.76,2.2,50.94,0.65,0.65,37.13,1996.0,Hingoli
95.96,27.74,11.43,2.48,54.93,19.25,9.43,26.53,2.21,53.9,0.63,0.63,37.81,1997.0,Hingoli
95.86,27.6,12.18,2.41,50.02,18.81,9.2,26.58,3.07,57.66,0.7,0.71,36.24,1998.0,Hingoli
95.83,26.81,10.97,2.51,43.9,19.26,9.33,25.92,2.29,54.32,0.66,0.66,37.88,1999.0,Hingoli
95.79,27.31,10.26,2.43,41.24,19.6,9.48,26.44,2.15,47.14,0.64,0.64,34.89,2000.0,Hingoli
95.85,27.48,11.02,2.43,52.77,18.58,8.47,26.48,2.19,51.6,0.64,0.65,35.34,2001.0,Hingoli
95.89,28.25,10.62,2.57,47.29,19.14,8.72,27.1,2.07,48.22,0.63,0.64,36.54,2002.0,Hingoli
95.89,28.28,11.11,2.59,52.22,19.15,8.71,27.03,2.0,51.69,0.64,0.64,35.65,2003.0,Hingoli
95.9,27.73,11.13,2.47,46.54,19.57,8.91,26.65,1.99,51.77,0.63,0.63,35.02,2004.0,Hingoli
95.88,27.01,11.39,2.47,49.71,18.93,8.61,26.13,2.92,55.24,0.69,0.69,35.77,2005.0,Hingoli
95.9,26.72,12.14,2.33,51.08,18.71,8.51,26.01,3.64,58.84,0.7,0.7,35.96,2006.0,Hingoli
95.85,27.41,11.3,2.35,50.96,19.33,8.77,26.43,2.36,53.81,0.66,0.67,33.95,2007.0,Hingoli
95.85,27.49,11.08,2.41,50.85,18.77,8.5,26.47,2.08,52.17,0.64,0.65,34.94,2008.0,Hingoli
95.86,28.16,11.18,2.44,49.44,19.23,8.68,27.15,2.3,51.53,0.64,0.65,33.94,2009.0,Hingoli
95.84,27.79,12.34,2.39,55.39,18.43,8.4,26.83,3.0,58.07,0.71,0.71,37.86,2010.0,Hingoli
95.83,27.37,11.47,2.41,49.62,18.88,8.54,26.33,2.18,54.17,0.65,0.66,36.61,2011.0,Hingoli
95.84,27.82,10.89,2.55,52.92,18.74,8.46,26.71,2.11,50.72,0.65,0.65,34.89,2012.0,Hingoli
95.84,27.24,12.09,2.59,53.66,17.74,8.04,26.27,2.94,58.21,0.69,0.7,34.82,2013.0,Hingoli
95.95,28.08,11.53,2.45,52.74,18.66,8.45,26.82,2.04,52.92,0.62,0.63,36.1,2014.0,Hingoli
95.99,28.37,11.42,2.44,50.41,18.82,8.51,27.1,2.15,51.19,0.62,0.63,37.24,2015.0,Hingoli
95.91,28.0,11.05,2.42,52.33,18.68,8.43,26.89,2.23,51.08,0.65,0.65,36.24,2016.0,Hingoli
95.9,28.39,10.64,2.39,49.62,19.25,8.65,27.12,1.82,48.19,0.62,0.63,35.11,2017.0,Hingoli
95.91,28.44,10.27,2.38,49.36,18.38,8.25,27.17,1.87,46.21,0.62,0.63,37.41,2018.0,Hingoli
95.93,28.42,11.37,2.56,51.59,18.54,8.39,27.06,1.91,52.59,0.63,0.64,38.06,2019.0,Hingoli
97.17,27.47,11.68,2.7,58.79,18.45,8.82,26.49,2.39,54.8,0.66,0.66,34.8,1990.0,Jalgaon
97.17,28.33,9.83,2.59,50.59,19.48,9.37,27.17,1.7,44.44,0.64,0.64,42.44,1991.0,Jalgaon
97.22,28.32,9.84,2.63,51.03,19.59,9.42,27.0,1.63,44.94,0.63,0.63,38.81,1992.0,Jalgaon
97.23,27.29,10.98,2.58,52.02,19.64,9.4,26.37,2.55,52.31,0.67,0.67,37.11,1993.0,Jalgaon
97.17,27.12,10.97,2.59,47.52,19.49,9.31,26.18,2.35,52.96,0.67,0.67,41.01,1994.0,Jalgaon
97.15,28.37,10.54,2.51,47.6,19.5,9.42,27.06,1.75,47.88,0.63,0.64,39.0,1995.0,Jalgaon
97.12,28.09,10.66,2.55,46.26,19.5,9.34,26.87,1.93,49.57,0.65,0.66,37.85,1996.0,Jalgaon
97.26,27.73,11.37,2.5,48.02,19.1,9.22,26.56,2.01,53.24,0.64,0.65,36.7,1997.0,Jalgaon
97.16,27.6,12.05,2.43,45.52,18.86,9.02,26.68,2.58,56.43,0.69,0.69,36.98,1998.0,Jalgaon
97.13,27.57,10.8,2.56,39.18,19.34,9.22,26.51,1.96,51.21,0.64,0.65,39.12,1999.0,Jalgaon
97.1,27.88,9.93,2.52,36.07,19.62,9.38,26.89,1.82,44.07,0.63,0.64,35.81,2000.0,Jalgaon
97.14,28.08,10.65,2.48,40.27,19.15,8.67,26.94,1.69,48.19,0.64,0.64,38.44,2001.0,Jalgaon
97.19,28.58,10.37,2.67,36.67,19.2,8.69,27.38,1.71,46.1,0.63,0.64,38.87,2002.0,Jalgaon
97.2,28.08,11.3,2.58,40.24,19.06,8.62,26.92,2.18,52.61,0.66,0.67,37.91,2003.0,Jalgaon
97.2,27.98,11.09,2.52,41.09,19.26,8.73,26.97,1.91,50.88,0.65,0.65,36.02,2004.0,Jalgaon
97.18,27.12,11.05,2.44,39.59,19.3,8.7,26.32,2.71,52.74,0.69,0.69,37.02,2005.0,Jalgaon
97.19,27.31,11.94,2.33,41.2,18.71,8.48,26.6,3.24,56.11,0.7,0.7,36.93,2006.0,Jalgaon
97.14,27.63,11.4,2.29,40.39,19.34,8.74,26.76,2.33,52.94,0.68,0.68,35.3,2007.0,Jalgaon
97.14,27.94,10.8,2.46,40.87,18.82,8.47,26.84,1.73,49.18,0.64,0.65,37.95,2008.0,Jalgaon
97.16,28.44,11.25,2.47,37.33,19.37,8.71,27.36,2.2,51.39,0.65,0.66,35.71,2009.0,Jalgaon
97.13,27.96,12.4,2.34,44.36,18.99,8.61,27.05,2.59,57.43,0.7,0.7,38.55,2010.0,Jalgaon
97.12,27.66,11.2,2.36,38.64,18.78,8.46,26.67,2.06,51.87,0.66,0.67,37.75,2011.0,Jalgaon
97.14,27.85,10.79,2.59,42.24,18.65,8.38,26.73,1.84,49.43,0.65,0.65,36.73,2012.0,Jalgaon
97.14,27.12,12.01,2.64,45.32,17.72,8.0,26.22,2.71,57.58,0.7,0.7,38.12,2013.0,Jalgaon
97.25,28.16,11.43,2.49,41.08,18.86,8.5,26.9,1.92,52.57,0.64,0.65,38.52,2014.0,Jalgaon
97.3,28.03,11.56,2.36,41.95,18.58,8.36,26.94,2.42,52.77,0.64,0.65,38.23,2015.0,Jalgaon
97.22,28.05,10.83,2.43,44.09,18.67,8.39,26.95,2.08,49.58,0.66,0.66,39.86,2016.0,Jalgaon
97.21,27.92,10.97,2.36,42.78,18.91,8.48,26.91,2.24,50.24,0.66,0.66,37.31,2017.0,Jalgaon
97.2,28.69,9.99,2.44,41.37,18.52,8.29,27.44,1.52,44.27,0.63,0.63,39.74,2018.0,Jalgaon
97.24,27.59,11.77,2.54,46.26,18.14,8.2,26.5,3.06,55.89,0.72,0.72,40.32,2019.0,Jalgaon
94.58,26.16,11.45,2.89,58.57,18.77,9.17,25.11,2.49,57.08,0.67,0.67,33.2,1990.0,Jalna
94.58,27.21,9.79,2.79,53.81,19.03,9.32,25.97,2.03,46.66,0.64,0.65,38.97,1991.0,Jalna
94.62,27.37,9.63,2.76,53.06,19.98,9.77,25.93,1.73,46.25,0.64,0.64,35.65,1992.0,Jalna
94.64,26.1,10.66,2.76,55.46,19.93,9.71,25.11,2.67,53.67,0.68,0.68,35.16,1993.0,Jalna
94.59,26.14,10.87,2.84,52.37,19.74,9.62,25.04,2.0,54.95,0.65,0.65,38.3,1994.0,Jalna
94.56,27.4,10.47,2.67,51.14,19.86,9.68,25.94,1.53,50.06,0.63,0.63,35.99,1995.0,Jalna
94.53,27.06,10.43,2.65,51.29,19.45,9.51,25.72,1.84,50.85,0.65,0.66,35.21,1996.0,Jalna
94.67,26.86,10.98,2.65,50.04,19.41,9.55,25.52,1.88,53.63,0.64,0.64,34.63,1997.0,Jalna
94.57,26.44,11.86,2.55,48.46,19.17,9.35,25.41,2.73,58.57,0.7,0.71,34.67,1998.0,Jalna
94.54,26.47,10.56,2.69,41.27,19.7,9.63,25.31,1.8,52.73,0.64,0.65,37.15,1999.0,Jalna
94.51,26.64,9.91,2.65,40.08,20.11,9.78,25.57,2.07,46.9,0.64,0.65,32.92,2000.0,Jalna
94.56,26.9,10.47,2.63,44.74,19.33,8.75,25.67,1.73,50.48,0.64,0.65,34.46,2001.0,Jalna
94.61,27.62,10.19,2.77,41.71,19.36,8.77,26.25,1.68,47.59,0.63,0.64,35.9,2002.0,Jalna
94.6,27.62,10.72,2.75,43.96,19.71,8.91,26.2,1.68,51.05,0.64,0.65,35.43,2003.0,Jalna
94.62,26.89,10.83,2.66,42.22,19.76,8.95,25.74,1.9,52.32,0.65,0.65,33.55,2004.0,Jalna
94.59,26.03,10.91,2.62,45.14,19.24,8.7,25.11,2.84,54.84,0.7,0.7,34.29,2005.0,Jalna
94.61,26.13,11.59,2.49,45.71,19.0,8.59,25.26,3.33,57.89,0.7,0.71,34.53,2006.0,Jalna
94.56,26.51,11.17,2.48,43.5,19.6,8.85,25.49,2.26,54.86,0.68,0.68,33.19,2007.0,Jalna
94.56,26.9,10.66,2.62,43.59,19.23,8.66,25.67,1.73,51.29,0.65,0.65,34.71,2008.0,Jalna
94.58,27.28,10.94,2.6,42.54,19.47,8.75,26.14,2.16,52.52,0.66,0.66,33.87,2009.0,Jalna
94.55,26.84,12.11,2.47,50.29,18.85,8.56,25.83,2.58,58.86,0.7,0.71,37.4,2010.0,Jalna
94.54,26.54,11.0,2.52,42.92,19.12,8.6,25.43,2.01,53.79,0.66,0.67,36.02,2011.0,Jalna
94.55,27.12,10.43,2.75,44.8,19.12,8.58,25.83,1.67,49.77,0.64,0.64,33.69,2012.0,Jalna
94.55,26.36,11.6,2.79,47.49,18.26,8.23,25.28,2.38,57.89,0.68,0.69,35.15,2013.0,Jalna
94.66,27.02,11.31,2.61,45.58,18.97,8.55,25.69,1.86,54.6,0.64,0.65,35.34,2014.0,Jalna
94.7,27.38,11.15,2.51,44.57,19.06,8.58,26.05,2.2,52.26,0.63,0.64,35.34,2015.0,Jalna
94.63,26.86,10.76,2.56,47.22,18.88,8.48,25.73,2.2,51.94,0.67,0.67,35.9,2016.0,Jalna
94.62,26.82,10.74,2.51,46.89,19.33,8.65,25.71,2.33,51.86,0.66,0.67,34.03,2017.0,Jalna
94.62,27.67,9.86,2.58,45.62,18.61,8.32,26.28,1.51,45.79,0.63,0.63,37.25,2018.0,Jalna
94.65,26.91,11.34,2.72,49.14,18.75,8.45,25.63,2.32,55.5,0.69,0.69,37.11,2019.0,Jalna
94.05,25.34,12.49,3.34,60.43,18.27,9.25,24.32,3.2,65.71,0.65,0.65,30.39,1990.0,Kolhapur
94.05,25.75,12.43,3.01,58.94,18.61,9.45,24.68,3.41,64.19,0.65,0.65,34.29,1991.0,Kolhapur
94.07,25.59,12.01,3.01,57.15,19.09,9.71,24.51,3.13,62.65,0.64,0.64,30.64,1992.0,Kolhapur
94.08,25.18,12.36,3.16,58.98,19.22,9.76,24.26,3.63,65.17,0.67,0.66,31.82,1993.0,Kolhapur
94.04,25.16,12.69,3.27,56.11,19.21,9.72,24.17,3.6,67.28,0.67,0.66,32.08,1994.0,Kolhapur
94.02,25.61,12.62,2.89,54.53,18.96,9.66,24.48,2.76,65.55,0.63,0.63,31.64,1995.0,Kolhapur
93.99,25.35,12.49,2.99,52.73,18.86,9.58,24.32,3.67,66.12,0.67,0.67,30.41,1996.0,Kolhapur
94.12,25.66,12.86,2.89,48.86,18.89,9.61,24.57,3.67,66.67,0.65,0.64,31.37,1997.0,Kolhapur
94.02,25.7,13.26,2.98,49.92,18.69,9.57,24.61,3.73,68.24,0.68,0.67,32.61,1998.0,Kolhapur
93.98,25.35,12.34,3.06,46.86,19.36,9.81,24.39,3.09,64.41,0.64,0.64,31.82,1999.0,Kolhapur
93.97,25.43,12.34,3.0,44.79,19.46,9.84,24.44,2.96,63.91,0.64,0.64,31.31,2000.0,Kolhapur
94.02,25.8,12.33,3.2,51.86,19.05,8.68,24.65,2.29,63.5,0.61,0.61,30.36,2001.0,Kolhapur
94.07,26.45,12.44,3.02,49.88,19.32,8.81,25.24,2.27,62.11,0.6,0.6,31.99,2002.0,Kolhapur
94.06,26.85,12.42,2.99,51.01,19.55,8.91,25.57,1.97,61.05,0.59,0.59,29.48,2003.0,Kolhapur
94.07,25.77,12.42,3.09,47.43,19.41,8.85,24.73,2.67,63.61,0.63,0.62,30.58,2004.0,Kolhapur
94.04,25.39,12.76,3.01,51.47,18.95,8.63,24.45,3.82,66.18,0.67,0.66,30.99,2005.0,Kolhapur
94.05,25.3,12.92,3.15,51.53,18.94,8.63,24.43,4.09,67.26,0.68,0.68,30.66,2006.0,Kolhapur
94.0,25.65,13.03,2.96,51.6,18.88,8.61,24.69,3.92,66.51,0.67,0.66,31.45,2007.0,Kolhapur
94.01,25.38,12.74,3.01,49.54,19.21,8.73,24.41,2.78,65.66,0.63,0.62,30.59,2008.0,Kolhapur
94.03,26.13,12.96,2.99,50.42,18.83,8.55,25.14,3.15,65.14,0.65,0.65,29.84,2009.0,Kolhapur
94.0,26.05,13.8,2.91,56.96,18.36,8.4,25.06,3.44,69.17,0.67,0.66,30.95,2010.0,Kolhapur
93.99,25.49,12.64,3.2,49.06,18.84,8.51,24.57,3.08,64.83,0.64,0.64,29.68,2011.0,Kolhapur
94.01,26.11,12.24,3.05,49.72,19.12,8.64,24.98,2.35,61.93,0.61,0.61,30.7,2012.0,Kolhapur
94.01,25.76,12.86,3.18,50.68,18.58,8.43,24.68,2.95,65.87,0.65,0.64,30.31,2013.0,Kolhapur
94.09,26.01,12.9,2.93,52.38,18.51,8.39,24.93,2.82,64.73,0.62,0.62,29.16,2014.0,Kolhapur
94.13,26.58,12.72,2.84,50.79,19.19,8.71,25.35,2.01,62.31,0.58,0.58,31.92,2015.0,Kolhapur
94.09,25.82,12.46,2.96,51.53,18.53,8.39,24.77,4.29,63.85,0.66,0.66,32.17,2016.0,Kolhapur
94.06,25.72,12.73,2.84,50.57,19.22,8.68,24.72,3.41,65.19,0.66,0.66,30.58,2017.0,Kolhapur
94.07,25.59,12.47,2.81,51.11,18.45,8.33,24.76,3.58,63.26,0.65,0.65,31.15,2018.0,Kolhapur
94.08,26.06,13.24,2.98,51.73,18.66,8.5,25.01,5.94,67.07,0.7,0.7,32.07,2019.0,Kolhapur
94.69,26.26,11.77,2.77,59.69,18.51,9.11,25.3,3.18,58.75,0.7,0.71,32.2,1990.0,Latur
94.68,27.63,10.61,2.66,57.28,19.01,9.37,26.44,1.95,50.61,0.66,0.66,39.2,1991.0,Latur
94.72,27.57,10.3,2.58,56.81,19.66,9.66,26.27,1.87,49.29,0.64,0.64,34.88,1992.0,Latur
94.74,26.49,10.89,2.6,56.84,19.84,9.74,25.48,2.71,54.2,0.68,0.69,36.26,1993.0,Latur
94.69,26.72,11.39,2.81,54.13,19.61,9.69,25.58,2.05,56.67,0.65,0.65,36.62,1994.0,Latur
94.67,26.79,11.77,2.56,54.92,19.28,9.54,25.67,2.77,58.03,0.68,0.68,35.13,1995.0,Latur
94.64,26.85,11.24,2.58,51.78,19.3,9.54,25.81,2.53,55.35,0.68,0.69,36.51,1996.0,Latur
94.77,27.37,11.55,2.6,51.27,19.33,9.54,26.09,1.87,55.26,0.63,0.64,36.86,1997.0,Latur
94.68,27.39,12.1,2.48,50.48,18.91,9.36,26.19,3.19,58.16,0.72,0.72,35.59,1998.0,Latur
94.64,26.86,10.72,2.66,44.0,19.91,9.79,25.7,1.65,52.97,0.64,0.64,36.36,1999.0,Latur
94.61,26.77,10.55,2.5,42.53,19.86,9.77,25.83,2.2,50.05,0.66,0.66,34.41,2000.0,Latur
94.67,26.96,11.16,2.62,51.92,18.86,8.57,25.92,2.17,53.61,0.66,0.66,34.75,2001.0,Latur
94.72,27.8,10.87,2.65,47.19,19.39,8.81,26.55,2.02,50.38,0.64,0.65,34.82,2002.0,Latur
94.71,28.18,11.09,2.71,51.74,19.48,8.85,26.78,1.67,51.64,0.63,0.64,34.17,2003.0,Latur
94.73,26.89,11.49,2.62,46.33,19.75,8.97,25.82,2.2,55.11,0.65,0.66,33.92,2004.0,Latur
94.7,26.45,11.68,2.6,49.54,19.1,8.67,25.53,2.94,57.79,0.71,0.71,34.39,2005.0,Latur
94.72,26.33,12.11,2.53,49.71,19.01,8.62,25.45,2.84,60.0,0.69,0.7,34.71,2006.0,Latur
94.67,27.13,11.36,2.5,49.03,19.49,8.83,25.98,2.18,54.97,0.66,0.67,33.28,2007.0,Latur
94.67,26.77,11.43,2.59,48.99,19.23,8.69,25.76,2.49,55.49,0.68,0.68,34.42,2008.0,Latur
94.68,27.54,11.34,2.59,48.02,19.51,8.8,26.5,2.19,53.55,0.65,0.66,33.73,2009.0,Latur
94.66,27.39,12.38,2.47,55.85,18.65,8.49,26.32,2.86,59.24,0.72,0.72,36.38,2010.0,Latur
94.65,27.16,11.34,2.66,47.26,19.13,8.62,25.93,1.85,54.27,0.65,0.66,35.17,2011.0,Latur
94.65,27.62,10.83,2.66,51.23,19.06,8.58,26.39,1.83,50.77,0.64,0.65,33.56,2012.0,Latur
94.66,26.91,12.13,2.72,52.96,18.29,8.27,25.83,2.64,59.08,0.69,0.7,33.6,2013.0,Latur
94.76,27.54,11.7,2.54,51.85,18.82,8.49,26.21,2.06,54.78,0.64,0.64,34.59,2014.0,Latur
94.8,28.32,11.29,2.57,49.74,19.09,8.6,26.84,1.61,50.61,0.62,0.63,35.63,2015.0,Latur
94.73,27.6,11.07,2.53,51.3,18.62,8.37,26.42,2.09,51.93,0.65,0.66,33.79,2016.0,Latur
94.72,27.94,10.67,2.47,50.54,19.41,8.7,26.6,1.74,49.42,0.63,0.64,34.41,2017.0,Latur
94.72,28.29,10.25,2.58,49.39,18.55,8.31,26.85,1.35,46.22,0.62,0.62,36.33,2018.0,Latur
94.74,28.23,11.46,2.65,51.66,18.73,8.46,26.78,1.74,53.35,0.64,0.64,36.31,2019.0,Latur
99.78,27.3,14.55,2.67,41.87,18.57,9.5,26.35,6.79,69.44,0.71,0.7,29.54,1990.0,Mumbai City
99.8,27.35,13.92,2.51,37.82,18.89,9.74,26.37,5.81,66.29,0.66,0.66,35.28,1991.0,Mumbai City
99.82,27.79,13.51,2.65,33.22,19.49,9.95,26.58,4.85,64.05,0.64,0.65,30.09,1992.0,Mumbai City
99.82,27.46,14.08,2.68,40.2,19.13,9.76,26.46,5.86,66.93,0.7,0.7,28.75,1993.0,Mumbai City
99.77,26.93,14.06,2.76,37.47,18.98,9.66,26.1,6.96,68.17,0.7,0.7,33.29,1994.0,Mumbai City
99.75,27.8,13.93,2.55,40.83,19.34,9.9,26.63,4.43,65.58,0.65,0.65,32.16,1995.0,Mumbai City
99.73,27.44,14.14,2.58,41.08,18.98,9.66,26.36,5.64,67.96,0.68,0.68,30.56,1996.0,Mumbai City
99.87,27.39,14.3,2.54,37.69,19.48,9.96,26.36,5.59,68.53,0.68,0.68,31.69,1997.0,Mumbai City
99.75,27.75,14.9,2.59,42.51,18.8,9.58,26.74,5.8,69.18,0.71,0.7,34.09,1998.0,Mumbai City
99.72,27.04,14.19,2.63,42.24,19.73,9.95,26.2,4.43,68.3,0.69,0.69,34.11,1999.0,Mumbai City
99.7,27.14,14.02,2.51,40.57,19.54,9.88,26.28,5.26,66.85,0.67,0.67,32.03,2000.0,Mumbai City
99.75,27.5,14.22,2.64,47.1,19.39,8.98,26.52,5.1,67.31,0.68,0.68,29.65,2001.0,Mumbai City
99.8,28.27,13.82,2.65,46.55,19.46,9.02,27.12,3.62,63.41,0.63,0.63,32.96,2002.0,Mumbai City
99.78,28.17,14.36,2.58,47.05,19.46,9.01,27.08,5.38,66.22,0.68,0.68,30.34,2003.0,Mumbai City
99.79,27.7,14.16,2.67,49.51,19.14,8.88,26.82,6.34,65.97,0.67,0.67,30.93,2004.0,Mumbai City
99.78,27.34,14.1,2.59,46.32,19.2,8.87,26.39,8.77,67.06,0.69,0.69,31.33,2005.0,Mumbai City
99.78,27.57,14.66,2.64,47.51,18.95,8.77,26.65,9.13,68.97,0.7,0.7,30.02,2006.0,Mumbai City
99.72,27.82,14.57,2.61,46.18,18.98,8.8,26.85,7.36,67.69,0.68,0.68,30.83,2007.0,Mumbai City
99.73,27.41,14.11,2.56,43.86,19.15,8.83,26.48,7.1,66.49,0.69,0.69,32.78,2008.0,Mumbai City
99.75,28.19,14.46,2.56,44.69,18.99,8.77,27.22,6.18,66.49,0.69,0.68,31.29,2009.0,Mumbai City
99.71,27.77,15.57,2.39,50.46,18.34,8.52,26.97,8.51,71.5,0.73,0.73,30.53,2010.0,Mumbai City
99.7,27.25,14.52,2.6,43.59,18.71,8.61,26.5,7.05,68.36,0.7,0.7,30.53,2011.0,Mumbai City
99.74,27.35,13.99,2.61,43.28,19.32,8.88,26.45,4.96,66.17,0.68,0.68,31.75,2012.0,Mumbai City
99.74,27.32,14.62,2.59,44.38,18.84,8.69,26.41,6.76,69.42,0.7,0.7,29.52,2013.0,Mumbai City
99.82,28.04,14.23,2.57,43.86,18.96,8.73,26.96,6.39,65.4,0.66,0.65,31.71,2014.0,Mumbai City
99.87,27.93,14.57,2.47,44.9,19.09,8.79,26.95,4.69,66.82,0.67,0.67,30.73,2015.0,Mumbai City
99.83,27.51,14.2,2.56,45.2,18.57,8.55,26.56,8.09,66.83,0.69,0.69,29.64,2016.0,Mumbai City
99.79,27.68,14.41,2.44,44.19,19.11,8.77,26.76,8.02,67.26,0.7,0.7,31.98,2017.0,Mumbai City
99.79,27.79,13.96,2.45,44.38,18.49,8.48,26.94,5.64,64.59,0.66,0.66,30.72,2018.0,Mumbai City
99.81,28.07,14.77,2.54,45.95,18.68,8.63,26.96,9.23,68.02,0.71,0.71,32.62,2019.0,Mumbai City
99.78,27.3,14.55,2.67,41.48,18.91,9.43,26.35,6.79,69.44,0.71,0.7,29.54,1990.0,Mumbai Suburban
99.8,27.35,13.92,2.51,37.58,19.19,9.59,26.37,5.81,66.29,0.66,0.66,35.28,1991.0,Mumbai Suburban
99.82,27.79,13.51,2.65,33.25,19.76,9.8,26.58,4.85,64.05,0.64,0.65,30.09,1992.0,Mumbai Suburban
99.82,27.46,14.08,2.68,38.65,19.55,9.71,26.46,5.86,66.93,0.7,0.7,28.75,1993.0,Mumbai Suburban
99.77,26.93,14.06,2.76,36.02,19.37,9.61,26.1,6.96,68.17,0.7,0.7,33.29,1994.0,Mumbai Suburban
99.75,27.8,13.93,2.55,41.1,19.49,9.77,26.63,4.43,65.58,0.65,0.65,32.16,1995.0,Mumbai Suburban
99.73,27.44,14.14,2.58,42.38,19.25,9.58,26.36,5.64,67.96,0.68,0.68,30.56,1996.0,Mumbai Suburban
99.87,27.39,14.3,2.54,39.43,19.51,9.76,26.36,5.59,68.53,0.68,0.68,31.69,1997.0,Mumbai Suburban
99.75,27.75,14.9,2.59,42.13,18.95,9.45,26.74,5.8,69.18,0.71,0.7,34.09,1998.0,Mumbai Suburban
99.72,27.04,14.19,2.63,39.66,19.68,9.81,26.2,4.43,68.3,0.69,0.69,34.11,1999.0,Mumbai Suburban
99.7,27.14,14.02,2.51,37.76,19.41,9.71,26.28,5.26,66.85,0.67,0.67,32.03,2000.0,Mumbai Suburban
99.75,27.5,14.22,2.64,47.55,19.2,8.86,26.52,5.1,67.31,0.68,0.68,29.65,2001.0,Mumbai Suburban
99.8,28.27,13.82,2.65,46.34,19.36,8.93,27.12,3.62,63.41,0.63,0.63,32.96,2002.0,Mumbai Suburban
99.78,28.17,14.36,2.58,46.25,19.39,8.94,27.08,5.38,66.22,0.68,0.68,30.34,2003.0,Mumbai Suburban
99.79,27.7,14.16,2.67,49.54,19.1,8.82,26.82,6.34,65.97,0.67,0.67,30.93,2004.0,Mumbai Suburban
99.78,27.34,14.1,2.59,46.54,19.15,8.81,26.39,8.77,67.06,0.69,0.69,31.33,2005.0,Mumbai Suburban
99.78,27.57,14.66,2.64,46.7,18.9,8.72,26.65,9.13,68.97,0.7,0.7,30.02,2006.0,Mumbai Suburban
99.72,27.82,14.57,2.61,46.81,19.1,8.81,26.85,7.36,67.69,0.68,0.68,30.83,2007.0,Mumbai Suburban
99.73,27.41,14.11,2.56,46.8,18.85,8.65,26.48,7.1,66.49,0.69,0.69,32.78,2008.0,Mumbai Suburban
99.75,28.19,14.46,2.56,47.29,19.07,8.76,27.22,6.18,66.49,0.69,0.68,31.29,2009.0,Mumbai Suburban
99.71,27.77,15.57,2.39,52.39,18.47,8.55,26.97,8.51,71.5,0.73,0.73,30.53,2010.0,Mumbai Suburban
99.7,27.25,14.52,2.6,45.62,18.66,8.56,26.5,7.05,68.36,0.7,0.7,30.53,2011.0,Mumbai Suburban
99.74,27.35,13.99,2.61,47.03,19.24,8.81,26.45,4.96,66.17,0.68,0.68,31.75,2012.0,Mumbai Suburban
99.74,27.32,14.62,2.59,48.0,18.53,8.51,26.41,6.76,69.42,0.7,0.7,29.52,2013.0,Mumbai Suburban
99.82,28.04,14.23,2.57,45.78,19.05,8.75,26.96,6.39,65.4,0.66,0.65,31.71,2014.0,Mumbai Suburban
99.87,27.93,14.57,2.47,48.95,18.96,8.7,26.95,4.69,66.82,0.67,0.67,30.73,2015.0,Mumbai Suburban
99.83,27.51,14.2,2.56,47.21,18.54,8.52,26.56,8.09,66.83,0.69,0.69,29.64,2016.0,Mumbai Suburban
99.79,27.68,14.41,2.44,47.12,19.19,8.78,26.76,8.02,67.26,0.7,0.7,31.98,2017.0,Mumbai Suburban
99.79,27.79,13.96,2.45,47.29,18.59,8.49,26.94,5.64,64.59,0.66,0.66,30.72,2018.0,Mumbai Suburban
99.81,28.07,14.77,2.54,49.29,18.4,8.47,26.96,9.23,68.02,0.71,0.71,32.62,2019.0,Mumbai Suburban
97.53,26.74,12.6,2.27,63.51,18.38,8.81,26.25,3.47,60.45,0.72,0.72,36.54,1990.0,Nagpur
97.55,28.18,10.77,2.22,60.68,18.96,9.08,27.31,2.45,50.4,0.66,0.66,43.55,1991.0,Nagpur
97.59,28.2,10.3,2.13,56.0,19.47,9.28,27.39,2.54,47.23,0.66,0.67,38.82,1992.0,Nagpur
97.6,27.03,11.25,2.14,61.48,18.84,8.99,26.61,3.68,53.1,0.71,0.71,39.78,1993.0,Nagpur
97.55,26.96,11.65,2.28,59.01,18.29,8.7,26.46,4.2,56.73,0.71,0.71,41.23,1994.0,Nagpur
97.54,27.32,12.02,2.03,60.82,18.48,8.9,26.68,3.41,56.86,0.69,0.69,41.44,1995.0,Nagpur
97.5,28.15,11.19,2.17,59.12,18.49,8.88,27.36,2.4,51.22,0.66,0.67,39.41,1996.0,Nagpur
97.65,27.39,11.79,2.2,61.28,17.79,8.54,26.65,3.03,55.81,0.67,0.68,39.83,1997.0,Nagpur
97.56,27.17,12.67,2.09,52.45,18.34,8.84,26.67,3.03,60.05,0.71,0.71,41.84,1998.0,Nagpur
97.49,27.08,11.29,2.15,43.55,18.79,8.87,26.63,3.18,54.7,0.71,0.7,41.19,1999.0,Nagpur
97.47,27.42,10.55,2.1,39.02,19.39,9.2,26.93,2.35,47.29,0.66,0.66,38.9,2000.0,Nagpur
97.53,27.19,11.74,2.03,56.2,18.22,8.32,26.75,3.23,54.16,0.69,0.69,40.06,2001.0,Nagpur
97.56,28.0,11.12,2.24,51.79,18.63,8.5,27.39,2.84,50.42,0.67,0.67,39.31,2002.0,Nagpur
97.58,27.54,12.03,2.18,55.47,18.25,8.35,26.96,3.67,57.04,0.72,0.72,40.33,2003.0,Nagpur
97.59,27.75,11.62,2.08,49.53,19.02,8.67,26.96,2.36,54.5,0.66,0.66,39.45,2004.0,Nagpur
97.57,27.13,11.68,2.07,53.26,18.36,8.35,26.61,3.71,56.4,0.71,0.71,39.12,2005.0,Nagpur
97.58,27.36,12.37,2.01,52.41,18.26,8.34,26.89,3.65,57.51,0.71,0.71,38.56,2006.0,Nagpur
97.55,27.69,11.54,2.04,51.46,18.72,8.51,27.01,3.06,53.76,0.68,0.69,36.53,2007.0,Nagpur
97.54,27.2,11.59,2.0,51.79,18.32,8.33,26.61,2.84,54.7,0.69,0.69,38.29,2008.0,Nagpur
97.54,28.32,11.5,2.0,50.17,18.86,8.54,27.69,2.94,52.28,0.69,0.69,37.44,2009.0,Nagpur
97.53,28.16,12.26,2.0,54.17,18.43,8.41,27.52,4.15,56.29,0.73,0.73,40.88,2010.0,Nagpur
97.53,27.09,12.08,1.93,49.26,18.39,8.36,26.52,2.99,56.9,0.69,0.7,40.79,2011.0,Nagpur
97.52,27.45,11.38,2.14,52.71,17.99,8.15,26.87,3.61,54.0,0.7,0.71,41.76,2012.0,Nagpur
97.52,27.21,12.48,2.17,54.68,17.3,7.88,26.59,4.71,59.63,0.74,0.73,40.46,2013.0,Nagpur
97.64,27.8,12.01,2.17,54.51,18.26,8.31,26.95,2.78,56.32,0.67,0.67,40.36,2014.0,Nagpur
97.7,27.44,12.48,2.04,52.46,18.27,8.28,26.81,3.77,57.5,0.69,0.69,40.31,2015.0,Nagpur
97.59,27.69,11.92,2.05,53.99,18.26,8.28,27.18,3.45,54.74,0.72,0.72,39.79,2016.0,Nagpur
97.59,27.9,11.63,1.98,47.77,18.87,8.52,27.24,3.05,53.43,0.68,0.68,40.3,2017.0,Nagpur
97.6,27.7,11.35,2.05,47.46,18.13,8.18,26.98,2.91,52.39,0.67,0.68,40.32,2018.0,Nagpur
97.64,27.76,11.99,2.17,52.09,17.87,8.13,26.89,3.77,57.06,0.72,0.72,44.2,2019.0,Nagpur
96.25,26.94,12.08,2.56,61.0,18.76,9.12,26.12,3.07,58.38,0.67,0.68,33.58,1990.0,Nanded
96.24,28.36,10.74,2.45,56.1,19.28,9.42,27.27,1.99,49.77,0.63,0.63,39.9,1991.0,Nanded
96.28,28.03,10.5,2.37,54.39,19.77,9.64,26.97,2.17,49.34,0.62,0.63,36.26,1992.0,Nanded
96.3,27.13,11.09,2.38,57.04,19.74,9.62,26.29,2.8,53.72,0.67,0.67,37.6,1993.0,Nanded
96.25,27.12,11.71,2.52,55.08,19.3,9.39,26.23,2.81,57.25,0.67,0.67,38.9,1994.0,Nanded
96.23,27.23,12.12,2.35,54.09,19.29,9.43,26.33,2.94,58.49,0.67,0.67,37.67,1995.0,Nanded
96.2,27.73,11.34,2.39,55.92,18.98,9.25,26.77,2.54,53.66,0.65,0.66,37.71,1996.0,Nanded
96.34,27.69,11.87,2.37,54.93,19.25,9.43,26.67,2.34,55.73,0.62,0.62,38.1,1997.0,Nanded
96.24,28.04,12.38,2.33,50.02,18.81,9.2,27.01,3.07,57.76,0.69,0.7,37.16,1998.0,Nanded
96.2,27.19,11.13,2.43,43.9,19.26,9.33,26.28,2.12,54.2,0.63,0.64,38.14,1999.0,Nanded
96.17,27.52,10.66,2.36,41.24,19.6,9.48,26.7,2.23,48.65,0.63,0.63,35.73,2000.0,Nanded
96.23,27.66,11.36,2.41,52.77,18.58,8.47,26.72,2.24,52.81,0.63,0.63,35.49,2001.0,Nanded
96.27,28.42,11.02,2.48,47.29,19.14,8.72,27.36,2.19,49.62,0.62,0.63,36.39,2002.0,Nanded
96.27,28.37,11.54,2.5,52.22,19.15,8.71,27.24,2.27,53.56,0.64,0.65,35.94,2003.0,Nanded
96.29,27.89,11.53,2.46,46.54,19.57,8.91,26.82,2.01,53.1,0.62,0.62,35.79,2004.0,Nanded
96.26,27.12,11.86,2.38,49.71,18.93,8.61,26.34,3.21,57.22,0.7,0.7,36.47,2005.0,Nanded
96.29,26.82,12.52,2.29,51.08,18.71,8.51,26.16,3.37,60.32,0.68,0.68,36.75,2006.0,Nanded
96.23,27.64,11.58,2.28,50.96,19.33,8.77,26.7,2.37,54.68,0.65,0.65,34.14,2007.0,Nanded
96.23,27.23,11.64,2.3,50.85,18.77,8.5,26.42,2.68,55.21,0.65,0.66,35.03,2008.0,Nanded
96.24,28.4,11.41,2.36,49.44,19.23,8.68,27.44,2.26,51.87,0.62,0.63,33.93,2009.0,Nanded
96.22,28.12,12.5,2.32,55.39,18.43,8.4,27.16,3.01,58.19,0.7,0.7,37.67,2010.0,Nanded
96.22,27.71,11.63,2.42,49.62,18.88,8.54,26.65,2.15,54.38,0.64,0.65,36.58,2011.0,Nanded
96.22,28.2,11.05,2.47,52.92,18.74,8.46,27.12,2.02,50.69,0.63,0.63,35.27,2012.0,Nanded
96.22,27.49,12.45,2.5,53.66,17.74,8.04,26.55,3.15,59.34,0.69,0.69,35.22,2013.0,Nanded
96.33,28.37,11.77,2.38,52.74,18.66,8.45,27.13,1.98,53.12,0.61,0.61,35.6,2014.0,Nanded
96.37,28.99,11.5,2.43,50.41,18.82,8.51,27.65,1.78,50.15,0.6,0.6,37.48,2015.0,Nanded
96.29,28.26,11.36,2.37,52.33,18.68,8.43,27.2,2.23,51.81,0.63,0.63,35.51,2016.0,Nanded
96.28,28.77,10.78,2.31,49.62,19.25,8.65,27.5,1.69,48.07,0.6,0.61,35.55,2017.0,Nanded
96.29,28.73,10.59,2.35,49.36,18.38,8.25,27.47,1.79,47.0,0.61,0.61,37.42,2018.0,Nanded
96.31,28.73,11.72,2.43,51.59,18.54,8.39,27.42,2.03,53.64,0.63,0.63,37.66,2019.0,Nanded
97.25,27.18,11.86,2.9,56.6,18.61,9.0,26.14,2.35,56.52,0.67,0.66,34.9,1990.0,Nandurbar
97.26,27.89,10.17,2.79,49.75,19.33,9.36,26.67,1.61,46.83,0.64,0.64,42.25,1991.0,Nandurbar
97.3,27.84,10.16,2.84,49.96,19.62,9.5,26.52,1.37,47.32,0.62,0.63,37.56,1992.0,Nandurbar
97.31,27.18,11.18,2.82,51.26,19.57,9.48,26.16,2.21,53.3,0.66,0.66,35.3,1993.0,Nandurbar
97.25,26.69,10.97,2.8,48.24,19.35,9.32,25.73,2.78,53.69,0.69,0.69,40.16,1994.0,Nandurbar
97.23,27.72,10.67,2.75,47.02,19.43,9.48,26.47,2.08,49.63,0.65,0.65,37.97,1995.0,Nandurbar
97.21,27.37,11.04,2.76,45.27,19.24,9.33,26.19,2.18,52.81,0.67,0.66,36.6,1996.0,Nandurbar
97.33,26.95,11.67,2.64,46.75,18.79,9.17,25.88,2.39,56.33,0.67,0.67,37.05,1997.0,Nandurbar
97.24,27.29,12.21,2.64,44.86,18.77,9.08,26.32,2.58,57.47,0.69,0.69,36.77,1998.0,Nandurbar
97.21,27.32,10.97,2.81,36.6,19.4,9.37,26.19,1.77,52.17,0.64,0.64,36.96,1999.0,Nandurbar
97.18,27.78,10.11,2.79,33.79,19.79,9.59,26.69,1.46,45.4,0.63,0.63,36.94,2000.0,Nandurbar
97.22,27.56,10.82,2.71,38.83,19.16,8.68,26.46,1.67,49.85,0.64,0.64,37.2,2001.0,Nandurbar
97.28,27.9,10.71,2.86,35.56,19.21,8.71,26.75,1.84,48.88,0.65,0.65,39.65,2002.0,Nandurbar
97.28,27.11,11.88,2.71,38.52,19.11,8.67,26.15,2.91,57.15,0.7,0.7,37.63,2003.0,Nandurbar
97.28,27.36,11.46,2.71,40.31,19.21,8.72,26.37,2.58,54.05,0.67,0.67,35.73,2004.0,Nandurbar
97.26,26.75,11.23,2.61,38.36,19.38,8.75,25.93,3.26,53.99,0.7,0.7,36.29,2005.0,Nandurbar
97.26,27.13,12.01,2.61,39.62,18.74,8.51,26.28,3.33,57.1,0.7,0.69,36.45,2006.0,Nandurbar
97.22,27.28,11.74,2.5,38.64,19.25,8.73,26.38,2.82,55.25,0.7,0.69,34.91,2007.0,Nandurbar
97.22,27.04,11.16,2.64,39.67,18.89,8.52,26.12,2.2,52.53,0.67,0.67,37.23,2008.0,Nandurbar
97.24,27.91,11.58,2.65,36.29,19.4,8.74,26.83,2.37,54.13,0.66,0.66,35.37,2009.0,Nandurbar
97.21,27.45,12.73,2.53,43.83,18.89,8.59,26.54,2.85,59.76,0.7,0.7,37.92,2010.0,Nandurbar
97.2,27.28,11.36,2.63,37.19,18.82,8.5,26.25,2.25,53.59,0.67,0.67,37.72,2011.0,Nandurbar
97.22,27.16,11.13,2.83,40.62,18.79,8.46,26.08,1.91,52.25,0.65,0.65,37.13,2012.0,Nandurbar
97.23,26.45,12.17,2.77,44.57,17.82,8.06,25.55,3.29,59.63,0.72,0.71,37.8,2013.0,Nandurbar
97.33,27.56,11.63,2.66,39.26,18.87,8.53,26.32,2.18,54.78,0.66,0.66,37.75,2014.0,Nandurbar
97.37,27.45,11.78,2.61,40.17,18.69,8.43,26.39,2.6,54.96,0.66,0.66,36.78,2015.0,Nandurbar
97.31,27.47,11.13,2.64,43.55,18.64,8.42,26.4,2.05,52.13,0.66,0.66,38.92,2016.0,Nandurbar
97.28,27.7,11.11,2.59,40.81,18.8,8.46,26.59,1.93,51.36,0.65,0.65,36.58,2017.0,Nandurbar
97.28,28.33,10.27,2.7,38.17,18.51,8.31,27.02,1.31,46.36,0.63,0.63,38.83,2018.0,Nandurbar
97.32,26.92,12.22,2.72,43.51,18.14,8.22,25.87,3.4,59.19,0.72,0.72,39.73,2019.0,Nandurbar
94.31,24.82,12.15,2.95,56.06,17.64,8.64,23.94,3.93,64.23,0.71,0.71,33.55,1990.0,Nashik
94.32,25.47,10.9,2.82,49.25,18.67,9.16,24.46,3.17,56.01,0.67,0.67,37.42,1991.0,Nashik
94.35,25.5,10.67,2.88,49.3,19.07,9.35,24.39,2.64,55.49,0.67,0.66,32.38,1992.0,Nashik
94.36,24.88,11.58,2.92,50.81,18.99,9.33,23.98,3.56,61.18,0.71,0.71,32.63,1993.0,Nashik
94.31,24.68,11.41,2.99,47.03,18.46,9.0,23.84,4.39,61.01,0.71,0.7,35.17,1994.0,Nashik
94.29,25.52,11.17,2.8,49.17,18.78,9.28,24.41,2.98,57.34,0.67,0.66,33.78,1995.0,Nashik
94.27,25.13,11.46,2.77,47.79,18.58,9.12,24.13,3.44,60.47,0.7,0.69,30.99,1996.0,Nashik
94.39,24.92,11.78,2.74,43.64,18.57,9.14,23.95,3.45,62.34,0.69,0.69,32.39,1997.0,Nashik
94.29,25.1,12.43,2.77,45.2,18.21,8.92,24.22,4.04,64.44,0.73,0.72,33.49,1998.0,Nashik
94.26,25.04,11.47,2.88,39.16,18.68,9.14,24.14,2.68,60.31,0.68,0.68,35.18,1999.0,Nashik
94.24,25.27,10.95,2.73,37.29,18.98,9.35,24.39,2.85,55.96,0.67,0.67,31.62,2000.0,Nashik
94.28,25.24,11.47,2.8,49.39,18.46,8.34,24.36,3.18,59.22,0.69,0.69,33.47,2001.0,Nashik
94.34,25.99,11.07,2.89,47.22,18.6,8.4,24.89,2.69,55.6,0.67,0.66,36.56,2002.0,Nashik
94.33,25.67,11.82,2.84,46.8,18.67,8.44,24.68,3.98,60.44,0.7,0.7,34.36,2003.0,Nashik
94.33,25.28,11.71,2.83,49.06,18.49,8.36,24.41,4.39,60.39,0.7,0.69,32.24,2004.0,Nashik
94.31,24.74,11.57,2.77,46.49,18.74,8.43,23.95,6.16,61.05,0.72,0.72,32.66,2005.0,Nashik
94.32,25.11,12.21,2.78,46.93,18.25,8.25,24.28,5.96,63.68,0.73,0.72,32.71,2006.0,Nashik
94.27,25.28,12.01,2.68,48.23,18.66,8.42,24.42,4.88,61.89,0.71,0.71,30.82,2007.0,Nashik
94.28,25.1,11.55,2.77,49.1,18.31,8.23,24.21,4.84,59.68,0.7,0.7,35.04,2008.0,Nashik
94.3,25.89,11.8,2.71,47.85,18.74,8.42,24.95,3.32,59.84,0.69,0.68,33.27,2009.0,Nashik
94.27,25.39,12.95,2.58,53.6,18.07,8.19,24.64,4.67,65.92,0.74,0.73,34.27,2010.0,Nashik
94.25,25.1,11.75,2.78,48.07,18.2,8.17,24.26,3.55,60.91,0.7,0.7,33.35,2011.0,Nashik
94.28,25.18,11.38,2.86,50.06,18.52,8.31,24.27,2.78,58.67,0.68,0.68,32.52,2012.0,Nashik
94.28,24.88,12.24,2.87,52.42,17.55,7.9,23.98,4.3,64.55,0.72,0.72,33.88,2013.0,Nashik
94.37,25.45,11.94,2.74,46.95,18.5,8.33,24.41,4.2,61.17,0.68,0.68,33.35,2014.0,Nashik
94.42,25.52,12.09,2.69,50.18,18.37,8.26,24.55,3.65,61.49,0.69,0.68,30.94,2015.0,Nashik
94.36,25.34,11.57,2.72,51.81,18.01,8.09,24.41,5.51,59.6,0.71,0.7,32.32,2016.0,Nashik
94.33,25.15,11.75,2.61,44.02,18.66,8.36,24.41,5.16,60.52,0.73,0.72,32.88,2017.0,Nashik
94.34,25.84,10.98,2.72,41.03,18.45,8.25,24.85,3.75,55.29,0.67,0.67,32.56,2018.0,Nashik
94.36,25.29,12.28,2.82,45.51,18.2,8.21,24.34,6.57,63.62,0.74,0.74,36.11,2019.0,Nashik
94.4,26.65,11.59,3.06,59.69,18.51,9.11,25.41,3.01,57.6,0.69,0.69,32.49,1990.0,Osmanabad
94.39,28.01,10.58,2.85,57.28,19.01,9.37,26.57,1.7,49.92,0.65,0.66,36.98,1991.0,Osmanabad
94.43,28.11,10.22,2.82,56.81,19.66,9.66,26.48,1.49,48.12,0.63,0.63,33.08,1992.0,Osmanabad
94.44,26.95,10.83,2.91,56.84,19.84,9.74,25.64,2.42,53.24,0.66,0.67,34.51,1993.0,Osmanabad
94.4,27.33,11.21,3.13,54.13,19.61,9.69,25.85,1.53,54.73,0.63,0.64,35.43,1994.0,Osmanabad
94.38,27.21,11.59,2.78,54.92,19.28,9.54,25.8,2.49,56.63,0.66,0.67,33.58,1995.0,Osmanabad
94.35,27.05,11.25,2.77,51.78,19.3,9.54,25.73,2.35,55.52,0.68,0.68,34.6,1996.0,Osmanabad
94.48,27.92,11.43,2.85,51.27,19.33,9.54,26.28,1.49,54.06,0.62,0.63,34.32,1997.0,Osmanabad
94.38,27.62,12.02,2.71,50.48,18.91,9.36,26.19,3.07,57.63,0.71,0.71,35.08,1998.0,Osmanabad
94.35,27.47,10.55,2.95,44.0,19.91,9.79,25.99,1.29,50.92,0.63,0.63,34.39,1999.0,Osmanabad
94.32,27.17,10.55,2.73,42.53,19.86,9.77,25.91,1.86,50.21,0.65,0.66,32.66,2000.0,Osmanabad
94.38,27.36,11.11,2.9,51.92,18.86,8.57,25.99,1.92,53.14,0.65,0.66,32.81,2001.0,Osmanabad
94.43,28.0,10.92,2.82,47.19,19.39,8.81,26.54,1.8,50.55,0.63,0.64,33.54,2002.0,Osmanabad
94.42,28.73,10.93,2.98,51.74,19.48,8.85,27.04,1.23,49.68,0.62,0.62,32.51,2003.0,Osmanabad
94.44,27.05,11.46,2.78,46.33,19.75,8.97,25.77,2.12,55.05,0.66,0.67,31.27,2004.0,Osmanabad
94.41,26.81,11.61,2.81,49.54,19.1,8.67,25.62,2.47,56.85,0.68,0.69,33.97,2005.0,Osmanabad
94.43,27.01,11.78,2.78,49.71,19.01,8.62,25.72,2.21,57.59,0.66,0.67,32.89,2006.0,Osmanabad
94.37,27.6,11.29,2.75,49.03,19.49,8.83,26.14,1.85,53.89,0.65,0.66,32.98,2007.0,Osmanabad
94.38,27.13,11.42,2.82,48.99,19.23,8.69,25.79,2.17,55.27,0.67,0.67,32.43,2008.0,Osmanabad
94.39,27.7,11.41,2.82,48.02,19.51,8.8,26.45,2.08,53.93,0.65,0.66,32.47,2009.0,Osmanabad
94.36,27.64,12.4,2.66,55.85,18.65,8.49,26.39,2.55,58.83,0.7,0.7,35.68,2010.0,Osmanabad
94.36,27.57,11.24,2.95,47.26,19.13,8.62,26.11,1.56,52.94,0.64,0.64,33.29,2011.0,Osmanabad
94.36,28.01,10.77,2.94,51.23,19.06,8.58,26.55,1.54,49.92,0.63,0.64,32.35,2012.0,Osmanabad
94.37,27.32,11.9,2.94,52.96,18.29,8.27,25.99,2.17,57.16,0.67,0.67,33.57,2013.0,Osmanabad
94.47,27.67,11.72,2.78,51.85,18.82,8.49,26.18,1.98,54.92,0.64,0.64,32.9,2014.0,Osmanabad
94.51,28.41,11.34,2.78,49.74,19.09,8.6,26.76,1.44,50.95,0.62,0.63,33.97,2015.0,Osmanabad
94.44,27.62,11.17,2.69,51.3,18.62,8.37,26.26,2.2,52.82,0.66,0.67,33.55,2016.0,Osmanabad
94.43,27.71,10.94,2.6,50.54,19.41,8.7,26.33,2.01,51.39,0.65,0.66,32.9,2017.0,Osmanabad
94.43,28.31,10.42,2.73,49.39,18.55,8.31,26.74,1.33,47.22,0.62,0.63,34.5,2018.0,Osmanabad
94.45,28.23,11.6,2.85,51.66,18.73,8.46,26.71,1.93,54.09,0.65,0.66,34.28,2019.0,Osmanabad
100.88,27.63,16.69,4.37,41.48,18.91,9.43,26.91,4.55,74.93,0.59,0.57,11.89,1990.0,Palghar
100.9,27.46,16.39,4.3,37.58,19.19,9.59,26.72,3.63,73.93,0.54,0.52,13.92,1991.0,Palghar
100.93,27.53,16.24,4.43,33.25,19.76,9.8,26.7,3.44,73.64,0.53,0.52,14.88,1992.0,Palghar
100.92,27.7,16.62,4.34,38.65,19.55,9.71,26.88,4.33,74.59,0.6,0.58,13.1,1993.0,Palghar
100.87,27.55,16.39,4.59,36.02,19.37,9.61,26.8,4.86,73.95,0.59,0.58,13.64,1994.0,Palghar
100.86,27.75,16.49,4.27,41.1,19.49,9.77,26.92,3.16,73.69,0.53,0.52,12.94,1995.0,Palghar
100.83,27.58,16.53,4.36,42.38,19.25,9.58,26.73,3.93,75.03,0.57,0.55,14.73,1996.0,Palghar
100.97,27.87,16.46,4.35,39.43,19.51,9.76,26.97,3.78,73.5,0.57,0.55,11.86,1997.0,Palghar
100.85,28.17,17.09,4.32,42.13,18.95,9.45,27.32,4.3,74.37,0.6,0.59,13.91,1998.0,Palghar
100.82,27.51,16.64,4.36,39.66,19.68,9.81,26.71,3.11,75.46,0.56,0.55,14.93,1999.0,Palghar
100.8,27.69,16.46,4.23,37.76,19.41,9.71,26.93,3.8,73.58,0.56,0.55,12.46,2000.0,Palghar
100.84,27.76,16.66,4.4,47.55,19.2,8.86,26.98,3.74,74.41,0.57,0.55,11.58,2001.0,Palghar
100.91,28.1,16.56,4.41,46.34,19.36,8.93,27.35,2.8,72.37,0.51,0.5,14.75,2002.0,Palghar
100.88,28.3,16.93,4.49,46.25,19.39,8.94,27.47,4.45,73.46,0.57,0.56,10.85,2003.0,Palghar
100.89,28.16,16.81,4.5,49.54,19.1,8.82,27.38,4.8,73.37,0.56,0.54,13.52,2004.0,Palghar
100.88,27.68,16.52,4.45,46.54,19.15,8.81,26.85,5.9,74.06,0.59,0.58,14.12,2005.0,Palghar
100.88,27.75,16.93,4.48,46.7,18.9,8.72,27.02,6.11,75.57,0.61,0.59,13.52,2006.0,Palghar
100.81,28.04,17.06,4.43,46.81,19.1,8.81,27.26,5.52,74.78,0.6,0.58,13.48,2007.0,Palghar
100.84,27.56,16.61,4.3,46.8,18.85,8.65,26.81,5.28,74.54,0.6,0.59,12.85,2008.0,Palghar
100.85,28.03,17.1,4.26,47.29,19.07,8.76,27.41,4.4,74.65,0.58,0.56,12.12,2009.0,Palghar
100.81,28.21,17.65,4.19,52.39,18.47,8.55,27.53,6.42,75.95,0.63,0.61,14.31,2010.0,Palghar
100.8,27.72,16.86,4.36,45.62,18.66,8.56,27.08,5.02,74.71,0.6,0.58,15.98,2011.0,Palghar
100.84,27.31,16.59,4.4,47.03,19.24,8.81,26.69,3.62,74.89,0.58,0.56,13.15,2012.0,Palghar
100.84,27.62,16.81,4.53,48.0,18.53,8.51,26.89,5.24,75.29,0.61,0.59,13.89,2013.0,Palghar
100.93,28.15,16.61,4.28,45.78,19.05,8.75,27.3,4.43,72.59,0.55,0.54,14.27,2014.0,Palghar
100.96,28.26,16.88,4.23,48.95,18.96,8.7,27.46,3.58,73.18,0.56,0.54,15.02,2015.0,Palghar
100.93,27.69,16.71,4.26,47.21,18.54,8.52,26.9,6.18,74.86,0.59,0.58,13.23,2016.0,Palghar
100.89,27.89,16.86,4.16,47.12,19.19,8.78,27.15,6.01,74.32,0.62,0.6,13.95,2017.0,Palghar
100.89,28.01,16.62,4.18,47.29,18.59,8.49,27.36,4.12,72.56,0.56,0.55,15.99,2018.0,Palghar
100.92,27.95,17.13,4.42,49.29,18.4,8.47,27.05,6.81,75.71,0.62,0.61,15.54,2019.0,Palghar
95.86,26.89,11.76,2.69,58.81,18.9,9.13,25.97,2.91,57.07,0.67,0.68,33.8,1990.0,Parbhani
95.86,28.33,10.14,2.57,53.75,19.15,9.28,27.14,1.73,46.63,0.63,0.64,40.06,1991.0,Parbhani
95.9,28.09,10.0,2.5,54.73,19.86,9.63,26.85,2.01,46.9,0.62,0.63,36.2,1992.0,Parbhani
95.92,26.72,10.94,2.48,55.91,19.97,9.69,25.93,3.17,53.66,0.69,0.7,37.37,1993.0,Parbhani
95.87,26.74,11.46,2.62,53.79,19.71,9.56,25.84,2.79,56.65,0.67,0.67,38.11,1994.0,Parbhani
95.85,27.75,11.35,2.47,52.26,19.48,9.48,26.54,2.28,53.85,0.64,0.65,37.88,1995.0,Parbhani
95.82,27.91,10.83,2.46,50.55,19.53,9.45,26.76,2.2,50.94,0.65,0.65,37.13,1996.0,Parbhani
95.96,27.74,11.43,2.48,50.38,19.53,9.47,26.53,2.21,53.9,0.63,0.63,37.81,1997.0,Parbhani
95.86,27.6,12.18,2.41,48.2,18.9,9.22,26.58,3.07,57.66,0.7,0.71,36.24,1998.0,Parbhani
95.83,26.81,10.97,2.51,42.37,19.61,9.48,25.92,2.29,54.32,0.66,0.66,37.88,1999.0,Parbhani
95.79,27.31,10.26,2.43,40.24,19.9,9.61,26.44,2.15,47.14,0.64,0.64,34.89,2000.0,Parbhani
95.85,27.48,11.02,2.43,49.76,18.91,8.59,26.48,2.19,51.6,0.64,0.65,35.34,2001.0,Parbhani
95.89,28.25,10.62,2.57,45.01,19.26,8.75,27.1,2.07,48.22,0.63,0.64,36.54,2002.0,Parbhani
95.89,28.28,11.11,2.59,49.38,19.42,8.81,27.03,2.0,51.69,0.64,0.64,35.65,2003.0,Parbhani
95.9,27.73,11.13,2.47,44.63,19.71,8.95,26.65,1.99,51.77,0.63,0.63,35.02,2004.0,Parbhani
95.88,27.01,11.39,2.47,46.92,19.08,8.66,26.13,2.92,55.24,0.69,0.69,35.77,2005.0,Parbhani
95.9,26.72,12.14,2.33,49.04,18.86,8.56,26.01,3.64,58.84,0.7,0.7,35.96,2006.0,Parbhani
95.85,27.41,11.3,2.35,47.34,19.45,8.81,26.43,2.36,53.81,0.66,0.67,33.95,2007.0,Parbhani
95.85,27.49,11.08,2.41,47.39,18.93,8.55,26.47,2.08,52.17,0.64,0.65,34.94,2008.0,Parbhani
95.86,28.16,11.18,2.44,45.81,19.34,8.72,27.15,2.3,51.53,0.64,0.65,33.94,2009.0,Parbhani
95.84,27.79,12.34,2.39,53.27,18.7,8.51,26.83,3.0,58.07,0.71,0.71,37.86,2010.0,Parbhani
95.83,27.37,11.47,2.41,47.16,18.99,8.57,26.33,2.18,54.17,0.65,0.66,36.61,2011.0,Parbhani
95.84,27.82,10.89,2.55,50.2,18.86,8.49,26.71,2.11,50.72,0.65,0.65,34.89,2012.0,Parbhani
95.84,27.24,12.09,2.59,51.71,17.98,8.13,26.27,2.94,58.21,0.69,0.7,34.82,2013.0,Parbhani
95.95,28.08,11.53,2.45,49.39,18.79,8.49,26.82,2.04,52.92,0.62,0.63,36.1,2014.0,Parbhani
95.99,28.37,11.42,2.44,47.61,18.96,8.55,27.1,2.15,51.19,0.62,0.63,37.24,2015.0,Parbhani
95.91,28.0,11.05,2.42,50.11,18.77,8.45,26.89,2.23,51.08,0.65,0.65,36.24,2016.0,Parbhani
95.9,28.39,10.64,2.39,49.19,19.36,8.68,27.12,1.82,48.19,0.62,0.63,35.11,2017.0,Parbhani
95.91,28.44,10.27,2.38,48.26,18.48,8.28,27.17,1.87,46.21,0.62,0.63,37.41,2018.0,Parbhani
95.93,28.42,11.37,2.56,51.68,18.63,8.41,27.06,1.91,52.59,0.63,0.64,38.06,2019.0,Parbhani
93.86,24.15,12.67,3.0,49.65,17.44,8.52,23.37,4.53,69.17,0.68,0.69,32.7,1990.0,Pune
93.87,24.15,12.09,2.8,43.98,18.41,9.07,23.45,4.31,65.45,0.66,0.67,37.05,1991.0,Pune
93.89,24.74,11.46,2.86,44.61,18.97,9.37,23.78,3.34,61.66,0.63,0.64,32.46,1992.0,Pune
93.89,24.36,12.04,2.98,47.85,18.61,9.16,23.53,3.85,65.09,0.67,0.68,32.9,1993.0,Pune
93.85,23.69,12.39,3.01,44.61,18.39,9.06,23.07,4.62,68.52,0.69,0.7,34.49,1994.0,Pune
93.83,24.62,12.14,2.72,43.45,18.44,9.15,23.69,3.13,64.98,0.63,0.64,33.38,1995.0,Pune
93.8,24.4,12.26,2.74,40.46,18.46,9.12,23.5,3.98,66.89,0.67,0.68,30.69,1996.0,Pune
93.93,24.25,12.53,2.74,36.95,18.67,9.18,23.41,4.05,68.3,0.66,0.67,32.47,1997.0,Pune
93.83,24.45,13.01,2.77,41.89,18.0,8.94,23.66,4.28,69.43,0.69,0.7,33.89,1998.0,Pune
93.8,23.93,12.23,2.88,39.43,18.44,9.13,23.32,3.18,66.61,0.66,0.67,34.36,1999.0,Pune
93.78,24.33,11.91,2.76,37.16,18.78,9.34,23.59,3.17,63.57,0.62,0.63,31.36,2000.0,Pune
93.82,24.7,12.21,2.89,50.35,18.24,8.26,23.8,3.05,65.2,0.64,0.64,32.97,2001.0,Pune
93.88,25.29,11.94,2.85,51.11,18.4,8.34,24.3,2.44,61.94,0.59,0.6,36.46,2002.0,Pune
93.87,25.56,12.11,2.82,49.46,18.7,8.46,24.54,2.87,62.42,0.63,0.64,33.78,2003.0,Pune
93.88,24.52,12.3,2.85,51.01,18.4,8.34,23.77,4.33,65.64,0.66,0.67,31.12,2004.0,Pune
93.86,24.01,12.46,2.81,48.79,18.35,8.3,23.35,6.18,67.68,0.7,0.7,33.68,2005.0,Pune
93.87,24.2,12.86,2.86,50.52,18.04,8.17,23.58,6.38,69.21,0.71,0.71,33.39,2006.0,Pune
93.81,24.59,12.75,2.78,52.52,18.23,8.27,23.84,4.86,67.73,0.68,0.69,31.29,2007.0,Pune
93.82,24.31,12.37,2.78,50.99,18.41,8.3,23.55,4.17,66.3,0.66,0.67,35.42,2008.0,Pune
93.84,25.11,12.58,2.73,51.24,18.36,8.28,24.31,4.46,65.74,0.68,0.68,33.07,2009.0,Pune
93.81,24.54,13.67,2.61,57.26,17.75,8.08,23.97,5.46,71.55,0.72,0.73,33.13,2010.0,Pune
93.8,23.95,12.7,2.85,51.26,17.81,8.02,23.45,4.6,68.15,0.7,0.7,31.43,2011.0,Pune
93.82,24.52,12.07,2.85,50.05,18.48,8.31,23.71,3.04,64.35,0.64,0.65,32.68,2012.0,Pune
93.82,24.39,12.81,2.91,53.02,17.72,8.01,23.62,4.29,68.63,0.68,0.69,32.86,2013.0,Pune
93.9,24.88,12.55,2.77,51.96,18.07,8.15,23.97,4.12,65.94,0.65,0.65,31.68,2014.0,Pune
93.95,24.77,12.8,2.64,51.57,18.29,8.25,23.97,3.57,66.78,0.64,0.65,31.26,2015.0,Pune
93.9,24.47,12.32,2.77,53.59,17.63,7.94,23.74,6.13,65.71,0.69,0.69,32.59,2016.0,Pune
93.87,24.5,12.48,2.61,45.82,18.51,8.31,23.84,6.18,66.31,0.7,0.71,33.35,2017.0,Pune
93.88,24.47,12.19,2.67,44.15,18.02,8.07,23.94,4.35,64.02,0.66,0.67,32.32,2018.0,Pune
93.89,25.15,12.82,2.75,46.46,18.2,8.23,24.23,7.48,66.95,0.71,0.71,36.0,2019.0,Pune
99.52,26.91,14.85,2.76,49.65,17.44,8.52,26.15,6.71,71.34,0.76,0.77,27.06,1990.0,Raigad
99.53,26.87,14.4,2.59,43.98,18.41,9.07,26.1,6.14,69.28,0.73,0.74,33.69,1991.0,Raigad
99.55,27.24,13.97,2.7,44.61,18.97,9.37,26.31,4.95,66.86,0.71,0.72,27.91,1992.0,Raigad
99.55,27.06,14.43,2.77,47.85,18.61,9.16,26.26,5.85,68.95,0.76,0.77,27.39,1993.0,Raigad
99.51,26.57,14.5,2.82,44.61,18.39,9.06,25.92,6.81,70.59,0.75,0.76,31.1,1994.0,Raigad
99.49,27.28,14.39,2.57,43.45,18.44,9.15,26.37,4.5,68.35,0.72,0.73,30.76,1995.0,Raigad
99.46,26.99,14.55,2.64,40.46,18.46,9.12,26.14,5.74,70.36,0.75,0.75,29.09,1996.0,Raigad
99.6,27.02,14.68,2.59,36.95,18.67,9.18,26.19,5.7,70.68,0.74,0.75,29.14,1997.0,Raigad
99.48,27.35,15.22,2.65,41.89,18.0,8.94,26.55,6.03,71.07,0.76,0.77,32.06,1998.0,Raigad
99.45,26.71,14.52,2.72,39.43,18.44,9.13,26.05,4.49,70.14,0.75,0.76,31.76,1999.0,Raigad
99.43,26.82,14.38,2.61,37.16,18.78,9.34,26.12,4.97,68.92,0.73,0.74,29.36,2000.0,Raigad
99.48,27.06,14.61,2.74,50.35,18.24,8.26,26.27,4.78,69.75,0.74,0.75,27.96,2001.0,Raigad
99.54,27.75,14.35,2.68,51.11,18.4,8.34,26.86,3.71,66.47,0.7,0.71,30.9,2002.0,Raigad
99.52,27.79,14.75,2.64,49.46,18.7,8.46,26.93,4.82,68.16,0.73,0.74,28.72,2003.0,Raigad
99.52,27.3,14.58,2.76,51.01,18.4,8.34,26.61,6.29,68.45,0.74,0.75,29.48,2004.0,Raigad
99.51,26.91,14.57,2.66,48.79,18.35,8.3,26.18,8.66,69.73,0.75,0.76,29.23,2005.0,Raigad
99.51,27.18,14.98,2.73,50.52,18.04,8.17,26.47,9.12,70.82,0.76,0.76,28.67,2006.0,Raigad
99.45,27.48,14.95,2.71,52.52,18.23,8.27,26.69,7.32,69.77,0.74,0.75,28.91,2007.0,Raigad
99.47,27.08,14.49,2.65,50.99,18.41,8.3,26.32,6.51,68.6,0.74,0.75,31.19,2008.0,Raigad
99.48,27.73,14.93,2.61,51.24,18.36,8.28,26.97,6.46,69.06,0.75,0.76,28.74,2009.0,Raigad
99.45,27.38,15.88,2.45,57.26,17.75,8.08,26.76,8.37,73.33,0.78,0.79,28.08,2010.0,Raigad
99.43,26.89,14.88,2.7,51.26,17.81,8.02,26.34,7.07,70.34,0.76,0.77,28.13,2011.0,Raigad
99.48,26.97,14.33,2.67,50.05,18.48,8.31,26.27,4.87,68.17,0.74,0.75,29.69,2012.0,Raigad
99.48,27.01,14.97,2.67,53.02,17.72,8.01,26.28,6.56,71.21,0.76,0.77,27.01,2013.0,Raigad
99.55,27.62,14.63,2.63,51.96,18.07,8.15,26.78,6.12,67.61,0.72,0.73,29.61,2014.0,Raigad
99.6,27.59,14.94,2.53,51.57,18.29,8.25,26.81,4.42,68.78,0.72,0.73,28.93,2015.0,Raigad
99.56,27.15,14.53,2.65,53.59,17.63,7.94,26.4,8.56,68.69,0.75,0.75,28.24,2016.0,Raigad
99.52,27.34,14.78,2.51,45.82,18.51,8.31,26.62,8.22,69.16,0.76,0.76,30.06,2017.0,Raigad
99.53,27.36,14.42,2.53,44.15,18.02,8.07,26.74,5.61,67.11,0.73,0.74,28.45,2018.0,Raigad
99.54,27.67,15.16,2.59,46.46,18.2,8.23,26.8,8.96,70.08,0.77,0.77,30.76,2019.0,Raigad
100.51,27.71,16.88,4.31,48.21,18.17,8.97,27.07,6.31,75.53,0.64,0.63,12.85,1990.0,Ratnagiri
100.52,27.74,16.75,4.23,42.57,18.79,9.31,27.07,6.02,74.62,0.6,0.59,14.4,1991.0,Ratnagiri
100.54,27.56,16.5,4.17,42.04,19.22,9.53,26.94,5.57,74.27,0.59,0.58,16.29,1992.0,Ratnagiri
100.54,27.54,16.82,4.32,46.71,18.9,9.38,26.96,7.03,75.69,0.65,0.64,16.33,1993.0,Ratnagiri
100.5,27.61,16.66,4.33,43.3,19.15,9.47,26.95,5.67,74.93,0.63,0.62,15.04,1994.0,Ratnagiri
100.48,27.75,16.71,4.02,44.55,18.7,9.31,27.09,5.23,74.45,0.61,0.59,15.21,1995.0,Ratnagiri
100.45,27.63,16.81,4.28,43.25,18.72,9.29,26.95,6.4,75.78,0.63,0.62,17.82,1996.0,Ratnagiri
100.59,28.07,16.93,4.08,40.52,18.98,9.42,27.28,6.38,74.7,0.6,0.59,16.32,1997.0,Ratnagiri
100.47,28.2,17.28,4.18,44.17,18.44,9.19,27.42,6.99,75.34,0.64,0.63,17.94,1998.0,Ratnagiri
100.44,27.7,16.8,4.22,43.72,18.95,9.42,27.07,5.46,75.01,0.61,0.6,16.14,1999.0,Ratnagiri
100.43,27.61,16.71,4.1,40.62,19.04,9.47,27.02,5.37,74.75,0.62,0.6,15.58,2000.0,Ratnagiri
100.47,27.75,16.82,4.29,54.47,18.65,8.59,27.12,4.41,75.08,0.61,0.6,13.65,2001.0,Ratnagiri
100.53,28.32,16.97,4.1,53.27,18.91,8.7,27.67,5.02,73.2,0.61,0.59,14.37,2002.0,Ratnagiri
100.5,28.44,17.08,4.17,54.08,18.96,8.72,27.89,4.37,72.76,0.57,0.56,13.68,2003.0,Ratnagiri
100.51,28.11,17.0,4.21,53.0,18.84,8.67,27.55,5.68,74.02,0.61,0.6,17.23,2004.0,Ratnagiri
100.5,27.87,16.91,4.31,53.32,18.76,8.62,27.19,6.61,74.82,0.62,0.61,13.86,2005.0,Ratnagiri
100.5,27.86,17.15,4.22,53.96,18.76,8.63,27.32,7.86,75.69,0.65,0.64,14.54,2006.0,Ratnagiri
100.44,28.09,17.28,4.18,55.34,18.36,8.46,27.48,7.81,75.24,0.63,0.62,15.15,2007.0,Ratnagiri
100.45,27.95,16.82,4.14,53.34,19.01,8.72,27.3,5.43,73.96,0.61,0.6,15.55,2008.0,Ratnagiri
100.47,28.08,17.37,4.04,53.18,18.55,8.51,27.63,6.49,75.25,0.62,0.61,16.01,2009.0,Ratnagiri
100.43,28.26,17.86,3.92,58.13,17.97,8.3,27.7,7.93,76.67,0.67,0.65,16.49,2010.0,Ratnagiri
100.43,27.89,17.09,4.15,52.89,18.39,8.4,27.38,7.39,74.95,0.63,0.62,17.95,2011.0,Ratnagiri
100.47,27.68,16.72,4.16,52.29,18.89,8.63,27.19,5.84,73.96,0.62,0.6,15.28,2012.0,Ratnagiri
100.47,27.9,16.99,4.28,53.47,18.44,8.46,27.32,6.28,74.79,0.63,0.62,16.45,2013.0,Ratnagiri
100.54,28.27,16.99,4.04,53.49,18.64,8.54,27.66,5.44,73.21,0.6,0.58,14.22,2014.0,Ratnagiri
100.58,28.55,17.04,3.84,53.37,19.03,8.73,27.96,2.92,72.31,0.52,0.51,14.94,2015.0,Ratnagiri
100.55,27.9,16.89,4.2,54.66,18.12,8.29,27.28,5.73,74.52,0.59,0.58,14.67,2016.0,Ratnagiri
100.51,28.13,17.17,3.98,46.84,19.03,8.69,27.52,4.43,74.64,0.61,0.6,16.24,2017.0,Ratnagiri
100.51,28.12,16.94,3.94,45.23,18.38,8.39,27.68,4.48,73.1,0.59,0.58,15.69,2018.0,Ratnagiri
100.53,28.16,17.46,4.12,45.97,18.75,8.63,27.53,7.09,75.71,0.64,0.63,14.61,2019.0,Ratnagiri
93.87,25.36,12.24,3.45,60.43,18.27,9.25,24.27,3.05,64.6,0.66,0.66,30.87,1990.0,Sangli
93.87,25.93,11.95,3.12,58.94,18.61,9.45,24.77,2.9,61.39,0.65,0.65,34.84,1991.0,Sangli
93.89,25.89,11.48,3.11,57.15,19.09,9.71,24.68,2.61,59.42,0.63,0.63,31.39,1992.0,Sangli
93.9,25.33,11.9,3.27,58.98,19.22,9.76,24.31,3.23,62.63,0.66,0.66,32.73,1993.0,Sangli
93.86,25.33,12.24,3.39,56.11,19.21,9.72,24.23,2.9,64.68,0.65,0.65,32.5,1994.0,Sangli
93.84,25.86,12.22,2.99,54.53,18.96,9.66,24.6,2.37,63.13,0.62,0.62,31.1,1995.0,Sangli
93.81,25.53,12.1,3.08,52.73,18.86,9.58,24.39,3.15,63.86,0.66,0.66,31.42,1996.0,Sangli
93.94,25.8,12.44,3.0,48.86,18.89,9.61,24.61,3.0,64.34,0.64,0.64,32.26,1997.0,Sangli
93.85,25.82,12.86,3.07,49.92,18.69,9.57,24.63,3.41,66.28,0.68,0.68,33.17,1998.0,Sangli
93.81,25.44,11.91,3.18,46.86,19.36,9.81,24.39,2.51,62.08,0.64,0.64,32.28,1999.0,Sangli
93.79,25.64,11.84,3.09,44.79,19.46,9.84,24.54,2.49,60.94,0.63,0.63,31.87,2000.0,Sangli
93.84,25.94,11.96,3.3,51.86,19.05,8.68,24.69,2.03,61.46,0.6,0.61,30.48,2001.0,Sangli
93.89,26.6,11.94,3.14,49.88,19.32,8.81,25.29,1.96,59.35,0.59,0.59,32.85,2002.0,Sangli
93.88,27.09,11.89,3.11,51.01,19.55,8.91,25.67,1.63,58.13,0.59,0.59,29.9,2003.0,Sangli
93.89,25.92,12.01,3.18,47.43,19.41,8.85,24.79,2.38,61.25,0.62,0.62,30.94,2004.0,Sangli
93.86,25.56,12.32,3.13,51.47,18.95,8.63,24.5,3.14,63.68,0.66,0.66,31.75,2005.0,Sangli
93.88,25.47,12.52,3.23,51.53,18.94,8.63,24.48,3.59,65.03,0.67,0.67,31.14,2006.0,Sangli
93.82,25.93,12.53,3.07,51.6,18.88,8.61,24.82,3.09,63.67,0.65,0.65,31.91,2007.0,Sangli
93.83,25.63,12.28,3.13,49.54,19.21,8.73,24.51,2.26,63.09,0.62,0.62,31.0,2008.0,Sangli
93.85,26.37,12.44,3.1,50.42,18.83,8.55,25.24,2.55,62.27,0.64,0.64,30.58,2009.0,Sangli
93.82,26.34,13.33,3.02,56.96,18.36,8.4,25.21,2.81,66.43,0.66,0.66,31.61,2010.0,Sangli
93.81,25.7,12.24,3.28,49.06,18.84,8.51,24.63,2.63,62.57,0.64,0.64,30.34,2011.0,Sangli
93.83,26.34,11.75,3.18,49.72,19.12,8.64,25.08,1.94,59.12,0.6,0.61,31.2,2012.0,Sangli
93.83,26.04,12.49,3.28,50.68,18.58,8.43,24.81,2.45,63.61,0.64,0.64,31.33,2013.0,Sangli
93.91,26.39,12.41,3.05,52.38,18.51,8.39,25.1,2.18,61.73,0.61,0.61,29.4,2014.0,Sangli
93.96,26.91,12.24,2.98,50.79,19.19,8.71,25.49,1.68,59.37,0.57,0.57,31.99,2015.0,Sangli
93.91,25.93,12.08,3.07,51.53,18.53,8.39,24.8,3.81,61.79,0.66,0.66,32.82,2016.0,Sangli
93.89,25.79,12.32,2.92,50.57,19.22,8.68,24.73,3.19,63.08,0.66,0.66,31.37,2017.0,Sangli
93.89,25.77,12.09,2.91,51.11,18.45,8.33,24.84,3.07,61.05,0.65,0.65,32.0,2018.0,Sangli
93.9,26.28,12.82,3.08,51.73,18.66,8.5,25.11,5.0,64.69,0.7,0.69,33.09,2019.0,Sangli
95.14,25.1,13.05,2.9,56.15,18.52,9.16,24.24,5.58,69.09,0.69,0.68,31.2,1990.0,Satara
95.14,25.37,12.71,2.7,53.12,18.85,9.37,24.47,5.29,66.33,0.66,0.65,36.8,1991.0,Satara
95.16,25.63,12.16,2.71,51.09,19.57,9.69,24.63,4.55,63.36,0.64,0.64,31.28,1992.0,Satara
95.17,25.18,12.61,2.86,53.74,19.54,9.7,24.33,5.53,66.4,0.69,0.68,31.51,1993.0,Satara
95.13,24.94,12.94,2.91,50.04,19.52,9.69,24.12,5.17,68.89,0.68,0.67,32.89,1994.0,Satara
95.1,25.51,12.84,2.57,49.82,19.37,9.6,24.49,4.18,66.85,0.64,0.64,31.15,1995.0,Satara
95.08,25.24,12.87,2.67,46.37,19.38,9.56,24.3,5.4,68.26,0.68,0.67,30.81,1996.0,Satara
95.22,25.42,13.14,2.6,44.86,19.14,9.52,24.45,5.3,68.82,0.65,0.65,31.23,1997.0,Satara
95.11,25.53,13.5,2.69,45.89,18.98,9.47,24.59,6.03,69.64,0.69,0.68,33.77,1998.0,Satara
95.07,25.09,12.74,2.75,43.01,19.61,9.76,24.29,4.33,66.88,0.67,0.66,32.61,1999.0,Satara
95.05,25.24,12.61,2.65,40.29,19.7,9.79,24.41,4.12,65.58,0.65,0.64,31.11,2000.0,Satara
95.1,25.42,12.84,2.79,48.39,19.11,8.71,24.5,3.83,66.89,0.65,0.65,31.48,2001.0,Satara
95.16,25.95,12.83,2.66,46.1,19.42,8.86,24.98,3.93,65.04,0.63,0.63,34.21,2002.0,Satara
95.14,26.51,12.77,2.65,46.33,19.59,8.93,25.44,3.56,63.64,0.63,0.62,31.81,2003.0,Satara
95.15,25.62,12.86,2.75,43.74,19.55,8.91,24.76,5.08,66.08,0.66,0.65,29.72,2004.0,Satara
95.13,25.32,12.96,2.76,48.52,19.03,8.67,24.46,6.35,67.29,0.68,0.67,31.48,2005.0,Satara
95.14,25.31,13.28,2.81,48.24,18.94,8.63,24.54,7.44,68.89,0.7,0.69,30.95,2006.0,Satara
95.08,25.77,13.33,2.71,47.55,19.22,8.76,24.84,6.32,67.98,0.67,0.66,31.55,2007.0,Satara
95.09,25.36,12.96,2.68,45.3,19.31,8.76,24.48,4.58,67.02,0.65,0.65,33.44,2008.0,Satara
95.11,26.04,13.25,2.65,45.25,19.17,8.7,25.15,5.37,66.95,0.67,0.67,31.13,2009.0,Satara
95.08,25.8,14.18,2.54,51.95,18.6,8.51,25.01,6.43,71.43,0.71,0.7,32.16,2010.0,Satara
95.07,25.22,13.15,2.81,44.91,18.86,8.53,24.5,6.0,67.9,0.68,0.67,29.97,2011.0,Satara
95.1,25.66,12.63,2.73,44.58,19.22,8.68,24.72,4.47,65.03,0.65,0.65,31.16,2012.0,Satara
95.1,25.5,13.35,2.82,46.83,18.63,8.46,24.58,5.25,68.99,0.68,0.67,30.61,2013.0,Satara
95.17,25.97,13.13,2.66,47.08,18.69,8.48,24.97,4.59,66.15,0.63,0.63,30.49,2014.0,Satara
95.22,26.02,13.27,2.53,45.77,19.27,8.74,25.05,3.27,66.33,0.63,0.62,29.99,2015.0,Satara
95.18,25.55,12.83,2.69,47.79,18.62,8.43,24.67,7.27,66.15,0.67,0.66,31.81,2016.0,Satara
95.15,25.55,13.11,2.53,48.17,19.29,8.7,24.73,6.32,67.29,0.69,0.68,32.25,2017.0,Satara
95.15,25.6,12.84,2.56,48.32,18.33,8.27,24.89,5.55,65.18,0.66,0.65,30.52,2018.0,Satara
95.17,26.13,13.47,2.66,49.4,18.71,8.51,25.14,8.71,67.84,0.7,0.69,34.58,2019.0,Satara
98.81,27.15,15.19,3.09,48.21,18.17,8.97,26.32,5.86,72.25,0.67,0.66,24.58,1990.0,Sindhudurg
98.81,27.37,15.2,2.95,42.57,18.79,9.31,26.48,6.04,71.52,0.65,0.64,27.06,1991.0,Sindhudurg
98.83,27.13,14.85,2.91,42.04,19.22,9.53,26.29,5.85,70.72,0.66,0.65,23.07,1992.0,Sindhudurg
98.83,27.06,15.16,3.02,46.71,18.9,9.38,26.29,6.46,72.16,0.68,0.67,24.5,1993.0,Sindhudurg
98.8,26.9,15.32,3.1,43.3,19.15,9.47,26.09,6.65,73.53,0.69,0.68,25.1,1994.0,Sindhudurg
98.77,27.24,15.24,2.81,44.55,18.7,9.31,26.33,5.65,72.15,0.66,0.65,25.52,1995.0,Sindhudurg
98.74,27.03,15.23,3.01,43.25,18.72,9.29,26.19,6.66,73.02,0.69,0.68,23.75,1996.0,Sindhudurg
98.89,27.54,15.5,2.84,40.52,18.98,9.42,26.57,7.27,72.53,0.64,0.63,24.92,1997.0,Sindhudurg
98.77,27.5,15.87,2.96,44.17,18.44,9.19,26.58,6.82,73.61,0.69,0.68,25.38,1998.0,Sindhudurg
98.73,27.15,15.26,2.92,43.72,18.95,9.42,26.36,6.15,72.14,0.66,0.65,25.49,1999.0,Sindhudurg
98.72,27.06,15.18,2.89,40.62,19.04,9.47,26.28,5.66,71.91,0.67,0.66,24.01,2000.0,Sindhudurg
98.77,27.38,15.15,3.01,54.47,18.65,8.59,26.51,4.48,71.3,0.65,0.64,22.07,2001.0,Sindhudurg
98.82,27.79,15.53,2.84,53.27,18.91,8.7,26.91,4.84,71.23,0.65,0.63,23.94,2002.0,Sindhudurg
98.81,28.11,15.5,2.83,54.08,18.96,8.72,27.22,4.44,70.05,0.64,0.63,22.9,2003.0,Sindhudurg
98.81,27.49,15.34,2.9,53.0,18.84,8.67,26.72,5.26,71.17,0.66,0.65,23.67,2004.0,Sindhudurg
98.8,27.18,15.42,2.95,53.32,18.76,8.62,26.41,7.42,72.47,0.68,0.67,23.9,2005.0,Sindhudurg
98.8,27.23,15.62,2.98,53.96,18.76,8.63,26.51,7.69,73.23,0.7,0.69,24.02,2006.0,Sindhudurg
98.75,27.35,15.85,2.9,55.34,18.36,8.46,26.58,8.34,73.69,0.69,0.68,24.28,2007.0,Sindhudurg
98.75,27.18,15.4,2.85,53.34,19.01,8.72,26.42,5.82,72.18,0.66,0.65,23.71,2008.0,Sindhudurg
98.77,27.69,15.92,2.87,53.18,18.55,8.51,26.94,6.58,72.89,0.68,0.67,24.27,2009.0,Sindhudurg
98.74,27.57,16.49,2.72,58.13,17.97,8.3,26.85,7.82,75.33,0.72,0.7,25.77,2010.0,Sindhudurg
98.74,27.2,15.48,2.93,52.89,18.39,8.4,26.54,6.66,72.24,0.67,0.66,24.42,2011.0,Sindhudurg
98.77,27.45,15.23,2.88,52.29,18.89,8.63,26.62,5.61,70.93,0.66,0.65,24.46,2012.0,Sindhudurg
98.78,27.33,15.54,3.05,53.47,18.44,8.46,26.52,6.4,72.79,0.68,0.67,23.41,2013.0,Sindhudurg
98.83,27.57,15.65,2.81,53.49,18.64,8.54,26.82,6.25,71.74,0.67,0.66,24.65,2014.0,Sindhudurg
98.88,27.74,15.81,2.64,53.37,19.03,8.73,26.97,4.73,71.84,0.66,0.65,23.87,2015.0,Sindhudurg
98.85,27.43,15.26,2.91,54.66,18.12,8.29,26.61,7.55,71.13,0.67,0.66,24.79,2016.0,Sindhudurg
98.81,27.57,15.58,2.75,46.84,19.03,8.69,26.76,5.71,71.92,0.69,0.67,24.43,2017.0,Sindhudurg
98.81,27.5,15.26,2.75,45.23,18.38,8.39,26.82,6.14,70.35,0.67,0.65,24.13,2018.0,Sindhudurg
98.83,27.76,15.88,2.88,45.97,18.75,8.63,26.92,10.47,72.5,0.69,0.68,24.83,2019.0,Sindhudurg
95.3,27.51,11.65,3.23,60.41,19.24,9.37,26.08,2.38,56.46,0.67,0.68,32.09,1990.0,Solapur
95.28,28.71,10.88,2.94,57.92,19.47,9.48,27.08,1.49,50.14,0.64,0.65,37.81,1991.0,Solapur
95.32,28.75,10.48,2.92,56.19,20.18,9.81,26.99,1.31,48.26,0.62,0.63,33.24,1992.0,Solapur
95.33,27.72,11.05,3.03,56.93,20.28,9.84,26.24,2.01,53.04,0.66,0.66,34.63,1993.0,Solapur
95.29,28.0,11.43,3.21,54.88,20.27,9.92,26.42,1.39,54.54,0.63,0.63,35.51,1994.0,Solapur
95.27,28.11,11.65,2.87,55.08,19.8,9.7,26.49,1.99,55.36,0.65,0.66,33.09,1995.0,Solapur
95.24,27.81,11.43,2.89,51.25,20.03,9.76,26.29,2.03,55.23,0.67,0.67,34.9,1996.0,Solapur
95.37,28.61,11.63,2.92,49.65,20.08,9.8,26.85,1.36,53.81,0.62,0.63,35.48,1997.0,Solapur
95.27,28.35,12.19,2.79,50.06,19.67,9.59,26.74,2.49,57.28,0.69,0.7,35.32,1998.0,Solapur
95.24,28.0,10.84,3.04,45.25,20.09,9.82,26.45,1.14,51.39,0.62,0.63,34.78,1999.0,Solapur
95.21,28.01,10.85,2.85,43.05,20.27,9.86,26.52,1.55,50.48,0.64,0.64,34.11,2000.0,Solapur
95.27,28.24,11.29,3.01,43.56,19.63,8.99,26.61,1.5,52.75,0.64,0.64,32.71,2001.0,Solapur
95.32,28.85,11.11,2.95,40.6,19.87,9.1,27.2,1.4,50.16,0.62,0.63,33.77,2002.0,Solapur
95.3,29.51,11.05,3.04,43.6,19.87,9.11,27.66,0.97,48.81,0.61,0.61,33.58,2003.0,Solapur
95.33,27.88,11.45,2.9,39.47,20.1,9.21,26.45,1.71,53.55,0.64,0.65,31.74,2004.0,Solapur
95.3,27.61,11.76,2.88,44.99,19.5,8.94,26.25,2.06,56.07,0.67,0.68,34.29,2005.0,Solapur
95.31,27.79,11.83,2.91,42.51,19.52,8.93,26.35,1.88,56.45,0.66,0.66,33.58,2006.0,Solapur
95.26,28.28,11.52,2.88,44.0,19.81,9.07,26.72,1.58,53.7,0.65,0.65,33.83,2007.0,Solapur
95.26,27.88,11.65,2.93,42.99,19.68,8.98,26.34,1.75,55.05,0.65,0.66,32.4,2008.0,Solapur
95.28,28.45,11.66,2.91,43.29,19.62,8.95,27.03,1.79,53.79,0.65,0.65,32.51,2009.0,Solapur
95.25,28.59,12.55,2.79,49.99,19.1,8.78,27.14,1.89,57.6,0.67,0.67,36.09,2010.0,Solapur
95.24,28.3,11.38,3.06,42.1,19.52,8.86,26.69,1.33,52.46,0.63,0.63,33.2,2011.0,Solapur
95.25,29.04,10.8,3.1,42.38,19.63,8.91,27.31,1.06,48.41,0.61,0.62,33.34,2012.0,Solapur
95.25,28.39,11.79,3.1,44.92,19.08,8.7,26.8,1.6,54.63,0.64,0.65,33.41,2013.0,Solapur
95.35,28.6,11.83,2.94,45.57,19.21,8.76,26.9,1.53,53.92,0.63,0.63,32.51,2014.0,Solapur
95.39,29.28,11.49,2.9,43.55,19.63,8.93,27.42,1.1,50.15,0.61,0.62,33.87,2015.0,Solapur
95.33,28.46,11.3,2.81,45.81,19.02,8.65,26.87,1.73,52.26,0.65,0.65,33.83,2016.0,Solapur
95.32,28.3,11.29,2.65,48.06,19.68,8.91,26.81,1.86,52.17,0.66,0.66,33.77,2017.0,Solapur
95.32,28.69,10.87,2.77,50.04,18.73,8.49,27.1,1.24,48.79,0.62,0.63,35.13,2018.0,Solapur
95.33,28.82,11.89,2.93,50.44,19.16,8.76,27.23,1.91,54.2,0.66,0.67,34.84,2019.0,Solapur
99.78,27.3,14.55,2.67,51.5,17.47,8.48,26.35,6.79,69.44,0.71,0.7,29.54,1990.0,Thane
99.8,27.35,13.92,2.51,45.19,18.58,9.07,26.37,5.81,66.29,0.66,0.66,35.28,1991.0,Thane
99.82,27.79,13.51,2.65,46.02,19.05,9.31,26.58,4.85,64.05,0.64,0.65,30.09,1992.0,Thane
99.82,27.46,14.08,2.68,48.96,18.88,9.23,26.46,5.86,66.93,0.7,0.7,28.75,1993.0,Thane
99.77,26.93,14.06,2.76,44.7,18.5,8.99,26.1,6.96,68.17,0.7,0.7,33.29,1994.0,Thane
99.75,27.8,13.93,2.55,44.55,18.52,9.1,26.63,4.43,65.58,0.65,0.65,32.16,1995.0,Thane
99.73,27.44,14.14,2.58,43.24,18.55,9.05,26.36,5.64,67.96,0.68,0.68,30.56,1996.0,Thane
99.87,27.39,14.3,2.54,38.41,18.57,9.07,26.36,5.59,68.53,0.68,0.68,31.69,1997.0,Thane
99.75,27.75,14.9,2.59,42.88,18.14,8.86,26.74,5.8,69.18,0.71,0.7,34.09,1998.0,Thane
99.72,27.04,14.19,2.63,38.36,18.64,9.12,26.2,4.43,68.3,0.69,0.69,34.11,1999.0,Thane
99.7,27.14,14.02,2.51,35.56,18.83,9.26,26.28,5.26,66.85,0.67,0.67,32.03,2000.0,Thane
99.75,27.5,14.22,2.64,48.36,18.28,8.28,26.52,5.1,67.31,0.68,0.68,29.65,2001.0,Thane
99.8,28.27,13.82,2.65,47.47,18.48,8.37,27.12,3.62,63.41,0.63,0.63,32.96,2002.0,Thane
99.78,28.17,14.36,2.58,46.83,18.63,8.43,27.08,5.38,66.22,0.68,0.68,30.34,2003.0,Thane
99.79,27.7,14.16,2.67,48.43,18.41,8.34,26.82,6.34,65.97,0.67,0.67,30.93,2004.0,Thane
99.78,27.34,14.1,2.59,46.49,18.46,8.33,26.39,8.77,67.06,0.69,0.69,31.33,2005.0,Thane
99.78,27.57,14.66,2.64,47.22,18.05,8.17,26.65,9.13,68.97,0.7,0.7,30.02,2006.0,Thane
99.72,27.82,14.57,2.61,49.62,18.34,8.3,26.85,7.36,67.69,0.68,0.68,30.83,2007.0,Thane
99.73,27.41,14.11,2.56,49.76,18.25,8.22,26.48,7.1,66.49,0.69,0.69,32.78,2008.0,Thane
99.75,28.19,14.46,2.56,49.98,18.45,8.32,27.22,6.18,66.49,0.69,0.68,31.29,2009.0,Thane
99.71,27.77,15.57,2.39,54.23,17.89,8.14,26.97,8.51,71.5,0.73,0.73,30.53,2010.0,Thane
99.7,27.25,14.52,2.6,48.73,17.94,8.08,26.5,7.05,68.36,0.7,0.7,30.53,2011.0,Thane
99.74,27.35,13.99,2.61,49.56,18.42,8.27,26.45,4.96,66.17,0.68,0.68,31.75,2012.0,Thane
99.74,27.32,14.62,2.59,52.37,17.46,7.88,26.41,6.76,69.42,0.7,0.7,29.52,2013.0,Thane
99.82,28.04,14.23,2.57,48.39,18.3,8.26,26.96,6.39,65.4,0.66,0.65,31.71,2014.0,Thane
99.87,27.93,14.57,2.47,50.08,18.26,8.23,26.95,4.69,66.82,0.67,0.67,30.73,2015.0,Thane
99.83,27.51,14.2,2.56,51.38,17.88,8.05,26.56,8.09,66.83,0.69,0.69,29.64,2016.0,Thane
99.79,27.68,14.41,2.44,44.74,18.55,8.33,26.76,8.02,67.26,0.7,0.7,31.98,2017.0,Thane
99.79,27.79,13.96,2.45,42.69,18.29,8.2,26.94,5.64,64.59,0.66,0.66,30.72,2018.0,Thane
99.81,28.07,14.77,2.54,45.72,18.11,8.18,26.96,9.23,68.02,0.71,0.71,32.62,2019.0,Thane
96.94,26.83,12.23,2.45,62.9,18.96,9.15,26.19,2.99,58.65,0.63,0.64,35.45,1990.0,Wardha
96.95,28.3,10.25,2.4,59.84,19.33,9.35,27.28,1.86,47.61,0.57,0.58,42.77,1991.0,Wardha
96.99,28.2,9.97,2.29,54.47,19.66,9.46,27.25,2.2,46.07,0.59,0.59,38.33,1992.0,Wardha
97.01,26.84,11.05,2.31,61.69,19.33,9.29,26.34,3.34,52.84,0.66,0.66,39.64,1993.0,Wardha
96.96,26.52,11.48,2.42,60.7,18.79,9.0,26.03,3.69,56.79,0.66,0.66,41.11,1994.0,Wardha
96.95,27.25,11.65,2.18,59.85,19.07,9.27,26.49,2.81,55.39,0.62,0.62,40.91,1995.0,Wardha
96.91,28.17,10.82,2.32,58.11,18.91,9.15,27.24,2.14,49.59,0.58,0.59,39.44,1996.0,Wardha
97.06,27.43,11.55,2.34,59.39,18.58,9.01,26.52,2.7,54.87,0.59,0.6,38.79,1997.0,Wardha
96.97,27.23,12.34,2.22,52.19,18.67,9.07,26.56,2.79,58.57,0.64,0.64,40.75,1998.0,Wardha
96.91,26.9,11.07,2.32,42.53,19.23,9.18,26.36,2.83,54.11,0.64,0.64,40.35,1999.0,Wardha
96.88,27.32,10.26,2.25,38.4,19.72,9.46,26.72,2.08,46.28,0.58,0.59,38.81,2000.0,Wardha
96.94,27.18,11.4,2.18,53.26,18.43,8.41,26.6,2.72,52.8,0.61,0.61,39.28,2001.0,Wardha
96.97,28.05,10.78,2.4,47.48,18.95,8.65,27.27,2.45,48.86,0.59,0.59,38.85,2002.0,Wardha
96.99,27.46,11.74,2.31,52.87,18.77,8.57,26.75,3.11,56.09,0.65,0.65,39.51,2003.0,Wardha
97.0,27.82,11.21,2.24,45.91,19.45,8.86,26.89,1.97,52.47,0.58,0.58,38.88,2004.0,Wardha
96.98,27.05,11.32,2.26,49.71,18.77,8.54,26.43,3.08,54.9,0.64,0.64,38.88,2005.0,Wardha
96.99,27.02,12.25,2.14,50.45,18.65,8.52,26.57,3.53,57.63,0.66,0.66,38.91,2006.0,Wardha
96.96,27.41,11.37,2.15,50.02,19.07,8.66,26.72,2.57,53.55,0.62,0.63,35.97,2007.0,Wardha
96.95,27.24,11.2,2.15,50.69,18.6,8.45,26.53,2.34,52.76,0.61,0.61,37.57,2008.0,Wardha
96.95,28.31,11.21,2.19,49.12,19.1,8.64,27.52,2.55,51.24,0.61,0.61,36.86,2009.0,Wardha
96.94,27.98,12.12,2.16,51.99,18.43,8.4,27.26,3.56,56.22,0.67,0.68,40.41,2010.0,Wardha
96.94,26.89,11.84,2.07,48.87,18.76,8.53,26.27,2.5,56.18,0.62,0.63,40.47,2011.0,Wardha
96.93,27.27,11.18,2.34,50.8,18.39,8.32,26.61,2.96,53.31,0.65,0.65,40.03,2012.0,Wardha
96.93,26.88,12.31,2.29,52.71,17.49,7.95,26.27,3.89,59.61,0.68,0.69,40.48,2013.0,Wardha
97.05,27.82,11.68,2.3,52.83,18.43,8.37,26.84,2.33,54.76,0.59,0.59,39.73,2014.0,Wardha
97.1,27.27,12.18,2.2,49.37,18.64,8.44,26.57,3.35,56.72,0.63,0.63,39.16,2015.0,Wardha
97.0,27.6,11.58,2.2,52.6,18.62,8.43,26.96,3.12,53.62,0.65,0.66,38.9,2016.0,Wardha
97.0,27.78,11.31,2.13,48.8,18.97,8.54,27.02,2.5,52.23,0.6,0.6,39.83,2017.0,Wardha
97.0,27.82,10.89,2.14,48.71,18.18,8.19,26.95,2.44,50.15,0.6,0.6,40.52,2018.0,Wardha
97.04,27.78,11.64,2.32,51.45,18.1,8.21,26.76,3.08,55.68,0.65,0.66,43.93,2019.0,Wardha
95.42,26.7,11.58,2.79,59.17,18.61,9.0,25.75,2.72,56.38,0.65,0.66,33.17,1990.0,Washim
95.42,28.03,9.8,2.69,52.61,19.34,9.36,26.8,1.47,45.33,0.62,0.62,40.02,1991.0,Washim
95.47,27.64,9.82,2.59,51.83,19.65,9.49,26.44,1.98,46.66,0.62,0.63,36.49,1992.0,Washim
95.49,26.3,10.85,2.58,53.92,19.72,9.53,25.58,3.25,53.67,0.69,0.69,37.29,1993.0,Washim
95.44,26.25,11.27,2.67,53.24,19.41,9.38,25.42,3.03,56.54,0.68,0.68,38.44,1994.0,Washim
95.41,27.51,11.01,2.52,51.64,19.39,9.45,26.29,2.11,52.33,0.63,0.63,38.59,1995.0,Washim
95.38,27.71,10.54,2.54,48.73,19.47,9.42,26.51,2.03,49.66,0.63,0.64,37.53,1996.0,Washim
95.52,27.26,11.26,2.57,50.84,19.13,9.28,26.05,2.28,54.13,0.62,0.63,37.99,1997.0,Washim
95.43,27.11,12.02,2.49,46.33,18.79,9.12,26.13,2.91,57.82,0.7,0.7,36.26,1998.0,Washim
95.39,26.3,10.93,2.57,41.42,19.27,9.24,25.51,2.47,54.87,0.66,0.67,38.03,1999.0,Washim
95.36,27.0,10.03,2.53,38.28,19.81,9.53,26.14,2.04,46.32,0.63,0.63,35.18,2000.0,Washim
95.41,27.08,10.87,2.49,49.17,18.73,8.53,26.12,2.17,51.4,0.64,0.64,35.2,2001.0,Washim
95.46,27.87,10.41,2.66,45.16,19.04,8.67,26.75,2.04,47.79,0.62,0.63,37.0,2002.0,Washim
95.46,27.62,11.09,2.65,49.22,18.93,8.62,26.46,2.13,52.76,0.65,0.65,36.38,2003.0,Washim
95.47,27.45,10.9,2.53,43.54,19.6,8.92,26.38,1.83,51.2,0.62,0.63,35.06,2004.0,Washim
95.44,26.66,11.13,2.56,46.6,18.9,8.6,25.8,2.74,54.5,0.68,0.68,35.67,2005.0,Washim
95.46,26.4,11.98,2.39,48.99,18.73,8.53,25.77,3.76,58.28,0.69,0.7,36.16,2006.0,Washim
95.41,27.07,11.12,2.41,47.66,19.22,8.72,26.13,2.32,53.24,0.65,0.66,34.22,2007.0,Washim
95.41,27.29,10.8,2.48,47.92,18.79,8.51,26.22,1.89,51.01,0.63,0.63,35.51,2008.0,Washim
95.42,27.79,11.03,2.51,46.27,19.13,8.64,26.78,2.29,51.53,0.64,0.65,34.27,2009.0,Washim
95.4,27.35,12.21,2.45,50.64,18.63,8.49,26.44,3.05,58.29,0.71,0.71,37.92,2010.0,Washim
95.4,26.86,11.38,2.42,47.61,18.76,8.51,25.91,2.21,54.53,0.65,0.66,37.22,2011.0,Washim
95.4,27.17,10.85,2.6,49.79,18.67,8.44,26.16,2.25,51.72,0.65,0.66,35.41,2012.0,Washim
95.4,26.69,11.94,2.66,50.48,17.73,8.04,25.79,2.98,58.57,0.7,0.7,35.49,2013.0,Washim
95.51,27.67,11.35,2.53,50.33,18.55,8.41,26.42,2.04,53.02,0.62,0.63,36.61,2014.0,Washim
95.56,27.65,11.41,2.48,48.2,18.79,8.5,26.52,2.44,52.62,0.62,0.63,37.37,2015.0,Washim
95.48,27.3,11.02,2.48,50.45,18.76,8.47,26.34,2.57,52.13,0.66,0.67,37.03,2016.0,Washim
95.47,27.72,10.65,2.45,48.49,19.06,8.58,26.58,1.94,49.4,0.62,0.63,35.62,2017.0,Washim
95.47,27.63,10.32,2.4,47.26,18.22,8.19,26.53,2.19,47.92,0.64,0.64,38.19,2018.0,Washim
95.5,27.54,11.4,2.61,50.71,18.28,8.28,26.32,2.32,54.58,0.67,0.67,38.64,2019.0,Washim
97.14,27.11,12.23,2.55,62.9,18.96,9.15,26.4,3.02,58.25,0.68,0.68,35.85,1990.0,Yavatmal
97.15,28.66,10.22,2.45,59.84,19.33,9.35,27.55,1.89,46.85,0.63,0.63,42.19,1991.0,Yavatmal
97.19,28.34,10.06,2.36,54.47,19.66,9.46,27.36,2.25,46.41,0.64,0.65,38.61,1992.0,Yavatmal
97.21,26.93,11.1,2.4,61.69,19.33,9.29,26.41,3.37,53.17,0.7,0.71,40.11,1993.0,Yavatmal
97.16,26.92,11.5,2.5,60.7,18.79,9.0,26.23,3.72,56.55,0.69,0.7,41.47,1994.0,Yavatmal
97.14,27.59,11.7,2.28,59.85,19.07,9.27,26.72,2.9,55.26,0.67,0.67,41.22,1995.0,Yavatmal
97.1,28.34,10.91,2.37,58.11,18.91,9.15,27.35,2.17,49.85,0.64,0.65,40.03,1996.0,Yavatmal
97.25,27.7,11.65,2.41,59.39,18.58,9.01,26.71,2.7,54.84,0.65,0.65,39.88,1997.0,Yavatmal
97.16,27.6,12.41,2.28,52.19,18.67,9.07,26.82,2.88,58.47,0.69,0.7,40.65,1998.0,Yavatmal
97.11,27.01,11.17,2.39,42.53,19.23,9.18,26.42,2.85,54.59,0.69,0.69,40.8,1999.0,Yavatmal
97.08,27.53,10.32,2.33,38.4,19.72,9.46,26.88,2.1,46.36,0.63,0.64,39.34,2000.0,Yavatmal
97.13,27.46,11.46,2.28,53.26,18.43,8.41,26.78,2.71,52.8,0.66,0.66,39.37,2001.0,Yavatmal
97.17,28.29,10.86,2.5,47.48,18.95,8.65,27.44,2.5,48.87,0.64,0.65,39.14,2002.0,Yavatmal
97.19,27.76,11.74,2.42,52.87,18.77,8.57,26.92,3.06,55.76,0.69,0.69,39.26,2003.0,Yavatmal
97.19,28.05,11.25,2.34,45.91,19.45,8.86,27.08,1.99,52.08,0.63,0.64,38.21,2004.0,Yavatmal
97.17,27.23,11.44,2.35,49.71,18.77,8.54,26.54,3.16,55.17,0.69,0.69,38.89,2005.0,Yavatmal
97.19,27.22,12.35,2.24,50.45,18.65,8.52,26.68,3.58,57.98,0.7,0.7,38.76,2006.0,Yavatmal
97.15,27.78,11.38,2.2,50.02,19.07,8.66,26.95,2.6,53.06,0.67,0.67,35.91,2007.0,Yavatmal
97.14,27.44,11.29,2.21,50.69,18.6,8.45,26.69,2.44,52.89,0.66,0.67,37.5,2008.0,Yavatmal
97.14,28.45,11.31,2.28,49.12,19.1,8.64,27.62,2.54,51.43,0.66,0.67,36.89,2009.0,Yavatmal
97.13,28.16,12.29,2.28,51.99,18.43,8.4,27.37,3.63,56.88,0.71,0.72,40.07,2010.0,Yavatmal
97.13,27.34,11.82,2.2,48.87,18.76,8.53,26.55,2.48,55.5,0.67,0.67,40.47,2011.0,Yavatmal
97.12,27.57,11.25,2.41,50.8,18.39,8.32,26.81,2.94,53.17,0.69,0.7,39.52,2012.0,Yavatmal
97.13,27.17,12.33,2.45,52.71,17.49,7.95,26.46,3.91,59.36,0.72,0.72,40.25,2013.0,Yavatmal
97.24,28.26,11.7,2.37,52.83,18.43,8.37,27.14,2.36,53.88,0.64,0.64,39.3,2014.0,Yavatmal
97.29,28.13,11.9,2.34,49.37,18.64,8.44,27.16,2.74,53.86,0.64,0.65,40.11,2015.0,Yavatmal
97.2,27.94,11.53,2.31,52.6,18.62,8.43,27.16,2.87,53.03,0.68,0.69,39.19,2016.0,Yavatmal
97.19,28.45,11.01,2.29,48.8,18.97,8.54,27.38,1.93,49.86,0.62,0.63,38.48,2017.0,Yavatmal
97.2,28.22,10.78,2.23,48.71,18.18,8.19,27.24,2.38,49.11,0.65,0.65,40.45,2018.0,Yavatmal
97.23,28.25,11.66,2.43,51.45,18.1,8.21,27.09,2.55,54.8,0.68,0.68,42.44,2019.0,Yavatmal
